{
  "type": "FeatureCollection",
  "features": [
    {
      "type": "Feature",
      "properties": {
        "name": "last_known_position",
        "point_count": 2074,
        "segment_count": 13,
        "role": "baseline"
      },
      "geometry": {
        "type": "MultiLineString",
        "coordinates": [
          [
            [
              30.370096018974397,
              59.83574420726
            ],
            [
              30.370096018974397,
              59.83574420726
            ],
            [
              30.370096018974397,
              59.83574420726
            ],
            [
              30.370096018974397,
              59.83574420726
            ],
            [
              30.370583159350627,
              59.83580648118948
            ],
            [
              30.370742696534244,
              59.83582889881397
            ],
            [
              30.37090868287111,
              59.83585284486756
            ],
            [
              30.371071172468998,
              59.835874015420245
            ],
            [
              30.37122763304462,
              59.83589242851315
            ],
            [
              30.371348483710626,
              59.835903634857914
            ],
            [
              30.371442571429505,
              59.83591116661686
            ],
            [
              30.37151122933245,
              59.835905685330296
            ],
            [
              30.37157546511045,
              59.835895491860335
            ],
            [
              30.371632273113452,
              59.83587791429688
            ],
            [
              30.371683269758904,
              59.835839235043224
            ],
            [
              30.37171351877503,
              59.8357701363009
            ],
            [
              30.37171351877503,
              59.8357701363009
            ],
            [
              30.37171351877503,
              59.8357701363009
            ],
            [
              30.37171351877503,
              59.8357701363009
            ],
            [
              30.37171351877503,
              59.8357701363009
            ],
            [
              30.37171351877503,
              59.8357701363009
            ],
            [
              30.37171351877503,
              59.8357701363009
            ]
          ],
          [
            [
              30.371952588398784,
              59.83518218057625
            ],
            [
              30.371966258313062,
              59.83512863846483
            ],
            [
              30.371977420778332,
              59.835085889855755
            ],
            [
              30.371983031697845,
              59.83506505674514
            ],
            [
              30.371984123523998,
              59.835060475935215
            ],
            [
              30.371983501892977,
              59.83506270660872
            ],
            [
              30.371983328561157,
              59.83506521064287
            ],
            [
              30.371983434426816,
              59.835065781056954
            ],
            [
              30.371983434426816,
              59.835065781056954
            ],
            [
              30.37197280147705,
              59.83506622749395
            ],
            [
              30.371974277567308,
              59.8350611104909
            ],
            [
              30.371976441990835,
              59.83505191842629
            ],
            [
              30.371977378629875,
              59.83504791809352
            ],
            [
              30.371979945692733,
              59.83504600069222
            ],
            [
              30.37197844329041,
              59.83504457342754
            ],
            [
              30.37197844329041,
              59.83504457342754
            ],
            [
              30.37197844329041,
              59.83504457342754
            ],
            [
              30.37197844329041,
              59.83504457342754
            ],
            [
              30.37197844329041,
              59.83504457342754
            ],
            [
              30.37197844329041,
              59.83504457342754
            ],
            [
              30.37197844329041,
              59.83504457342754
            ],
            [
              30.37197844329041,
              59.83504457342754
            ],
            [
              30.37197844329041,
              59.83504457342754
            ],
            [
              30.37197844329041,
              59.83504457342754
            ],
            [
              30.37197844329041,
              59.83504457342754
            ],
            [
              30.37197844329041,
              59.83504457342754
            ],
            [
              30.37197844329041,
              59.83504457342754
            ],
            [
              30.37197844329041,
              59.83504457342754
            ],
            [
              30.37197844329041,
              59.83504457342754
            ],
            [
              30.37197844329041,
              59.83504457342754
            ],
            [
              30.37197844329041,
              59.83504457342754
            ],
            [
              30.37197844329041,
              59.83504457342754
            ],
            [
              30.37197844329041,
              59.83504457342754
            ],
            [
              30.37197844329041,
              59.83504457342754
            ],
            [
              30.37197844329041,
              59.83504457342754
            ],
            [
              30.37197844329041,
              59.83504457342754
            ],
            [
              30.37197844329041,
              59.83504457342754
            ],
            [
              30.37197844329041,
              59.83504457342754
            ],
            [
              30.371990642566317,
              59.83503199050223
            ],
            [
              30.37199549556236,
              59.83502293606297
            ],
            [
              30.372005257143307,
              59.835000813846854
            ],
            [
              30.372018487723224,
              59.83496685369425
            ],
            [
              30.372034044024694,
              59.83492356335727
            ],
            [
              30.372034044024694,
              59.83492356335727
            ],
            [
              30.372034044024694,
              59.83492356335727
            ],
            [
              30.372034044024694,
              59.83492356335727
            ],
            [
              30.372034044024694,
              59.83492356335727
            ],
            [
              30.372034044024694,
              59.83492356335727
            ],
            [
              30.372034044024694,
              59.83492356335727
            ]
          ],
          [
            [
              30.372171278819607,
              59.83445854390862
            ],
            [
              30.37219485190031,
              59.83438937116986
            ],
            [
              30.372213467103656,
              59.83431843687978
            ],
            [
              30.372239911472935,
              59.834242238588814
            ],
            [
              30.372268225889023,
              59.83416213712944
            ],
            [
              30.372298965055315,
              59.83407542021457
            ],
            [
              30.372331145743637,
              59.83398280774143
            ],
            [
              30.372364068540506,
              59.83388358377895
            ],
            [
              30.372364068540506,
              59.83388358377895
            ],
            [
              30.372364068540506,
              59.83388358377895
            ],
            [
              30.372364068540506,
              59.83388358377895
            ],
            [
              30.372364068540506,
              59.83388358377895
            ],
            [
              30.372364068540506,
              59.83388358377895
            ],
            [
              30.372364068540506,
              59.83388358377895
            ]
          ],
          [
            [
              30.37264690103614,
              59.833056300425596
            ],
            [
              30.37268323926333,
              59.83293403110528
            ],
            [
              30.372715711444968,
              59.83281299660795
            ],
            [
              30.37275634015335,
              59.83269033207502
            ],
            [
              30.37279308267568,
              59.83256719553872
            ],
            [
              30.37283516403688,
              59.832441712572795
            ],
            [
              30.372880383452355,
              59.83231435980864
            ],
            [
              30.37292795775235,
              59.832182072996005
            ],
            [
              30.372973628608,
              59.83204699317283
            ],
            [
              30.37302526516134,
              59.83190499230223
            ],
            [
              30.373079575345585,
              59.83175845668186
            ],
            [
              30.373133735781312,
              59.831609584765815
            ],
            [
              30.373190193599225,
              59.83146063405428
            ],
            [
              30.373245770152888,
              59.831310522668154
            ],
            [
              30.37329461373512,
              59.83117620717843
            ],
            [
              30.37333992272627,
              59.83105542373106
            ],
            [
              30.37339112411774,
              59.83093718871803
            ],
            [
              30.373446735058025,
              59.83081686669204
            ],
            [
              30.373503493472814,
              59.830694435385766
            ],
            [
              30.37356262392934,
              59.83056601459808
            ],
            [
              30.3736266623548,
              59.83043294815017
            ],
            [
              30.373689505496834,
              59.830301082017385
            ],
            [
              30.37374849519216,
              59.83017264898352
            ],
            [
              30.37381338549305,
              59.83005318281157
            ],
            [
              30.373877357756474,
              59.82993781117571
            ],
            [
              30.3739439763362,
              59.82981636824718
            ],
            [
              30.374015373607243,
              59.82968806292923
            ],
            [
              30.374084871430615,
              59.82955515157967
            ],
            [
              30.374146510051705,
              59.82942857757051
            ],
            [
              30.37420987076633,
              59.829303479866056
            ],
            [
              30.374264902674106,
              59.82918952367746
            ],
            [
              30.374331158230312,
              59.82907859090952
            ],
            [
              30.374405586501492,
              59.82895999513774
            ],
            [
              30.37447848409465,
              59.82883708679866
            ],
            [
              30.37455841026889,
              59.82869831311185
            ],
            [
              30.374643860251176,
              59.828547870159724
            ],
            [
              30.374643860251176,
              59.828547870159724
            ],
            [
              30.374643860251176,
              59.828547870159724
            ],
            [
              30.374643860251176,
              59.828547870159724
            ],
            [
              30.374643860251176,
              59.828547870159724
            ],
            [
              30.374643860251176,
              59.828547870159724
            ],
            [
              30.374643860251176,
              59.828547870159724
            ]
          ],
          [
            [
              30.375364090243725,
              59.82735912057382
            ],
            [
              30.3755019107952,
              59.827183882609496
            ],
            [
              30.37563135757141,
              59.8270170746482
            ],
            [
              30.37575455114518,
              59.82686248531425
            ],
            [
              30.37587531311195,
              59.82671500863474
            ],
            [
              30.376001967631762,
              59.82656850571239
            ],
            [
              30.37612734447772,
              59.82641789468348
            ],
            [
              30.37625798788172,
              59.82626054874923
            ],
            [
              30.376388598175385,
              59.826104056231095
            ],
            [
              30.37652297833499,
              59.82594657194828
            ],
            [
              30.376655097562292,
              59.82578594343134
            ],
            [
              30.376788997764464,
              59.8256231421281
            ],
            [
              30.376921982405594,
              59.825458667216964
            ],
            [
              30.377064322380082,
              59.82529016567223
            ],
            [
              30.3772058411256,
              59.82511837614712
            ],
            [
              30.377347778538184,
              59.8249453329229
            ],
            [
              30.377481338441083,
              59.82477996307421
            ],
            [
              30.377621605500185,
              59.82461043897043
            ],
            [
              30.37775409844859,
              59.824442573877505
            ],
            [
              30.377882527811174,
              59.82427386952749
            ],
            [
              30.37800419335234,
              59.8241083415972
            ],
            [
              30.378119013165982,
              59.823942832466
            ],
            [
              30.378228039495387,
              59.82377614257039
            ],
            [
              30.37832371481699,
              59.82360866626753
            ],
            [
              30.378417057866262,
              59.82343245515076
            ],
            [
              30.378511622043714,
              59.82325384018475
            ],
            [
              30.378605344777814,
              59.82307234463687
            ],
            [
              30.37870158192867,
              59.82288851091821
            ],
            [
              30.378795462256978,
              59.82270794903719
            ],
            [
              30.378894447317965,
              59.822522665230295
            ],
            [
              30.37899102079792,
              59.822336254278945
            ],
            [
              30.3790782986681,
              59.8221441453571
            ],
            [
              30.379162343298646,
              59.821950555823335
            ],
            [
              30.379238731348114,
              59.821757008143464
            ],
            [
              30.37931052151792,
              59.8215646392313
            ],
            [
              30.379389249171723,
              59.82136871099257
            ],
            [
              30.379464733968398,
              59.82118092221059
            ],
            [
              30.379538118720443,
              59.820994998632514
            ],
            [
              30.37960772117824,
              59.820811185806114
            ],
            [
              30.37968087511514,
              59.82063276290633
            ],
            [
              30.37975726194701,
              59.820458481974065
            ],
            [
              30.379836286028944,
              59.820287468984574
            ],
            [
              30.379915539789373,
              59.820120006202
            ],
            [
              30.379995229844983,
              59.81995438420787
            ],
            [
              30.380074095367533,
              59.81979248796298
            ],
            [
              30.380154440219872,
              59.81963029684132
            ],
            [
              30.380236556373372,
              59.819471979561875
            ],
            [
              30.380317140824317,
              59.819309916256124
            ],
            [
              30.380398056723116,
              59.81915238933255
            ],
            [
              30.38047096951344,
              59.81899217345008
            ],
            [
              30.380543325803608,
              59.8188342558302
            ],
            [
              30.380617006526375,
              59.81867228587403
            ],
            [
              30.380696392756434,
              59.818510745412304
            ],
            [
              30.38077574062894,
              59.8183510173327
            ],
            [
              30.38085691500321,
              59.81818723509721
            ],
            [
              30.380928374371145,
              59.81802407312201
            ],
            [
              30.380993360670036,
              59.817856385715665
            ],
            [
              30.381051651708415,
              59.81768637475261
            ],
            [
              30.38109598309079,
              59.81751738235306
            ],
            [
              30.381125858226653,
              59.81734508134825
            ],
            [
              30.38114526549381,
              59.81717086235888
            ],
            [
              30.38114378437212,
              59.81699681413444
            ],
            [
              30.38111682413238,
              59.816819571938616
            ],
            [
              30.381073295447404,
              59.81664119179842
            ],
            [
              30.38101400294001,
              59.81646430273034
            ],
            [
              30.380939028873428,
              59.81628692004377
            ],
            [
              30.38085516787081,
              59.81611141334294
            ],
            [
              30.380767533576243,
              59.815935604449066
            ],
            [
              30.38067402338599,
              59.81576069588233
            ],
            [
              30.380576724867666,
              59.81558735256908
            ],
            [
              30.38047115540968,
              59.81541792065637
            ],
            [
              30.380355834158102,
              59.81525295799693
            ],
            [
              30.380240076727823,
              59.81509536946311
            ],
            [
              30.380116661801942,
              59.814945798909925
            ],
            [
              30.379994975092153,
              59.81479643413721
            ],
            [
              30.379865229618236,
              59.81464716752017
            ],
            [
              30.37973306385961,
              59.814505865932354
            ],
            [
              30.379600630875682,
              59.8143601485705
            ],
            [
              30.379464214348545,
              59.814222890034564
            ],
            [
              30.37931678162392,
              59.81409434712094
            ],
            [
              30.37914162872506,
              59.81398014188973
            ],
            [
              30.37894375364562,
              59.813886301566335
            ],
            [
              30.378717293266,
              59.81380987658629
            ],
            [
              30.37847271260502,
              59.81375823990674
            ],
            [
              30.378205200058677,
              59.81373113132464
            ],
            [
              30.377931248359694,
              59.813726980170756
            ],
            [
              30.377659674039787,
              59.813750091085886
            ],
            [
              30.377411599691523,
              59.813809634464356
            ],
            [
              30.377411599691523,
              59.813809634464356
            ],
            [
              30.377411599691523,
              59.813809634464356
            ],
            [
              30.377411599691523,
              59.813809634464356
            ],
            [
              30.377411599691523,
              59.813809634464356
            ],
            [
              30.377411599691523,
              59.813809634464356
            ],
            [
              30.377411599691523,
              59.813809634464356
            ]
          ],
          [
            [
              30.376650917192663,
              59.81458280755399
            ],
            [
              30.37671165549317,
              59.81469445187415
            ],
            [
              30.376807623358314,
              59.81480177889835
            ],
            [
              30.37690357910831,
              59.8149098440825
            ],
            [
              30.37698858199715,
              59.81501604793213
            ],
            [
              30.377097259825348,
              59.81510902148035
            ],
            [
              30.377233946343207,
              59.815183908512665
            ],
            [
              30.37738979947962,
              59.815248448002166
            ],
            [
              30.37755245296276,
              59.81531378147998
            ],
            [
              30.37772317546626,
              59.81537329767421
            ],
            [
              30.377896795977147,
              59.81542959158981
            ],
            [
              30.37807902260331,
              59.81547965360085
            ],
            [
              30.37828340266317,
              59.81552672056524
            ],
            [
              30.378487426651365,
              59.81556603294171
            ],
            [
              30.37869909900871,
              59.81559707714804
            ],
            [
              30.378915690145995,
              59.815626323043126
            ],
            [
              30.379143443685084,
              59.81564920767369
            ],
            [
              30.37939072154024,
              59.8156774897886
            ],
            [
              30.379618251605706,
              59.8156999186737
            ],
            [
              30.379849250403836,
              59.815724938986016
            ],
            [
              30.380073028884706,
              59.81575028516578
            ],
            [
              30.380319767011283,
              59.81578331340649
            ],
            [
              30.38056074083102,
              59.815813773686955
            ],
            [
              30.38081423821497,
              59.81584784003154
            ],
            [
              30.38106601479412,
              59.81588255375477
            ],
            [
              30.381336768183655,
              59.81591927325732
            ],
            [
              30.38160549375956,
              59.815955114501946
            ],
            [
              30.381882656273216,
              59.81599336620592
            ],
            [
              30.382167656581068,
              59.816027909647836
            ],
            [
              30.382452674115367,
              59.816069237136595
            ],
            [
              30.382743101259464,
              59.81610459221129
            ],
            [
              30.383038620576485,
              59.81613972506546
            ],
            [
              30.38334317314826,
              59.816178518290734
            ],
            [
              30.383635423073965,
              59.81625428181696
            ],
            [
              30.383976087313666,
              59.81628596140662
            ],
            [
              30.384314812988023,
              59.81630772036971
            ],
            [
              30.38465191009718,
              59.81634772235577
            ],
            [
              30.384992504063884,
              59.81638843962758
            ],
            [
              30.385347674340547,
              59.81642674412129
            ],
            [
              30.38570901770233,
              59.816466220844845
            ],
            [
              30.386079442094402,
              59.81650639475
            ],
            [
              30.38644774599285,
              59.81654693274207
            ],
            [
              30.38681362284829,
              59.81659047527129
            ],
            [
              30.387183472261373,
              59.81663593103405
            ],
            [
              30.38754755376441,
              59.81668046621626
            ],
            [
              30.38791559090878,
              59.81672261132997
            ],
            [
              30.388289227694113,
              59.81676312268656
            ],
            [
              30.38866998103041,
              59.816803575659534
            ],
            [
              30.38905654390045,
              59.816843803774006
            ],
            [
              30.38944678998952,
              59.816884286568374
            ],
            [
              30.38984086649119,
              59.8169248280583
            ],
            [
              30.390241334899958,
              59.8169654597399
            ],
            [
              30.390647413942524,
              59.81700609711647
            ],
            [
              30.39105678449419,
              59.8170462901121
            ],
            [
              30.39146485191356,
              59.81708546287605
            ],
            [
              30.391872753438776,
              59.81712522753871
            ],
            [
              30.392276077022327,
              59.81716557039463
            ],
            [
              30.392681106168258,
              59.8172079857205
            ],
            [
              30.393080802611635,
              59.81725342586162
            ],
            [
              30.393493840057143,
              59.817297003160405
            ],
            [
              30.393908620658504,
              59.81733767637232
            ],
            [
              30.394321958436265,
              59.8173767800525
            ],
            [
              30.394733038517064,
              59.81741798130998
            ],
            [
              30.39514138691999,
              59.81746140180588
            ],
            [
              30.395546161579546,
              59.817502813657555
            ],
            [
              30.395948653933342,
              59.81754288585806
            ],
            [
              30.396346866947546,
              59.81758117738288
            ],
            [
              30.39674092471618,
              59.81761933216381
            ],
            [
              30.397131688140888,
              59.8176586076617
            ],
            [
              30.397527052907346,
              59.81769880435988
            ],
            [
              30.397930367535746,
              59.81774146535038
            ],
            [
              30.398343069752954,
              59.81778559933173
            ],
            [
              30.398761193441086,
              59.81783107969052
            ],
            [
              30.399179187783616,
              59.817877717808265
            ],
            [
              30.399611168205244,
              59.817926252191384
            ],
            [
              30.400045416557994,
              59.81797605295598
            ],
            [
              30.400482836288035,
              59.818026469922884
            ],
            [
              30.400918152406167,
              59.818079091480165
            ],
            [
              30.401344285014215,
              59.81813800373622
            ],
            [
              30.401779399712566,
              59.81819875665409
            ],
            [
              30.4022110866011,
              59.818263069370886
            ],
            [
              30.402634154124698,
              59.81833081412038
            ],
            [
              30.403056185679123,
              59.8184049001253
            ],
            [
              30.403481936050827,
              59.818483513952984
            ],
            [
              30.403919601551166,
              59.81856499196711
            ],
            [
              30.404354048005946,
              59.8186416120724
            ],
            [
              30.404792069118482,
              59.818721326398226
            ],
            [
              30.405228832854128,
              59.81879858586016
            ],
            [
              30.405677745847616,
              59.81887342649586
            ],
            [
              30.40612906386647,
              59.81895354127479
            ],
            [
              30.406582676546837,
              59.81903298991787
            ],
            [
              30.40703269638013,
              59.81912682762571
            ],
            [
              30.40748005234185,
              59.81922788732895
            ],
            [
              30.40793469707097,
              59.81932833752551
            ],
            [
              30.408393941328086,
              59.81943125925678
            ],
            [
              30.40885487991846,
              59.819532417171565
            ],
            [
              30.40934697932447,
              59.8196236921693
            ],
            [
              30.409828941759333,
              59.81972683457177
            ],
            [
              30.41031917114239,
              59.8198363340075
            ],
            [
              30.410803139700125,
              59.819948342508226
            ],
            [
              30.411309311295067,
              59.82004575278481
            ],
            [
              30.411800210893112,
              59.820158490430345
            ],
            [
              30.412289377314497,
              59.82027357713427
            ],
            [
              30.412779656460792,
              59.82038536981681
            ],
            [
              30.413265080431554,
              59.82049720113743
            ],
            [
              30.413751810811643,
              59.82061023656774
            ],
            [
              30.414239308544456,
              59.82072216000882
            ],
            [
              30.41472375482009,
              59.820837066585185
            ],
            [
              30.415206663305643,
              59.820947931412626
            ],
            [
              30.415688499052305,
              59.8210572482634
            ],
            [
              30.416168147113133,
              59.8211653271136
            ],
            [
              30.416646269912906,
              59.82127584471212
            ],
            [
              30.41713436360895,
              59.82138591397309
            ],
            [
              30.41761820336777,
              59.82149820366685
            ],
            [
              30.418108808019525,
              59.82160917181962
            ],
            [
              30.418600206136148,
              59.82172051770704
            ],
            [
              30.419094508969412,
              59.82183333735233
            ],
            [
              30.419589679707972,
              59.82194595901638
            ],
            [
              30.420083651627426,
              59.822055581135714
            ],
            [
              30.42057655422499,
              59.822168296332286
            ],
            [
              30.42107098686662,
              59.82227780281664
            ],
            [
              30.4215624458315,
              59.82239391737359
            ],
            [
              30.42205654075268,
              59.82250726768395
            ],
            [
              30.422548889010276,
              59.82262194906333
            ],
            [
              30.423044820644566,
              59.822733358041276
            ],
            [
              30.42354477091095,
              59.82284782154367
            ],
            [
              30.424043658013577,
              59.82296285400865
            ],
            [
              30.424545936777882,
              59.82307658499548
            ],
            [
              30.42505903094246,
              59.82319094459044
            ],
            [
              30.425568777613627,
              59.82330410400633
            ],
            [
              30.426083571049777,
              59.823420762499175
            ],
            [
              30.426599962368048,
              59.823537747312656
            ],
            [
              30.42711468108434,
              59.823654671498566
            ],
            [
              30.427635866859678,
              59.82377262081785
            ],
            [
              30.42816064113256,
              59.823890709539036
            ],
            [
              30.428685544424095,
              59.82400922721023
            ],
            [
              30.429216403421755,
              59.824127648233485
            ],
            [
              30.429740667756583,
              59.824248606907446
            ],
            [
              30.430272233240707,
              59.82437024218237
            ],
            [
              30.4307965503346,
              59.82449224159596
            ],
            [
              30.43131839438334,
              59.824617701485046
            ],
            [
              30.431831454331782,
              59.8247449014472
            ],
            [
              30.432338293617654,
              59.82487934077763
            ],
            [
              30.432828642476213,
              59.82502003032285
            ],
            [
              30.43330714880003,
              59.82517036021015
            ],
            [
              30.433769749798135,
              59.8253261578787
            ],
            [
              30.434219169748875,
              59.82548854127129
            ],
            [
              30.43465419369995,
              59.82565914325055
            ],
            [
              30.435074137271126,
              59.8258297470178
            ],
            [
              30.43548976694252,
              59.826006606794365
            ],
            [
              30.435890962990552,
              59.826190201816914
            ],
            [
              30.43628230958872,
              59.82637958568681
            ],
            [
              30.43665847532542,
              59.826578959816366
            ],
            [
              30.43702868420166,
              59.82678185689645
            ],
            [
              30.437386849625057,
              59.82699284096068
            ],
            [
              30.437732469274575,
              59.82720835934683
            ],
            [
              30.43806233353018,
              59.82743070501336
            ],
            [
              30.438387290302625,
              59.82766414156141
            ],
            [
              30.438708346167335,
              59.82789771761703
            ],
            [
              30.439028713287307,
              59.82813747546977
            ],
            [
              30.439361627244384,
              59.82838055149531
            ],
            [
              30.43969704590984,
              59.82862679069627
            ],
            [
              30.440025338038595,
              59.82886979856387
            ],
            [
              30.44036236777156,
              59.82911392951869
            ],
            [
              30.440700503670918,
              59.82935820067473
            ],
            [
              30.441032581105315,
              59.82960137456122
            ],
            [
              30.44136607142941,
              59.82984672353881
            ],
            [
              30.441703758512006,
              59.830094662467275
            ],
            [
              30.44203640556953,
              59.830339199444516
            ],
            [
              30.442369540386622,
              59.830583353089324
            ],
            [
              30.442697995901646,
              59.83082581145126
            ],
            [
              30.443027727976578,
              59.83107083603111
            ],
            [
              30.443356062572008,
              59.83131279682269
            ],
            [
              30.4436890339468,
              59.83155387004658
            ],
            [
              30.444022456065618,
              59.83179781681586
            ],
            [
              30.44435206526267,
              59.832044984426986
            ],
            [
              30.444678597748084,
              59.83229029614033
            ],
            [
              30.445009955377266,
              59.83254256294348
            ],
            [
              30.445344807771047,
              59.83279416020931
            ],
            [
              30.445681904822393,
              59.833040527672985
            ],
            [
              30.446033382343693,
              59.83328733226783
            ],
            [
              30.446381677886126,
              59.8335341896778
            ],
            [
              30.446714810710453,
              59.83377553703164
            ],
            [
              30.44704185520289,
              59.83401825589159
            ],
            [
              30.44735704895101,
              59.83425056126768
            ],
            [
              30.447669923814093,
              59.834485498773205
            ],
            [
              30.447990251242345,
              59.83472469739193
            ],
            [
              30.448293154836648,
              59.83494714299324
            ],
            [
              30.448592100939617,
              59.83516893796336
            ],
            [
              30.448887606257497,
              59.83538535926467
            ],
            [
              30.449173051029565,
              59.83559621456206
            ],
            [
              30.44949874785441,
              59.83582668069902
            ],
            [
              30.44998536942619,
              59.83615270936683
            ],
            [
              30.450312912921998,
              59.83633430474994
            ],
            [
              30.450404542627084,
              59.83648645499228
            ],
            [
              30.450722409276143,
              59.83675102763198
            ],
            [
              30.451010246583245,
              59.836990605750316
            ],
            [
              30.45127851922531,
              59.83721389941982
            ],
            [
              30.451547339757713,
              59.83744121159541
            ],
            [
              30.451814896806354,
              59.83767186129167
            ],
            [
              30.45207772984469,
              59.837905692194845
            ],
            [
              30.4523466279285,
              59.83814995979651
            ],
            [
              30.45261317887619,
              59.83841735140387
            ],
            [
              30.45289313638703,
              59.83865581583434
            ],
            [
              30.453121894639366,
              59.83891190023108
            ],
            [
              30.45340719921899,
              59.83917847232442
            ],
            [
              30.45378639537532,
              59.839458261199596
            ],
            [
              30.45405356386184,
              59.839706115926475
            ],
            [
              30.45423507046443,
              59.839987674321435
            ],
            [
              30.45423507046443,
              59.839987674321435
            ],
            [
              30.45423507046443,
              59.839987674321435
            ],
            [
              30.45423507046443,
              59.839987674321435
            ],
            [
              30.45423507046443,
              59.839987674321435
            ],
            [
              30.45423507046443,
              59.839987674321435
            ],
            [
              30.45423507046443,
              59.839987674321435
            ],
            [
              30.45423507046443,
              59.839987674321435
            ],
            [
              30.45423507046443,
              59.839987674321435
            ],
            [
              30.45423507046443,
              59.839987674321435
            ],
            [
              30.45423507046443,
              59.839987674321435
            ],
            [
              30.45423507046443,
              59.839987674321435
            ],
            [
              30.45423507046443,
              59.839987674321435
            ]
          ],
          [
            [
              30.45625056818642,
              59.84288308297957
            ],
            [
              30.456334680594903,
              59.843008774851306
            ],
            [
              30.456334680594903,
              59.843008774851306
            ],
            [
              30.456334680594903,
              59.843008774851306
            ],
            [
              30.456799625135055,
              59.8437496122761
            ],
            [
              30.456799625135055,
              59.8437496122761
            ],
            [
              30.456799625135055,
              59.8437496122761
            ],
            [
              30.456799625135055,
              59.8437496122761
            ],
            [
              30.456799625135055,
              59.8437496122761
            ],
            [
              30.457450556072608,
              59.844731098752874
            ],
            [
              30.457450556072608,
              59.844731098752874
            ],
            [
              30.457644111333668,
              59.84497114623602
            ],
            [
              30.45785303095834,
              59.84520839047263
            ],
            [
              30.45785303095834,
              59.84520839047263
            ],
            [
              30.458064467883858,
              59.84542405527824
            ],
            [
              30.458064467883858,
              59.84542405527824
            ],
            [
              30.458064467883858,
              59.84542405527824
            ],
            [
              30.458064467883858,
              59.84542405527824
            ],
            [
              30.458064467883858,
              59.84542405527824
            ],
            [
              30.458064467883858,
              59.84542405527824
            ],
            [
              30.458064467883858,
              59.84542405527824
            ],
            [
              30.458064467883858,
              59.84542405527824
            ],
            [
              30.458064467883858,
              59.84542405527824
            ],
            [
              30.458064467883858,
              59.84542405527824
            ],
            [
              30.458064467883858,
              59.84542405527824
            ],
            [
              30.458064467883858,
              59.84542405527824
            ],
            [
              30.458064467883858,
              59.84542405527824
            ],
            [
              30.458064467883858,
              59.84542405527824
            ],
            [
              30.458064467883858,
              59.84542405527824
            ],
            [
              30.458064467883858,
              59.84542405527824
            ],
            [
              30.458064467883858,
              59.84542405527824
            ],
            [
              30.458064467883858,
              59.84542405527824
            ],
            [
              30.458064467883858,
              59.84542405527824
            ]
          ],
          [
            [
              30.460220175793673,
              59.84744079513778
            ],
            [
              30.460220175793673,
              59.84744079513778
            ],
            [
              30.460220175793673,
              59.84744079513778
            ],
            [
              30.460220175793673,
              59.84744079513778
            ],
            [
              30.460220175793673,
              59.84744079513778
            ],
            [
              30.460220175793673,
              59.84744079513778
            ],
            [
              30.460220175793673,
              59.84744079513778
            ],
            [
              30.460220175793673,
              59.84744079513778
            ],
            [
              30.460220175793673,
              59.84744079513778
            ],
            [
              30.460220175793673,
              59.84744079513778
            ],
            [
              30.460220175793673,
              59.84744079513778
            ],
            [
              30.460220175793673,
              59.84744079513778
            ],
            [
              30.460220175793673,
              59.84744079513778
            ],
            [
              30.460220175793673,
              59.84744079513778
            ],
            [
              30.460220175793673,
              59.84744079513778
            ],
            [
              30.460220175793673,
              59.84744079513778
            ],
            [
              30.460220175793673,
              59.84744079513778
            ],
            [
              30.460220175793673,
              59.84744079513778
            ],
            [
              30.460220175793673,
              59.84744079513778
            ],
            [
              30.460220175793673,
              59.84744079513778
            ],
            [
              30.460220175793673,
              59.84744079513778
            ],
            [
              30.460220175793673,
              59.84744079513778
            ],
            [
              30.460220175793673,
              59.84744079513778
            ],
            [
              30.460220175793673,
              59.84744079513778
            ],
            [
              30.460220175793673,
              59.84744079513778
            ],
            [
              30.460220175793673,
              59.84744079513778
            ],
            [
              30.460220175793673,
              59.84744079513778
            ],
            [
              30.460220175793673,
              59.84744079513778
            ],
            [
              30.460220175793673,
              59.84744079513778
            ],
            [
              30.460220175793673,
              59.84744079513778
            ],
            [
              30.460220175793673,
              59.84744079513778
            ],
            [
              30.460220175793673,
              59.84744079513778
            ],
            [
              30.460220175793673,
              59.84744079513778
            ],
            [
              30.460220175793673,
              59.84744079513778
            ]
          ],
          [
            [
              30.46159271218157,
              59.847747385092596
            ],
            [
              30.46159271218157,
              59.847747385092596
            ],
            [
              30.46159271218157,
              59.847747385092596
            ],
            [
              30.46159271218157,
              59.847747385092596
            ],
            [
              30.46159271218157,
              59.847747385092596
            ],
            [
              30.46159271218157,
              59.847747385092596
            ],
            [
              30.46159271218157,
              59.847747385092596
            ],
            [
              30.46159271218157,
              59.847747385092596
            ],
            [
              30.46159271218157,
              59.847747385092596
            ],
            [
              30.46159271218157,
              59.847747385092596
            ],
            [
              30.46159271218157,
              59.847747385092596
            ],
            [
              30.46159271218157,
              59.847747385092596
            ],
            [
              30.46159271218157,
              59.847747385092596
            ],
            [
              30.46159271218157,
              59.847747385092596
            ],
            [
              30.46159271218157,
              59.847747385092596
            ],
            [
              30.46159271218157,
              59.847747385092596
            ],
            [
              30.46159271218157,
              59.847747385092596
            ],
            [
              30.46159271218157,
              59.847747385092596
            ],
            [
              30.46159271218157,
              59.847747385092596
            ],
            [
              30.46159271218157,
              59.847747385092596
            ],
            [
              30.46159271218157,
              59.847747385092596
            ],
            [
              30.46159271218157,
              59.847747385092596
            ],
            [
              30.46159271218157,
              59.847747385092596
            ],
            [
              30.46159271218157,
              59.847747385092596
            ],
            [
              30.46159271218157,
              59.847747385092596
            ],
            [
              30.46159271218157,
              59.847747385092596
            ],
            [
              30.46159271218157,
              59.847747385092596
            ],
            [
              30.46159271218157,
              59.847747385092596
            ],
            [
              30.46159271218157,
              59.847747385092596
            ],
            [
              30.46159271218157,
              59.847747385092596
            ],
            [
              30.46159271218157,
              59.847747385092596
            ],
            [
              30.46159271218157,
              59.847747385092596
            ],
            [
              30.46159271218157,
              59.847747385092596
            ],
            [
              30.46159271218157,
              59.847747385092596
            ],
            [
              30.46159271218157,
              59.847747385092596
            ],
            [
              30.46159271218157,
              59.847747385092596
            ],
            [
              30.46159271218157,
              59.847747385092596
            ],
            [
              30.46159271218157,
              59.847747385092596
            ],
            [
              30.46159271218157,
              59.847747385092596
            ],
            [
              30.46159271218157,
              59.847747385092596
            ],
            [
              30.46159271218157,
              59.847747385092596
            ],
            [
              30.46159271218157,
              59.847747385092596
            ],
            [
              30.46159271218157,
              59.847747385092596
            ],
            [
              30.46159271218157,
              59.847747385092596
            ],
            [
              30.46159271218157,
              59.847747385092596
            ],
            [
              30.46159271218157,
              59.847747385092596
            ],
            [
              30.46159271218157,
              59.847747385092596
            ],
            [
              30.46159271218157,
              59.847747385092596
            ],
            [
              30.46159271218157,
              59.847747385092596
            ],
            [
              30.46159271218157,
              59.847747385092596
            ],
            [
              30.46159271218157,
              59.847747385092596
            ],
            [
              30.46159271218157,
              59.847747385092596
            ],
            [
              30.46159271218157,
              59.847747385092596
            ],
            [
              30.46159271218157,
              59.847747385092596
            ],
            [
              30.46159271218157,
              59.847747385092596
            ],
            [
              30.46159271218157,
              59.847747385092596
            ],
            [
              30.46159271218157,
              59.847747385092596
            ],
            [
              30.46159271218157,
              59.847747385092596
            ],
            [
              30.46159271218157,
              59.847747385092596
            ],
            [
              30.46159271218157,
              59.847747385092596
            ],
            [
              30.46159271218157,
              59.847747385092596
            ],
            [
              30.46159271218157,
              59.847747385092596
            ],
            [
              30.46159271218157,
              59.847747385092596
            ],
            [
              30.46159271218157,
              59.847747385092596
            ],
            [
              30.46159271218157,
              59.847747385092596
            ],
            [
              30.46159271218157,
              59.847747385092596
            ],
            [
              30.46159271218157,
              59.847747385092596
            ],
            [
              30.46159271218157,
              59.847747385092596
            ],
            [
              30.46159271218157,
              59.847747385092596
            ],
            [
              30.46159271218157,
              59.847747385092596
            ],
            [
              30.46159271218157,
              59.847747385092596
            ],
            [
              30.46159271218157,
              59.847747385092596
            ],
            [
              30.46159271218157,
              59.847747385092596
            ],
            [
              30.46159271218157,
              59.847747385092596
            ],
            [
              30.46159271218157,
              59.847747385092596
            ],
            [
              30.46159271218157,
              59.847747385092596
            ],
            [
              30.46159271218157,
              59.847747385092596
            ],
            [
              30.46159271218157,
              59.847747385092596
            ],
            [
              30.46159271218157,
              59.847747385092596
            ],
            [
              30.46159271218157,
              59.847747385092596
            ],
            [
              30.46159271218157,
              59.847747385092596
            ],
            [
              30.46159271218157,
              59.847747385092596
            ],
            [
              30.46159271218157,
              59.847747385092596
            ],
            [
              30.46159271218157,
              59.847747385092596
            ],
            [
              30.46159271218157,
              59.847747385092596
            ],
            [
              30.46159271218157,
              59.847747385092596
            ],
            [
              30.46159271218157,
              59.847747385092596
            ],
            [
              30.46159271218157,
              59.847747385092596
            ],
            [
              30.46159271218157,
              59.847747385092596
            ],
            [
              30.46159271218157,
              59.847747385092596
            ],
            [
              30.46159271218157,
              59.847747385092596
            ],
            [
              30.46159271218157,
              59.847747385092596
            ],
            [
              30.46159271218157,
              59.847747385092596
            ],
            [
              30.46159271218157,
              59.847747385092596
            ],
            [
              30.46159271218157,
              59.847747385092596
            ],
            [
              30.46159271218157,
              59.847747385092596
            ],
            [
              30.46159271218157,
              59.847747385092596
            ],
            [
              30.46159271218157,
              59.847747385092596
            ],
            [
              30.46159271218157,
              59.847747385092596
            ],
            [
              30.46159271218157,
              59.847747385092596
            ],
            [
              30.46159271218157,
              59.847747385092596
            ],
            [
              30.46159271218157,
              59.847747385092596
            ],
            [
              30.46159271218157,
              59.847747385092596
            ],
            [
              30.46159271218157,
              59.847747385092596
            ],
            [
              30.46159271218157,
              59.847747385092596
            ],
            [
              30.46159271218157,
              59.847747385092596
            ],
            [
              30.46159271218157,
              59.847747385092596
            ],
            [
              30.46159271218157,
              59.847747385092596
            ],
            [
              30.46159271218157,
              59.847747385092596
            ],
            [
              30.46159271218157,
              59.847747385092596
            ],
            [
              30.46159271218157,
              59.847747385092596
            ],
            [
              30.46159271218157,
              59.847747385092596
            ],
            [
              30.46159271218157,
              59.847747385092596
            ],
            [
              30.46159271218157,
              59.847747385092596
            ],
            [
              30.46159271218157,
              59.847747385092596
            ],
            [
              30.46159271218157,
              59.847747385092596
            ],
            [
              30.46159271218157,
              59.847747385092596
            ],
            [
              30.46159271218157,
              59.847747385092596
            ],
            [
              30.46159271218157,
              59.847747385092596
            ],
            [
              30.46159271218157,
              59.847747385092596
            ],
            [
              30.46159271218157,
              59.847747385092596
            ],
            [
              30.46159271218157,
              59.847747385092596
            ],
            [
              30.46159271218157,
              59.847747385092596
            ],
            [
              30.46159271218157,
              59.847747385092596
            ],
            [
              30.46159271218157,
              59.847747385092596
            ],
            [
              30.46159271218157,
              59.847747385092596
            ],
            [
              30.46159271218157,
              59.847747385092596
            ],
            [
              30.46159271218157,
              59.847747385092596
            ],
            [
              30.46159271218157,
              59.847747385092596
            ],
            [
              30.46159271218157,
              59.847747385092596
            ],
            [
              30.46159271218157,
              59.847747385092596
            ],
            [
              30.46159271218157,
              59.847747385092596
            ],
            [
              30.46159271218157,
              59.847747385092596
            ],
            [
              30.46159271218157,
              59.847747385092596
            ],
            [
              30.46159271218157,
              59.847747385092596
            ],
            [
              30.46159271218157,
              59.847747385092596
            ],
            [
              30.46159271218157,
              59.847747385092596
            ],
            [
              30.46159271218157,
              59.847747385092596
            ],
            [
              30.46159271218157,
              59.847747385092596
            ],
            [
              30.46159271218157,
              59.847747385092596
            ],
            [
              30.46159271218157,
              59.847747385092596
            ],
            [
              30.46159271218157,
              59.847747385092596
            ],
            [
              30.46159271218157,
              59.847747385092596
            ],
            [
              30.46159271218157,
              59.847747385092596
            ],
            [
              30.46159271218157,
              59.847747385092596
            ],
            [
              30.46159271218157,
              59.847747385092596
            ],
            [
              30.46159271218157,
              59.847747385092596
            ],
            [
              30.46159271218157,
              59.847747385092596
            ],
            [
              30.46159271218157,
              59.847747385092596
            ],
            [
              30.46159271218157,
              59.847747385092596
            ],
            [
              30.46159271218157,
              59.847747385092596
            ],
            [
              30.46159271218157,
              59.847747385092596
            ],
            [
              30.46159271218157,
              59.847747385092596
            ],
            [
              30.46159271218157,
              59.847747385092596
            ],
            [
              30.46159271218157,
              59.847747385092596
            ],
            [
              30.46159271218157,
              59.847747385092596
            ],
            [
              30.46159271218157,
              59.847747385092596
            ],
            [
              30.46159271218157,
              59.847747385092596
            ],
            [
              30.46159271218157,
              59.847747385092596
            ],
            [
              30.46159271218157,
              59.847747385092596
            ],
            [
              30.46159271218157,
              59.847747385092596
            ],
            [
              30.46159271218157,
              59.847747385092596
            ],
            [
              30.46159271218157,
              59.847747385092596
            ],
            [
              30.46159271218157,
              59.847747385092596
            ],
            [
              30.46159271218157,
              59.847747385092596
            ],
            [
              30.46159271218157,
              59.847747385092596
            ],
            [
              30.46159271218157,
              59.847747385092596
            ],
            [
              30.46159271218157,
              59.847747385092596
            ],
            [
              30.46159271218157,
              59.847747385092596
            ],
            [
              30.46159271218157,
              59.847747385092596
            ],
            [
              30.46159271218157,
              59.847747385092596
            ],
            [
              30.46159271218157,
              59.847747385092596
            ],
            [
              30.46159271218157,
              59.847747385092596
            ],
            [
              30.46159271218157,
              59.847747385092596
            ],
            [
              30.46159271218157,
              59.847747385092596
            ],
            [
              30.46159271218157,
              59.847747385092596
            ],
            [
              30.46159271218157,
              59.847747385092596
            ],
            [
              30.46159271218157,
              59.847747385092596
            ],
            [
              30.46159271218157,
              59.847747385092596
            ],
            [
              30.46159271218157,
              59.847747385092596
            ],
            [
              30.46159271218157,
              59.847747385092596
            ],
            [
              30.46159271218157,
              59.847747385092596
            ],
            [
              30.46159271218157,
              59.847747385092596
            ],
            [
              30.46159271218157,
              59.847747385092596
            ],
            [
              30.46159271218157,
              59.847747385092596
            ],
            [
              30.46159271218157,
              59.847747385092596
            ],
            [
              30.46159271218157,
              59.847747385092596
            ],
            [
              30.46159271218157,
              59.847747385092596
            ],
            [
              30.46159271218157,
              59.847747385092596
            ],
            [
              30.46159271218157,
              59.847747385092596
            ],
            [
              30.46159271218157,
              59.847747385092596
            ],
            [
              30.46159271218157,
              59.847747385092596
            ],
            [
              30.46159271218157,
              59.847747385092596
            ],
            [
              30.46159271218157,
              59.847747385092596
            ],
            [
              30.46159271218157,
              59.847747385092596
            ],
            [
              30.46159271218157,
              59.847747385092596
            ],
            [
              30.46159271218157,
              59.847747385092596
            ],
            [
              30.46159271218157,
              59.847747385092596
            ],
            [
              30.46159271218157,
              59.847747385092596
            ],
            [
              30.46159271218157,
              59.847747385092596
            ],
            [
              30.46159271218157,
              59.847747385092596
            ],
            [
              30.46159271218157,
              59.847747385092596
            ],
            [
              30.46159271218157,
              59.847747385092596
            ],
            [
              30.46159271218157,
              59.847747385092596
            ],
            [
              30.46159271218157,
              59.847747385092596
            ],
            [
              30.46159271218157,
              59.847747385092596
            ],
            [
              30.46159271218157,
              59.847747385092596
            ],
            [
              30.46159271218157,
              59.847747385092596
            ],
            [
              30.46159271218157,
              59.847747385092596
            ],
            [
              30.46159271218157,
              59.847747385092596
            ],
            [
              30.46159271218157,
              59.847747385092596
            ],
            [
              30.46159271218157,
              59.847747385092596
            ],
            [
              30.46159271218157,
              59.847747385092596
            ],
            [
              30.46159271218157,
              59.847747385092596
            ],
            [
              30.46159271218157,
              59.847747385092596
            ],
            [
              30.46159271218157,
              59.847747385092596
            ],
            [
              30.46159271218157,
              59.847747385092596
            ],
            [
              30.46159271218157,
              59.847747385092596
            ],
            [
              30.46159271218157,
              59.847747385092596
            ],
            [
              30.46159271218157,
              59.847747385092596
            ],
            [
              30.46159271218157,
              59.847747385092596
            ],
            [
              30.46159271218157,
              59.847747385092596
            ],
            [
              30.46159271218157,
              59.847747385092596
            ],
            [
              30.46159271218157,
              59.847747385092596
            ],
            [
              30.46159271218157,
              59.847747385092596
            ],
            [
              30.46159271218157,
              59.847747385092596
            ],
            [
              30.46159271218157,
              59.847747385092596
            ],
            [
              30.46159271218157,
              59.847747385092596
            ],
            [
              30.46159271218157,
              59.847747385092596
            ],
            [
              30.46159271218157,
              59.847747385092596
            ],
            [
              30.46159271218157,
              59.847747385092596
            ],
            [
              30.46159271218157,
              59.847747385092596
            ],
            [
              30.46159271218157,
              59.847747385092596
            ],
            [
              30.46159271218157,
              59.847747385092596
            ],
            [
              30.46159271218157,
              59.847747385092596
            ],
            [
              30.46159271218157,
              59.847747385092596
            ],
            [
              30.46159271218157,
              59.847747385092596
            ],
            [
              30.46159271218157,
              59.847747385092596
            ],
            [
              30.46159271218157,
              59.847747385092596
            ],
            [
              30.46159271218157,
              59.847747385092596
            ],
            [
              30.46159271218157,
              59.847747385092596
            ],
            [
              30.46159271218157,
              59.847747385092596
            ],
            [
              30.46159271218157,
              59.847747385092596
            ],
            [
              30.46159271218157,
              59.847747385092596
            ],
            [
              30.46159271218157,
              59.847747385092596
            ],
            [
              30.46159271218157,
              59.847747385092596
            ],
            [
              30.46159271218157,
              59.847747385092596
            ],
            [
              30.46159271218157,
              59.847747385092596
            ],
            [
              30.46159271218157,
              59.847747385092596
            ],
            [
              30.46159271218157,
              59.847747385092596
            ],
            [
              30.46159271218157,
              59.847747385092596
            ],
            [
              30.46159271218157,
              59.847747385092596
            ],
            [
              30.46159271218157,
              59.847747385092596
            ],
            [
              30.46159271218157,
              59.847747385092596
            ],
            [
              30.46159271218157,
              59.847747385092596
            ],
            [
              30.46159271218157,
              59.847747385092596
            ],
            [
              30.46159271218157,
              59.847747385092596
            ],
            [
              30.46159271218157,
              59.847747385092596
            ],
            [
              30.46159271218157,
              59.847747385092596
            ],
            [
              30.46159271218157,
              59.847747385092596
            ],
            [
              30.46159271218157,
              59.847747385092596
            ],
            [
              30.46159271218157,
              59.847747385092596
            ],
            [
              30.46159271218157,
              59.847747385092596
            ],
            [
              30.46159271218157,
              59.847747385092596
            ],
            [
              30.46159271218157,
              59.847747385092596
            ],
            [
              30.46159271218157,
              59.847747385092596
            ],
            [
              30.46159271218157,
              59.847747385092596
            ],
            [
              30.46159271218157,
              59.847747385092596
            ],
            [
              30.46159271218157,
              59.847747385092596
            ],
            [
              30.46159271218157,
              59.847747385092596
            ],
            [
              30.46159271218157,
              59.847747385092596
            ],
            [
              30.46159271218157,
              59.847747385092596
            ],
            [
              30.46159271218157,
              59.847747385092596
            ],
            [
              30.46159271218157,
              59.847747385092596
            ],
            [
              30.46159271218157,
              59.847747385092596
            ],
            [
              30.46159271218157,
              59.847747385092596
            ],
            [
              30.46159271218157,
              59.847747385092596
            ],
            [
              30.46159271218157,
              59.847747385092596
            ],
            [
              30.46159271218157,
              59.847747385092596
            ],
            [
              30.46159271218157,
              59.847747385092596
            ],
            [
              30.46159271218157,
              59.847747385092596
            ],
            [
              30.46159271218157,
              59.847747385092596
            ],
            [
              30.46159271218157,
              59.847747385092596
            ],
            [
              30.46159271218157,
              59.847747385092596
            ],
            [
              30.46159271218157,
              59.847747385092596
            ],
            [
              30.46159271218157,
              59.847747385092596
            ],
            [
              30.46159271218157,
              59.847747385092596
            ],
            [
              30.46159271218157,
              59.847747385092596
            ],
            [
              30.46159271218157,
              59.847747385092596
            ],
            [
              30.46159271218157,
              59.847747385092596
            ],
            [
              30.46159271218157,
              59.847747385092596
            ],
            [
              30.46159271218157,
              59.847747385092596
            ],
            [
              30.46159271218157,
              59.847747385092596
            ],
            [
              30.46159271218157,
              59.847747385092596
            ],
            [
              30.46159271218157,
              59.847747385092596
            ],
            [
              30.46159271218157,
              59.847747385092596
            ],
            [
              30.46159271218157,
              59.847747385092596
            ],
            [
              30.46159271218157,
              59.847747385092596
            ]
          ],
          [
            [
              30.377296645534813,
              59.8075991582426
            ],
            [
              30.377296645534813,
              59.8075991582426
            ],
            [
              30.377296645534813,
              59.8075991582426
            ],
            [
              30.377296645534813,
              59.8075991582426
            ],
            [
              30.377296645534813,
              59.8075991582426
            ],
            [
              30.377296645534813,
              59.8075991582426
            ],
            [
              30.377296645534813,
              59.8075991582426
            ],
            [
              30.377296645534813,
              59.8075991582426
            ],
            [
              30.377296645534813,
              59.8075991582426
            ],
            [
              30.377296645534813,
              59.8075991582426
            ],
            [
              30.377296645534813,
              59.8075991582426
            ],
            [
              30.377296645534813,
              59.8075991582426
            ],
            [
              30.377296645534813,
              59.8075991582426
            ],
            [
              30.377296645534813,
              59.8075991582426
            ],
            [
              30.377296645534813,
              59.8075991582426
            ],
            [
              30.377296645534813,
              59.8075991582426
            ],
            [
              30.377296645534813,
              59.8075991582426
            ],
            [
              30.377296645534813,
              59.8075991582426
            ],
            [
              30.377296645534813,
              59.8075991582426
            ],
            [
              30.377296645534813,
              59.8075991582426
            ],
            [
              30.377296645534813,
              59.8075991582426
            ],
            [
              30.377296645534813,
              59.8075991582426
            ],
            [
              30.377296645534813,
              59.8075991582426
            ],
            [
              30.377296645534813,
              59.8075991582426
            ],
            [
              30.377296645534813,
              59.8075991582426
            ],
            [
              30.377296645534813,
              59.8075991582426
            ],
            [
              30.377296645534813,
              59.8075991582426
            ],
            [
              30.377296645534813,
              59.8075991582426
            ],
            [
              30.377296645534813,
              59.8075991582426
            ],
            [
              30.377296645534813,
              59.8075991582426
            ],
            [
              30.377296645534813,
              59.8075991582426
            ],
            [
              30.377296645534813,
              59.8075991582426
            ],
            [
              30.377296645534813,
              59.8075991582426
            ],
            [
              30.377296645534813,
              59.8075991582426
            ],
            [
              30.377296645534813,
              59.8075991582426
            ],
            [
              30.377296645534813,
              59.8075991582426
            ],
            [
              30.377296645534813,
              59.8075991582426
            ],
            [
              30.377296645534813,
              59.8075991582426
            ],
            [
              30.377296645534813,
              59.8075991582426
            ],
            [
              30.377296645534813,
              59.8075991582426
            ],
            [
              30.377296645534813,
              59.8075991582426
            ],
            [
              30.377296645534813,
              59.8075991582426
            ],
            [
              30.377296645534813,
              59.8075991582426
            ],
            [
              30.377296645534813,
              59.8075991582426
            ],
            [
              30.377296645534813,
              59.8075991582426
            ],
            [
              30.377296645534813,
              59.8075991582426
            ],
            [
              30.377296645534813,
              59.8075991582426
            ],
            [
              30.377296645534813,
              59.8075991582426
            ],
            [
              30.377296645534813,
              59.8075991582426
            ],
            [
              30.377296645534813,
              59.8075991582426
            ],
            [
              30.377296645534813,
              59.8075991582426
            ],
            [
              30.377296645534813,
              59.8075991582426
            ],
            [
              30.377296645534813,
              59.8075991582426
            ],
            [
              30.377296645534813,
              59.8075991582426
            ],
            [
              30.377296645534813,
              59.8075991582426
            ],
            [
              30.377296645534813,
              59.8075991582426
            ],
            [
              30.377296645534813,
              59.8075991582426
            ],
            [
              30.377296645534813,
              59.8075991582426
            ],
            [
              30.377296645534813,
              59.8075991582426
            ],
            [
              30.377296645534813,
              59.8075991582426
            ],
            [
              30.377296645534813,
              59.8075991582426
            ],
            [
              30.377296645534813,
              59.8075991582426
            ],
            [
              30.377296645534813,
              59.8075991582426
            ],
            [
              30.377296645534813,
              59.8075991582426
            ],
            [
              30.377296645534813,
              59.8075991582426
            ],
            [
              30.377296645534813,
              59.8075991582426
            ],
            [
              30.377296645534813,
              59.8075991582426
            ],
            [
              30.377296645534813,
              59.8075991582426
            ],
            [
              30.377296645534813,
              59.8075991582426
            ],
            [
              30.377296645534813,
              59.8075991582426
            ],
            [
              30.377296645534813,
              59.8075991582426
            ],
            [
              30.377296645534813,
              59.8075991582426
            ],
            [
              30.377296645534813,
              59.8075991582426
            ],
            [
              30.377296645534813,
              59.8075991582426
            ],
            [
              30.377296645534813,
              59.8075991582426
            ],
            [
              30.377296645534813,
              59.8075991582426
            ],
            [
              30.377296645534813,
              59.8075991582426
            ],
            [
              30.377296645534813,
              59.8075991582426
            ],
            [
              30.377296645534813,
              59.8075991582426
            ],
            [
              30.377296645534813,
              59.8075991582426
            ],
            [
              30.377296645534813,
              59.8075991582426
            ],
            [
              30.377296645534813,
              59.8075991582426
            ],
            [
              30.377296645534813,
              59.8075991582426
            ],
            [
              30.377296645534813,
              59.8075991582426
            ],
            [
              30.377296645534813,
              59.8075991582426
            ],
            [
              30.377296645534813,
              59.8075991582426
            ],
            [
              30.377296645534813,
              59.8075991582426
            ],
            [
              30.377296645534813,
              59.8075991582426
            ],
            [
              30.377296645534813,
              59.8075991582426
            ],
            [
              30.377296645534813,
              59.8075991582426
            ],
            [
              30.377296645534813,
              59.8075991582426
            ],
            [
              30.377296645534813,
              59.8075991582426
            ],
            [
              30.377296645534813,
              59.8075991582426
            ],
            [
              30.377296645534813,
              59.8075991582426
            ],
            [
              30.377296645534813,
              59.8075991582426
            ],
            [
              30.377296645534813,
              59.8075991582426
            ],
            [
              30.377296645534813,
              59.8075991582426
            ],
            [
              30.377296645534813,
              59.8075991582426
            ],
            [
              30.377296645534813,
              59.8075991582426
            ],
            [
              30.377296645534813,
              59.8075991582426
            ],
            [
              30.377296645534813,
              59.8075991582426
            ],
            [
              30.377296645534813,
              59.8075991582426
            ],
            [
              30.377296645534813,
              59.8075991582426
            ],
            [
              30.377296645534813,
              59.8075991582426
            ],
            [
              30.377296645534813,
              59.8075991582426
            ],
            [
              30.377296645534813,
              59.8075991582426
            ],
            [
              30.377296645534813,
              59.8075991582426
            ],
            [
              30.377296645534813,
              59.8075991582426
            ],
            [
              30.377296645534813,
              59.8075991582426
            ],
            [
              30.377296645534813,
              59.8075991582426
            ],
            [
              30.377296645534813,
              59.8075991582426
            ],
            [
              30.377296645534813,
              59.8075991582426
            ],
            [
              30.377296645534813,
              59.8075991582426
            ],
            [
              30.377296645534813,
              59.8075991582426
            ],
            [
              30.377296645534813,
              59.8075991582426
            ],
            [
              30.377296645534813,
              59.8075991582426
            ],
            [
              30.377296645534813,
              59.8075991582426
            ],
            [
              30.377296645534813,
              59.8075991582426
            ],
            [
              30.377296645534813,
              59.8075991582426
            ],
            [
              30.377296645534813,
              59.8075991582426
            ],
            [
              30.377296645534813,
              59.8075991582426
            ],
            [
              30.377296645534813,
              59.8075991582426
            ],
            [
              30.377296645534813,
              59.8075991582426
            ],
            [
              30.377296645534813,
              59.8075991582426
            ],
            [
              30.377296645534813,
              59.8075991582426
            ],
            [
              30.377296645534813,
              59.8075991582426
            ],
            [
              30.377296645534813,
              59.8075991582426
            ],
            [
              30.377296645534813,
              59.8075991582426
            ],
            [
              30.377296645534813,
              59.8075991582426
            ],
            [
              30.377296645534813,
              59.8075991582426
            ],
            [
              30.377296645534813,
              59.8075991582426
            ],
            [
              30.377296645534813,
              59.8075991582426
            ],
            [
              30.377296645534813,
              59.8075991582426
            ],
            [
              30.377296645534813,
              59.8075991582426
            ],
            [
              30.377296645534813,
              59.8075991582426
            ],
            [
              30.377296645534813,
              59.8075991582426
            ],
            [
              30.377296645534813,
              59.8075991582426
            ],
            [
              30.377296645534813,
              59.8075991582426
            ],
            [
              30.377296645534813,
              59.8075991582426
            ],
            [
              30.377296645534813,
              59.8075991582426
            ],
            [
              30.377296645534813,
              59.8075991582426
            ],
            [
              30.377296645534813,
              59.8075991582426
            ],
            [
              30.377296645534813,
              59.8075991582426
            ],
            [
              30.377296645534813,
              59.8075991582426
            ],
            [
              30.377296645534813,
              59.8075991582426
            ],
            [
              30.377296645534813,
              59.8075991582426
            ],
            [
              30.377296645534813,
              59.8075991582426
            ],
            [
              30.377296645534813,
              59.8075991582426
            ],
            [
              30.377296645534813,
              59.8075991582426
            ],
            [
              30.377296645534813,
              59.8075991582426
            ],
            [
              30.377296645534813,
              59.8075991582426
            ],
            [
              30.377296645534813,
              59.8075991582426
            ],
            [
              30.377296645534813,
              59.8075991582426
            ],
            [
              30.377296645534813,
              59.8075991582426
            ],
            [
              30.377296645534813,
              59.8075991582426
            ],
            [
              30.377296645534813,
              59.8075991582426
            ],
            [
              30.377296645534813,
              59.8075991582426
            ],
            [
              30.377296645534813,
              59.8075991582426
            ],
            [
              30.377296645534813,
              59.8075991582426
            ],
            [
              30.377296645534813,
              59.8075991582426
            ],
            [
              30.377296645534813,
              59.8075991582426
            ],
            [
              30.377296645534813,
              59.8075991582426
            ],
            [
              30.377296645534813,
              59.8075991582426
            ],
            [
              30.377296645534813,
              59.8075991582426
            ],
            [
              30.377296645534813,
              59.8075991582426
            ],
            [
              30.377296645534813,
              59.8075991582426
            ],
            [
              30.377296645534813,
              59.8075991582426
            ],
            [
              30.377296645534813,
              59.8075991582426
            ],
            [
              30.377296645534813,
              59.8075991582426
            ],
            [
              30.377296645534813,
              59.8075991582426
            ],
            [
              30.377296645534813,
              59.8075991582426
            ],
            [
              30.377296645534813,
              59.8075991582426
            ],
            [
              30.377296645534813,
              59.8075991582426
            ],
            [
              30.377296645534813,
              59.8075991582426
            ],
            [
              30.377296645534813,
              59.8075991582426
            ],
            [
              30.377296645534813,
              59.8075991582426
            ],
            [
              30.377296645534813,
              59.8075991582426
            ],
            [
              30.377296645534813,
              59.8075991582426
            ],
            [
              30.377296645534813,
              59.8075991582426
            ],
            [
              30.377296645534813,
              59.8075991582426
            ],
            [
              30.377296645534813,
              59.8075991582426
            ],
            [
              30.377296645534813,
              59.8075991582426
            ],
            [
              30.377296645534813,
              59.8075991582426
            ],
            [
              30.377296645534813,
              59.8075991582426
            ],
            [
              30.377296645534813,
              59.8075991582426
            ],
            [
              30.377296645534813,
              59.8075991582426
            ],
            [
              30.377296645534813,
              59.8075991582426
            ],
            [
              30.377296645534813,
              59.8075991582426
            ],
            [
              30.377296645534813,
              59.8075991582426
            ],
            [
              30.377296645534813,
              59.8075991582426
            ],
            [
              30.377296645534813,
              59.8075991582426
            ],
            [
              30.377296645534813,
              59.8075991582426
            ],
            [
              30.377296645534813,
              59.8075991582426
            ],
            [
              30.377296645534813,
              59.8075991582426
            ],
            [
              30.377296645534813,
              59.8075991582426
            ],
            [
              30.377296645534813,
              59.8075991582426
            ],
            [
              30.377296645534813,
              59.8075991582426
            ],
            [
              30.377296645534813,
              59.8075991582426
            ],
            [
              30.377296645534813,
              59.8075991582426
            ],
            [
              30.377296645534813,
              59.8075991582426
            ],
            [
              30.377296645534813,
              59.8075991582426
            ],
            [
              30.377296645534813,
              59.8075991582426
            ],
            [
              30.377296645534813,
              59.8075991582426
            ],
            [
              30.377296645534813,
              59.8075991582426
            ],
            [
              30.377296645534813,
              59.8075991582426
            ],
            [
              30.377296645534813,
              59.8075991582426
            ],
            [
              30.377296645534813,
              59.8075991582426
            ],
            [
              30.377296645534813,
              59.8075991582426
            ],
            [
              30.377296645534813,
              59.8075991582426
            ],
            [
              30.377296645534813,
              59.8075991582426
            ],
            [
              30.377296645534813,
              59.8075991582426
            ],
            [
              30.377296645534813,
              59.8075991582426
            ],
            [
              30.377296645534813,
              59.8075991582426
            ],
            [
              30.377296645534813,
              59.8075991582426
            ],
            [
              30.377296645534813,
              59.8075991582426
            ],
            [
              30.377296645534813,
              59.8075991582426
            ],
            [
              30.377296645534813,
              59.8075991582426
            ],
            [
              30.377296645534813,
              59.8075991582426
            ],
            [
              30.377296645534813,
              59.8075991582426
            ],
            [
              30.377296645534813,
              59.8075991582426
            ],
            [
              30.377296645534813,
              59.8075991582426
            ],
            [
              30.377296645534813,
              59.8075991582426
            ],
            [
              30.377296645534813,
              59.8075991582426
            ],
            [
              30.377296645534813,
              59.8075991582426
            ],
            [
              30.377296645534813,
              59.8075991582426
            ],
            [
              30.377296645534813,
              59.8075991582426
            ],
            [
              30.377296645534813,
              59.8075991582426
            ],
            [
              30.377296645534813,
              59.8075991582426
            ],
            [
              30.377296645534813,
              59.8075991582426
            ],
            [
              30.377296645534813,
              59.8075991582426
            ],
            [
              30.377296645534813,
              59.8075991582426
            ],
            [
              30.377296645534813,
              59.8075991582426
            ],
            [
              30.377296645534813,
              59.8075991582426
            ],
            [
              30.377296645534813,
              59.8075991582426
            ],
            [
              30.377296645534813,
              59.8075991582426
            ],
            [
              30.377296645534813,
              59.8075991582426
            ],
            [
              30.377296645534813,
              59.8075991582426
            ],
            [
              30.377296645534813,
              59.8075991582426
            ],
            [
              30.377296645534813,
              59.8075991582426
            ],
            [
              30.377296645534813,
              59.8075991582426
            ],
            [
              30.377296645534813,
              59.8075991582426
            ],
            [
              30.377296645534813,
              59.8075991582426
            ],
            [
              30.377296645534813,
              59.8075991582426
            ],
            [
              30.377296645534813,
              59.8075991582426
            ],
            [
              30.377296645534813,
              59.8075991582426
            ],
            [
              30.377296645534813,
              59.8075991582426
            ],
            [
              30.377296645534813,
              59.8075991582426
            ],
            [
              30.377296645534813,
              59.8075991582426
            ],
            [
              30.377296645534813,
              59.8075991582426
            ],
            [
              30.377296645534813,
              59.8075991582426
            ],
            [
              30.377296645534813,
              59.8075991582426
            ],
            [
              30.377296645534813,
              59.8075991582426
            ],
            [
              30.377296645534813,
              59.8075991582426
            ],
            [
              30.377296645534813,
              59.8075991582426
            ],
            [
              30.377296645534813,
              59.8075991582426
            ],
            [
              30.377296645534813,
              59.8075991582426
            ],
            [
              30.377296645534813,
              59.8075991582426
            ],
            [
              30.377296645534813,
              59.8075991582426
            ],
            [
              30.377296645534813,
              59.8075991582426
            ],
            [
              30.377296645534813,
              59.8075991582426
            ],
            [
              30.377296645534813,
              59.8075991582426
            ],
            [
              30.377296645534813,
              59.8075991582426
            ],
            [
              30.377296645534813,
              59.8075991582426
            ],
            [
              30.377296645534813,
              59.8075991582426
            ],
            [
              30.377296645534813,
              59.8075991582426
            ],
            [
              30.377296645534813,
              59.8075991582426
            ],
            [
              30.377296645534813,
              59.8075991582426
            ],
            [
              30.377296645534813,
              59.8075991582426
            ],
            [
              30.377296645534813,
              59.8075991582426
            ],
            [
              30.377296645534813,
              59.8075991582426
            ],
            [
              30.377296645534813,
              59.8075991582426
            ],
            [
              30.377296645534813,
              59.8075991582426
            ],
            [
              30.377296645534813,
              59.8075991582426
            ],
            [
              30.377296645534813,
              59.8075991582426
            ],
            [
              30.377296645534813,
              59.8075991582426
            ],
            [
              30.377296645534813,
              59.8075991582426
            ],
            [
              30.377296645534813,
              59.8075991582426
            ],
            [
              30.377296645534813,
              59.8075991582426
            ],
            [
              30.377296645534813,
              59.8075991582426
            ],
            [
              30.377296645534813,
              59.8075991582426
            ],
            [
              30.377296645534813,
              59.8075991582426
            ],
            [
              30.377296645534813,
              59.8075991582426
            ],
            [
              30.377296645534813,
              59.8075991582426
            ],
            [
              30.377296645534813,
              59.8075991582426
            ],
            [
              30.377296645534813,
              59.8075991582426
            ],
            [
              30.377296645534813,
              59.8075991582426
            ],
            [
              30.377296645534813,
              59.8075991582426
            ],
            [
              30.377296645534813,
              59.8075991582426
            ],
            [
              30.377296645534813,
              59.8075991582426
            ],
            [
              30.377296645534813,
              59.8075991582426
            ],
            [
              30.377296645534813,
              59.8075991582426
            ],
            [
              30.377296645534813,
              59.8075991582426
            ],
            [
              30.377296645534813,
              59.8075991582426
            ],
            [
              30.377296645534813,
              59.8075991582426
            ],
            [
              30.377296645534813,
              59.8075991582426
            ],
            [
              30.377296645534813,
              59.8075991582426
            ],
            [
              30.377296645534813,
              59.8075991582426
            ],
            [
              30.377296645534813,
              59.8075991582426
            ],
            [
              30.377296645534813,
              59.8075991582426
            ],
            [
              30.377296645534813,
              59.8075991582426
            ],
            [
              30.377296645534813,
              59.8075991582426
            ],
            [
              30.377296645534813,
              59.8075991582426
            ],
            [
              30.377296645534813,
              59.8075991582426
            ],
            [
              30.377296645534813,
              59.8075991582426
            ],
            [
              30.377296645534813,
              59.8075991582426
            ],
            [
              30.377296645534813,
              59.8075991582426
            ],
            [
              30.377296645534813,
              59.8075991582426
            ],
            [
              30.377296645534813,
              59.8075991582426
            ],
            [
              30.377296645534813,
              59.8075991582426
            ],
            [
              30.377296645534813,
              59.8075991582426
            ],
            [
              30.377296645534813,
              59.8075991582426
            ],
            [
              30.377296645534813,
              59.8075991582426
            ],
            [
              30.377296645534813,
              59.8075991582426
            ],
            [
              30.377296645534813,
              59.8075991582426
            ],
            [
              30.377296645534813,
              59.8075991582426
            ],
            [
              30.377296645534813,
              59.8075991582426
            ],
            [
              30.377296645534813,
              59.8075991582426
            ],
            [
              30.377296645534813,
              59.8075991582426
            ],
            [
              30.377296645534813,
              59.8075991582426
            ],
            [
              30.377296645534813,
              59.8075991582426
            ],
            [
              30.377296645534813,
              59.8075991582426
            ],
            [
              30.377296645534813,
              59.8075991582426
            ],
            [
              30.377296645534813,
              59.8075991582426
            ],
            [
              30.377296645534813,
              59.8075991582426
            ],
            [
              30.377296645534813,
              59.8075991582426
            ],
            [
              30.377296645534813,
              59.8075991582426
            ],
            [
              30.377296645534813,
              59.8075991582426
            ],
            [
              30.377296645534813,
              59.8075991582426
            ],
            [
              30.377296645534813,
              59.8075991582426
            ],
            [
              30.377296645534813,
              59.8075991582426
            ],
            [
              30.377296645534813,
              59.8075991582426
            ],
            [
              30.377296645534813,
              59.8075991582426
            ],
            [
              30.377296645534813,
              59.8075991582426
            ],
            [
              30.377296645534813,
              59.8075991582426
            ],
            [
              30.377296645534813,
              59.8075991582426
            ],
            [
              30.377296645534813,
              59.8075991582426
            ],
            [
              30.377296645534813,
              59.8075991582426
            ],
            [
              30.377296645534813,
              59.8075991582426
            ],
            [
              30.377296645534813,
              59.8075991582426
            ],
            [
              30.377296645534813,
              59.8075991582426
            ],
            [
              30.377296645534813,
              59.8075991582426
            ],
            [
              30.377296645534813,
              59.8075991582426
            ],
            [
              30.377296645534813,
              59.8075991582426
            ],
            [
              30.377296645534813,
              59.8075991582426
            ],
            [
              30.377296645534813,
              59.8075991582426
            ],
            [
              30.377296645534813,
              59.8075991582426
            ],
            [
              30.377296645534813,
              59.8075991582426
            ],
            [
              30.377296645534813,
              59.8075991582426
            ],
            [
              30.377296645534813,
              59.8075991582426
            ],
            [
              30.377296645534813,
              59.8075991582426
            ],
            [
              30.377296645534813,
              59.8075991582426
            ],
            [
              30.377296645534813,
              59.8075991582426
            ],
            [
              30.377296645534813,
              59.8075991582426
            ],
            [
              30.377296645534813,
              59.8075991582426
            ],
            [
              30.377296645534813,
              59.8075991582426
            ],
            [
              30.377296645534813,
              59.8075991582426
            ],
            [
              30.377296645534813,
              59.8075991582426
            ],
            [
              30.377296645534813,
              59.8075991582426
            ],
            [
              30.377296645534813,
              59.8075991582426
            ],
            [
              30.377296645534813,
              59.8075991582426
            ],
            [
              30.377296645534813,
              59.8075991582426
            ],
            [
              30.377296645534813,
              59.8075991582426
            ],
            [
              30.377296645534813,
              59.8075991582426
            ],
            [
              30.377296645534813,
              59.8075991582426
            ],
            [
              30.377296645534813,
              59.8075991582426
            ],
            [
              30.377296645534813,
              59.8075991582426
            ],
            [
              30.377296645534813,
              59.8075991582426
            ],
            [
              30.377296645534813,
              59.8075991582426
            ],
            [
              30.377296645534813,
              59.8075991582426
            ],
            [
              30.377296645534813,
              59.8075991582426
            ],
            [
              30.377296645534813,
              59.8075991582426
            ],
            [
              30.377296645534813,
              59.8075991582426
            ],
            [
              30.377296645534813,
              59.8075991582426
            ],
            [
              30.377296645534813,
              59.8075991582426
            ],
            [
              30.377296645534813,
              59.8075991582426
            ],
            [
              30.377296645534813,
              59.8075991582426
            ],
            [
              30.377296645534813,
              59.8075991582426
            ],
            [
              30.377296645534813,
              59.8075991582426
            ],
            [
              30.377296645534813,
              59.8075991582426
            ],
            [
              30.377296645534813,
              59.8075991582426
            ],
            [
              30.377296645534813,
              59.8075991582426
            ],
            [
              30.377296645534813,
              59.8075991582426
            ],
            [
              30.377296645534813,
              59.8075991582426
            ],
            [
              30.377296645534813,
              59.8075991582426
            ],
            [
              30.377296645534813,
              59.8075991582426
            ],
            [
              30.377296645534813,
              59.8075991582426
            ],
            [
              30.377296645534813,
              59.8075991582426
            ],
            [
              30.377296645534813,
              59.8075991582426
            ],
            [
              30.377296645534813,
              59.8075991582426
            ],
            [
              30.377296645534813,
              59.8075991582426
            ],
            [
              30.377296645534813,
              59.8075991582426
            ],
            [
              30.377296645534813,
              59.8075991582426
            ],
            [
              30.377296645534813,
              59.8075991582426
            ],
            [
              30.377296645534813,
              59.8075991582426
            ],
            [
              30.377296645534813,
              59.8075991582426
            ],
            [
              30.377296645534813,
              59.8075991582426
            ],
            [
              30.377296645534813,
              59.8075991582426
            ],
            [
              30.377296645534813,
              59.8075991582426
            ],
            [
              30.377296645534813,
              59.8075991582426
            ],
            [
              30.377296645534813,
              59.8075991582426
            ],
            [
              30.377296645534813,
              59.8075991582426
            ],
            [
              30.377296645534813,
              59.8075991582426
            ],
            [
              30.377296645534813,
              59.8075991582426
            ],
            [
              30.377296645534813,
              59.8075991582426
            ],
            [
              30.377296645534813,
              59.8075991582426
            ],
            [
              30.377296645534813,
              59.8075991582426
            ],
            [
              30.377296645534813,
              59.8075991582426
            ],
            [
              30.377296645534813,
              59.8075991582426
            ],
            [
              30.377296645534813,
              59.8075991582426
            ],
            [
              30.377296645534813,
              59.8075991582426
            ],
            [
              30.377296645534813,
              59.8075991582426
            ],
            [
              30.377296645534813,
              59.8075991582426
            ],
            [
              30.377296645534813,
              59.8075991582426
            ],
            [
              30.377296645534813,
              59.8075991582426
            ],
            [
              30.377296645534813,
              59.8075991582426
            ],
            [
              30.377296645534813,
              59.8075991582426
            ],
            [
              30.377296645534813,
              59.8075991582426
            ],
            [
              30.377296645534813,
              59.8075991582426
            ],
            [
              30.377296645534813,
              59.8075991582426
            ],
            [
              30.377296645534813,
              59.8075991582426
            ],
            [
              30.377296645534813,
              59.8075991582426
            ],
            [
              30.377296645534813,
              59.8075991582426
            ],
            [
              30.377296645534813,
              59.8075991582426
            ],
            [
              30.377296645534813,
              59.8075991582426
            ],
            [
              30.377296645534813,
              59.8075991582426
            ],
            [
              30.377296645534813,
              59.8075991582426
            ],
            [
              30.377296645534813,
              59.8075991582426
            ],
            [
              30.377296645534813,
              59.8075991582426
            ],
            [
              30.377296645534813,
              59.8075991582426
            ],
            [
              30.377296645534813,
              59.8075991582426
            ],
            [
              30.377296645534813,
              59.8075991582426
            ],
            [
              30.377296645534813,
              59.8075991582426
            ],
            [
              30.377296645534813,
              59.8075991582426
            ],
            [
              30.377296645534813,
              59.8075991582426
            ],
            [
              30.377296645534813,
              59.8075991582426
            ],
            [
              30.377296645534813,
              59.8075991582426
            ],
            [
              30.377296645534813,
              59.8075991582426
            ],
            [
              30.377296645534813,
              59.8075991582426
            ],
            [
              30.377296645534813,
              59.8075991582426
            ],
            [
              30.377296645534813,
              59.8075991582426
            ],
            [
              30.377296645534813,
              59.8075991582426
            ],
            [
              30.377296645534813,
              59.8075991582426
            ],
            [
              30.377296645534813,
              59.8075991582426
            ],
            [
              30.377296645534813,
              59.8075991582426
            ],
            [
              30.377296645534813,
              59.8075991582426
            ],
            [
              30.377296645534813,
              59.8075991582426
            ],
            [
              30.377296645534813,
              59.8075991582426
            ],
            [
              30.377296645534813,
              59.8075991582426
            ],
            [
              30.377296645534813,
              59.8075991582426
            ],
            [
              30.377296645534813,
              59.8075991582426
            ],
            [
              30.377296645534813,
              59.8075991582426
            ],
            [
              30.377296645534813,
              59.8075991582426
            ],
            [
              30.377296645534813,
              59.8075991582426
            ],
            [
              30.377296645534813,
              59.8075991582426
            ],
            [
              30.377296645534813,
              59.8075991582426
            ],
            [
              30.377296645534813,
              59.8075991582426
            ],
            [
              30.377296645534813,
              59.8075991582426
            ],
            [
              30.377296645534813,
              59.8075991582426
            ],
            [
              30.377296645534813,
              59.8075991582426
            ],
            [
              30.377296645534813,
              59.8075991582426
            ],
            [
              30.377296645534813,
              59.8075991582426
            ],
            [
              30.377296645534813,
              59.8075991582426
            ],
            [
              30.377296645534813,
              59.8075991582426
            ],
            [
              30.377296645534813,
              59.8075991582426
            ],
            [
              30.377296645534813,
              59.8075991582426
            ],
            [
              30.377296645534813,
              59.8075991582426
            ],
            [
              30.377296645534813,
              59.8075991582426
            ],
            [
              30.377296645534813,
              59.8075991582426
            ],
            [
              30.377296645534813,
              59.8075991582426
            ],
            [
              30.377296645534813,
              59.8075991582426
            ],
            [
              30.377296645534813,
              59.8075991582426
            ],
            [
              30.377296645534813,
              59.8075991582426
            ],
            [
              30.377296645534813,
              59.8075991582426
            ],
            [
              30.377296645534813,
              59.8075991582426
            ],
            [
              30.377296645534813,
              59.8075991582426
            ],
            [
              30.377296645534813,
              59.8075991582426
            ],
            [
              30.377296645534813,
              59.8075991582426
            ],
            [
              30.377296645534813,
              59.8075991582426
            ],
            [
              30.377296645534813,
              59.8075991582426
            ],
            [
              30.377296645534813,
              59.8075991582426
            ],
            [
              30.377296645534813,
              59.8075991582426
            ],
            [
              30.377296645534813,
              59.8075991582426
            ],
            [
              30.377296645534813,
              59.8075991582426
            ],
            [
              30.377296645534813,
              59.8075991582426
            ],
            [
              30.377296645534813,
              59.8075991582426
            ],
            [
              30.377296645534813,
              59.8075991582426
            ],
            [
              30.377296645534813,
              59.8075991582426
            ],
            [
              30.377296645534813,
              59.8075991582426
            ],
            [
              30.377296645534813,
              59.8075991582426
            ],
            [
              30.377296645534813,
              59.8075991582426
            ]
          ],
          [
            [
              30.44469588848996,
              59.99009627974476
            ],
            [
              30.444326704997337,
              59.9901408631106
            ],
            [
              30.443963300996415,
              59.99018413687973
            ],
            [
              30.443558018957173,
              59.990250603848054
            ],
            [
              30.443187629685944,
              59.99029948144257
            ],
            [
              30.442874824339896,
              59.99034615888087
            ],
            [
              30.442874824339896,
              59.99034615888087
            ],
            [
              30.442874824339896,
              59.99034615888087
            ],
            [
              30.442874824339896,
              59.99034615888087
            ],
            [
              30.442874824339896,
              59.99034615888087
            ],
            [
              30.442874824339896,
              59.99034615888087
            ],
            [
              30.442874824339896,
              59.99034615888087
            ],
            [
              30.442874824339896,
              59.99034615888087
            ],
            [
              30.442874824339896,
              59.99034615888087
            ],
            [
              30.442874824339896,
              59.99034615888087
            ],
            [
              30.442874824339896,
              59.99034615888087
            ],
            [
              30.442874824339896,
              59.99034615888087
            ],
            [
              30.442874824339896,
              59.99034615888087
            ],
            [
              30.442874824339896,
              59.99034615888087
            ],
            [
              30.442874824339896,
              59.99034615888087
            ]
          ],
          [
            [
              30.438167798099887,
              59.99090255936996
            ],
            [
              30.438058859345993,
              59.99092902651901
            ],
            [
              30.43787219467048,
              59.99096280600773
            ],
            [
              30.437593986040838,
              59.99101291621963
            ],
            [
              30.437593986040838,
              59.99101291621963
            ],
            [
              30.437593986040838,
              59.99101291621963
            ],
            [
              30.437593986040838,
              59.99101291621963
            ],
            [
              30.437593986040838,
              59.99101291621963
            ],
            [
              30.437593986040838,
              59.99101291621963
            ],
            [
              30.437593986040838,
              59.99101291621963
            ]
          ],
          [
            [
              30.43532501775298,
              59.99133392609176
            ],
            [
              30.43501943059313,
              59.99138315675441
            ],
            [
              30.434715920131836,
              59.991432301326356
            ],
            [
              30.43442943670738,
              59.99151440829365
            ],
            [
              30.43411753358915,
              59.99156920258884
            ],
            [
              30.433815290495687,
              59.991630217603145
            ],
            [
              30.433505744843,
              59.991693665111335
            ],
            [
              30.433190864982986,
              59.99176166255524
            ],
            [
              30.432870104766558,
              59.99183302019715
            ],
            [
              30.432550010956103,
              59.991906386135064
            ],
            [
              30.432237996042026,
              59.99198093026955
            ],
            [
              30.432237996042026,
              59.99198093026955
            ],
            [
              30.431549033894086,
              59.992119156128624
            ],
            [
              30.43124654569844,
              59.99218860471784
            ],
            [
              30.430920614198165,
              59.99228929578996
            ],
            [
              30.43062730550907,
              59.992367870641885
            ],
            [
              30.430313271129563,
              59.99246140382844
            ],
            [
              30.430008074982915,
              59.992536923399676
            ],
            [
              30.429677197735305,
              59.99262723909861
            ],
            [
              30.42935293176491,
              59.99271886920677
            ],
            [
              30.429036080042103,
              59.99280421544596
            ],
            [
              30.428711271689828,
              59.99289291044493
            ],
            [
              30.428389319248947,
              59.99298058770484
            ],
            [
              30.42807278461201,
              59.9930669969334
            ],
            [
              30.42775779594375,
              59.993150412975965
            ],
            [
              30.427438483606608,
              59.99322973257932
            ],
            [
              30.427121939530956,
              59.993303549317304
            ],
            [
              30.426795329669737,
              59.99337688193952
            ],
            [
              30.4264692636412,
              59.993445938489465
            ],
            [
              30.426140009656603,
              59.99350972409856
            ],
            [
              30.425814785902972,
              59.99356797185302
            ],
            [
              30.425489747873492,
              59.993624536326465
            ],
            [
              30.425173743671838,
              59.993673424515165
            ],
            [
              30.42485531798127,
              59.9937176891784
            ],
            [
              30.42452697921354,
              59.99376406271341
            ],
            [
              30.424203059052875,
              59.99380409994477
            ],
            [
              30.423877717550678,
              59.99384035747808
            ],
            [
              30.42356304898476,
              59.99386700483348
            ],
            [
              30.42327670885801,
              59.993888528720476
            ],
            [
              30.42302596913976,
              59.99390799887555
            ],
            [
              30.42277544836891,
              59.99392525815881
            ],
            [
              30.422532052116573,
              59.99394336770674
            ],
            [
              30.42229921352953,
              59.99395984360062
            ],
            [
              30.422068853425724,
              59.9939758525085
            ],
            [
              30.421838133435852,
              59.993991927354635
            ],
            [
              30.421620438108064,
              59.99400745502584
            ],
            [
              30.42143084321272,
              59.99402479211249
            ],
            [
              30.42123763857971,
              59.99403936320954
            ],
            [
              30.421060772606708,
              59.99405132298989
            ],
            [
              30.42088855146197,
              59.99406282270174
            ],
            [
              30.42073379564975,
              59.994074165567426
            ],
            [
              30.420610761973766,
              59.99408280241921
            ],
            [
              30.420494787751792,
              59.994090480600526
            ],
            [
              30.420372386318114,
              59.994096794863495
            ],
            [
              30.420221252981115,
              59.994101174585474
            ],
            [
              30.420036156435962,
              59.99410351730049
            ],
            [
              30.419833389915652,
              59.994106331998765
            ],
            [
              30.419599252559674,
              59.99412426828862
            ],
            [
              30.419338550337603,
              59.99414360923832
            ],
            [
              30.419064274251365,
              59.99416474591298
            ],
            [
              30.418774383904907,
              59.99418633016053
            ],
            [
              30.418486409047496,
              59.99420703355861
            ],
            [
              30.41820400577678,
              59.99422994179522
            ],
            [
              30.417920500743676,
              59.99425580418084
            ],
            [
              30.4176281943083,
              59.99428236715997
            ],
            [
              30.41732761568834,
              59.994314166350904
            ],
            [
              30.417017330143473,
              59.99434644167997
            ],
            [
              30.416709635873207,
              59.99437218203668
            ],
            [
              30.416392294129622,
              59.99439490277114
            ],
            [
              30.416059738728105,
              59.99441784167048
            ],
            [
              30.41572721859163,
              59.99444184831149
            ],
            [
              30.415394723576913,
              59.99446574533512
            ],
            [
              30.41506300832895,
              59.99449350889865
            ],
            [
              30.414731094066962,
              59.99451973391943
            ],
            [
              30.41439869959611,
              59.99454528647033
            ],
            [
              30.41408100620418,
              59.99456826161382
            ],
            [
              30.413772384874743,
              59.99458845069892
            ],
            [
              30.413467529726038,
              59.994609376046945
            ],
            [
              30.413177631105903,
              59.99462956574476
            ],
            [
              30.41289650262119,
              59.994649782876536
            ],
            [
              30.41262469182485,
              59.9946669916911
            ],
            [
              30.41236014488005,
              59.99468372314411
            ],
            [
              30.41210171009346,
              59.99469987188388
            ],
            [
              30.41184559772219,
              59.994713776097356
            ],
            [
              30.411586009876686,
              59.994729576261754
            ],
            [
              30.41133425786314,
              59.99474436487895
            ],
            [
              30.411082245512876,
              59.9947626469151
            ],
            [
              30.41083163524112,
              59.99477602607783
            ],
            [
              30.410598018142146,
              59.99479156031702
            ],
            [
              30.41036656429087,
              59.99480411117429
            ],
            [
              30.41013734468948,
              59.99481570364564
            ],
            [
              30.409913903488047,
              59.99482809315624
            ],
            [
              30.40969306447486,
              59.99483934580937
            ],
            [
              30.40949911771983,
              59.9948510029231
            ],
            [
              30.409336894054423,
              59.99485921890695
            ],
            [
              30.409199903976113,
              59.994866283279904
            ],
            [
              30.409098879716087,
              59.994871563641155
            ],
            [
              30.4089985619275,
              59.99487642804759
            ],
            [
              30.4088850288219,
              59.99488264833385
            ],
            [
              30.4087790541882,
              59.99488708756863
            ],
            [
              30.408705709476617,
              59.99489016867561
            ],
            [
              30.40864589352401,
              59.994893051411765
            ],
            [
              30.40860046122649,
              59.99489512076083
            ],
            [
              30.40855632431223,
              59.99489781684458
            ],
            [
              30.408518412848228,
              59.99489872186395
            ],
            [
              30.408484626213156,
              59.99489974587443
            ],
            [
              30.408456298159827,
              59.99490039536382
            ],
            [
              30.4084316927903,
              59.994900389084464
            ],
            [
              30.40842835020149,
              59.9949020425221
            ],
            [
              30.408426463360357,
              59.99490258021867
            ],
            [
              30.408424658910544,
              59.99490266036273
            ],
            [
              30.408398412416513,
              59.994904720216226
            ],
            [
              30.4083423356197,
              59.99491065699836
            ],
            [
              30.408261674873316,
              59.994917940001436
            ],
            [
              30.408172209550433,
              59.99493281937916
            ],
            [
              30.408045722920008,
              59.99494110519572
            ],
            [
              30.40791029926964,
              59.9949492171552
            ],
            [
              30.407765225738796,
              59.994957553149405
            ],
            [
              30.407620007201164,
              59.99496346862592
            ],
            [
              30.407464925125765,
              59.99497160864552
            ],
            [
              30.40729468156343,
              59.994979978318625
            ],
            [
              30.40711177176061,
              59.994989556024315
            ],
            [
              30.406916905407705,
              59.99499833882883
            ],
            [
              30.406711829280376,
              59.99500610351592
            ],
            [
              30.406493341634953,
              59.995013265022095
            ],
            [
              30.406264477523692,
              59.99501637636464
            ],
            [
              30.406021669617218,
              59.99501533958096
            ],
            [
              30.405770019656305,
              59.9950132699623
            ],
            [
              30.405506442239087,
              59.99500888843151
            ],
            [
              30.405237410571374,
              59.99500179663229
            ],
            [
              30.404970234085983,
              59.994995823644345
            ],
            [
              30.404708800779627,
              59.99498874216308
            ],
            [
              30.404444441752215,
              59.99498346339593
            ],
            [
              30.404184688080242,
              59.99497799598814
            ],
            [
              30.403923716908885,
              59.9949722430749
            ],
            [
              30.403657684747188,
              59.99496569776141
            ],
            [
              30.403398622613782,
              59.99495952059313
            ],
            [
              30.403141044921476,
              59.99495270614398
            ],
            [
              30.402891768053504,
              59.994943178026894
            ],
            [
              30.402642264931533,
              59.994938484675906
            ],
            [
              30.402395249423503,
              59.99493275713721
            ],
            [
              30.402157784977884,
              59.99492565845972
            ],
            [
              30.401919350338005,
              59.994919318971625
            ],
            [
              30.401683750497295,
              59.99491363114635
            ],
            [
              30.401444914368984,
              59.99490784767689
            ],
            [
              30.40121514358798,
              59.99490182282433
            ],
            [
              30.401001463675833,
              59.99489397621838
            ],
            [
              30.40081708141823,
              59.99489030139512
            ],
            [
              30.400656663353388,
              59.99488541794782
            ],
            [
              30.40049701622215,
              59.99488131637674
            ],
            [
              30.400341213646506,
              59.99487689802435
            ],
            [
              30.40018025814701,
              59.994870779891194
            ],
            [
              30.400014719354292,
              59.994869753459476
            ],
            [
              30.399829356066395,
              59.994864760810316
            ],
            [
              30.3996331796185,
              59.994860381267706
            ],
            [
              30.399418927604383,
              59.99485487048511
            ],
            [
              30.399184514505503,
              59.99485241570086
            ],
            [
              30.398939225267462,
              59.994843487562775
            ],
            [
              30.398682540222115,
              59.99483493147497
            ],
            [
              30.398417273666908,
              59.99482849440144
            ],
            [
              30.398141639144747,
              59.9948211632217
            ],
            [
              30.39785570433504,
              59.99481377996411
            ],
            [
              30.397564154106053,
              59.994807231891414
            ],
            [
              30.39726216960187,
              59.99479959197326
            ],
            [
              30.396959789552476,
              59.994791941209
            ],
            [
              30.39667479085523,
              59.99478446839098
            ],
            [
              30.39639983749514,
              59.99477710362996
            ],
            [
              30.39612983899815,
              59.99477163739543
            ],
            [
              30.395876370410935,
              59.99476600547272
            ],
            [
              30.395640393968055,
              59.99475946529653
            ],
            [
              30.395417237086477,
              59.99475357661683
            ],
            [
              30.3952079546254,
              59.994749468331165
            ],
            [
              30.395010390558472,
              59.99474427730348
            ],
            [
              30.394831633246852,
              59.99473828400729
            ],
            [
              30.394655592446934,
              59.99473450976638
            ],
            [
              30.394463517781308,
              59.994731425414685
            ],
            [
              30.394264987673186,
              59.994727034464795
            ],
            [
              30.39406380903723,
              59.99472264328452
            ],
            [
              30.393877144900415,
              59.994716903127006
            ],
            [
              30.39372083880204,
              59.994711588773924
            ],
            [
              30.393597218036938,
              59.99470946127123
            ],
            [
              30.393472616859547,
              59.99470837278152
            ],
            [
              30.39336117850246,
              59.99470675213105
            ],
            [
              30.39324299268915,
              59.99470535416567
            ],
            [
              30.393124089139178,
              59.99470370979964
            ],
            [
              30.392987020502666,
              59.994699546482536
            ],
            [
              30.392823635584634,
              59.99469324364667
            ],
            [
              30.392653673206883,
              59.994690408866795
            ],
            [
              30.39246824284557,
              59.99468896749051
            ],
            [
              30.392265953453666,
              59.99468926807272
            ],
            [
              30.39206001698181,
              59.994694917136066
            ],
            [
              30.391843631239322,
              59.99470833693107
            ],
            [
              30.391630948104453,
              59.99472851540188
            ],
            [
              30.391419153950753,
              59.99475593055736
            ],
            [
              30.391206980240415,
              59.99478526432844
            ],
            [
              30.390995407700547,
              59.99481480222966
            ],
            [
              30.390781013757795,
              59.99484586271796
            ],
            [
              30.390560417531997,
              59.99487805635925
            ],
            [
              30.390313988401953,
              59.99490642255055
            ],
            [
              30.39006807726437,
              59.99493501890699
            ],
            [
              30.389817883438877,
              59.994966178152936
            ],
            [
              30.38956171631607,
              59.99499647874179
            ],
            [
              30.389303317404156,
              59.99503691828462
            ],
            [
              30.389056829590917,
              59.9950608421935
            ],
            [
              30.38878339162883,
              59.995098610948986
            ],
            [
              30.388505897270026,
              59.9951358187314
            ],
            [
              30.388237156438286,
              59.9951742537367
            ],
            [
              30.387980373383666,
              59.99521123694807
            ],
            [
              30.387738621312096,
              59.99522294895234
            ],
            [
              30.38752982352893,
              59.995253741892256
            ],
            [
              30.387334810009403,
              59.99528224249735
            ],
            [
              30.38714801410018,
              59.995309391646515
            ],
            [
              30.38695287894101,
              59.995330108007316
            ],
            [
              30.38679159090035,
              59.995354137013166
            ],
            [
              30.38660549718316,
              59.99538472303842
            ],
            [
              30.3864294670115,
              59.99541183414906
            ],
            [
              30.3862673712994,
              59.995437339518624
            ],
            [
              30.386131461263258,
              59.9954565477391
            ],
            [
              30.38601244913026,
              59.995471576829914
            ],
            [
              30.38591010014226,
              59.99548408275829
            ],
            [
              30.385815670564146,
              59.99549540956021
            ],
            [
              30.38572976961575,
              59.99550604985199
            ],
            [
              30.38564345263698,
              59.995521183234295
            ],
            [
              30.38555757800906,
              59.99553184583904
            ],
            [
              30.385460205889466,
              59.995544776135134
            ],
            [
              30.385360698882426,
              59.995562679534046
            ],
            [
              30.385246916668464,
              59.9955803176924
            ],
            [
              30.385138937844005,
              59.99559505815823
            ],
            [
              30.38504851089053,
              59.99560640293553
            ],
            [
              30.384986443343575,
              59.99561355328184
            ],
            [
              30.384922317634665,
              59.99562312800019
            ],
            [
              30.384874107314552,
              59.99563370148766
            ],
            [
              30.38481095479618,
              59.99563895388523
            ],
            [
              30.38473195654641,
              59.99564946321309
            ],
            [
              30.384668654268925,
              59.9956551403089
            ],
            [
              30.384602618387998,
              59.9956649759581
            ],
            [
              30.384523617696086,
              59.995671099776
            ],
            [
              30.384455275291046,
              59.995677993223225
            ],
            [
              30.384407626861236,
              59.99568310379282
            ],
            [
              30.384361356820765,
              59.9956895987147
            ],
            [
              30.384322798733166,
              59.99569720674968
            ],
            [
              30.384284486870328,
              59.99569671850333
            ],
            [
              30.384269733444455,
              59.99569189638413
            ],
            [
              30.384260777579357,
              59.995689424666985
            ],
            [
              30.38426229583797,
              59.99568898047931
            ],
            [
              30.3842608993095,
              59.995685618838394
            ],
            [
              30.384263664205008,
              59.99568450092495
            ],
            [
              30.384263664205008,
              59.99568450092495
            ],
            [
              30.384263664205008,
              59.99568450092495
            ],
            [
              30.384263664205008,
              59.99568450092495
            ],
            [
              30.38425675816145,
              59.99571429881745
            ],
            [
              30.38422949439216,
              59.99572096015218
            ],
            [
              30.3841910218787,
              59.9957270026225
            ],
            [
              30.384162363910757,
              59.99572494555915
            ],
            [
              30.384141662699648,
              59.99572964483924
            ],
            [
              30.38413221861394,
              59.99572409162596
            ],
            [
              30.384131560905434,
              59.99572014939899
            ],
            [
              30.384125291174794,
              59.995716884221785
            ],
            [
              30.384125778668608,
              59.995716509490286
            ],
            [
              30.384125778668608,
              59.995716509490286
            ],
            [
              30.384125778668608,
              59.995716509490286
            ],
            [
              30.384125778668608,
              59.995716509490286
            ],
            [
              30.38411495092848,
              59.99570606157208
            ],
            [
              30.38410074966768,
              59.99569727231889
            ],
            [
              30.384106934151752,
              59.99569736625085
            ],
            [
              30.384108478508164,
              59.995700230360875
            ],
            [
              30.384108478508164,
              59.995700230360875
            ],
            [
              30.384108478508164,
              59.995700230360875
            ],
            [
              30.384108478508164,
              59.995700230360875
            ],
            [
              30.384108478508164,
              59.995700230360875
            ],
            [
              30.384108478508164,
              59.995700230360875
            ],
            [
              30.384108478508164,
              59.995700230360875
            ],
            [
              30.384108478508164,
              59.995700230360875
            ],
            [
              30.384108478508164,
              59.995700230360875
            ],
            [
              30.384108478508164,
              59.995700230360875
            ],
            [
              30.384108478508164,
              59.995700230360875
            ],
            [
              30.384108478508164,
              59.995700230360875
            ],
            [
              30.384108478508164,
              59.995700230360875
            ],
            [
              30.384108478508164,
              59.995700230360875
            ],
            [
              30.384108478508164,
              59.995700230360875
            ],
            [
              30.384108478508164,
              59.995700230360875
            ],
            [
              30.384108478508164,
              59.995700230360875
            ],
            [
              30.384108478508164,
              59.995700230360875
            ],
            [
              30.384108478508164,
              59.995700230360875
            ],
            [
              30.384108478508164,
              59.995700230360875
            ],
            [
              30.384108478508164,
              59.995700230360875
            ],
            [
              30.384108478508164,
              59.995700230360875
            ],
            [
              30.384108478508164,
              59.995700230360875
            ],
            [
              30.384108478508164,
              59.995700230360875
            ],
            [
              30.384108478508164,
              59.995700230360875
            ],
            [
              30.384108478508164,
              59.995700230360875
            ],
            [
              30.384022007645722,
              59.995698203663494
            ],
            [
              30.38402379359435,
              59.99569822965242
            ],
            [
              30.38402379359435,
              59.99569822965242
            ],
            [
              30.38402379359435,
              59.99569822965242
            ],
            [
              30.38402379359435,
              59.99569822965242
            ],
            [
              30.38402379359435,
              59.99569822965242
            ],
            [
              30.38402379359435,
              59.99569822965242
            ],
            [
              30.384047786127844,
              59.99570379151186
            ],
            [
              30.384047786127844,
              59.99570379151186
            ],
            [
              30.384047786127844,
              59.99570379151186
            ],
            [
              30.384047786127844,
              59.99570379151186
            ],
            [
              30.384047786127844,
              59.99570379151186
            ],
            [
              30.384047786127844,
              59.99570379151186
            ],
            [
              30.384047786127844,
              59.99570379151186
            ],
            [
              30.384047786127844,
              59.99570379151186
            ],
            [
              30.384047786127844,
              59.99570379151186
            ],
            [
              30.384047786127844,
              59.99570379151186
            ],
            [
              30.384047786127844,
              59.99570379151186
            ],
            [
              30.384047786127844,
              59.99570379151186
            ],
            [
              30.384047786127844,
              59.99570379151186
            ],
            [
              30.384047786127844,
              59.99570379151186
            ],
            [
              30.384047786127844,
              59.99570379151186
            ],
            [
              30.384047786127844,
              59.99570379151186
            ],
            [
              30.384047786127844,
              59.99570379151186
            ],
            [
              30.384047786127844,
              59.99570379151186
            ],
            [
              30.384047786127844,
              59.99570379151186
            ],
            [
              30.384047786127844,
              59.99570379151186
            ],
            [
              30.384047786127844,
              59.99570379151186
            ],
            [
              30.384047786127844,
              59.99570379151186
            ],
            [
              30.384047786127844,
              59.99570379151186
            ],
            [
              30.384047786127844,
              59.99570379151186
            ],
            [
              30.384047786127844,
              59.99570379151186
            ],
            [
              30.384047786127844,
              59.99570379151186
            ],
            [
              30.384047786127844,
              59.99570379151186
            ],
            [
              30.384047786127844,
              59.99570379151186
            ],
            [
              30.384047786127844,
              59.99570379151186
            ],
            [
              30.384047786127844,
              59.99570379151186
            ],
            [
              30.384047786127844,
              59.99570379151186
            ],
            [
              30.384047786127844,
              59.99570379151186
            ],
            [
              30.384047786127844,
              59.99570379151186
            ],
            [
              30.384047786127844,
              59.99570379151186
            ],
            [
              30.384047786127844,
              59.99570379151186
            ],
            [
              30.384047786127844,
              59.99570379151186
            ],
            [
              30.384047786127844,
              59.99570379151186
            ],
            [
              30.384047786127844,
              59.99570379151186
            ],
            [
              30.384047786127844,
              59.99570379151186
            ],
            [
              30.384047786127844,
              59.99570379151186
            ],
            [
              30.384047786127844,
              59.99570379151186
            ],
            [
              30.384047786127844,
              59.99570379151186
            ],
            [
              30.384047786127844,
              59.99570379151186
            ],
            [
              30.384047786127844,
              59.99570379151186
            ],
            [
              30.384047786127844,
              59.99570379151186
            ],
            [
              30.384047786127844,
              59.99570379151186
            ],
            [
              30.384047786127844,
              59.99570379151186
            ],
            [
              30.384047786127844,
              59.99570379151186
            ],
            [
              30.384047786127844,
              59.99570379151186
            ],
            [
              30.384047786127844,
              59.99570379151186
            ],
            [
              30.384047786127844,
              59.99570379151186
            ],
            [
              30.384047786127844,
              59.99570379151186
            ],
            [
              30.384047786127844,
              59.99570379151186
            ],
            [
              30.384047786127844,
              59.99570379151186
            ],
            [
              30.384047786127844,
              59.99570379151186
            ],
            [
              30.384047786127844,
              59.99570379151186
            ],
            [
              30.384047786127844,
              59.99570379151186
            ],
            [
              30.384047786127844,
              59.99570379151186
            ],
            [
              30.384047786127844,
              59.99570379151186
            ],
            [
              30.384047786127844,
              59.99570379151186
            ],
            [
              30.384047786127844,
              59.99570379151186
            ],
            [
              30.384047786127844,
              59.99570379151186
            ],
            [
              30.384047786127844,
              59.99570379151186
            ],
            [
              30.384047786127844,
              59.99570379151186
            ],
            [
              30.384047786127844,
              59.99570379151186
            ],
            [
              30.384047786127844,
              59.99570379151186
            ],
            [
              30.384047786127844,
              59.99570379151186
            ],
            [
              30.384047786127844,
              59.99570379151186
            ],
            [
              30.384047786127844,
              59.99570379151186
            ],
            [
              30.384047786127844,
              59.99570379151186
            ],
            [
              30.384047786127844,
              59.99570379151186
            ],
            [
              30.384047786127844,
              59.99570379151186
            ],
            [
              30.384047786127844,
              59.99570379151186
            ],
            [
              30.384047786127844,
              59.99570379151186
            ],
            [
              30.384047786127844,
              59.99570379151186
            ],
            [
              30.384047786127844,
              59.99570379151186
            ],
            [
              30.384047786127844,
              59.99570379151186
            ],
            [
              30.384047786127844,
              59.99570379151186
            ],
            [
              30.384047786127844,
              59.99570379151186
            ],
            [
              30.384047786127844,
              59.99570379151186
            ],
            [
              30.384047786127844,
              59.99570379151186
            ],
            [
              30.384047786127844,
              59.99570379151186
            ],
            [
              30.384047786127844,
              59.99570379151186
            ],
            [
              30.384047786127844,
              59.99570379151186
            ],
            [
              30.384047786127844,
              59.99570379151186
            ],
            [
              30.384047786127844,
              59.99570379151186
            ],
            [
              30.384047786127844,
              59.99570379151186
            ],
            [
              30.384047786127844,
              59.99570379151186
            ],
            [
              30.384047786127844,
              59.99570379151186
            ],
            [
              30.384047786127844,
              59.99570379151186
            ],
            [
              30.384047786127844,
              59.99570379151186
            ],
            [
              30.384047786127844,
              59.99570379151186
            ],
            [
              30.384047786127844,
              59.99570379151186
            ],
            [
              30.384047786127844,
              59.99570379151186
            ],
            [
              30.384047786127844,
              59.99570379151186
            ],
            [
              30.384047786127844,
              59.99570379151186
            ],
            [
              30.384047786127844,
              59.99570379151186
            ],
            [
              30.384047786127844,
              59.99570379151186
            ],
            [
              30.384047786127844,
              59.99570379151186
            ],
            [
              30.384047786127844,
              59.99570379151186
            ],
            [
              30.384047786127844,
              59.99570379151186
            ],
            [
              30.384047786127844,
              59.99570379151186
            ],
            [
              30.384047786127844,
              59.99570379151186
            ],
            [
              30.384047786127844,
              59.99570379151186
            ],
            [
              30.384047786127844,
              59.99570379151186
            ],
            [
              30.384047786127844,
              59.99570379151186
            ],
            [
              30.384047786127844,
              59.99570379151186
            ],
            [
              30.384047786127844,
              59.99570379151186
            ],
            [
              30.384047786127844,
              59.99570379151186
            ],
            [
              30.384047786127844,
              59.99570379151186
            ],
            [
              30.384047786127844,
              59.99570379151186
            ],
            [
              30.384047786127844,
              59.99570379151186
            ],
            [
              30.384047786127844,
              59.99570379151186
            ],
            [
              30.384047786127844,
              59.99570379151186
            ],
            [
              30.384047786127844,
              59.99570379151186
            ],
            [
              30.384047786127844,
              59.99570379151186
            ],
            [
              30.384047786127844,
              59.99570379151186
            ],
            [
              30.384047786127844,
              59.99570379151186
            ],
            [
              30.384047786127844,
              59.99570379151186
            ],
            [
              30.384047786127844,
              59.99570379151186
            ],
            [
              30.384047786127844,
              59.99570379151186
            ],
            [
              30.384047786127844,
              59.99570379151186
            ],
            [
              30.384047786127844,
              59.99570379151186
            ],
            [
              30.384047786127844,
              59.99570379151186
            ],
            [
              30.384047786127844,
              59.99570379151186
            ],
            [
              30.384047786127844,
              59.99570379151186
            ],
            [
              30.384047786127844,
              59.99570379151186
            ],
            [
              30.384047786127844,
              59.99570379151186
            ],
            [
              30.384047786127844,
              59.99570379151186
            ],
            [
              30.384047786127844,
              59.99570379151186
            ],
            [
              30.384047786127844,
              59.99570379151186
            ],
            [
              30.384047786127844,
              59.99570379151186
            ],
            [
              30.384047786127844,
              59.99570379151186
            ],
            [
              30.384047786127844,
              59.99570379151186
            ],
            [
              30.384047786127844,
              59.99570379151186
            ],
            [
              30.384047786127844,
              59.99570379151186
            ],
            [
              30.384047786127844,
              59.99570379151186
            ],
            [
              30.384047786127844,
              59.99570379151186
            ],
            [
              30.384047786127844,
              59.99570379151186
            ],
            [
              30.384047786127844,
              59.99570379151186
            ],
            [
              30.384047786127844,
              59.99570379151186
            ],
            [
              30.384047786127844,
              59.99570379151186
            ],
            [
              30.384047786127844,
              59.99570379151186
            ],
            [
              30.384047786127844,
              59.99570379151186
            ],
            [
              30.384047786127844,
              59.99570379151186
            ],
            [
              30.384047786127844,
              59.99570379151186
            ],
            [
              30.384047786127844,
              59.99570379151186
            ],
            [
              30.384047786127844,
              59.99570379151186
            ],
            [
              30.384047786127844,
              59.99570379151186
            ],
            [
              30.384047786127844,
              59.99570379151186
            ],
            [
              30.384047786127844,
              59.99570379151186
            ],
            [
              30.384047786127844,
              59.99570379151186
            ],
            [
              30.384047786127844,
              59.99570379151186
            ],
            [
              30.384047786127844,
              59.99570379151186
            ],
            [
              30.384047786127844,
              59.99570379151186
            ],
            [
              30.384047786127844,
              59.99570379151186
            ],
            [
              30.384047786127844,
              59.99570379151186
            ],
            [
              30.384047786127844,
              59.99570379151186
            ],
            [
              30.384047786127844,
              59.99570379151186
            ],
            [
              30.384047786127844,
              59.99570379151186
            ],
            [
              30.384047786127844,
              59.99570379151186
            ],
            [
              30.384047786127844,
              59.99570379151186
            ],
            [
              30.384047786127844,
              59.99570379151186
            ],
            [
              30.384047786127844,
              59.99570379151186
            ],
            [
              30.384047786127844,
              59.99570379151186
            ],
            [
              30.384047786127844,
              59.99570379151186
            ],
            [
              30.384047786127844,
              59.99570379151186
            ],
            [
              30.384047786127844,
              59.99570379151186
            ],
            [
              30.384047786127844,
              59.99570379151186
            ],
            [
              30.384047786127844,
              59.99570379151186
            ],
            [
              30.384047786127844,
              59.99570379151186
            ],
            [
              30.384047786127844,
              59.99570379151186
            ],
            [
              30.384047786127844,
              59.99570379151186
            ],
            [
              30.384047786127844,
              59.99570379151186
            ],
            [
              30.384047786127844,
              59.99570379151186
            ],
            [
              30.384047786127844,
              59.99570379151186
            ],
            [
              30.384047786127844,
              59.99570379151186
            ],
            [
              30.384047786127844,
              59.99570379151186
            ],
            [
              30.384047786127844,
              59.99570379151186
            ],
            [
              30.384047786127844,
              59.99570379151186
            ],
            [
              30.384047786127844,
              59.99570379151186
            ],
            [
              30.384047786127844,
              59.99570379151186
            ],
            [
              30.384047786127844,
              59.99570379151186
            ],
            [
              30.384047786127844,
              59.99570379151186
            ],
            [
              30.384047786127844,
              59.99570379151186
            ],
            [
              30.384047786127844,
              59.99570379151186
            ],
            [
              30.384047786127844,
              59.99570379151186
            ],
            [
              30.384047786127844,
              59.99570379151186
            ],
            [
              30.384047786127844,
              59.99570379151186
            ],
            [
              30.384047786127844,
              59.99570379151186
            ],
            [
              30.384047786127844,
              59.99570379151186
            ],
            [
              30.384047786127844,
              59.99570379151186
            ],
            [
              30.384047786127844,
              59.99570379151186
            ],
            [
              30.384047786127844,
              59.99570379151186
            ],
            [
              30.384047786127844,
              59.99570379151186
            ],
            [
              30.384047786127844,
              59.99570379151186
            ],
            [
              30.384047786127844,
              59.99570379151186
            ],
            [
              30.384047786127844,
              59.99570379151186
            ],
            [
              30.384047786127844,
              59.99570379151186
            ],
            [
              30.384047786127844,
              59.99570379151186
            ],
            [
              30.384047786127844,
              59.99570379151186
            ],
            [
              30.384047786127844,
              59.99570379151186
            ],
            [
              30.384047786127844,
              59.99570379151186
            ],
            [
              30.384047786127844,
              59.99570379151186
            ],
            [
              30.384047786127844,
              59.99570379151186
            ],
            [
              30.384047786127844,
              59.99570379151186
            ],
            [
              30.384047786127844,
              59.99570379151186
            ],
            [
              30.384047786127844,
              59.99570379151186
            ],
            [
              30.384047786127844,
              59.99570379151186
            ],
            [
              30.384047786127844,
              59.99570379151186
            ],
            [
              30.384047786127844,
              59.99570379151186
            ],
            [
              30.384047786127844,
              59.99570379151186
            ],
            [
              30.384047786127844,
              59.99570379151186
            ],
            [
              30.384047786127844,
              59.99570379151186
            ],
            [
              30.384047786127844,
              59.99570379151186
            ],
            [
              30.384047786127844,
              59.99570379151186
            ],
            [
              30.384047786127844,
              59.99570379151186
            ],
            [
              30.384047786127844,
              59.99570379151186
            ],
            [
              30.384047786127844,
              59.99570379151186
            ],
            [
              30.384047786127844,
              59.99570379151186
            ],
            [
              30.384047786127844,
              59.99570379151186
            ],
            [
              30.384047786127844,
              59.99570379151186
            ],
            [
              30.384047786127844,
              59.99570379151186
            ],
            [
              30.384047786127844,
              59.99570379151186
            ],
            [
              30.384047786127844,
              59.99570379151186
            ],
            [
              30.384047786127844,
              59.99570379151186
            ],
            [
              30.384047786127844,
              59.99570379151186
            ],
            [
              30.384047786127844,
              59.99570379151186
            ],
            [
              30.384047786127844,
              59.99570379151186
            ],
            [
              30.384047786127844,
              59.99570379151186
            ],
            [
              30.384047786127844,
              59.99570379151186
            ],
            [
              30.384047786127844,
              59.99570379151186
            ],
            [
              30.384047786127844,
              59.99570379151186
            ],
            [
              30.384047786127844,
              59.99570379151186
            ],
            [
              30.384047786127844,
              59.99570379151186
            ],
            [
              30.384047786127844,
              59.99570379151186
            ],
            [
              30.384047786127844,
              59.99570379151186
            ],
            [
              30.384047786127844,
              59.99570379151186
            ],
            [
              30.384047786127844,
              59.99570379151186
            ],
            [
              30.384047786127844,
              59.99570379151186
            ],
            [
              30.384047786127844,
              59.99570379151186
            ],
            [
              30.384047786127844,
              59.99570379151186
            ],
            [
              30.384047786127844,
              59.99570379151186
            ],
            [
              30.384047786127844,
              59.99570379151186
            ],
            [
              30.384047786127844,
              59.99570379151186
            ],
            [
              30.384047786127844,
              59.99570379151186
            ],
            [
              30.384047786127844,
              59.99570379151186
            ],
            [
              30.384047786127844,
              59.99570379151186
            ],
            [
              30.384047786127844,
              59.99570379151186
            ],
            [
              30.384047786127844,
              59.99570379151186
            ],
            [
              30.384047786127844,
              59.99570379151186
            ],
            [
              30.384047786127844,
              59.99570379151186
            ],
            [
              30.384047786127844,
              59.99570379151186
            ],
            [
              30.384047786127844,
              59.99570379151186
            ],
            [
              30.384047786127844,
              59.99570379151186
            ],
            [
              30.384047786127844,
              59.99570379151186
            ],
            [
              30.384047786127844,
              59.99570379151186
            ],
            [
              30.384047786127844,
              59.99570379151186
            ],
            [
              30.384047786127844,
              59.99570379151186
            ],
            [
              30.384047786127844,
              59.99570379151186
            ],
            [
              30.384047786127844,
              59.99570379151186
            ],
            [
              30.384047786127844,
              59.99570379151186
            ],
            [
              30.384047786127844,
              59.99570379151186
            ],
            [
              30.384047786127844,
              59.99570379151186
            ],
            [
              30.384047786127844,
              59.99570379151186
            ],
            [
              30.384047786127844,
              59.99570379151186
            ],
            [
              30.384047786127844,
              59.99570379151186
            ],
            [
              30.384047786127844,
              59.99570379151186
            ],
            [
              30.384047786127844,
              59.99570379151186
            ],
            [
              30.384047786127844,
              59.99570379151186
            ],
            [
              30.384047786127844,
              59.99570379151186
            ],
            [
              30.384047786127844,
              59.99570379151186
            ],
            [
              30.384047786127844,
              59.99570379151186
            ],
            [
              30.384047786127844,
              59.99570379151186
            ],
            [
              30.384047786127844,
              59.99570379151186
            ],
            [
              30.384047786127844,
              59.99570379151186
            ],
            [
              30.384047786127844,
              59.99570379151186
            ],
            [
              30.384047786127844,
              59.99570379151186
            ],
            [
              30.384047786127844,
              59.99570379151186
            ],
            [
              30.384047786127844,
              59.99570379151186
            ],
            [
              30.384047786127844,
              59.99570379151186
            ],
            [
              30.384047786127844,
              59.99570379151186
            ],
            [
              30.384047786127844,
              59.99570379151186
            ],
            [
              30.384047786127844,
              59.99570379151186
            ],
            [
              30.384047786127844,
              59.99570379151186
            ],
            [
              30.384047786127844,
              59.99570379151186
            ],
            [
              30.384047786127844,
              59.99570379151186
            ],
            [
              30.384047786127844,
              59.99570379151186
            ],
            [
              30.384047786127844,
              59.99570379151186
            ],
            [
              30.384047786127844,
              59.99570379151186
            ],
            [
              30.384047786127844,
              59.99570379151186
            ],
            [
              30.384047786127844,
              59.99570379151186
            ],
            [
              30.384047786127844,
              59.99570379151186
            ],
            [
              30.384047786127844,
              59.99570379151186
            ],
            [
              30.384047786127844,
              59.99570379151186
            ],
            [
              30.384047786127844,
              59.99570379151186
            ],
            [
              30.384047786127844,
              59.99570379151186
            ],
            [
              30.384047786127844,
              59.99570379151186
            ],
            [
              30.384047786127844,
              59.99570379151186
            ],
            [
              30.384047786127844,
              59.99570379151186
            ],
            [
              30.384047786127844,
              59.99570379151186
            ],
            [
              30.384047786127844,
              59.99570379151186
            ],
            [
              30.384047786127844,
              59.99570379151186
            ],
            [
              30.384047786127844,
              59.99570379151186
            ],
            [
              30.384047786127844,
              59.99570379151186
            ],
            [
              30.384047786127844,
              59.99570379151186
            ],
            [
              30.384047786127844,
              59.99570379151186
            ],
            [
              30.384047786127844,
              59.99570379151186
            ],
            [
              30.384047786127844,
              59.99570379151186
            ],
            [
              30.384047786127844,
              59.99570379151186
            ],
            [
              30.384047786127844,
              59.99570379151186
            ],
            [
              30.384047786127844,
              59.99570379151186
            ],
            [
              30.384047786127844,
              59.99570379151186
            ],
            [
              30.384047786127844,
              59.99570379151186
            ],
            [
              30.384047786127844,
              59.99570379151186
            ],
            [
              30.384047786127844,
              59.99570379151186
            ],
            [
              30.384047786127844,
              59.99570379151186
            ],
            [
              30.384047786127844,
              59.99570379151186
            ],
            [
              30.384047786127844,
              59.99570379151186
            ],
            [
              30.384047786127844,
              59.99570379151186
            ],
            [
              30.384047786127844,
              59.99570379151186
            ],
            [
              30.384047786127844,
              59.99570379151186
            ],
            [
              30.384047786127844,
              59.99570379151186
            ],
            [
              30.384047786127844,
              59.99570379151186
            ],
            [
              30.384047786127844,
              59.99570379151186
            ],
            [
              30.384047786127844,
              59.99570379151186
            ],
            [
              30.384047786127844,
              59.99570379151186
            ],
            [
              30.384047786127844,
              59.99570379151186
            ],
            [
              30.384047786127844,
              59.99570379151186
            ],
            [
              30.384047786127844,
              59.99570379151186
            ],
            [
              30.384047786127844,
              59.99570379151186
            ],
            [
              30.384047786127844,
              59.99570379151186
            ],
            [
              30.384047786127844,
              59.99570379151186
            ],
            [
              30.384047786127844,
              59.99570379151186
            ],
            [
              30.384047786127844,
              59.99570379151186
            ],
            [
              30.384047786127844,
              59.99570379151186
            ],
            [
              30.384047786127844,
              59.99570379151186
            ],
            [
              30.384047786127844,
              59.99570379151186
            ],
            [
              30.384047786127844,
              59.99570379151186
            ],
            [
              30.384047786127844,
              59.99570379151186
            ],
            [
              30.384047786127844,
              59.99570379151186
            ],
            [
              30.384047786127844,
              59.99570379151186
            ],
            [
              30.384047786127844,
              59.99570379151186
            ],
            [
              30.384047786127844,
              59.99570379151186
            ],
            [
              30.384047786127844,
              59.99570379151186
            ],
            [
              30.384047786127844,
              59.99570379151186
            ],
            [
              30.384047786127844,
              59.99570379151186
            ],
            [
              30.384047786127844,
              59.99570379151186
            ],
            [
              30.384047786127844,
              59.99570379151186
            ],
            [
              30.384047786127844,
              59.99570379151186
            ],
            [
              30.384047786127844,
              59.99570379151186
            ],
            [
              30.384047786127844,
              59.99570379151186
            ],
            [
              30.384047786127844,
              59.99570379151186
            ],
            [
              30.384047786127844,
              59.99570379151186
            ],
            [
              30.384047786127844,
              59.99570379151186
            ],
            [
              30.384047786127844,
              59.99570379151186
            ],
            [
              30.384047786127844,
              59.99570379151186
            ],
            [
              30.384047786127844,
              59.99570379151186
            ],
            [
              30.384047786127844,
              59.99570379151186
            ],
            [
              30.384047786127844,
              59.99570379151186
            ],
            [
              30.384047786127844,
              59.99570379151186
            ],
            [
              30.384047786127844,
              59.99570379151186
            ],
            [
              30.384047786127844,
              59.99570379151186
            ],
            [
              30.384047786127844,
              59.99570379151186
            ],
            [
              30.384047786127844,
              59.99570379151186
            ],
            [
              30.384047786127844,
              59.99570379151186
            ],
            [
              30.384047786127844,
              59.99570379151186
            ],
            [
              30.384047786127844,
              59.99570379151186
            ],
            [
              30.384047786127844,
              59.99570379151186
            ],
            [
              30.384047786127844,
              59.99570379151186
            ],
            [
              30.384047786127844,
              59.99570379151186
            ],
            [
              30.384047786127844,
              59.99570379151186
            ],
            [
              30.384047786127844,
              59.99570379151186
            ],
            [
              30.384047786127844,
              59.99570379151186
            ],
            [
              30.384047786127844,
              59.99570379151186
            ],
            [
              30.384047786127844,
              59.99570379151186
            ],
            [
              30.384047786127844,
              59.99570379151186
            ],
            [
              30.384047786127844,
              59.99570379151186
            ],
            [
              30.384047786127844,
              59.99570379151186
            ],
            [
              30.384047786127844,
              59.99570379151186
            ],
            [
              30.384047786127844,
              59.99570379151186
            ],
            [
              30.384047786127844,
              59.99570379151186
            ],
            [
              30.384047786127844,
              59.99570379151186
            ],
            [
              30.384047786127844,
              59.99570379151186
            ],
            [
              30.384047786127844,
              59.99570379151186
            ],
            [
              30.384047786127844,
              59.99570379151186
            ],
            [
              30.384047786127844,
              59.99570379151186
            ],
            [
              30.384047786127844,
              59.99570379151186
            ],
            [
              30.384047786127844,
              59.99570379151186
            ],
            [
              30.384047786127844,
              59.99570379151186
            ],
            [
              30.384047786127844,
              59.99570379151186
            ],
            [
              30.384047786127844,
              59.99570379151186
            ],
            [
              30.384047786127844,
              59.99570379151186
            ],
            [
              30.384047786127844,
              59.99570379151186
            ],
            [
              30.384047786127844,
              59.99570379151186
            ],
            [
              30.384047786127844,
              59.99570379151186
            ],
            [
              30.384047786127844,
              59.99570379151186
            ],
            [
              30.384047786127844,
              59.99570379151186
            ],
            [
              30.384047786127844,
              59.99570379151186
            ],
            [
              30.384047786127844,
              59.99570379151186
            ],
            [
              30.384047786127844,
              59.99570379151186
            ],
            [
              30.384047786127844,
              59.99570379151186
            ],
            [
              30.384047786127844,
              59.99570379151186
            ],
            [
              30.384047786127844,
              59.99570379151186
            ],
            [
              30.384047786127844,
              59.99570379151186
            ],
            [
              30.384047786127844,
              59.99570379151186
            ],
            [
              30.384047786127844,
              59.99570379151186
            ],
            [
              30.384047786127844,
              59.99570379151186
            ],
            [
              30.384047786127844,
              59.99570379151186
            ],
            [
              30.384047786127844,
              59.99570379151186
            ],
            [
              30.384047786127844,
              59.99570379151186
            ],
            [
              30.384047786127844,
              59.99570379151186
            ],
            [
              30.384047786127844,
              59.99570379151186
            ],
            [
              30.384047786127844,
              59.99570379151186
            ],
            [
              30.384047786127844,
              59.99570379151186
            ],
            [
              30.384047786127844,
              59.99570379151186
            ],
            [
              30.384047786127844,
              59.99570379151186
            ],
            [
              30.384047786127844,
              59.99570379151186
            ],
            [
              30.384047786127844,
              59.99570379151186
            ],
            [
              30.384047786127844,
              59.99570379151186
            ],
            [
              30.384047786127844,
              59.99570379151186
            ],
            [
              30.384047786127844,
              59.99570379151186
            ],
            [
              30.384047786127844,
              59.99570379151186
            ],
            [
              30.384047786127844,
              59.99570379151186
            ],
            [
              30.384047786127844,
              59.99570379151186
            ],
            [
              30.384047786127844,
              59.99570379151186
            ],
            [
              30.384047786127844,
              59.99570379151186
            ],
            [
              30.384047786127844,
              59.99570379151186
            ],
            [
              30.384047786127844,
              59.99570379151186
            ],
            [
              30.384047786127844,
              59.99570379151186
            ],
            [
              30.384047786127844,
              59.99570379151186
            ],
            [
              30.384047786127844,
              59.99570379151186
            ],
            [
              30.384047786127844,
              59.99570379151186
            ],
            [
              30.384047786127844,
              59.99570379151186
            ],
            [
              30.384047786127844,
              59.99570379151186
            ],
            [
              30.384047786127844,
              59.99570379151186
            ],
            [
              30.384047786127844,
              59.99570379151186
            ],
            [
              30.384047786127844,
              59.99570379151186
            ],
            [
              30.384047786127844,
              59.99570379151186
            ],
            [
              30.384047786127844,
              59.99570379151186
            ],
            [
              30.384047786127844,
              59.99570379151186
            ],
            [
              30.384047786127844,
              59.99570379151186
            ],
            [
              30.384047786127844,
              59.99570379151186
            ],
            [
              30.384047786127844,
              59.99570379151186
            ],
            [
              30.384047786127844,
              59.99570379151186
            ],
            [
              30.384047786127844,
              59.99570379151186
            ],
            [
              30.384047786127844,
              59.99570379151186
            ],
            [
              30.384047786127844,
              59.99570379151186
            ],
            [
              30.384047786127844,
              59.99570379151186
            ]
          ]
        ]
      }
    }
  ]
}