{
  "type": "FeatureCollection",
  "features": [
    {
      "type": "Feature",
      "properties": {
        "name": "ekf_dead_reckoning",
        "point_count": 2074,
        "segment_count": 13,
        "role": "baseline"
      },
      "geometry": {
        "type": "MultiLineString",
        "coordinates": [
          [
            [
              30.370111753013337,
              59.83574617018717
            ],
            [
              30.37025365079109,
              59.83576354544091
            ],
            [
              30.370410039180967,
              59.83578259967952
            ],
            [
              30.370565223029928,
              59.83580188700697
            ],
            [
              30.37065295228984,
              59.835814752065694
            ],
            [
              30.370792258629695,
              59.8358340662367
            ],
            [
              30.37094622286297,
              59.83585581519733
            ],
            [
              30.371104085446984,
              59.835877257741
            ],
            [
              30.371258377927795,
              59.83589634628869
            ],
            [
              30.371392414197157,
              59.835909827540966
            ],
            [
              30.37150201273275,
              59.83591840666331
            ],
            [
              30.371586730954,
              59.83591901875388
            ],
            [
              30.371654823316355,
              59.8359138810538
            ],
            [
              30.37171281300746,
              59.83590388898575
            ],
            [
              30.371719141419398,
              59.835879879422905
            ],
            [
              30.371719954260936,
              59.83585954723701
            ],
            [
              30.3717201352036,
              59.83585903074884
            ],
            [
              30.37172154410016,
              59.83585552916949
            ],
            [
              30.37172726966894,
              59.8358449668912
            ],
            [
              30.371735669972555,
              59.83583039333997
            ],
            [
              30.371743060337206,
              59.83581578025336
            ],
            [
              30.37175081990809,
              59.83579858589422
            ]
          ],
          [
            [
              30.37195509612601,
              59.83517459380325
            ],
            [
              30.37197453067268,
              59.83510854356551
            ],
            [
              30.371989588964457,
              59.835053966694076
            ],
            [
              30.37199964263318,
              59.83501695490935
            ],
            [
              30.372004823195567,
              59.83499759209829
            ],
            [
              30.372006409852123,
              59.834991443544084
            ],
            [
              30.37200596435187,
              59.83499315914492
            ],
            [
              30.372004228692496,
              59.83499929868604
            ],
            [
              30.372001582743504,
              59.83500795340837
            ],
            [
              30.371996942798166,
              59.83501693700431
            ],
            [
              30.37199374642666,
              59.83502297618857
            ],
            [
              30.371991556516466,
              59.835026583967874
            ],
            [
              30.3719899193055,
              59.83502908101124
            ],
            [
              30.371988833494843,
              59.83503100287048
            ],
            [
              30.37198779018238,
              59.835032501933426
            ],
            [
              30.37198690829345,
              59.835033792214894
            ],
            [
              30.371986150068807,
              59.83503492154508
            ],
            [
              30.371985489641038,
              59.835035920909434
            ],
            [
              30.37198490618139,
              59.83503681846942
            ],
            [
              30.371984386995212,
              59.83503762688043
            ],
            [
              30.3719839187171,
              59.83503836667147
            ],
            [
              30.37198349396505,
              59.83503904569935
            ],
            [
              30.371983105246226,
              59.83503967505778
            ],
            [
              30.371982747222507,
              59.8350402609059
            ],
            [
              30.37198241574569,
              59.83504080820818
            ],
            [
              30.37198210668188,
              59.83504132327742
            ],
            [
              30.37198181653389,
              59.835041811151356
            ],
            [
              30.37198154290546,
              59.83504227483278
            ],
            [
              30.371981284162704,
              59.83504271579895
            ],
            [
              30.37198103866501,
              59.83504313606268
            ],
            [
              30.37198080423106,
              59.83504353974556
            ],
            [
              30.37198057969581,
              59.83504392751033
            ],
            [
              30.37198036410326,
              59.83504430083558
            ],
            [
              30.371980156846316,
              59.83504466016462
            ],
            [
              30.371979955339853,
              59.83504500997807
            ],
            [
              30.37197976024193,
              59.835045348370144
            ],
            [
              30.37197957145965,
              59.83504567570885
            ],
            [
              30.37197937707736,
              59.835046018781824
            ],
            [
              30.371979527092456,
              59.83504600655959
            ],
            [
              30.371979778232877,
              59.835045792064136
            ],
            [
              30.37198027387767,
              59.83504499282468
            ],
            [
              30.37198134430007,
              59.83504332607221
            ],
            [
              30.37198265656672,
              59.8350405783534
            ],
            [
              30.371982503330692,
              59.83504100743988
            ],
            [
              30.371982352587697,
              59.835041443974646
            ],
            [
              30.371982220980733,
              59.83504186123448
            ],
            [
              30.371982090031498,
              59.83504227744413
            ],
            [
              30.37198200062578,
              59.835042568214384
            ],
            [
              30.37198188639724,
              59.835042907161835
            ]
          ],
          [
            [
              30.372173785613278,
              59.834450722500264
            ],
            [
              30.37219827041982,
              59.834377622832044
            ],
            [
              30.37221970001421,
              59.834309345455246
            ],
            [
              30.372240084936323,
              59.83424503092269
            ],
            [
              30.372260581472318,
              59.83418365751941
            ],
            [
              30.37228150267112,
              59.83412221797332
            ],
            [
              30.372303560512496,
              59.83405770389944
            ],
            [
              30.37232810950608,
              59.83398560320053
            ],
            [
              30.3723413233934,
              59.83394590266761
            ],
            [
              30.372352285248713,
              59.833911830594694
            ],
            [
              30.372362167216664,
              59.83388273463625
            ],
            [
              30.37237065645809,
              59.83385905550971
            ],
            [
              30.372377406256838,
              59.833840556582146
            ],
            [
              30.372381968426556,
              59.83382747654664
            ]
          ],
          [
            [
              30.372651430153354,
              59.83304353956225
            ],
            [
              30.372691236685153,
              59.83291918495631
            ],
            [
              30.37272652187473,
              59.8327974833828
            ],
            [
              30.372762866096203,
              59.83267726880596
            ],
            [
              30.372799286607002,
              59.83255793788814
            ],
            [
              30.37283915811763,
              59.83243753228609
            ],
            [
              30.37288095035158,
              59.832315609177975
            ],
            [
              30.37292433004383,
              59.83219112046319
            ],
            [
              30.37296831182448,
              59.832063557097264
            ],
            [
              30.37301410525353,
              59.83193265515481
            ],
            [
              30.373062252265466,
              59.831796671496534
            ],
            [
              30.373111573783397,
              59.831657363543805
            ],
            [
              30.373164920205078,
              59.83151527835073
            ],
            [
              30.373222005156688,
              59.83137148084153
            ],
            [
              30.373277414212904,
              59.8312315777422
            ],
            [
              30.373330676873834,
              59.83109732025339
            ],
            [
              30.37338463202014,
              59.8309667372865
            ],
            [
              30.373442010122684,
              59.83083876050375
            ],
            [
              30.37349916255507,
              59.83071323601353
            ],
            [
              30.37355606175034,
              59.83058797904808
            ],
            [
              30.373614392494005,
              59.83046170588527
            ],
            [
              30.373673806437218,
              59.830334737512445
            ],
            [
              30.373733542092655,
              59.830208295391195
            ],
            [
              30.373795403252497,
              59.83008477921754
            ],
            [
              30.373858702762767,
              59.829963542552974
            ],
            [
              30.373924237360075,
              59.82984243436418
            ],
            [
              30.373991883275675,
              59.829720894346345
            ],
            [
              30.37405650832807,
              59.829597866610214
            ],
            [
              30.37411729729821,
              59.82947411077685
            ],
            [
              30.374179482566547,
              59.82934798781047
            ],
            [
              30.374244156830976,
              59.82922199452469
            ],
            [
              30.374318129157633,
              59.82909843000676
            ],
            [
              30.374392926975926,
              59.8289786338239
            ],
            [
              30.374462719137036,
              59.82886137299699
            ],
            [
              30.374531454148702,
              59.8287418590615
            ],
            [
              30.37460140130575,
              59.82861637529672
            ],
            [
              30.374644188230658,
              59.828528394401275
            ],
            [
              30.37468627768213,
              59.82844466313879
            ],
            [
              30.37473146545506,
              59.82836266360745
            ],
            [
              30.374779081886356,
              59.82828048445219
            ],
            [
              30.37482918389573,
              59.82819798695025
            ],
            [
              30.37488387360802,
              59.82811451647842
            ]
          ],
          [
            [
              30.37537781186744,
              59.827341611278364
            ],
            [
              30.37551695397392,
              59.827165060823305
            ],
            [
              30.375655587861775,
              59.826987352694715
            ],
            [
              30.37579202725039,
              59.8268142367971
            ],
            [
              30.375928367271783,
              59.82665136668994
            ],
            [
              30.376061422397676,
              59.8264969993408
            ],
            [
              30.376186273408464,
              59.826347516326564
            ],
            [
              30.376308867141017,
              59.82619951162768
            ],
            [
              30.376433552620274,
              59.826052327479786
            ],
            [
              30.376560131174163,
              59.8259050453113
            ],
            [
              30.376683847004834,
              59.82575679905884
            ],
            [
              30.37680349450649,
              59.82560802335304
            ],
            [
              30.376932191400876,
              59.82544822674704
            ],
            [
              30.377063050201045,
              59.825291018540696
            ],
            [
              30.37719398498754,
              59.82513157522958
            ],
            [
              30.377327244720213,
              59.824968237939544
            ],
            [
              30.37746108771444,
              59.82480317722865
            ],
            [
              30.377596748062032,
              59.82463550538369
            ],
            [
              30.377730790512764,
              59.824465907778375
            ],
            [
              30.377861040405207,
              59.82429445652252
            ],
            [
              30.377985835509538,
              59.82412317026927
            ],
            [
              30.378106912288803,
              59.823952803236246
            ],
            [
              30.378222601790696,
              59.82378289393997
            ],
            [
              30.37832673260481,
              59.823613461953386
            ],
            [
              30.378422730431957,
              59.82344250170827
            ],
            [
              30.378514265400845,
              59.823269772585824
            ],
            [
              30.378603764678004,
              59.823094875186754
            ],
            [
              30.378696427201568,
              59.82291677507722
            ],
            [
              30.378789740592712,
              59.8227355663603
            ],
            [
              30.378884760854994,
              59.82255179744523
            ],
            [
              30.37897559113181,
              59.82236613355565
            ],
            [
              30.379058252196035,
              59.822178590783764
            ],
            [
              30.379138248461434,
              59.82198776371418
            ],
            [
              30.379212667203653,
              59.821794167330765
            ],
            [
              30.379288625757347,
              59.821598008659585
            ],
            [
              30.37936820006691,
              59.821398458781374
            ],
            [
              30.379448969094604,
              59.8211989144359
            ],
            [
              30.379528751126475,
              59.82099971963949
            ],
            [
              30.3796101435554,
              59.82080148408187
            ],
            [
              30.379695220896572,
              59.82060581816602
            ],
            [
              30.379781005982494,
              59.82041345012736
            ],
            [
              30.379865310160277,
              59.82022541842288
            ],
            [
              30.379948598114016,
              59.82004247919363
            ],
            [
              30.380033574668225,
              59.81986539085098
            ],
            [
              30.38011775050036,
              59.81969411222458
            ],
            [
              30.380197720093694,
              59.81952795004557
            ],
            [
              30.380277122927147,
              59.81936777032919
            ],
            [
              30.380356822369887,
              59.819211088444156
            ],
            [
              30.380433982236557,
              59.819058355229636
            ],
            [
              30.380508688842973,
              59.81890740983934
            ],
            [
              30.380582902579313,
              59.81875831409486
            ],
            [
              30.380656356896495,
              59.81860949546072
            ],
            [
              30.38073185689484,
              59.81846024415202
            ],
            [
              30.38080713252923,
              59.81831068304709
            ],
            [
              30.3808813046732,
              59.818159941247686
            ],
            [
              30.380944866610516,
              59.81800867331455
            ],
            [
              30.380998319711598,
              59.81785671972122
            ],
            [
              30.381046674879347,
              59.817702113520376
            ],
            [
              30.381084728721277,
              59.81754534083523
            ],
            [
              30.38111315893823,
              59.817384782221744
            ],
            [
              30.381130231672717,
              59.817221618450105
            ],
            [
              30.3811294799759,
              59.81705778830298
            ],
            [
              30.381109032170478,
              59.81689281294953
            ],
            [
              30.381071110773185,
              59.81672634094911
            ],
            [
              30.381017985663846,
              59.81655705323338
            ],
            [
              30.380951548424324,
              59.81638431982762
            ],
            [
              30.380874423635625,
              59.816207942619485
            ],
            [
              30.380789204665902,
              59.816027496226184
            ],
            [
              30.380696048114046,
              59.81584333197979
            ],
            [
              30.38059917710115,
              59.81566318151144
            ],
            [
              30.380492205585565,
              59.81547732625588
            ],
            [
              30.38037350803311,
              59.81529280422789
            ],
            [
              30.380245777746946,
              59.8151130745644
            ],
            [
              30.380113220789617,
              59.81493860084785
            ],
            [
              30.379979549903553,
              59.81476810215676
            ],
            [
              30.379842146944423,
              59.814602031591406
            ],
            [
              30.379703160198606,
              59.814441675813114
            ],
            [
              30.379561979184246,
              59.81428480727273
            ],
            [
              30.379413610684303,
              59.81413612104199
            ],
            [
              30.379249717436497,
              59.8140010289297
            ],
            [
              30.379061683561925,
              59.813887132292955
            ],
            [
              30.3788531383128,
              59.81379815225308
            ],
            [
              30.378628880306337,
              59.81373564625481
            ],
            [
              30.37840078765213,
              59.81369963567156
            ],
            [
              30.378170120642697,
              59.81368663723945
            ],
            [
              30.377942669587902,
              59.8136930869739
            ],
            [
              30.377727626670833,
              59.81371974973328
            ],
            [
              30.377550509987636,
              59.81376702221739
            ],
            [
              30.37745136298947,
              59.8138097815996
            ],
            [
              30.377378300641453,
              59.81385423715619
            ],
            [
              30.377340329550112,
              59.81389220784452
            ],
            [
              30.3773243146245,
              59.81392125465745
            ],
            [
              30.377321244761898,
              59.81393803001893
            ],
            [
              30.377321780944744,
              59.81394206023322
            ]
          ],
          [
            [
              30.37665768825799,
              59.81459469158268
            ],
            [
              30.376727316138762,
              59.814707182683854
            ],
            [
              30.376814603907672,
              59.81481517107697
            ],
            [
              30.376911075970142,
              59.81492804176565
            ],
            [
              30.37701343039419,
              59.8150422400905
            ],
            [
              30.377143724568022,
              59.81514008498368
            ],
            [
              30.37729238381568,
              59.815217209746706
            ],
            [
              30.377453893671177,
              59.81528206275637
            ],
            [
              30.377620845829927,
              59.81534054344605
            ],
            [
              30.377791090544882,
              59.81539392461658
            ],
            [
              30.37795815790918,
              59.81544175237727
            ],
            [
              30.378125963091527,
              59.815482662955894
            ],
            [
              30.378298276212174,
              59.81551977312207
            ],
            [
              30.378477815316536,
              59.81554839945076
            ],
            [
              30.37866270228075,
              59.81557410224197
            ],
            [
              30.37885462022541,
              59.81560041502763
            ],
            [
              30.379056068330872,
              59.815625452615585
            ],
            [
              30.379269433646,
              59.81565080426936
            ],
            [
              30.37948945605192,
              59.81567569878541
            ],
            [
              30.37972050726799,
              59.81570197211264
            ],
            [
              30.379959607613944,
              59.81572876086548
            ],
            [
              30.380209396177644,
              59.81575787474324
            ],
            [
              30.38046670079323,
              59.815788172552466
            ],
            [
              30.380731327651972,
              59.815821237281426
            ],
            [
              30.381001071446825,
              59.8158570396016
            ],
            [
              30.381279675913575,
              59.815896104545764
            ],
            [
              30.38156442371415,
              59.81593695836122
            ],
            [
              30.38185357331227,
              59.8159788026964
            ],
            [
              30.382146469995487,
              59.81602012971458
            ],
            [
              30.3824420252087,
              59.81606220302055
            ],
            [
              30.38274043855006,
              59.816102760004625
            ],
            [
              30.383042471060644,
              59.81614265208542
            ],
            [
              30.383349821816385,
              59.81618302119971
            ],
            [
              30.38365721948934,
              59.81624031931567
            ],
            [
              30.383979824975373,
              59.81629314587494
            ],
            [
              30.38431201788895,
              59.816330735023016
            ],
            [
              30.38464926014977,
              59.81636454464136
            ],
            [
              30.384990862306633,
              59.81639876892337
            ],
            [
              30.385339707834447,
              59.81643377888612
            ],
            [
              30.38569736372704,
              59.81646967342779
            ],
            [
              30.38606457613369,
              59.816506640687784
            ],
            [
              30.38644025776201,
              59.81654718051728
            ],
            [
              30.38682135320477,
              59.81659130675031
            ],
            [
              30.38720646107536,
              59.81663799791473
            ],
            [
              30.387590756604716,
              59.816683459824226
            ],
            [
              30.387971321397668,
              59.81672537161938
            ],
            [
              30.38835245782342,
              59.81676612860183
            ],
            [
              30.388736002724176,
              59.81680747626197
            ],
            [
              30.38910582342151,
              59.81684785483321
            ],
            [
              30.389492275388214,
              59.816888563552894
            ],
            [
              30.389889896334033,
              59.816929630431154
            ],
            [
              30.39029207520715,
              59.816970830182235
            ],
            [
              30.390698472974663,
              59.81701184017994
            ],
            [
              30.39111008987358,
              59.81705292346355
            ],
            [
              30.391524871036122,
              59.8170928002793
            ],
            [
              30.391924380292387,
              59.817130285648524
            ],
            [
              30.392325626929324,
              59.817170208346624
            ],
            [
              30.392739424061737,
              59.817213265664826
            ],
            [
              30.393152528244137,
              59.8172591648181
            ],
            [
              30.393568652662083,
              59.81730366447992
            ],
            [
              30.393984727802437,
              59.817345596788584
            ],
            [
              30.39440166370832,
              59.817386979299314
            ],
            [
              30.39481791651838,
              59.81742992589174
            ],
            [
              30.395197643189633,
              59.81746847999393
            ],
            [
              30.395602164824403,
              59.81750930640077
            ],
            [
              30.396015655954713,
              59.817550634204615
            ],
            [
              30.39642695116967,
              59.81759093457039
            ],
            [
              30.396833859214418,
              59.81763041257027
            ],
            [
              30.39723642807019,
              59.81767077548271
            ],
            [
              30.397604075263484,
              59.817707928426316
            ],
            [
              30.397983615613978,
              59.817747315271596
            ],
            [
              30.3983975967329,
              59.817791712210564
            ],
            [
              30.39881644783094,
              59.817837176853324
            ],
            [
              30.39923691340741,
              59.817883726410045
            ],
            [
              30.39966330090421,
              59.817932537440804
            ],
            [
              30.40009230506984,
              59.817983960726906
            ],
            [
              30.40052322506106,
              59.81803590997821
            ],
            [
              30.400958211053965,
              59.818087433536704
            ],
            [
              30.401388055332404,
              59.81814424904603
            ],
            [
              30.401822677124297,
              59.81820470236131
            ],
            [
              30.40225562237076,
              59.81826938507285
            ],
            [
              30.402686612751094,
              59.818339094377635
            ],
            [
              30.40311772434149,
              59.8184146687779
            ],
            [
              30.4035474264647,
              59.81849437604599
            ],
            [
              30.40398030320784,
              59.81857626975916
            ],
            [
              30.4044078473936,
              59.81865302219812
            ],
            [
              30.404834191943813,
              59.81872982771729
            ],
            [
              30.40526207890687,
              59.81880799793228
            ],
            [
              30.405699388897084,
              59.81888545186123
            ],
            [
              30.406142668896866,
              59.818962622260194
            ],
            [
              30.406590717000356,
              59.81904222408
            ],
            [
              30.407045467144897,
              59.81913226261482
            ],
            [
              30.407504636233476,
              59.819230371541025
            ],
            [
              30.407961533021673,
              59.8193269346055
            ],
            [
              30.408420109097126,
              59.81942590642286
            ],
            [
              30.408880852495283,
              59.819525383726386
            ],
            [
              30.40935387583127,
              59.819622926759465
            ],
            [
              30.409832209876587,
              59.819723477332694
            ],
            [
              30.410313816792804,
              59.819830675706214
            ],
            [
              30.4107981417559,
              59.81994030604237
            ],
            [
              30.411290422544734,
              59.82004621417265
            ],
            [
              30.411781403605122,
              59.82015529548291
            ],
            [
              30.412269759754597,
              59.82026772025187
            ],
            [
              30.412759353847232,
              59.82038231084012
            ],
            [
              30.4132489874448,
              59.82049710593672
            ],
            [
              30.413737393048148,
              59.82061316267796
            ],
            [
              30.41422747500581,
              59.82072744788327
            ],
            [
              30.414719163660408,
              59.82084053558589
            ],
            [
              30.415211023156346,
              59.820953292437814
            ],
            [
              30.415701315890765,
              59.82106630885021
            ],
            [
              30.41618867496278,
              59.8211795948352
            ],
            [
              30.416675083996584,
              59.82129326210684
            ],
            [
              30.417166386167168,
              59.82140563811651
            ],
            [
              30.417659174425285,
              59.821517096767145
            ],
            [
              30.418153744920414,
              59.8216279474126
            ],
            [
              30.418650490698408,
              59.82173758205473
            ],
            [
              30.419150110249653,
              59.821846920144054
            ],
            [
              30.419650183947113,
              59.82195706014921
            ],
            [
              30.42015126223144,
              59.822067560920004
            ],
            [
              30.420652958506157,
              59.82217847389776
            ],
            [
              30.421151454207692,
              59.82229052247424
            ],
            [
              30.421646038206276,
              59.82240638005231
            ],
            [
              30.422139571056,
              59.82252299102077
            ],
            [
              30.422632050859026,
              59.82264028867601
            ],
            [
              30.423126946171475,
              59.822755929074155
            ],
            [
              30.423625754416584,
              59.82287044341184
            ],
            [
              30.424125996722033,
              59.822985058420485
            ],
            [
              30.42462973875589,
              59.82309900083236
            ],
            [
              30.425139157719787,
              59.82320947460954
            ],
            [
              30.425650331229583,
              59.82332184428583
            ],
            [
              30.426163626998324,
              59.823438092983935
            ],
            [
              30.426682217483314,
              59.82355168365663
            ],
            [
              30.42719915577391,
              59.82366879529853
            ],
            [
              30.42771846477187,
              59.82378622769097
            ],
            [
              30.428241047247184,
              59.82390296442611
            ],
            [
              30.428763303241045,
              59.82402244822329
            ],
            [
              30.42928934508404,
              59.82414175972466
            ],
            [
              30.42981734209616,
              59.82426279308467
            ],
            [
              30.430349552290448,
              59.82438328050137
            ],
            [
              30.430881053746788,
              59.824502906554336
            ],
            [
              30.43140884554264,
              59.82462473666712
            ],
            [
              30.431927624402903,
              59.8247540431834
            ],
            [
              30.432443407390696,
              59.82489281741086
            ],
            [
              30.43295154291786,
              59.82504229829094
            ],
            [
              30.433450740518786,
              59.825198616172244
            ],
            [
              30.433936017160153,
              59.82536124880598
            ],
            [
              30.434406348934214,
              59.825530827033354
            ],
            [
              30.434853261634363,
              59.825708808333744
            ],
            [
              30.43527939990182,
              59.82588978590183
            ],
            [
              30.43568621776534,
              59.82607577669337
            ],
            [
              30.43608360817625,
              59.826265435228514
            ],
            [
              30.43646826958093,
              59.826459123365105
            ],
            [
              30.436837077415085,
              59.82666062491948
            ],
            [
              30.43719560505201,
              59.82686417197717
            ],
            [
              30.437536294746423,
              59.82707381541738
            ],
            [
              30.437863724826187,
              59.82728625595274
            ],
            [
              30.43816921399414,
              59.82750791865874
            ],
            [
              30.438462357782832,
              59.82773635369282
            ],
            [
              30.438757438368306,
              59.82796643255647
            ],
            [
              30.43905619253296,
              59.82819862033562
            ],
            [
              30.439360525437387,
              59.828432042176004
            ],
            [
              30.439676303402003,
              59.82866675358583
            ],
            [
              30.440000453893884,
              59.82890041437931
            ],
            [
              30.44033173589687,
              59.829133203530134
            ],
            [
              30.440666324394023,
              59.82936710164214
            ],
            [
              30.440999543839173,
              59.82960282491232
            ],
            [
              30.441333423431036,
              59.829839840945816
            ],
            [
              30.44170171623018,
              59.83009840406886
            ],
            [
              30.442057716819097,
              59.83035487405722
            ],
            [
              30.442384146027536,
              59.830593521651984
            ],
            [
              30.44270687778412,
              59.83083157947248
            ],
            [
              30.443031241630646,
              59.83106994208721
            ],
            [
              30.443358650041063,
              59.83130856775705
            ],
            [
              30.443690688646008,
              59.8315471514193
            ],
            [
              30.44402420628099,
              59.83178842098636
            ],
            [
              30.444358649205657,
              59.832031957696955
            ],
            [
              30.444688542184533,
              59.8322756919789
            ],
            [
              30.44501924639245,
              59.832522693727135
            ],
            [
              30.445348675422405,
              59.832773229293046
            ],
            [
              30.445680605609187,
              59.83302770010841
            ],
            [
              30.446017167864373,
              59.833280684214216
            ],
            [
              30.446380248361507,
              59.83354159514465
            ],
            [
              30.446725310538064,
              59.833788569362895
            ],
            [
              30.44706211390369,
              59.8340315189876
            ],
            [
              30.447388511785718,
              59.83426870147675
            ],
            [
              30.447707587634653,
              59.83450384289597
            ],
            [
              30.448022881872568,
              59.83473773670216
            ],
            [
              30.44833212661676,
              59.834968032311174
            ],
            [
              30.448640123974606,
              59.83519313105738
            ],
            [
              30.448946319645128,
              59.83541310729322
            ],
            [
              30.449247272148003,
              59.83563071703774
            ],
            [
              30.449546273891475,
              59.83584838232934
            ],
            [
              30.449849580699,
              59.836067050266834
            ],
            [
              30.45015085926548,
              59.83628561451011
            ],
            [
              30.450430292916074,
              59.83649928809975
            ],
            [
              30.450708674742483,
              59.83672517351731
            ],
            [
              30.450985469263816,
              59.836958358810335
            ],
            [
              30.451261262594667,
              59.83718982458124
            ],
            [
              30.451533400402887,
              59.83742335670526
            ],
            [
              30.451805719852704,
              59.837657961394854
            ],
            [
              30.452078721500126,
              59.83789773470655
            ],
            [
              30.45234860008946,
              59.83813977731553
            ],
            [
              30.45261156972845,
              59.838390425917744
            ],
            [
              30.452877461689773,
              59.83864023221432
            ],
            [
              30.453127922156817,
              59.83889439423383
            ],
            [
              30.453387000136424,
              59.839154336175554
            ],
            [
              30.453631567290635,
              59.839404839047404
            ],
            [
              30.45387017175483,
              59.839656986845505
            ],
            [
              30.45410605805753,
              59.83990804850678
            ],
            [
              30.454328968822704,
              59.84015639684246
            ],
            [
              30.454553365594528,
              59.84040360244632
            ],
            [
              30.45476970491906,
              59.84065305814963
            ],
            [
              30.454978804136406,
              59.84090378090154
            ],
            [
              30.455182145218195,
              59.841156375512696
            ],
            [
              30.4553813637593,
              59.84140972537122
            ],
            [
              30.455576061512478,
              59.84166116157477
            ],
            [
              30.45576389681825,
              59.84190939414124
            ],
            [
              30.45594199603145,
              59.842157474294275
            ],
            [
              30.456114651916007,
              59.84240437253768
            ],
            [
              30.456277986809628,
              59.84264850868399
            ],
            [
              30.45643536822945,
              59.842890462782854
            ]
          ],
          [
            [
              30.45633474384635,
              59.843002383467535
            ],
            [
              30.45649553802547,
              59.843231020460124
            ],
            [
              30.45666242279645,
              59.84346922145399
            ],
            [
              30.456837845106495,
              59.84370495356861
            ],
            [
              30.456975421732274,
              59.843907170238616
            ],
            [
              30.457179690077172,
              59.8441372391531
            ],
            [
              30.45740329157232,
              59.8443612241192
            ],
            [
              30.457638575700077,
              59.84458073675165
            ],
            [
              30.45788430745823,
              59.84479794689538
            ],
            [
              30.457912922200745,
              59.844978061445055
            ],
            [
              30.458171949647742,
              59.84519539763176
            ],
            [
              30.45836330249698,
              59.84540186332572
            ],
            [
              30.458556718485838,
              59.84560652253472
            ],
            [
              30.458851777210775,
              59.84582226227767
            ],
            [
              30.459068768654248,
              59.846023914847144
            ],
            [
              30.459392713625796,
              59.84623638976736
            ],
            [
              30.459735367158565,
              59.846445306027114
            ],
            [
              30.460104226786843,
              59.84664662487937
            ],
            [
              30.46049918291603,
              59.84683828171067
            ],
            [
              30.46091135912126,
              59.847023150722535
            ],
            [
              30.461339176737358,
              59.847203320617645
            ],
            [
              30.461786161806415,
              59.84737902618477
            ],
            [
              30.462248581553613,
              59.847550498779505
            ],
            [
              30.462721836041855,
              59.847715698847026
            ],
            [
              30.463205476424907,
              59.84787316334207
            ],
            [
              30.463705262905584,
              59.848021321127916
            ],
            [
              30.46421191576612,
              59.848160731306194
            ],
            [
              30.464705634056042,
              59.84829620530668
            ],
            [
              30.465194129398803,
              59.8484278613307
            ],
            [
              30.46567471039825,
              59.84855531042641
            ],
            [
              30.4661409537987,
              59.8486799485261
            ],
            [
              30.466588440135105,
              59.848803234723555
            ],
            [
              30.467020263166102,
              59.8489223072891
            ]
          ],
          [
            [
              30.46039132770118,
              59.847487367235395
            ],
            [
              30.460813598718254,
              59.84760273222313
            ],
            [
              30.461225378710143,
              59.84771520358656
            ],
            [
              30.461622523911874,
              59.84782597378257
            ],
            [
              30.462004985518238,
              59.84793454428965
            ],
            [
              30.462378102122244,
              59.848040836709096
            ],
            [
              30.46274846683024,
              59.848145563461784
            ],
            [
              30.463114826529733,
              59.84824738260189
            ],
            [
              30.46347611808688,
              59.84834457715607
            ],
            [
              30.463832189201916,
              59.84843850855282
            ],
            [
              30.464177437483162,
              59.84853429897387
            ],
            [
              30.464509708577793,
              59.84863387141932
            ],
            [
              30.464833574796394,
              59.848733336804514
            ],
            [
              30.465155220292058,
              59.84882983402951
            ],
            [
              30.46547748301786,
              59.848923534802736
            ],
            [
              30.46580097443782,
              59.84901510329378
            ],
            [
              30.466136038585624,
              59.84910416040966
            ],
            [
              30.46648464509385,
              59.84919242768919
            ],
            [
              30.466854284949324,
              59.84927721309906
            ],
            [
              30.46724182737627,
              59.84936009787796
            ],
            [
              30.467647891532092,
              59.84943839653989
            ],
            [
              30.468070465773685,
              59.84951081322515
            ],
            [
              30.468506744056622,
              59.84957711352907
            ],
            [
              30.468956420038637,
              59.849635893501265
            ],
            [
              30.4694206833664,
              59.8496862319678
            ],
            [
              30.46989498623276,
              59.84972984218004
            ],
            [
              30.470374219540417,
              59.8497664671678
            ],
            [
              30.470855684654637,
              59.84979706665564
            ],
            [
              30.471341562151522,
              59.849822123453855
            ],
            [
              30.471825139280053,
              59.84984385520154
            ],
            [
              30.472302151186184,
              59.849862217495314
            ],
            [
              30.47277278429829,
              59.84988026755622
            ],
            [
              30.47324085522061,
              59.84989949299776
            ],
            [
              30.473705600318304,
              59.84991303842145
            ]
          ],
          [
            [
              30.46159271218157,
              59.847747385092596
            ],
            [
              30.46204435644969,
              59.84776122448212
            ],
            [
              30.462489346839956,
              59.84777421838827
            ],
            [
              30.462928791162252,
              59.84778708144016
            ],
            [
              30.463361707916132,
              59.84780051507088
            ],
            [
              30.463792933893075,
              59.8478108553418
            ],
            [
              30.464247446525356,
              59.84781561294397
            ],
            [
              30.4647218993736,
              59.8478171849305
            ],
            [
              30.46520271618798,
              59.84782369418576
            ],
            [
              30.465698691452626,
              59.847832492725104
            ],
            [
              30.4661983048975,
              59.84784051191345
            ],
            [
              30.466697756552804,
              59.847845943491684
            ],
            [
              30.467191743384298,
              59.84784720541937
            ],
            [
              30.46767682991076,
              59.84784813905952
            ],
            [
              30.468154812767928,
              59.84784848786529
            ],
            [
              30.468627202148763,
              59.84784808189553
            ],
            [
              30.469094543608893,
              59.8478466241969
            ],
            [
              30.469554753322964,
              59.84784838039201
            ],
            [
              30.47000222129965,
              59.84785342407035
            ],
            [
              30.47043845161551,
              59.84785566424813
            ],
            [
              30.470868009791168,
              59.84785244028739
            ],
            [
              30.47129429041803,
              59.847845850672805
            ],
            [
              30.471714778927442,
              59.84784108111444
            ],
            [
              30.472125858171722,
              59.84783922164705
            ],
            [
              30.472529154693884,
              59.84784012739409
            ],
            [
              30.472927582969817,
              59.84784071267321
            ],
            [
              30.47332192201925,
              59.84784160089495
            ],
            [
              30.473711159452783,
              59.847841790311264
            ],
            [
              30.4740963218612,
              59.847839062214405
            ],
            [
              30.474479641534717,
              59.847835178335565
            ],
            [
              30.47486389226891,
              59.847833822513294
            ],
            [
              30.475241491532035,
              59.8478358051296
            ],
            [
              30.47561846112586,
              59.847841307519246
            ],
            [
              30.475998542019045,
              59.847848259302616
            ],
            [
              30.47637743835451,
              59.84785650385672
            ],
            [
              30.476751317440613,
              59.847867351909386
            ],
            [
              30.477116878493764,
              59.84787844816084
            ],
            [
              30.47746994443449,
              59.84789360965463
            ],
            [
              30.477811505735083,
              59.84791400327419
            ],
            [
              30.478142370878153,
              59.84793879577883
            ],
            [
              30.478463394264832,
              59.847967470836956
            ],
            [
              30.478775500317514,
              59.847999635191115
            ],
            [
              30.479076227373653,
              59.8480371666828
            ],
            [
              30.479363351196398,
              59.84807987901017
            ],
            [
              30.47963747532416,
              59.84812505238846
            ],
            [
              30.47990092838318,
              59.84817334640985
            ],
            [
              30.48015344992671,
              59.848225129841126
            ],
            [
              30.480394792427525,
              59.848279994157686
            ],
            [
              30.480630216070644,
              59.84833623858995
            ],
            [
              30.480860302061505,
              59.84839447292033
            ],
            [
              30.481073583667996,
              59.84845572015911
            ],
            [
              30.48127024258279,
              59.84851889688044
            ],
            [
              30.48145529332216,
              59.84858318304083
            ],
            [
              30.48163464349694,
              59.84864876033469
            ],
            [
              30.48181064932522,
              59.84871530610314
            ],
            [
              30.481976786066667,
              59.84878396018889
            ],
            [
              30.48213509823885,
              59.84885261989364
            ],
            [
              30.482291248795825,
              59.84892237328256
            ],
            [
              30.482446448860795,
              59.84899311361112
            ],
            [
              30.482599325366976,
              59.849064035577754
            ],
            [
              30.482751753078716,
              59.84913422399144
            ],
            [
              30.48290764277974,
              59.84920593385444
            ],
            [
              30.48306589926767,
              59.84927965431574
            ],
            [
              30.483222028153637,
              59.8493540564176
            ],
            [
              30.48337754689076,
              59.8494292394767
            ],
            [
              30.4835329860813,
              59.849505031006366
            ],
            [
              30.483688935727987,
              59.84958046030973
            ],
            [
              30.483846202493027,
              59.84965558473925
            ],
            [
              30.48400425736818,
              59.84973176355113
            ],
            [
              30.48416276691598,
              59.849809733348906
            ],
            [
              30.484319856953068,
              59.8498884987493
            ],
            [
              30.484476069607155,
              59.84996640334044
            ],
            [
              30.484633924630252,
              59.85004343573488
            ],
            [
              30.484789345167073,
              59.85012125099373
            ],
            [
              30.48494441970484,
              59.85019851064954
            ],
            [
              30.485097792002726,
              59.85027448911635
            ],
            [
              30.485252837676747,
              59.850349753825896
            ],
            [
              30.485405626477338,
              59.85042592221457
            ],
            [
              30.485557046572836,
              59.85050161749024
            ],
            [
              30.485708053821003,
              59.85057716994231
            ],
            [
              30.485857052120668,
              59.85065240012831
            ],
            [
              30.486002672401234,
              59.850727943215404
            ],
            [
              30.486146253371707,
              59.85080358734747
            ],
            [
              30.48629043265984,
              59.85087917627159
            ],
            [
              30.486434575235872,
              59.85095500598858
            ],
            [
              30.48657944789653,
              59.851029882298924
            ],
            [
              30.486722615981964,
              59.851105256635556
            ],
            [
              30.486865082506693,
              59.85117995922917
            ],
            [
              30.487009027726476,
              59.85125464609947
            ],
            [
              30.48715241427891,
              59.851329776176556
            ],
            [
              30.487293437637977,
              59.85140607914767
            ],
            [
              30.487435062216345,
              59.851480756701726
            ],
            [
              30.48757684505723,
              59.85155467038156
            ],
            [
              30.487719303515238,
              59.85162776114825
            ],
            [
              30.48786274508897,
              59.851699596595296
            ],
            [
              30.48800813365573,
              59.85177045161046
            ],
            [
              30.488156835442147,
              59.85184141720255
            ],
            [
              30.488306094670538,
              59.85191237605834
            ],
            [
              30.488451169163163,
              59.85198244589049
            ],
            [
              30.488595052476075,
              59.852050792498204
            ],
            [
              30.488731004442897,
              59.852121165026446
            ],
            [
              30.488853966591233,
              59.85219486935435
            ],
            [
              30.488968280867955,
              59.85226842913686
            ],
            [
              30.48907991202405,
              59.85234327078295
            ],
            [
              30.489187089556445,
              59.85241902814357
            ],
            [
              30.489284648180288,
              59.85249264797673
            ],
            [
              30.489375604800166,
              59.85256535695489
            ],
            [
              30.489461602864584,
              59.852636200642145
            ],
            [
              30.489541762347777,
              59.852705279708104
            ],
            [
              30.489614600019,
              59.852772064081634
            ],
            [
              30.489680328438013,
              59.852837023923215
            ],
            [
              30.489739175553762,
              59.8529008954053
            ],
            [
              30.489793809454337,
              59.852962899544586
            ],
            [
              30.489844153089802,
              59.85302358576259
            ],
            [
              30.48988979869523,
              59.853082524480584
            ],
            [
              30.489929777365926,
              59.85313886061058
            ],
            [
              30.489963868739547,
              59.85319300392034
            ],
            [
              30.489993035962268,
              59.853245137344786
            ],
            [
              30.490020068348734,
              59.853296660717014
            ],
            [
              30.490044519466977,
              59.85334811252902
            ],
            [
              30.490067657948824,
              59.853399390297284
            ],
            [
              30.490088357972706,
              59.8534496428823
            ],
            [
              30.49010631672822,
              59.85349746789703
            ],
            [
              30.490119719675462,
              59.853538988021704
            ],
            [
              30.490129476759847,
              59.85357444275427
            ],
            [
              30.490137377786418,
              59.85360626465015
            ],
            [
              30.490143166261994,
              59.853635708284145
            ],
            [
              30.490147279908204,
              59.85366347355739
            ],
            [
              30.490149627506483,
              59.853687934087226
            ],
            [
              30.490150502699027,
              59.8537088436993
            ],
            [
              30.49015025758908,
              59.8537255575457
            ],
            [
              30.49014938553088,
              59.85373939827608
            ],
            [
              30.490148165778646,
              59.8537511080438
            ],
            [
              30.490146878011494,
              59.853760438665894
            ],
            [
              30.49014568397764,
              59.85376668928097
            ],
            [
              30.490145404534832,
              59.85376787158394
            ],
            [
              30.490145443817386,
              59.853767743150115
            ],
            [
              30.490145494719386,
              59.85376760292785
            ],
            [
              30.49014550523113,
              59.85376757596049
            ],
            [
              30.490145461083987,
              59.85376768801606
            ],
            [
              30.49014545373427,
              59.853767710492214
            ],
            [
              30.490145437675046,
              59.85376774988115
            ],
            [
              30.49014545278365,
              59.85376771481511
            ],
            [
              30.49014542377554,
              59.85376778452577
            ],
            [
              30.490145520059027,
              59.85376755436061
            ],
            [
              30.49014551107643,
              59.85376757209668
            ],
            [
              30.49014549347383,
              59.85376761051583
            ],
            [
              30.49014548176977,
              59.853767635477055
            ],
            [
              30.4901454077297,
              59.85376779482675
            ],
            [
              30.490145385164613,
              59.853767838911196
            ],
            [
              30.490145486354926,
              59.85376762932967
            ],
            [
              30.49014551412973,
              59.85376757173416
            ],
            [
              30.490145206771032,
              59.85376822769793
            ],
            [
              30.490144907245135,
              59.85376891588569
            ],
            [
              30.49014491436593,
              59.853768893679145
            ],
            [
              30.490144940681045,
              59.85376882788676
            ],
            [
              30.490144950292276,
              59.853768805579406
            ],
            [
              30.490144959035085,
              59.85376878418259
            ],
            [
              30.490144993374276,
              59.85376869989895
            ],
            [
              30.490145006042386,
              59.853768670218535
            ],
            [
              30.490145032862387,
              59.85376860805513
            ],
            [
              30.490145038970912,
              59.85376859408527
            ],
            [
              30.490145054960855,
              59.853768553836126
            ],
            [
              30.490145041982153,
              59.8537685859318
            ],
            [
              30.49014500115423,
              59.85376868892023
            ],
            [
              30.490145012465625,
              59.85376865849389
            ],
            [
              30.490145003131637,
              59.8537686831356
            ],
            [
              30.490144993204808,
              59.85376870730616
            ],
            [
              30.49014494360554,
              59.85376886474725
            ],
            [
              30.49014491530595,
              59.85376896567049
            ],
            [
              30.49014470369879,
              59.85376962465721
            ],
            [
              30.490144547093124,
              59.853770109224065
            ],
            [
              30.490144303335875,
              59.85377086737118
            ],
            [
              30.490144225341915,
              59.85377108637699
            ],
            [
              30.490144153024218,
              59.85377129205978
            ],
            [
              30.490144034446082,
              59.8537716501445
            ],
            [
              30.49014394205971,
              59.85377194361818
            ],
            [
              30.490143945160845,
              59.853771932443756
            ],
            [
              30.490143943851844,
              59.853771936125746
            ],
            [
              30.490143952074703,
              59.853771908058725
            ],
            [
              30.490143614458177,
              59.85377313854083
            ],
            [
              30.490142605981433,
              59.853776950434444
            ],
            [
              30.490141274844387,
              59.85378251513677
            ],
            [
              30.490140019257108,
              59.853789079937656
            ],
            [
              30.490138850021626,
              59.85379514411134
            ],
            [
              30.490137505849283,
              59.85380112512169
            ],
            [
              30.4901359650514,
              59.85380828112457
            ],
            [
              30.49013448312923,
              59.853815864132535
            ],
            [
              30.49013316815588,
              59.85382430508547
            ],
            [
              30.490132154034338,
              59.85383283606696
            ],
            [
              30.490131258911937,
              59.85384205260162
            ],
            [
              30.490130621927378,
              59.85385194508513
            ],
            [
              30.49013041649874,
              59.85386195086083
            ],
            [
              30.490130322311543,
              59.85386847645957
            ],
            [
              30.49013032055553,
              59.853869966564964
            ],
            [
              30.49013032348969,
              59.85386979526015
            ],
            [
              30.490130324754503,
              59.85386964584963
            ],
            [
              30.49013032471179,
              59.85386961233959
            ],
            [
              30.490130327605385,
              59.8538695291717
            ],
            [
              30.490130326247304,
              59.85386955199099
            ],
            [
              30.490130281822626,
              59.85387085414658
            ],
            [
              30.490130228868445,
              59.85387387200954
            ],
            [
              30.49013027317756,
              59.85387853503737
            ],
            [
              30.490130606860074,
              59.85388470765018
            ],
            [
              30.49013120030039,
              59.85389166536585
            ],
            [
              30.490131457954217,
              59.853894312945684
            ],
            [
              30.49013169877838,
              59.8538962187583
            ],
            [
              30.490131948678894,
              59.85389832923072
            ],
            [
              30.49013218829739,
              59.8539000425047
            ],
            [
              30.490132174112652,
              59.85389996160555
            ],
            [
              30.49013219244269,
              59.85390004654526
            ],
            [
              30.49013218075498,
              59.8538999944919
            ],
            [
              30.4901321948727,
              59.85390004598217
            ],
            [
              30.49013218993153,
              59.85390002882159
            ],
            [
              30.490132206364894,
              59.85390010020704
            ],
            [
              30.490132203796005,
              59.85390008823852
            ],
            [
              30.490132213588844,
              59.85390012403005
            ],
            [
              30.49013219265231,
              59.85390004330837
            ],
            [
              30.490132165967907,
              59.85389993670361
            ],
            [
              30.490132130183937,
              59.85389978025397
            ],
            [
              30.490132090358554,
              59.853899582432554
            ],
            [
              30.490132067833247,
              59.853899444916216
            ],
            [
              30.49013206815089,
              59.853899457051
            ],
            [
              30.490132147976457,
              59.85390013434754
            ],
            [
              30.49013220418981,
              59.85390060545794
            ],
            [
              30.490132196054528,
              59.85390052554231
            ],
            [
              30.490132194301896,
              59.853900503165754
            ],
            [
              30.490132220418722,
              59.85390107275437
            ],
            [
              30.490132259256733,
              59.853903064394
            ],
            [
              30.490132255039384,
              59.85390428578756
            ],
            [
              30.49013225518821,
              59.853904624963164
            ],
            [
              30.490132224323553,
              59.85390503347124
            ],
            [
              30.490132025046652,
              59.85390694198921
            ],
            [
              30.49013150687969,
              59.85391106087238
            ],
            [
              30.490130701429262,
              59.85391696721213
            ],
            [
              30.490129706904085,
              59.853922783664075
            ],
            [
              30.490128838164168,
              59.85392794781346
            ],
            [
              30.49012769821271,
              59.85393470778099
            ],
            [
              30.49012611179128,
              59.85394337973697
            ],
            [
              30.49012397206156,
              59.853953961762
            ],
            [
              30.49012094232374,
              59.853967059481874
            ],
            [
              30.490117923141433,
              59.853978783864086
            ],
            [
              30.490115557016498,
              59.85398736684114
            ],
            [
              30.490113808143896,
              59.85399418250885
            ],
            [
              30.490112224955464,
              59.85400038934045
            ],
            [
              30.490110541489162,
              59.8540070691728
            ],
            [
              30.49010988946762,
              59.85400974714779
            ],
            [
              30.490109927946442,
              59.85400960179025
            ],
            [
              30.490109982152383,
              59.854009397868985
            ],
            [
              30.490110016702054,
              59.85400926431581
            ],
            [
              30.490110038695367,
              59.854009174809626
            ],
            [
              30.490110067938343,
              59.854009049489655
            ],
            [
              30.490109892376505,
              59.854009773711226
            ],
            [
              30.490109199713395,
              59.85401255430064
            ],
            [
              30.490108445515574,
              59.85401557338787
            ],
            [
              30.49010772736136,
              59.854018495870896
            ],
            [
              30.490107017704993,
              59.85402124409345
            ],
            [
              30.490106379287717,
              59.85402347228859
            ],
            [
              30.490106027095226,
              59.854024662928595
            ],
            [
              30.490105882256028,
              59.85402519260892
            ],
            [
              30.490105888804816,
              59.85402516689394
            ],
            [
              30.490105987293244,
              59.85402475281902
            ],
            [
              30.490106029127453,
              59.85402456611334
            ],
            [
              30.490106075020268,
              59.85402438794392
            ],
            [
              30.490106104227213,
              59.8540242768749
            ],
            [
              30.490106125117453,
              59.85402418659228
            ],
            [
              30.490106103187053,
              59.85402428544331
            ],
            [
              30.49010586852983,
              59.85402527394579
            ],
            [
              30.49010583709928,
              59.854025407082545
            ],
            [
              30.490105750153994,
              59.854025838788125
            ],
            [
              30.490105172085215,
              59.85402910642868
            ],
            [
              30.49010402659673,
              59.854035747526154
            ],
            [
              30.490102582763576,
              59.85404701220793
            ],
            [
              30.49010068574881,
              59.85406206140151
            ],
            [
              30.490098664377186,
              59.85407993138473
            ],
            [
              30.49009555847238,
              59.85410066504866
            ],
            [
              30.490091942855507,
              59.85412387467253
            ],
            [
              30.490087837493416,
              59.85414970538615
            ],
            [
              30.4900853963485,
              59.8541756954968
            ],
            [
              30.490083851170105,
              59.854201896351874
            ],
            [
              30.490083607790186,
              59.85422805275523
            ],
            [
              30.49008395642681,
              59.8542543198971
            ],
            [
              30.490083381186498,
              59.85428083500098
            ],
            [
              30.490083254923782,
              59.85430622791672
            ],
            [
              30.490084908010648,
              59.854330515153094
            ],
            [
              30.490086770731192,
              59.8543502462573
            ],
            [
              30.49008853617878,
              59.854365267241846
            ],
            [
              30.490090112391233,
              59.854375794087076
            ],
            [
              30.490091410255364,
              59.854382350860206
            ],
            [
              30.490092046118583,
              59.854385538751835
            ],
            [
              30.490092111733727,
              59.85438583003166
            ],
            [
              30.490092063658185,
              59.85438567645748
            ],
            [
              30.490092023344825,
              59.85438555673767
            ],
            [
              30.4900919606129,
              59.85438536485401
            ],
            [
              30.490092029263685,
              59.854385549041766
            ],
            [
              30.490092955365352,
              59.85438802146539
            ],
            [
              30.490093518993508,
              59.85438940993269
            ],
            [
              30.49009385302423,
              59.85439021658363
            ]
          ],
          [
            [
              30.377296909758126,
              59.80760001995908
            ],
            [
              30.377297681729306,
              59.80760157590553
            ],
            [
              30.377297947984488,
              59.80760207831842
            ],
            [
              30.377297939806912,
              59.80760206246789
            ],
            [
              30.377297944771044,
              59.807602068110434
            ],
            [
              30.377298259983785,
              59.80760252327855
            ],
            [
              30.377298278349176,
              59.80760255127385
            ],
            [
              30.37729812836855,
              59.807602372116285
            ],
            [
              30.37729822559829,
              59.80760245966662
            ],
            [
              30.377300320837154,
              59.80760449474487
            ],
            [
              30.37730149013646,
              59.80760561233622
            ],
            [
              30.377301167353696,
              59.80760529848565
            ],
            [
              30.377301141291206,
              59.80760527342863
            ],
            [
              30.3773016815524,
              59.807605826792916
            ],
            [
              30.377303603516914,
              59.80760776888615
            ],
            [
              30.377307390139787,
              59.807611589972105
            ],
            [
              30.37731382570744,
              59.8076179310059
            ],
            [
              30.37732384586582,
              59.807626769091655
            ],
            [
              30.37733745865782,
              59.80763811970909
            ],
            [
              30.37735616459854,
              59.80765290165532
            ],
            [
              30.3773742528561,
              59.807667791913694
            ],
            [
              30.377390828494118,
              59.80768225972947
            ],
            [
              30.37740305565109,
              59.807693351095395
            ],
            [
              30.37741030342454,
              59.80769999891397
            ],
            [
              30.377414152511765,
              59.80770344196658
            ],
            [
              30.377414139309728,
              59.807703420635505
            ],
            [
              30.37741412688149,
              59.8077034095166
            ],
            [
              30.377413977432962,
              59.80770326880747
            ],
            [
              30.37741390270379,
              59.807703199739095
            ],
            [
              30.377413874229592,
              59.80770317152165
            ],
            [
              30.377413815849607,
              59.80770310947303
            ],
            [
              30.377413755187774,
              59.80770304346641
            ],
            [
              30.3774136582818,
              59.807702932522126
            ],
            [
              30.377413563637187,
              59.8077028233774
            ],
            [
              30.37741334730568,
              59.80770257539995
            ],
            [
              30.37741316516255,
              59.80770236356585
            ],
            [
              30.377413067890725,
              59.80770224017968
            ],
            [
              30.37741310666422,
              59.80770229186998
            ],
            [
              30.377413295195243,
              59.80770254025247
            ],
            [
              30.377413348303612,
              59.80770261502155
            ],
            [
              30.37741331267552,
              59.80770256302824
            ],
            [
              30.37741338285533,
              59.80770266814765
            ],
            [
              30.377413361471355,
              59.8077026351086
            ],
            [
              30.377413363199352,
              59.80770264015129
            ],
            [
              30.37741338935033,
              59.80770268761263
            ],
            [
              30.377413600071836,
              59.80770314221181
            ],
            [
              30.377414341503492,
              59.80770475846536
            ],
            [
              30.377416193737865,
              59.807708799199936
            ],
            [
              30.37741788156816,
              59.80771250733844
            ],
            [
              30.377419591879157,
              59.80771657866241
            ],
            [
              30.37742150214024,
              59.807721541387835
            ],
            [
              30.37742328932078,
              59.80772665950264
            ],
            [
              30.37742469978873,
              59.80773083509494
            ],
            [
              30.377424901658607,
              59.80773147931373
            ],
            [
              30.377424820370862,
              59.807731165997744
            ],
            [
              30.377424805838423,
              59.807731098590494
            ],
            [
              30.377424868967854,
              59.80773137825194
            ],
            [
              30.37742487713702,
              59.80773141601031
            ],
            [
              30.37742485548847,
              59.807731331572256
            ],
            [
              30.37742485161572,
              59.80773132367747
            ],
            [
              30.377424875023866,
              59.8077314110507
            ],
            [
              30.37742500799504,
              59.807731858838636
            ],
            [
              30.377425306665547,
              59.80773290928581
            ],
            [
              30.377425317296627,
              59.80773295155645
            ],
            [
              30.377425379120346,
              59.80773313965541
            ],
            [
              30.377425685099986,
              59.80773414558029
            ],
            [
              30.37742617946503,
              59.80773637553497
            ],
            [
              30.37742623907741,
              59.80773671032263
            ],
            [
              30.377426218302542,
              59.807736594389326
            ],
            [
              30.377426187057306,
              59.80773641952604
            ],
            [
              30.377426183603777,
              59.807736400497404
            ],
            [
              30.37742621165785,
              59.80773657072617
            ],
            [
              30.377426349181565,
              59.80773748540781
            ],
            [
              30.37742674488684,
              59.807739907236936
            ],
            [
              30.377427598565585,
              59.80774457578419
            ],
            [
              30.377429092832088,
              59.807751895311085
            ],
            [
              30.37743104186689,
              59.80776145665578
            ],
            [
              30.377433606863644,
              59.807773274024484
            ],
            [
              30.377437980005784,
              59.80779023038733
            ],
            [
              30.37744425614412,
              59.80781093519485
            ],
            [
              30.37745247944814,
              59.80783408961578
            ],
            [
              30.377460684780694,
              59.807857453582116
            ],
            [
              30.377467625351713,
              59.807879851126856
            ],
            [
              30.37747407474659,
              59.80789932861825
            ],
            [
              30.377480625426383,
              59.80791692225902
            ],
            [
              30.37748601066853,
              59.80793254766512
            ],
            [
              30.377490743768593,
              59.807946372782865
            ],
            [
              30.37749500303365,
              59.80795964260066
            ],
            [
              30.377499445461925,
              59.80797288036377
            ],
            [
              30.37750415765237,
              59.8079854794728
            ],
            [
              30.377509338136324,
              59.80799770560173
            ],
            [
              30.377515264438266,
              59.80800977030339
            ],
            [
              30.377522004018697,
              59.80802234469283
            ],
            [
              30.37752998190297,
              59.808035497144054
            ],
            [
              30.37753834069737,
              59.80804881408667
            ],
            [
              30.377546318536112,
              59.80806203049607
            ],
            [
              30.377554398574077,
              59.80807579894216
            ],
            [
              30.377563949174768,
              59.808090290555256
            ],
            [
              30.37757601230137,
              59.80810742680224
            ],
            [
              30.377588853618956,
              59.80812494824198
            ],
            [
              30.37760322525139,
              59.80814377296394
            ],
            [
              30.3776183804618,
              59.80816366129946
            ],
            [
              30.377634184009633,
              59.80818368103922
            ],
            [
              30.377651882655176,
              59.80820486527118
            ],
            [
              30.377670165649526,
              59.80822572756239
            ],
            [
              30.37768612811912,
              59.808243613246574
            ],
            [
              30.37770011195793,
              59.808258449572
            ],
            [
              30.377712691456306,
              59.80827079380555
            ],
            [
              30.377723851800287,
              59.80828123062897
            ],
            [
              30.3777337536353,
              59.80829088367974
            ],
            [
              30.377741868615285,
              59.80829881808647
            ],
            [
              30.377747828440988,
              59.808304467602156
            ],
            [
              30.37775386429566,
              59.80831007973249
            ],
            [
              30.37775891309378,
              59.80831474281057
            ],
            [
              30.377762394431482,
              59.80831788674037
            ],
            [
              30.37776419735976,
              59.80831951041913
            ],
            [
              30.377764239359767,
              59.808319548432436
            ],
            [
              30.37776409621739,
              59.80831942517719
            ],
            [
              30.37776392792356,
              59.80831927666357
            ],
            [
              30.3777637530145,
              59.80831912064554
            ],
            [
              30.37776423222161,
              59.80831956357461
            ],
            [
              30.377765129279666,
              59.80832037846236
            ],
            [
              30.377767060852946,
              59.80832208575109
            ],
            [
              30.37776935598796,
              59.80832406222531
            ],
            [
              30.37777111211341,
              59.808325559087635
            ],
            [
              30.377771609522178,
              59.80832597768456
            ],
            [
              30.377772603776826,
              59.80832684580361
            ],
            [
              30.377773288294254,
              59.808327438749664
            ],
            [
              30.37777324803404,
              59.80832740214121
            ],
            [
              30.37777316359785,
              59.8083273286579
            ],
            [
              30.377773008250465,
              59.80832719574158
            ],
            [
              30.37777277184934,
              59.80832698900146
            ],
            [
              30.377772617902796,
              59.80832685219491
            ],
            [
              30.377772429305697,
              59.80832667541869
            ],
            [
              30.377772326852757,
              59.808326573957025
            ],
            [
              30.377772454349884,
              59.80832671566416
            ],
            [
              30.37777264069035,
              59.808326929286494
            ],
            [
              30.377773606758765,
              59.80832810720894
            ],
            [
              30.377773900211338,
              59.80832849240434
            ],
            [
              30.37777380287438,
              59.808328347642565
            ],
            [
              30.377773762441656,
              59.80832828128697
            ],
            [
              30.377773701039796,
              59.808328175809436
            ],
            [
              30.377773644656816,
              59.80832807080286
            ],
            [
              30.37777378849413,
              59.808328340693805
            ],
            [
              30.37777393232319,
              59.80832862290727
            ],
            [
              30.377773880752127,
              59.808328502573374
            ],
            [
              30.377773850753098,
              59.80832841475929
            ],
            [
              30.377773800335255,
              59.80832824643997
            ],
            [
              30.377773801988038,
              59.80832825354299
            ],
            [
              30.377773785021713,
              59.80832818544213
            ],
            [
              30.377773767904774,
              59.808328108451555
            ],
            [
              30.377773757444267,
              59.808328050188464
            ],
            [
              30.377773778494362,
              59.80832821155048
            ],
            [
              30.377773770768215,
              59.80832812654666
            ],
            [
              30.377773768727582,
              59.808327999512024
            ],
            [
              30.377773776074342,
              59.80832789679122
            ],
            [
              30.37777377752622,
              59.80832787709138
            ],
            [
              30.37777380828075,
              59.80832774362038
            ],
            [
              30.377773828201246,
              59.80832766598233
            ],
            [
              30.377773852917272,
              59.808327577895255
            ],
            [
              30.377773915992233,
              59.80832737662979
            ],
            [
              30.377773951591255,
              59.80832727268987
            ],
            [
              30.377773939250726,
              59.808327293940394
            ],
            [
              30.3777739742173,
              59.80832721558822
            ],
            [
              30.377773797625117,
              59.80832757388801
            ],
            [
              30.377773762395247,
              59.80832764876972
            ],
            [
              30.37777340074287,
              59.80832829033038
            ],
            [
              30.37777334083624,
              59.80832839584302
            ],
            [
              30.377773116039265,
              59.8083287697552
            ],
            [
              30.37777280967031,
              59.808329252787296
            ],
            [
              30.377772610337917,
              59.808329535558975
            ],
            [
              30.377772652394384,
              59.80832947870758
            ],
            [
              30.377772413667053,
              59.80832977439629
            ],
            [
              30.377772376410633,
              59.80832982119871
            ],
            [
              30.377772452999704,
              59.80832973483285
            ],
            [
              30.377772445213772,
              59.80832974400931
            ],
            [
              30.377772255535533,
              59.80832993290738
            ],
            [
              30.377772306181104,
              59.80832988339587
            ],
            [
              30.377772476278636,
              59.80832973809904
            ],
            [
              30.377772521008666,
              59.808329701969924
            ],
            [
              30.377772678676457,
              59.80832959069712
            ],
            [
              30.377772888901536,
              59.8083294517639
            ],
            [
              30.377773085562044,
              59.80832932305168
            ],
            [
              30.377773227133638,
              59.80832923451505
            ],
            [
              30.377773632201905,
              59.808328996948475
            ],
            [
              30.37777388484508,
              59.80832885284135
            ],
            [
              30.377773978245735,
              59.808328803124944
            ],
            [
              30.377774161445245,
              59.80832870584422
            ],
            [
              30.377774246242343,
              59.80832866276789
            ],
            [
              30.377774448237272,
              59.80832856381218
            ],
            [
              30.377774099400522,
              59.80832872460721
            ],
            [
              30.377774313559566,
              59.80832863124745
            ],
            [
              30.377774529878415,
              59.80832853802631
            ],
            [
              30.37777484286279,
              59.808328412112395
            ],
            [
              30.37777500635134,
              59.80832835118362
            ],
            [
              30.37777516691018,
              59.808328294766795
            ],
            [
              30.377775431595133,
              59.80832820582435
            ],
            [
              30.37777554050213,
              59.80832817213318
            ],
            [
              30.377775510759175,
              59.80832818105576
            ],
            [
              30.37777567138342,
              59.80832813496311
            ],
            [
              30.37777585479844,
              59.80832808274398
            ],
            [
              30.377776152993686,
              59.8083279956467
            ],
            [
              30.377776455248494,
              59.80832790984252
            ],
            [
              30.37777688494421,
              59.80832778957323
            ],
            [
              30.377777332580617,
              59.808327663166374
            ],
            [
              30.37777741722511,
              59.8083276385279
            ],
            [
              30.377777271356376,
              59.80832768048545
            ],
            [
              30.37777731018956,
              59.808327669394714
            ],
            [
              30.37777759428219,
              59.8083275919774
            ],
            [
              30.377777799906372,
              59.80832753620467
            ],
            [
              30.377776675036063,
              59.80832783110639
            ],
            [
              30.377771966429513,
              59.80832908404255
            ],
            [
              30.377763817612383,
              59.80833131055087
            ],
            [
              30.37775191842905,
              59.808334635330326
            ],
            [
              30.377736336424313,
              59.80833900669295
            ],
            [
              30.37771708443395,
              59.80834438813875
            ],
            [
              30.37769665118565,
              59.808350103081224
            ],
            [
              30.377674766476332,
              59.80835622586411
            ],
            [
              30.377652639552853,
              59.80836251287506
            ],
            [
              30.377629337673703,
              59.80836892220459
            ],
            [
              30.377611773256543,
              59.808373853447385
            ],
            [
              30.377602410321852,
              59.80837645169255
            ],
            [
              30.377598802343105,
              59.80837745505293
            ],
            [
              30.3775988264349,
              59.80837744973739
            ],
            [
              30.377599069554325,
              59.80837738465827
            ],
            [
              30.377599253630258,
              59.808377334272166
            ],
            [
              30.37759942925044,
              59.80837728635194
            ],
            [
              30.377599591804596,
              59.80837724169197
            ],
            [
              30.377599692644797,
              59.808377213169976
            ],
            [
              30.377598842583545,
              59.808377447328375
            ],
            [
              30.377595792311862,
              59.80837828418738
            ],
            [
              30.377591851098256,
              59.808379357218726
            ],
            [
              30.377586040050357,
              59.808380967843526
            ],
            [
              30.37757466985559,
              59.808383968516154
            ],
            [
              30.377559227550716,
              59.8083878904407
            ],
            [
              30.37754567953629,
              59.808391184852034
            ],
            [
              30.37753407937661,
              59.808393868378396
            ],
            [
              30.377524075913065,
              59.80839606512927
            ],
            [
              30.37751508868561,
              59.8083979988035
            ],
            [
              30.377508448397002,
              59.80839940322073
            ],
            [
              30.377503930445968,
              59.80840029259821
            ],
            [
              30.37749893616366,
              59.80840122060629
            ],
            [
              30.37749086159065,
              59.808402654468296
            ],
            [
              30.377480718410904,
              59.808404365046314
            ],
            [
              30.37746928280868,
              59.80840620344308
            ],
            [
              30.377457247958112,
              59.808407972538745
            ],
            [
              30.3774453047232,
              59.80840953060647
            ],
            [
              30.37743336768514,
              59.80841098107383
            ],
            [
              30.37742120776259,
              59.808412360096256
            ],
            [
              30.377411841776482,
              59.80841331567013
            ],
            [
              30.37740604764813,
              59.80841389095771
            ],
            [
              30.377403065816374,
              59.80841418866375
            ],
            [
              30.377402693953577,
              59.808414225861924
            ],
            [
              30.377402931345156,
              59.80841420275095
            ],
            [
              30.377402976605957,
              59.80841419877548
            ],
            [
              30.37740088671526,
              59.80841439258187
            ],
            [
              30.37739793116107,
              59.808414690498935
            ],
            [
              30.3773950284463,
              59.80841501213777
            ],
            [
              30.37739461467479,
              59.80841505806016
            ],
            [
              30.37739515691777,
              59.808415007491455
            ],
            [
              30.37739553009988,
              59.80841497465841
            ],
            [
              30.377396128875855,
              59.808414921340216
            ],
            [
              30.377396236681882,
              59.80841491099075
            ],
            [
              30.37739630407817,
              59.80841490429394
            ],
            [
              30.377396738939666,
              59.80841486043145
            ],
            [
              30.377397129688667,
              59.80841482291819
            ],
            [
              30.377397555249118,
              59.80841477811425
            ],
            [
              30.377398067566148,
              59.8084147192097
            ],
            [
              30.37739897804675,
              59.80841460630491
            ],
            [
              30.377400439349284,
              59.80841443094828
            ],
            [
              30.377402123431935,
              59.80841420220084
            ],
            [
              30.377403927045094,
              59.808413938927394
            ],
            [
              30.377404796513694,
              59.80841379633054
            ],
            [
              30.377401225182485,
              59.8084144576517
            ],
            [
              30.377385253381487,
              59.80841756689719
            ],
            [
              30.377355390104,
              59.80842357920235
            ],
            [
              30.377311178595896,
              59.80843261166782
            ],
            [
              30.37725235544323,
              59.80844485204247
            ],
            [
              30.377177599117907,
              59.80846068165464
            ],
            [
              30.377085639053288,
              59.80848175505254
            ],
            [
              30.37697863728915,
              59.80850810485964
            ],
            [
              30.376859184657377,
              59.80853933877782
            ],
            [
              30.376733615069366,
              59.80857440577876
            ],
            [
              30.376603563629647,
              59.808611557534405
            ],
            [
              30.37647253291286,
              59.808649368877724
            ],
            [
              30.376344477273292,
              59.80868698022617
            ],
            [
              30.376225714166267,
              59.80872341639159
            ],
            [
              30.376117994346775,
              59.80875794172074
            ],
            [
              30.37601825121947,
              59.80879076479397
            ],
            [
              30.375923641035005,
              59.80882247823917
            ],
            [
              30.37583397058734,
              59.808853386419536
            ],
            [
              30.37575201572408,
              59.808881534912835
            ],
            [
              30.375677143270018,
              59.80890719291522
            ],
            [
              30.37560597578316,
              59.80893197611674
            ],
            [
              30.375538459333548,
              59.80895576274415
            ],
            [
              30.375477688929006,
              59.80897736659006
            ],
            [
              30.375423156604693,
              59.80899814901619
            ],
            [
              30.37537225289428,
              59.80901859027623
            ],
            [
              30.375325784306757,
              59.80903708122814
            ],
            [
              30.375284156112226,
              59.80905339938522
            ],
            [
              30.375246910850283,
              59.80906761776543
            ],
            [
              30.37521515063113,
              59.80907980799656
            ],
            [
              30.375187857260745,
              59.80909047286436
            ],
            [
              30.375164802184738,
              59.8090998566043
            ],
            [
              30.375145351051746,
              59.80910831379068
            ],
            [
              30.37512992227837,
              59.80911565600142
            ],
            [
              30.375119540258527,
              59.809121522530944
            ],
            [
              30.375114980744982,
              59.80912470525672
            ],
            [
              30.375114521125163,
              59.80912509012844
            ],
            [
              30.375114603003677,
              59.80912498824136
            ],
            [
              30.375114599064343,
              59.80912498847308
            ],
            [
              30.37511461084889,
              59.809124890692296
            ],
            [
              30.375114604225583,
              59.80912478657376
            ],
            [
              30.375114586226676,
              59.80912466112268
            ],
            [
              30.375114577004556,
              59.80912456474924
            ],
            [
              30.375114569912977,
              59.80912437024138
            ],
            [
              30.375114574472942,
              59.809124320127296
            ],
            [
              30.375114537002446,
              59.80912444109898
            ],
            [
              30.375114595995743,
              59.80912434063677
            ],
            [
              30.375114526145246,
              59.80912441352443
            ],
            [
              30.3751144851258,
              59.80912444855802
            ],
            [
              30.375114590131666,
              59.80912438940959
            ],
            [
              30.375114704659605,
              59.80912434088738
            ],
            [
              30.37511505524679,
              59.809124223827695
            ],
            [
              30.375115513649508,
              59.80912411640467
            ],
            [
              30.375116117101836,
              59.80912402286655
            ],
            [
              30.375116774041732,
              59.80912397219855
            ],
            [
              30.37511756909734,
              59.80912395180254
            ],
            [
              30.37511845908099,
              59.809123983998276
            ],
            [
              30.375119319151263,
              59.80912408589198
            ],
            [
              30.375120060667037,
              59.80912422675537
            ],
            [
              30.37512054861224,
              59.80912435209544
            ],
            [
              30.37512104507385,
              59.809124522834836
            ],
            [
              30.375121492144732,
              59.80912470752181
            ],
            [
              30.3751219458885,
              59.809124892388446
            ],
            [
              30.375122304842385,
              59.80912503351518
            ],
            [
              30.375122646181996,
              59.809125161215725
            ],
            [
              30.37512300946131,
              59.80912529596516
            ],
            [
              30.375123356699554,
              59.80912542926546
            ],
            [
              30.375123649654995,
              59.80912554376884
            ],
            [
              30.37512397347276,
              59.80912566907285
            ],
            [
              30.375124252505273,
              59.80912577686427
            ],
            [
              30.37512490306552,
              59.80912603015002
            ],
            [
              30.375125804039502,
              59.809126382767175
            ],
            [
              30.375126429925857,
              59.80912662817581
            ],
            [
              30.375127044218928,
              59.80912686488716
            ],
            [
              30.37512834175782,
              59.80912734103804
            ],
            [
              30.37512880204106,
              59.80912749881221
            ],
            [
              30.375128797325452,
              59.80912749773839
            ],
            [
              30.3751287844146,
              59.80912749392227
            ],
            [
              30.375128871315237,
              59.809127516999496
            ],
            [
              30.375129012349205,
              59.809127549067654
            ],
            [
              30.37512878836679,
              59.80912750192358
            ],
            [
              30.37512932683326,
              59.809127602798114
            ],
            [
              30.37512997667498,
              59.80912771771942
            ],
            [
              30.375130622585697,
              59.80912782463939
            ],
            [
              30.375131120171435,
              59.80912789264887
            ],
            [
              30.375131381150645,
              59.8091279191733
            ],
            [
              30.37513357777281,
              59.80912809549105
            ],
            [
              30.375135968437984,
              59.80912825783895
            ],
            [
              30.375137662566516,
              59.809128374359105
            ],
            [
              30.37513825729411,
              59.80912841405939
            ],
            [
              30.375138387152457,
              59.80912842097283
            ],
            [
              30.375137369437713,
              59.80912839869448
            ],
            [
              30.375137749720675,
              59.80912839956998
            ],
            [
              30.375138637882547,
              59.8091284010979
            ],
            [
              30.375137834656012,
              59.80912839266947
            ],
            [
              30.375131645298843,
              59.80912837830671
            ],
            [
              30.375123100647276,
              59.80912843485431
            ],
            [
              30.375113404818418,
              59.80912856265242
            ],
            [
              30.37510300720376,
              59.80912886049507
            ],
            [
              30.375093660585552,
              59.80912922064258
            ],
            [
              30.375085640723807,
              59.809129604885804
            ],
            [
              30.375079035093094,
              59.80912999856388
            ],
            [
              30.37507155896489,
              59.80913049085616
            ],
            [
              30.375062584890003,
              59.8091311345679
            ],
            [
              30.375054844042833,
              59.80913171031486
            ],
            [
              30.37504956226873,
              59.80913205577306
            ],
            [
              30.375047805584906,
              59.809132139928096
            ],
            [
              30.37504765769279,
              59.809132146763844
            ],
            [
              30.375047514837693,
              59.80913215321409
            ],
            [
              30.375046232216345,
              59.809132215315614
            ],
            [
              30.37504574119238,
              59.8091322413282
            ],
            [
              30.375045763171716,
              59.80913224022113
            ],
            [
              30.37504470744339,
              59.80913228632284
            ],
            [
              30.37504038095758,
              59.80913248874632
            ],
            [
              30.375033322276114,
              59.8091328376127
            ],
            [
              30.375017348007887,
              59.80913373495038
            ],
            [
              30.37499195021956,
              59.80913520477453
            ],
            [
              30.374962004084725,
              59.80913701132644
            ],
            [
              30.374928768205894,
              59.8091389941079
            ],
            [
              30.37489002314246,
              59.80914118222031
            ],
            [
              30.374843408733007,
              59.80914339795055
            ],
            [
              30.374790287106663,
              59.80914564477206
            ],
            [
              30.3747321653482,
              59.809147999845536
            ],
            [
              30.374670321167507,
              59.80915088233223
            ],
            [
              30.374612074470587,
              59.809153818885946
            ],
            [
              30.374565857199762,
              59.80915636836515
            ],
            [
              30.374528524824516,
              59.8091584282844
            ],
            [
              30.374493508152113,
              59.809160247604865
            ],
            [
              30.37445830363997,
              59.80916208420933
            ],
            [
              30.374423241384836,
              59.80916366932335
            ],
            [
              30.374385596005176,
              59.809165190162055
            ],
            [
              30.374347495784082,
              59.80916698903864
            ],
            [
              30.374315154433685,
              59.80916882519533
            ],
            [
              30.374296290717687,
              59.809170028351105
            ],
            [
              30.374294970012894,
              59.809170111932566
            ],
            [
              30.374295008315432,
              59.80917010925603
            ],
            [
              30.374290821460264,
              59.8091703462087
            ],
            [
              30.374280243520438,
              59.80917099004332
            ],
            [
              30.37426657393408,
              59.80917187117431
            ],
            [
              30.374253294651925,
              59.809172748317934
            ],
            [
              30.374239583765227,
              59.80917371571454
            ],
            [
              30.374221244482648,
              59.80917496834856
            ],
            [
              30.37419650750404,
              59.80917648875535
            ],
            [
              30.374167000686707,
              59.80917816220779
            ],
            [
              30.37413507929504,
              59.809179976729176
            ],
            [
              30.374101605299938,
              59.80918189868242
            ],
            [
              30.374073531981534,
              59.809183586052576
            ],
            [
              30.37405400024554,
              59.80918486130385
            ],
            [
              30.374044869272996,
              59.80918549232987
            ],
            [
              30.374043232249942,
              59.809185609876984
            ],
            [
              30.374042007067718,
              59.809185692059025
            ],
            [
              30.374038879703214,
              59.80918590599845
            ],
            [
              30.374039059684215,
              59.80918589377045
            ],
            [
              30.374038195569483,
              59.809185948751384
            ],
            [
              30.37402849590265,
              59.809186601427825
            ],
            [
              30.37400773384039,
              59.80918792967929
            ],
            [
              30.373973468984108,
              59.80919013893029
            ],
            [
              30.37392344620427,
              59.80919357994921
            ],
            [
              30.373863415847474,
              59.809197529657425
            ],
            [
              30.373795266931335,
              59.80920242624636
            ],
            [
              30.373722784588335,
              59.80920782878222
            ],
            [
              30.373656613636065,
              59.80921258609511
            ],
            [
              30.373602294037337,
              59.80921611940665
            ],
            [
              30.373558221397385,
              59.8092190250361
            ],
            [
              30.37352446597175,
              59.80922152545376
            ],
            [
              30.373501828570824,
              59.80922312007551
            ],
            [
              30.373489862174722,
              59.8092239252578
            ],
            [
              30.373487356573058,
              59.809224091821996
            ],
            [
              30.373487337164708,
              59.80922409343378
            ],
            [
              30.37348803880088,
              59.80922404142659
            ],
            [
              30.3734886455113,
              59.80922399573701
            ],
            [
              30.37348910370597,
              59.809223963392675
            ],
            [
              30.373486042575625,
              59.80922422928499
            ],
            [
              30.373476711276002,
              59.80922504886722
            ],
            [
              30.37346145447625,
              59.80922637439612
            ],
            [
              30.373440787396472,
              59.80922818122599
            ],
            [
              30.37342732744715,
              59.80922933154382
            ],
            [
              30.37341869780559,
              59.80923010788204
            ],
            [
              30.373410074713377,
              59.809230904716365
            ],
            [
              30.373401911763217,
              59.809231654662035
            ],
            [
              30.373392381238087,
              59.809232488623756
            ],
            [
              30.373380291430344,
              59.809233514257706
            ],
            [
              30.37336364609947,
              59.80923489229059
            ],
            [
              30.373353579058982,
              59.809235757354834
            ],
            [
              30.37335358292488,
              59.80923575594411
            ],
            [
              30.37335241699389,
              59.8092358642288
            ],
            [
              30.3733484086657,
              59.80923621789843
            ],
            [
              30.373335033301,
              59.80923737314908
            ],
            [
              30.373309779681694,
              59.809239626951424
            ],
            [
              30.37327056144367,
              59.80924299385544
            ],
            [
              30.37321728833338,
              59.80924749258553
            ],
            [
              30.373152062083165,
              59.80925264149253
            ],
            [
              30.373075180773363,
              59.80925915488481
            ],
            [
              30.37298817973563,
              59.80926668466416
            ],
            [
              30.3728989988482,
              59.80927229987635
            ],
            [
              30.372805377719803,
              59.80927732639983
            ],
            [
              30.37270638724037,
              59.80928603146185
            ],
            [
              30.372606384030796,
              59.80929575591456
            ],
            [
              30.37251039645331,
              59.80930563932081
            ],
            [
              30.37241751555604,
              59.809314972956834
            ],
            [
              30.37232699071386,
              59.80932490460483
            ],
            [
              30.372239665475348,
              59.80933482817557
            ],
            [
              30.372155309838508,
              59.809344310566416
            ],
            [
              30.372074741304985,
              59.80935380999762
            ],
            [
              30.371996023622415,
              59.809364024543335
            ],
            [
              30.371922007235227,
              59.80937392374208
            ],
            [
              30.371851974917554,
              59.80938330184563
            ],
            [
              30.371782391445638,
              59.80939295747541
            ],
            [
              30.371713087378772,
              59.80940272548511
            ],
            [
              30.371644348337973,
              59.80941357189003
            ],
            [
              30.371577437081147,
              59.809424444681945
            ],
            [
              30.371511859664214,
              59.80943531218938
            ],
            [
              30.371451915338472,
              59.80944531078872
            ],
            [
              30.37140201990827,
              59.80945411288797
            ],
            [
              30.371351420292694,
              59.80946330193655
            ],
            [
              30.371300104822634,
              59.80947281216542
            ],
            [
              30.371250697683028,
              59.809481964686704
            ],
            [
              30.371204342429454,
              59.80949084777484
            ]
          ],
          [
            [
              30.444658185096444,
              59.990100858841565
            ],
            [
              30.444288631526,
              59.99014540938489
            ],
            [
              30.44392432309903,
              59.9901887664028
            ],
            [
              30.443565796406588,
              59.99023655471282
            ],
            [
              30.443219998257984,
              59.99028251262621
            ],
            [
              30.44289701303759,
              59.990331356242145
            ],
            [
              30.44260737333112,
              59.99037151480086
            ],
            [
              30.44232357796536,
              59.99041228516562
            ],
            [
              30.44204436588991,
              59.99045157260096
            ],
            [
              30.441765033014693,
              59.990489328581944
            ],
            [
              30.441486317121118,
              59.990525764634874
            ],
            [
              30.441206091051598,
              59.99056233195193
            ],
            [
              30.440919432586508,
              59.99060066926256
            ],
            [
              30.440619971766463,
              59.99063908581992
            ],
            [
              30.440308601039494,
              59.990678090763964
            ],
            [
              30.439986859317422,
              59.9907178357626
            ],
            [
              30.43966600353572,
              59.990758764772394
            ],
            [
              30.439349498211627,
              59.99079903892568
            ],
            [
              30.439033199341335,
              59.990839513210304
            ],
            [
              30.438711046528756,
              59.990880443186136
            ]
          ],
          [
            [
              30.43813822982493,
              59.99090628074683
            ],
            [
              30.437950001477304,
              59.9909388513177
            ],
            [
              30.4377483268996,
              59.990973668767815
            ],
            [
              30.43750131807931,
              59.99101346921533
            ],
            [
              30.437183060419212,
              59.99102477052987
            ],
            [
              30.436862277426417,
              59.99101450936498
            ],
            [
              30.436550849239588,
              59.99098547820109
            ],
            [
              30.436260376144606,
              59.99094040106218
            ],
            [
              30.43599164201136,
              59.99087724014195
            ],
            [
              30.435743962008928,
              59.99079851792153
            ]
          ],
          [
            [
              30.435294280546767,
              59.99133889332042
            ],
            [
              30.434988138984647,
              59.99138988753954
            ],
            [
              30.43468233376413,
              59.9914398460112
            ],
            [
              30.43439179332183,
              59.99151218543465
            ],
            [
              30.43408914890052,
              59.991573422987116
            ],
            [
              30.433785447116673,
              59.991636936829664
            ],
            [
              30.433477302518437,
              59.99170141663459
            ],
            [
              30.43316252345448,
              59.991768830207
            ],
            [
              30.432844611290193,
              59.991839246237035
            ],
            [
              30.432529425619602,
              59.99191071395055
            ],
            [
              30.43222232808939,
              59.991984214725164
            ],
            [
              30.43192317799981,
              59.99205665326214
            ],
            [
              30.43162174491004,
              59.9921279782879
            ],
            [
              30.431318572095826,
              59.99219741791076
            ],
            [
              30.431008068266,
              59.99227248568729
            ],
            [
              30.4306230868344,
              59.992372436737575
            ],
            [
              30.43029227516241,
              59.99246637457554
            ],
            [
              30.429980712311945,
              59.99254647966818
            ],
            [
              30.4296602942154,
              59.99263353812119
            ],
            [
              30.42934156610493,
              59.992722511329426
            ],
            [
              30.429026200405872,
              59.992809073114664
            ],
            [
              30.428711050096346,
              59.992895052867354
            ],
            [
              30.42839647644035,
              59.99298037982892
            ],
            [
              30.428083903061964,
              59.99306466649643
            ],
            [
              30.427771435784667,
              59.99314565148613
            ],
            [
              30.427453821082782,
              59.99322394842934
            ],
            [
              30.427132346268788,
              59.993300200177146
            ],
            [
              30.426805338860618,
              59.99337338208253
            ],
            [
              30.42647721478987,
              59.993442117663356
            ],
            [
              30.426144931702627,
              59.99350679658809
            ],
            [
              30.42581481071434,
              59.99356653148861
            ],
            [
              30.425487294298144,
              59.9936228160789
            ],
            [
              30.425165017936013,
              59.993673756460886
            ],
            [
              30.424841310172347,
              59.99372001212628
            ],
            [
              30.424510757973493,
              59.993765486445454
            ],
            [
              30.42417941770889,
              59.99380614380269
            ],
            [
              30.423853283515225,
              59.993839846773575
            ],
            [
              30.423536054920206,
              59.99386722222629
            ],
            [
              30.42324842326268,
              59.99388962357622
            ],
            [
              30.422989786148875,
              59.9939095428135
            ],
            [
              30.422734188655518,
              59.99392881277947
            ],
            [
              30.4224831020762,
              59.99394759683725
            ],
            [
              30.422241589374583,
              59.993964802443436
            ],
            [
              30.42200134894019,
              59.99398094415493
            ],
            [
              30.42175932870593,
              59.99399753178116
            ],
            [
              30.421533171413465,
              59.994014406992406
            ],
            [
              30.421330773549965,
              59.99403112134851
            ],
            [
              30.42113511696212,
              59.99404648936692
            ],
            [
              30.42094646885453,
              59.99406020827682
            ],
            [
              30.42076524827758,
              59.994073087969355
            ],
            [
              30.420607078277737,
              59.99408414367233
            ],
            [
              30.420473564628203,
              59.99409310712132
            ],
            [
              30.420345158209237,
              59.99410120071991
            ],
            [
              30.4202110850867,
              59.99410710593023
            ],
            [
              30.42005529376772,
              59.99410961227394
            ],
            [
              30.419868686620386,
              59.99411201228181
            ],
            [
              30.41966312762946,
              59.994121169964004
            ],
            [
              30.419436053282944,
              59.99413899282837
            ],
            [
              30.419191687157895,
              59.99415481564805
            ],
            [
              30.418936558796737,
              59.99417250088958
            ],
            [
              30.418673766292578,
              59.99419077312177
            ],
            [
              30.418413406202323,
              59.99420949011082
            ],
            [
              30.418156667046667,
              59.99423006324486
            ],
            [
              30.417898030844956,
              59.99425268464128
            ],
            [
              30.4176267961313,
              59.994278634776535
            ],
            [
              30.417343717501787,
              59.994308108596144
            ],
            [
              30.41705285127286,
              59.9943361849072
            ],
            [
              30.416761091079458,
              59.99436050655283
            ],
            [
              30.41645912324829,
              59.99438348472647
            ],
            [
              30.416142933881574,
              59.99440748221913
            ],
            [
              30.415823930165782,
              59.994432968123306
            ],
            [
              30.41550182913419,
              59.994457681819995
            ],
            [
              30.415177331690078,
              59.99448438948577
            ],
            [
              30.414850163839013,
              59.99451145837557
            ],
            [
              30.41452292126212,
              59.99453675132235
            ],
            [
              30.414207227820103,
              59.99455973965366
            ],
            [
              30.413896855518125,
              59.99458158417146
            ],
            [
              30.41358970975899,
              59.99460386869279
            ],
            [
              30.413294866098507,
              59.994625367399394
            ],
            [
              30.41300590014208,
              59.99464570454838
            ],
            [
              30.412724507622787,
              59.99466442313478
            ],
            [
              30.412446276499594,
              59.99468173562405
            ],
            [
              30.412171871705,
              59.99469836034061
            ],
            [
              30.411898531290134,
              59.994714709723546
            ],
            [
              30.41162272274733,
              59.994731304032896
            ],
            [
              30.411350125501517,
              59.994747191394396
            ],
            [
              30.411082417636354,
              59.99476302532789
            ],
            [
              30.410816671927442,
              59.99477774877905
            ],
            [
              30.410561468482175,
              59.99479276480998
            ],
            [
              30.41031712277139,
              59.99480756709781
            ],
            [
              30.41007660157933,
              59.99482169644358
            ],
            [
              30.409841601312163,
              59.99483504166639
            ],
            [
              30.409614511063367,
              59.99484783275839
            ],
            [
              30.409411342236254,
              59.994860060791076
            ],
            [
              30.409236351163102,
              59.99486996703704
            ],
            [
              30.409095597556394,
              59.99487744790074
            ],
            [
              30.408978431795997,
              59.99488336197775
            ],
            [
              30.40886003401568,
              59.994889006743556
            ],
            [
              30.408738845498043,
              59.99489452050333
            ],
            [
              30.40862916853583,
              59.99489943647589
            ],
            [
              30.40854660645891,
              59.9949028883365
            ],
            [
              30.408477565563448,
              59.994905642260974
            ],
            [
              30.408417467305355,
              59.99490804161345
            ],
            [
              30.40836400840912,
              59.99491034513598
            ],
            [
              30.408318655132497,
              59.99491211629493
            ],
            [
              30.408281858660352,
              59.99491334798591
            ],
            [
              30.40825765106981,
              59.99491380870406
            ],
            [
              30.408241995301545,
              59.99491367725315
            ],
            [
              30.408239871538996,
              59.994913281190165
            ],
            [
              30.408244673649822,
              59.99491265862188
            ],
            [
              30.408244644033026,
              59.99491224659362
            ],
            [
              30.4082309238863,
              59.9949126118897
            ],
            [
              30.4082054118772,
              59.99491416837058
            ],
            [
              30.40816369132694,
              59.99491726752486
            ],
            [
              30.40810803998873,
              59.99492273920048
            ],
            [
              30.408032886521042,
              59.994929199045544
            ],
            [
              30.40794235972456,
              59.994936037710474
            ],
            [
              30.407838088707308,
              59.99494318096549
            ],
            [
              30.407723717727972,
              59.99495037384193
            ],
            [
              30.4075938853074,
              59.994958451573766
            ],
            [
              30.40744746892119,
              59.994967315283596
            ],
            [
              30.40728234764326,
              59.99497714445355
            ],
            [
              30.407069583439537,
              59.99498871851702
            ],
            [
              30.40685251619482,
              59.9949992667938
            ],
            [
              30.40662839482763,
              59.99500762307954
            ],
            [
              30.406396114192546,
              59.99501260980966
            ],
            [
              30.406151853528325,
              59.995013812836746
            ],
            [
              30.405897923838488,
              59.995012483256666
            ],
            [
              30.40563343391529,
              59.99500850285473
            ],
            [
              30.405362072065923,
              59.99500313322262
            ],
            [
              30.405092145139943,
              59.99499771199711
            ],
            [
              30.404825041121295,
              59.994992031898256
            ],
            [
              30.404557220254713,
              59.99498626427239
            ],
            [
              30.40428905598117,
              59.99497960293504
            ],
            [
              30.40401882844697,
              59.99497271713483
            ],
            [
              30.403746660115665,
              59.99496593246391
            ],
            [
              30.403476954294348,
              59.99495968031562
            ],
            [
              30.40320805713736,
              59.99495401237089
            ],
            [
              30.402945075467123,
              59.994947148576614
            ],
            [
              30.402686862445595,
              59.99494100947442
            ],
            [
              30.40243042776345,
              59.9949348678407
            ],
            [
              30.402179218247355,
              59.99492785744893
            ],
            [
              30.40193319281076,
              59.99492120766568
            ],
            [
              30.401688575921288,
              59.994914786766344
            ],
            [
              30.401442785271968,
              59.99490809845616
            ],
            [
              30.40120482477917,
              59.99490140428892
            ],
            [
              30.40098389909144,
              59.994894538993265
            ],
            [
              30.400789374395682,
              59.99488940865627
            ],
            [
              30.400614764599272,
              59.99488489483599
            ],
            [
              30.400445700528177,
              59.99488069227392
            ],
            [
              30.400278720878408,
              59.99487649371174
            ],
            [
              30.400108978459233,
              59.99487197374167
            ],
            [
              30.399930430979595,
              59.994868211167315
            ],
            [
              30.399740084931604,
              59.994863998963844
            ],
            [
              30.399541137404388,
              59.99485897578328
            ],
            [
              30.399326857691968,
              59.994852721580465
            ],
            [
              30.39909695629406,
              59.99484681835539
            ],
            [
              30.398856431227145,
              59.99483997883973
            ],
            [
              30.39860666630215,
              59.99483258931632
            ],
            [
              30.398346902127972,
              59.99482565825386
            ],
            [
              30.398077807542307,
              59.994819125212835
            ],
            [
              30.397799900214263,
              59.9948133716015
            ],
            [
              30.39751495751032,
              59.99480767156706
            ],
            [
              30.397220757187636,
              59.994800636621534
            ],
            [
              30.396926070085826,
              59.994793251876374
            ],
            [
              30.396646920569214,
              59.99478645785262
            ],
            [
              30.3963757354357,
              59.994779798496495
            ],
            [
              30.396109233742475,
              59.99477327880869
            ],
            [
              30.395859391628598,
              59.99476700313673
            ],
            [
              30.39562351816025,
              59.994760732070496
            ],
            [
              30.39539832096033,
              59.99475481358593
            ],
            [
              30.39518781473559,
              59.994749521655606
            ],
            [
              30.394987867244204,
              59.99474443583271
            ],
            [
              30.394799950882614,
              59.99473923281501
            ],
            [
              30.394612934411207,
              59.99473419899349
            ],
            [
              30.39441714793465,
              59.994729290083654
            ],
            [
              30.39421240195398,
              59.99472415625934
            ],
            [
              30.39400747547099,
              59.994719307775014
            ],
            [
              30.393817430916283,
              59.994714410718586
            ],
            [
              30.393662238384348,
              59.99471029050015
            ],
            [
              30.39353643577487,
              59.99470719090241
            ],
            [
              30.393408074980083,
              59.994704378702345
            ],
            [
              30.39328399522462,
              59.994701654591026
            ],
            [
              30.39315992551429,
              59.994698869994295
            ],
            [
              30.393033323688,
              59.99469638435225
            ],
            [
              30.39289596858144,
              59.99469321090457
            ],
            [
              30.39274470393422,
              59.99468900115093
            ],
            [
              30.392581552785373,
              59.99468633768293
            ],
            [
              30.39240545168066,
              59.99468629781367
            ],
            [
              30.392212239101042,
              59.99468857219381
            ],
            [
              30.39200896509355,
              59.99469581203991
            ],
            [
              30.391799720474264,
              59.9947100936878
            ],
            [
              30.391588348177045,
              59.99473082221806
            ],
            [
              30.391377542212577,
              59.99475707480119
            ],
            [
              30.391167703415487,
              59.994785371991824
            ],
            [
              30.39095988857579,
              59.994813631882714
            ],
            [
              30.390752548885395,
              59.99484294430788
            ],
            [
              30.390542109631745,
              59.99487326239725
            ],
            [
              30.39032312049781,
              59.99490337642802
            ],
            [
              30.390098696552453,
              59.99493315455446
            ],
            [
              30.389868854493614,
              59.99496311142391
            ],
            [
              30.38963332097037,
              59.994992886290014
            ],
            [
              30.38938959971347,
              59.995025572886085
            ],
            [
              30.389138527183135,
              59.99505689712652
            ],
            [
              30.388877086456137,
              59.995090628054804
            ],
            [
              30.388606961350185,
              59.99512595490461
            ],
            [
              30.388335193033278,
              59.99516340276736
            ],
            [
              30.38807502544287,
              59.99519981160549
            ],
            [
              30.387836256978513,
              59.9952294000651
            ],
            [
              30.387623688900163,
              59.99525591289243
            ],
            [
              30.387422284293226,
              59.995280872601114
            ],
            [
              30.387228132593716,
              59.99530532163099
            ],
            [
              30.387034675183045,
              59.995328128724495
            ],
            [
              30.386848256455355,
              59.99535097805712
            ],
            [
              30.386659412327784,
              59.99537663346944
            ],
            [
              30.386467925753216,
              59.99540458784489
            ],
            [
              30.386290701183697,
              59.995430808051495
            ],
            [
              30.386141395688426,
              59.99545246481793
            ],
            [
              30.38601247341708,
              59.99547023645766
            ],
            [
              30.385896387693418,
              59.995485416975036
            ],
            [
              30.385786495793443,
              59.995499380499105
            ],
            [
              30.38568394112105,
              59.99551264494713
            ],
            [
              30.385584572933347,
              59.99552661640341
            ],
            [
              30.385489726771247,
              59.99553974291462
            ],
            [
              30.385386864907623,
              59.99555394031805
            ],
            [
              30.385275933847435,
              59.9955703045927
            ],
            [
              30.38516746074011,
              59.995586662588806
            ],
            [
              30.385068732152785,
              59.99560139489124
            ],
            [
              30.38497912035958,
              59.995614286741606
            ],
            [
              30.384919885684624,
              59.99562249286094
            ],
            [
              30.38486276364592,
              59.99563095879928
            ],
            [
              30.38483156989919,
              59.995635382623696
            ],
            [
              30.38479695011095,
              59.99563806685379
            ],
            [
              30.384725521630504,
              59.99564965598489
            ],
            [
              30.38465997103508,
              59.9956567349536
            ],
            [
              30.384592797773273,
              59.99566442851237
            ],
            [
              30.38452267567019,
              59.995673354280825
            ],
            [
              30.38445295102963,
              59.9956773275115
            ],
            [
              30.38439972815939,
              59.99568123505619
            ],
            [
              30.384346840476265,
              59.995682942670314
            ],
            [
              30.38429473562394,
              59.99568777667697
            ],
            [
              30.384255740563315,
              59.99568963674603
            ],
            [
              30.384244331039334,
              59.99569103631202
            ],
            [
              30.384234443964637,
              59.99569173484251
            ],
            [
              30.38422586273257,
              59.995692602950015
            ],
            [
              30.384218274567175,
              59.995692570067604
            ],
            [
              30.384213325909357,
              59.99569212564211
            ],
            [
              30.384210284268377,
              59.99569170134594
            ],
            [
              30.384209075855104,
              59.99569126426998
            ],
            [
              30.384203781148113,
              59.99569136860686
            ],
            [
              30.384192964242935,
              59.99570164660193
            ],
            [
              30.384176401134035,
              59.99571338056593
            ],
            [
              30.384154191386067,
              59.9957214824781
            ],
            [
              30.384134837143158,
              59.995724701916316
            ],
            [
              30.38412470581147,
              59.99572890501213
            ],
            [
              30.384124250917115,
              59.995728617539406
            ],
            [
              30.38412557157163,
              59.99572735705638
            ],
            [
              30.384125557505886,
              59.99572604459361
            ],
            [
              30.384125751515374,
              59.99572494882846
            ],
            [
              30.384125927857173,
              59.99572406822653
            ],
            [
              30.3841260712836,
              59.99572334874489
            ],
            [
              30.384125996481515,
              59.9957228066986
            ],
            [
              30.3841189459119,
              59.99571392474386
            ],
            [
              30.384103721855347,
              59.99570044781407
            ],
            [
              30.384106395057106,
              59.995697887855506
            ],
            [
              30.384107756296984,
              59.99569929600745
            ],
            [
              30.38410813434246,
              59.99569959331284
            ],
            [
              30.38410832954078,
              59.9956997103843
            ],
            [
              30.384108462896602,
              59.99569976303984
            ],
            [
              30.384108562280723,
              59.995699788758174
            ],
            [
              30.384108645108103,
              59.995699798507765
            ],
            [
              30.38410871722981,
              59.9956997989597
            ],
            [
              30.384108758639822,
              59.99569980752571
            ],
            [
              30.38410886424182,
              59.995699770279444
            ],
            [
              30.38410892113459,
              59.99569975724694
            ],
            [
              30.384108980436988,
              59.995699738899404
            ],
            [
              30.384109036952715,
              59.99569971932903
            ],
            [
              30.38410909344216,
              59.995699697500015
            ],
            [
              30.384109147031374,
              59.99569967552456
            ],
            [
              30.38410920293956,
              59.99569965059577
            ],
            [
              30.38410925287093,
              59.99569962807618
            ],
            [
              30.384109305173364,
              59.995699603045225
            ],
            [
              30.384109358564718,
              59.9956995763956
            ],
            [
              30.38410941200969,
              59.99569954892453
            ],
            [
              30.384109464345844,
              59.99569952147143
            ],
            [
              30.38410951591296,
              59.99569949388565
            ],
            [
              30.384109565828116,
              59.9956994667907
            ],
            [
              30.384109616307583,
              59.99569943885499
            ],
            [
              30.38410953077694,
              59.995699495762125
            ],
            [
              30.384109158055033,
              59.99569973284192
            ],
            [
              30.38410935067144,
              59.99569961395075
            ],
            [
              30.384106215265618,
              59.99569953810348
            ],
            [
              30.384103386561303,
              59.99569945110816
            ],
            [
              30.38410075790733,
              59.99569936223104
            ],
            [
              30.384098305875305,
              59.99569927378386
            ],
            [
              30.384096011278285,
              59.99569918700948
            ],
            [
              30.384093858788574,
              59.99569910206888
            ],
            [
              30.384091833697056,
              59.99569901999242
            ],
            [
              30.38409063028172,
              59.99569909915361
            ],
            [
              30.384089495068423,
              59.99569917161595
            ],
            [
              30.384088420964165,
              59.99569923891808
            ],
            [
              30.384087405137524,
              59.99569929982024
            ],
            [
              30.38408644229064,
              59.995699355224126
            ],
            [
              30.38408552726631,
              59.995699406261764
            ],
            [
              30.38408465729902,
              59.99569945255754
            ],
            [
              30.38408382866738,
              59.99569949467476
            ],
            [
              30.384083039563524,
              59.99569953177745
            ],
            [
              30.384082285007846,
              59.99569956584054
            ],
            [
              30.38408156231844,
              59.99569959731687
            ],
            [
              30.384080870661883,
              59.99569962515571
            ],
            [
              30.384080207533444,
              59.995699649830996
            ],
            [
              30.384079572346142,
              59.995699670200885
            ],
            [
              30.384078962337547,
              59.99569968725592
            ],
            [
              30.38407903159625,
              59.995699619273246
            ],
            [
              30.38407904499454,
              59.99569960612845
            ],
            [
              30.384079172085375,
              59.995699479232044
            ],
            [
              30.384079169467856,
              59.99569948192782
            ],
            [
              30.38407863588357,
              59.99570002002932
            ],
            [
              30.38407656842913,
              59.99570212736055
            ],
            [
              30.384072873327174,
              59.995705932749345
            ],
            [
              30.3840683812502,
              59.99571062195457
            ],
            [
              30.38406351402413,
              59.99571581651294
            ],
            [
              30.384059399323494,
              59.995720361868784
            ],
            [
              30.384056202919798,
              59.99572401068205
            ],
            [
              30.3840557379775,
              59.9957245438292
            ],
            [
              30.384055898232493,
              59.9957243558573
            ],
            [
              30.384056095748175,
              59.99572412527308
            ],
            [
              30.384056227589465,
              59.99572397059783
            ],
            [
              30.384056298741072,
              59.99572388589098
            ],
            [
              30.384056355360336,
              59.99572381633402
            ],
            [
              30.384056410096395,
              59.99572374784411
            ],
            [
              30.384056464423832,
              59.99572367927264
            ],
            [
              30.384056518342177,
              59.99572361062018
            ],
            [
              30.38405657185094,
              59.99572354188738
            ],
            [
              30.384056624949647,
              59.99572347307482
            ],
            [
              30.384056677637822,
              59.995723404183124
            ],
            [
              30.384056729915,
              59.99572333521292
            ],
            [
              30.38405678178071,
              59.99572326616481
            ],
            [
              30.38405683323449,
              59.99572319703944
            ],
            [
              30.38405688427588,
              59.99572312783737
            ],
            [
              30.384056934904432,
              59.99572305855927
            ],
            [
              30.384056985119685,
              59.995722989205724
            ],
            [
              30.38405703492119,
              59.99572291977737
            ],
            [
              30.384057084308512,
              59.995722850274824
            ],
            [
              30.384057133281207,
              59.995722780698685
            ],
            [
              30.384057181838838,
              59.995722711049616
            ],
            [
              30.38405722998097,
              59.99572264132819
            ],
            [
              30.38405727770717,
              59.99572257153507
            ],
            [
              30.384057325017025,
              59.99572250167084
            ],
            [
              30.3840573719101,
              59.99572243173616
            ],
            [
              30.384057418385986,
              59.99572236173164
            ],
            [
              30.38405746444426,
              59.9957222916579
            ],
            [
              30.384057510084514,
              59.99572222151557
            ],
            [
              30.38405755530635,
              59.99572215130527
            ],
            [
              30.38405760010935,
              59.99572208102762
            ],
            [
              30.384057644493122,
              59.99572201068327
            ],
            [
              30.38405768845727,
              59.99572194027284
            ],
            [
              30.384057732001402,
              59.995721869796924
            ],
            [
              30.384057775125125,
              59.9957217992562
            ],
            [
              30.384057817828058,
              59.995721728651255
            ],
            [
              30.384057860109824,
              59.99572165798277
            ],
            [
              30.38405790197004,
              59.99572158725134
            ],
            [
              30.384057943408337,
              59.99572151645758
            ],
            [
              30.38405798442434,
              59.99572144560216
            ],
            [
              30.384058025017687,
              59.99572137468569
            ],
            [
              30.384058065188015,
              59.99572130370881
            ],
            [
              30.38405810493496,
              59.99572123267214
            ],
            [
              30.38405814425818,
              59.99572116157632
            ],
            [
              30.384058183157318,
              59.99572109042201
            ],
            [
              30.384058221632024,
              59.995721019209796
            ],
            [
              30.384058259681954,
              59.99572094794036
            ],
            [
              30.38405829730678,
              59.9957208766143
            ],
            [
              30.38405833450615,
              59.995720805232295
            ],
            [
              30.384058371279743,
              59.99572073379493
            ],
            [
              30.384058407627226,
              59.9957206623029
            ],
            [
              30.38405844354828,
              59.99572059075678
            ],
            [
              30.38405847904258,
              59.99572051915725
            ],
            [
              30.38405851410981,
              59.99572044750495
            ],
            [
              30.384058548749664,
              59.9957203758005
            ],
            [
              30.38405858296182,
              59.995720304044546
            ],
            [
              30.384058616745985,
              59.99572023223774
            ],
            [
              30.38405865010185,
              59.9957201603807
            ],
            [
              30.38405868302912,
              59.99572008847405
            ],
            [
              30.384058715527498,
              59.99572001651851
            ],
            [
              30.384058747596708,
              59.99571994451465
            ],
            [
              30.384058779236447,
              59.995719872463134
            ],
            [
              30.384058810446433,
              59.99571980036462
            ],
            [
              30.384058841226405,
              59.995719728219726
            ],
            [
              30.384058871576073,
              59.995719656029095
            ],
            [
              30.38405890149517,
              59.99571958379338
            ],
            [
              30.384058930983432,
              59.99571951151326
            ],
            [
              30.384058960040587,
              59.995719439189315
            ],
            [
              30.384058988666386,
              59.99571936682224
            ],
            [
              30.384059016860572,
              59.99571929441265
            ],
            [
              30.38405904462289,
              59.995719221961195
            ],
            [
              30.384059071953097,
              59.995719149468556
            ],
            [
              30.384059098850948,
              59.99571907693533
            ],
            [
              30.384059125316195,
              59.99571900436222
            ],
            [
              30.38405915134861,
              59.99571893174979
            ],
            [
              30.384059176947957,
              59.99571885909877
            ],
            [
              30.384059202114013,
              59.99571878640979
            ],
            [
              30.38405922684655,
              59.995718713683445
            ],
            [
              30.384059251145345,
              59.995718640920444
            ],
            [
              30.384059275010184,
              59.99571856812144
            ],
            [
              30.38405929844086,
              59.995718495287015
            ],
            [
              30.38405932143715,
              59.99571842241789
            ],
            [
              30.384059343998857,
              59.995718349514675
            ],
            [
              30.384059366125786,
              59.99571827657803
            ],
            [
              30.38405938781773,
              59.9957182036086
            ],
            [
              30.384059409074496,
              59.995718130607074
            ],
            [
              30.384059429895903,
              59.995718057574045
            ],
            [
              30.384059450281754,
              59.995717984510215
            ],
            [
              30.384059470231875,
              59.99571791141619
            ],
            [
              30.384059489746086,
              59.99571783829265
            ],
            [
              30.38405950882421,
              59.995717765140256
            ],
            [
              30.384059527466082,
              59.99571769195963
            ],
            [
              30.384059545671533,
              59.995717618751435
            ],
            [
              30.384059563440395,
              59.99571754551636
            ],
            [
              30.384059580772522,
              59.99571747225501
            ],
            [
              30.38405959766775,
              59.99571739896806
            ],
            [
              30.38405961412593,
              59.99571732565616
            ],
            [
              30.38405963014692,
              59.99571725231996
            ],
            [
              30.384059645730567,
              59.99571717896011
            ],
            [
              30.384059660876744,
              59.99571710557731
            ],
            [
              30.38405967558531,
              59.995717032172145
            ],
            [
              30.384059689856127,
              59.99571695874533
            ],
            [
              30.38405970368908,
              59.99571688529746
            ],
            [
              30.384059717084043,
              59.99571681182925
            ],
            [
              30.384059730040885,
              59.99571673834131
            ],
            [
              30.3840597425595,
              59.995716664834326
            ],
            [
              30.384059754639782,
              59.99571659130892
            ],
            [
              30.384059766281613,
              59.99571651776578
            ],
            [
              30.384059777484893,
              59.99571644420557
            ],
            [
              30.384059788249527,
              59.995716370628905
            ],
            [
              30.384059798575407,
              59.995716297036495
            ],
            [
              30.384059808462446,
              59.99571622342893
            ],
            [
              30.384059817910565,
              59.99571614980692
            ],
            [
              30.38405982691967,
              59.99571607617109
            ],
            [
              30.38405983548968,
              59.99571600252213
            ],
            [
              30.38405984362052,
              59.99571592886066
            ],
            [
              30.384059851312127,
              59.99571585518738
            ],
            [
              30.384059858564413,
              59.995715781502895
            ],
            [
              30.384059865377335,
              59.99571570780789
            ],
            [
              30.384059871750814,
              59.99571563410303
            ],
            [
              30.38405987768481,
              59.995715560388966
            ],
            [
              30.384059883179255,
              59.99571548666634
            ],
            [
              30.38405988823411,
              59.99571541293583
            ],
            [
              30.384059892849322,
              59.9957153391981
            ],
            [
              30.38405989702485,
              59.99571526545379
            ],
            [
              30.38405990076067,
              59.995715191703546
            ],
            [
              30.384059904056734,
              59.995715117948045
            ],
            [
              30.384059906913016,
              59.99571504418795
            ],
            [
              30.3840599093295,
              59.995714970423904
            ],
            [
              30.384059911306153,
              59.99571489665658
            ],
            [
              30.384059912842957,
              59.995714822886626
            ],
            [
              30.384059913939907,
              59.995714749114704
            ],
            [
              30.38405991459699,
              59.99571467534146
            ],
            [
              30.384059914814195,
              59.99571460156758
            ],
            [
              30.384059914591525,
              59.99571452779368
            ],
            [
              30.384059913928983,
              59.99571445402046
            ],
            [
              30.384059912826572,
              59.99571438024855
            ],
            [
              30.384059911284304,
              59.99571430647864
            ],
            [
              30.384059909302188,
              59.995714232711336
            ],
            [
              30.384059906880246,
              59.99571415894734
            ],
            [
              30.384059904018496,
              59.99571408518728
            ],
            [
              30.384059900716974,
              59.995714011431865
            ],
            [
              30.384059896975693,
              59.995713937681685
            ],
            [
              30.3840598927947,
              59.99571386393745
            ],
            [
              30.38405988817403,
              59.995713790199794
            ],
            [
              30.384059883113714,
              59.99571371646938
            ],
            [
              30.38405987761381,
              59.995713642746864
            ],
            [
              30.38405987167436,
              59.995713569032915
            ],
            [
              30.38405986529542,
              59.99571349532817
            ],
            [
              30.384059858477052,
              59.9957134216333
            ],
            [
              30.384059851219305,
              59.99571334794894
            ],
            [
              30.384059843522248,
              59.995713274275786
            ],
            [
              30.38405983538595,
              59.99571320061447
            ],
            [
              30.38405982681049,
              59.995713126965676
            ],
            [
              30.38405981779593,
              59.99571305333001
            ],
            [
              30.384059808342368,
              59.99571297970818
            ],
            [
              30.384059798449876,
              59.99571290610079
            ],
            [
              30.384059788118545,
              59.99571283250857
            ],
            [
              30.384059777348465,
              59.9957127589321
            ],
            [
              30.38405976613974,
              59.99571268537208
            ],
            [
              30.384059754492466,
              59.99571261182917
            ],
            [
              30.38405974240675,
              59.995712538304005
            ],
            [
              30.38405972988269,
              59.99571246479724
            ],
            [
              30.3840597169204,
              59.99571239130956
            ],
            [
              30.384059703520006,
              59.99571231784158
            ],
            [
              30.384059689681617,
              59.995712244393985
            ],
            [
              30.384059675405368,
              59.99571217096741
            ],
            [
              30.38405966069137,
              59.99571209756253
            ],
            [
              30.38405964553976,
              59.995712024179966
            ],
            [
              30.384059629950684,
              59.99571195082043
            ],
            [
              30.384059613924272,
              59.99571187748454
            ],
            [
              30.384059597460663,
              59.99571180417294
            ],
            [
              30.384059580560017,
              59.9957117308863
            ],
            [
              30.38405956322247,
              59.99571165762527
            ],
            [
              30.38405954544819,
              59.995711584390506
            ],
            [
              30.38405952723732,
              59.99571151118266
            ],
            [
              30.38405950859004,
              59.9957114380024
            ],
            [
              30.384059489506498,
              59.99571136485033
            ],
            [
              30.38405946998688,
              59.99571129172716
            ],
            [
              30.38405945003135,
              59.99571121863351
            ],
            [
              30.384059429640097,
              59.99571114557004
            ],
            [
              30.38405940881329,
              59.99571107253742
            ],
            [
              30.384059387551122,
              59.99571099953626
            ],
            [
              30.384059365853783,
              59.995710926567234
            ],
            [
              30.384059343721464,
              59.99571085363101
            ],
            [
              30.384059321154364,
              59.9957107807282
            ],
            [
              30.384059298152682,
              59.99571070785951
            ],
            [
              30.384059274716627,
              59.99571063502553
            ],
            [
              30.384059250846402,
              59.99571056222695
            ],
            [
              30.384059226542227,
              59.99571048946439
            ],
            [
              30.384059201804316,
              59.99571041673853
            ],
            [
              30.384059176632885,
              59.99571034404998
            ],
            [
              30.38405915102817,
              59.99571027139943
            ],
            [
              30.38405912499039,
              59.995710198787506
            ],
            [
              30.384059098519774,
              59.995710126214874
            ],
            [
              30.38405907161657,
              59.995710053682146
            ],
            [
              30.384059044281013,
              59.995709981190004
            ],
            [
              30.384059016513337,
              59.995709908739066
            ],
            [
              30.384058988313804,
              59.99570983633001
            ],
            [
              30.38405895968266,
              59.99570976396345
            ],
            [
              30.384058930620157,
              59.99570969164005
            ],
            [
              30.384058901126554,
              59.99570961936045
            ],
            [
              30.38405887120212,
              59.99570954712529
            ],
            [
              30.384058840847125,
              59.995709474935246
            ],
            [
              30.38405881006183,
              59.9957094027909
            ],
            [
              30.38405877884651,
              59.99570933069295
            ],
            [
              30.384058747201454,
              59.99570925864202
            ],
            [
              30.384058715126933,
              59.995709186638756
            ],
            [
              30.384058682623238,
              59.995709114683805
            ],
            [
              30.38405864969066,
              59.99570904277779
            ],
            [
              30.38405861632949,
              59.99570897092137
            ],
            [
              30.38405858254003,
              59.99570889911517
            ],
            [
              30.38405854832257,
              59.99570882735985
            ],
            [
              30.38405851367743,
              59.99570875565604
            ],
            [
              30.384058478604917,
              59.99570868400438
            ],
            [
              30.38405844310533,
              59.99570861240551
            ],
            [
              30.384058407179,
              59.995708540860065
            ],
            [
              30.384058370826242,
              59.99570846936869
            ],
            [
              30.384058334047374,
              59.99570839793201
            ],
            [
              30.384058296842742,
              59.99570832655068
            ],
            [
              30.384058259212658,
              59.995708255225324
            ],
            [
              30.384058221157474,
              59.99570818395659
            ],
            [
              30.384058182677514,
              59.99570811274508
            ],
            [
              30.384058143773135,
              59.995708041591485
            ],
            [
              30.384058104444673,
              59.9957079704964
            ],
            [
              30.38405806469249,
              59.99570789946046
            ],
            [
              30.384058024516932,
              59.99570782848431
            ],
            [
              30.384057983918353,
              59.9957077575686
            ],
            [
              30.38405794289713,
              59.99570768671392
            ],
            [
              30.38405790145362,
              59.995707615920935
            ],
            [
              30.384057859588193,
              59.995707545190285
            ],
            [
              30.384057817301226,
              59.99570747452257
            ],
            [
              30.384057774593085,
              59.995707403918416
            ],
            [
              30.384057731464168,
              59.99570733337847
            ],
            [
              30.384057687914847,
              59.99570726290338
            ],
            [
              30.38405764394551,
              59.995707192493754
            ],
            [
              30.384057599556566,
              59.995707122150215
            ],
            [
              30.384057554748388,
              59.9957070518734
            ],
            [
              30.38405750952139,
              59.99570698166393
            ],
            [
              30.384057463875973,
              59.99570691152243
            ],
            [
              30.38405741781254,
              59.99570684144953
            ],
            [
              30.384057371331508,
              59.99570677144588
            ],
            [
              30.38405732443328,
              59.99570670151206
            ],
            [
              30.38405727711829,
              59.99570663164871
            ],
            [
              30.38405722938695,
              59.99570656185646
            ],
            [
              30.384057181239697,
              59.995706492135945
            ],
            [
              30.384057132676944,
              59.99570642248775
            ],
            [
              30.384057083699133,
              59.995706352912514
            ],
            [
              30.3840570343067,
              59.99570628341088
            ],
            [
              30.384056984500088,
              59.99570621398343
            ],
            [
              30.384056934279737,
              59.99570614463083
            ],
            [
              30.384056883646096,
              59.99570607535365
            ],
            [
              30.38405683259962,
              59.99570600615253
            ],
            [
              30.384056781140764,
              59.9957059370281
            ],
            [
              30.384056729269982,
              59.995705867980924
            ],
            [
              30.384056676987736,
              59.995705799011695
            ],
            [
              30.3840566242945,
              59.99570573012098
            ],
            [
              30.38405657119074,
              59.9957056613094
            ],
            [
              30.384056517676935,
              59.99570559257757
            ],
            [
              30.38405646375355,
              59.995705523926105
            ],
            [
              30.384056409421074,
              59.99570545535563
            ],
            [
              30.384056354679988,
              59.995705386866724
            ],
            [
              30.384056299530794,
              59.99570531846005
            ],
            [
              30.384056243973962,
              59.995705250136155
            ],
            [
              30.384056188010003,
              59.9957051818957
            ],
            [
              30.38405613163941,
              59.99570511373927
            ],
            [
              30.384056074862695,
              59.99570504566747
            ],
            [
              30.384056017680347,
              59.995704977680916
            ],
            [
              30.384055960092894,
              59.995704909780216
            ],
            [
              30.384055902100837,
              59.99570484196596
            ],
            [
              30.3840558437047,
              59.99570477423877
            ],
            [
              30.384055784905005,
              59.99570470659925
            ],
            [
              30.384055725702268,
              59.99570463904801
            ],
            [
              30.384055666097023,
              59.995704571585605
            ],
            [
              30.384055606089806,
              59.9957045042127
            ],
            [
              30.384055545681143,
              59.99570443692988
            ],
            [
              30.38405548487158,
              59.995704369737695
            ],
            [
              30.384055423661653,
              59.99570430263681
            ],
            [
              30.384055362051917,
              59.9957042356278
            ],
            [
              30.384055300042917,
              59.995704168711256
            ],
            [
              30.384055237635202,
              59.99570410188777
            ],
            [
              30.38405517482934,
              59.99570403515795
            ],
            [
              30.384055111625877,
              59.99570396852238
            ],
            [
              30.38405504802538,
              59.99570390198167
            ],
            [
              30.38405498402842,
              59.995703835536396
            ],
            [
              30.384054919635574,
              59.99570376918718
            ],
            [
              30.384054854847406,
              59.995703702934584
            ],
            [
              30.384054789664503,
              59.99570363677921
            ],
            [
              30.384054724087438,
              59.995703570721645
            ],
            [
              30.3840546581168,
              59.995703504762474
            ],
            [
              30.38405459175317,
              59.9957034389023
            ],
            [
              30.38405452499715,
              59.995703373141694
            ],
            [
              30.384054457849338,
              59.99570330748127
            ],
            [
              30.38405439031032,
              59.99570324192159
            ],
            [
              30.38405432238071,
              59.995703176463216
            ],
            [
              30.38405425406111,
              59.99570311110679
            ],
            [
              30.384054185352127,
              59.99570304585285
            ],
            [
              30.384054116254376,
              59.995702980702
            ],
            [
              30.384054046768473,
              59.99570291565481
            ],
            [
              30.38405397689504,
              59.995702850711865
            ],
            [
              30.384053906634694,
              59.99570278587375
            ],
            [
              30.38405383598807,
              59.99570272114103
            ],
            [
              30.384053764955787,
              59.99570265651428
            ],
            [
              30.384053693538494,
              59.99570259199407
            ],
            [
              30.384053621736815,
              59.99570252758103
            ],
            [
              30.384053549551396,
              59.99570246327568
            ],
            [
              30.38405347698289,
              59.995702399078596
            ],
            [
              30.384053404031924,
              59.99570233499038
            ],
            [
              30.38405333069916,
              59.995702271011574
            ],
            [
              30.384053256985258,
              59.995702207142784
            ],
            [
              30.38405318289086,
              59.99570214338453
            ],
            [
              30.384053108416644,
              59.99570207973742
            ],
            [
              30.384053033563262,
              59.995702016202024
            ],
            [
              30.384052958331385,
              59.99570195277889
            ],
            [
              30.384052882721686,
              59.99570188946856
            ],
            [
              30.384052806734836,
              59.99570182627165
            ],
            [
              30.38405273037152,
              59.99570176318872
            ],
            [
              30.384052653632413,
              59.99570170022028
            ],
            [
              30.384052576518204,
              59.99570163736694
            ],
            [
              30.384052499029576,
              59.99570157462926
            ],
            [
              30.384052421167215,
              59.99570151200776
            ],
            [
              30.38405234293183,
              59.995701449503045
            ],
            [
              30.38405226432411,
              59.995701387115645
            ],
            [
              30.38405218534476,
              59.99570132484611
            ],
            [
              30.384052105994474,
              59.995701262695036
            ],
            [
              30.384052026273974,
              59.99570120066292
            ],
            [
              30.38405194618397,
              59.99570113875037
            ],
            [
              30.384051865725166,
              59.99570107695791
            ],
            [
              30.384051784898283,
              59.99570101528607
            ],
            [
              30.384051703704046,
              59.99570095373546
            ],
            [
              30.38405162214318,
              59.995700892306566
            ],
            [
              30.38405154021641,
              59.99570083099997
            ],
            [
              30.384051457924464,
              59.99570076981623
            ],
            [
              30.38405137526808,
              59.99570070875586
            ],
            [
              30.38405129224799,
              59.995700647819426
            ],
            [
              30.384051208864946,
              59.99570058700748
            ],
            [
              30.384051125119683,
              59.995700526320505
            ],
            [
              30.38405104101295,
              59.995700465759136
            ],
            [
              30.384050956545487,
              59.99570040532384
            ],
            [
              30.384050871718063,
              59.995700345015166
            ],
            [
              30.384050786531436,
              59.9957002848337
            ],
            [
              30.384050700986354,
              59.99570022477992
            ],
            [
              30.384050615083584,
              59.9957001648544
            ],
            [
              30.384050528823888,
              59.995700105057644
            ],
            [
              30.384050442208046,
              59.99570004539022
            ],
            [
              30.38405035523683,
              59.99569998585264
            ],
            [
              30.384050267911004,
              59.99569992644544
            ],
            [
              30.384050180231355,
              59.99569986716914
            ],
            [
              30.384050092198667,
              59.99569980802427
            ],
            [
              30.384050003813723,
              59.99569974901138
            ],
            [
              30.384049915077302,
              59.99569969013096
            ],
            [
              30.384049825990214,
              59.99569963138357
            ],
            [
              30.38404973655324,
              59.995699572769716
            ],
            [
              30.38404964676718,
              59.99569951428994
            ],
            [
              30.384049556632842,
              59.995699455944724
            ],
            [
              30.384049466151016,
              59.99569939773465
            ],
            [
              30.384049375322522,
              59.99569933966016
            ],
            [
              30.384049284148173,
              59.995699281721826
            ],
            [
              30.384049192628765,
              59.99569922392015
            ],
            [
              30.38404910076513,
              59.99569916625565
            ],
            [
              30.384049008558083,
              59.995699108728836
            ],
            [
              30.38404891600844,
              59.99569905134022
            ],
            [
              30.384048823117038,
              59.995698994090326
            ],
            [
              30.384048729884693,
              59.995698936979664
            ],
            [
              30.384048636312247,
              59.99569888000871
            ],
            [
              30.38404854240053,
              59.99569882317803
            ],
            [
              30.384048448150384,
              59.99569876648809
            ],
            [
              30.384048353562648,
              59.99569870993939
            ],
            [
              30.38404825863816,
              59.99569865353246
            ],
            [
              30.384048163377766,
              59.9956985972678
            ],
            [
              30.384048067782327,
              59.99569854114589
            ],
            [
              30.38404797185269,
              59.99569848516724
            ],
            [
              30.38404787558971,
              59.99569842933236
            ],
            [
              30.38404777899424,
              59.99569837364175
            ],
            [
              30.384047682067155,
              59.9956983180959
            ],
            [
              30.384047584809306,
              59.995698262695285
            ],
            [
              30.384047487221572,
              59.99569820744044
            ],
            [
              30.384047389304815,
              59.99569815233182
            ],
            [
              30.384047291059908,
              59.99569809736994
            ],
            [
              30.38404719248774,
              59.9956980425553
            ],
            [
              30.384047093589174,
              59.995697987888356
            ],
            [
              30.384046994365097,
              59.9956979333696
            ],
            [
              30.3840468948164,
              59.99569787899954
            ],
            [
              30.38404679494397,
              59.995697824778674
            ],
            [
              30.38404669474869,
              59.99569777070744
            ],
            [
              30.384046594231464,
              59.995697716786346
            ],
            [
              30.384046493393182,
              59.99569766301586
            ],
            [
              30.384046392234744,
              59.995697609396466
            ],
            [
              30.384046290757052,
              59.9956975559287
            ],
            [
              30.384046188961015,
              59.995697502612934
            ],
            [
              30.384046086847537,
              59.99569744944972
            ],
            [
              30.384045984417533,
              59.99569739643949
            ],
            [
              30.384045881671916,
              59.99569734358277
            ],
            [
              30.384045778611593,
              59.99569729087996
            ],
            [
              30.3840456752375,
              59.99569723833159
            ],
            [
              30.384045571550544,
              59.995697185938106
            ],
            [
              30.384045467551655,
              59.99569713369996
            ],
            [
              30.384045363241764,
              59.99569708161764
            ],
            [
              30.3840452586218,
              59.99569702969161
            ],
            [
              30.384045153692693,
              59.99569697792231
            ],
            [
              30.384045048455384,
              59.99569692631023
            ],
            [
              30.384044942910812,
              59.995696874855824
            ],
            [
              30.38404483705991,
              59.99569682355956
            ],
            [
              30.384044730903632,
              59.99569677242185
            ],
            [
              30.384044624442918,
              59.99569672144321
            ],
            [
              30.384044517678717,
              59.995696670624035
            ],
            [
              30.384044410611992,
              59.99569661996484
            ],
            [
              30.384044303243687,
              59.99569656946604
            ],
            [
              30.38404419557476,
              59.995696519128074
            ],
            [
              30.38404408760618,
              59.99569646895143
            ],
            [
              30.384043979338905,
              59.99569641893655
            ],
            [
              30.3840438707739,
              59.99569636908383
            ],
            [
              30.384043761912135,
              59.99569631939376
            ],
            [
              30.384043652754574,
              59.995696269866784
            ],
            [
              30.384043543302205,
              59.99569622050331
            ],
            [
              30.384043433555995,
              59.99569617130382
            ],
            [
              30.38404332351692,
              59.995696122268726
            ],
            [
              30.384043213185972,
              59.99569607339848
            ],
            [
              30.384043102564124,
              59.99569602469352
            ],
            [
              30.384042991652368,
              59.99569597615425
            ],
            [
              30.38404288045169,
              59.99569592778114
            ],
            [
              30.384042768963088,
              59.9956958795746
            ],
            [
              30.38404265674197,
              59.99569583143493
            ]
          ]
        ]
      }
    }
  ]
}