{
  "type": "FeatureCollection",
  "features": [
    {
      "type": "Feature",
      "properties": {
        "name": "recorded GPS",
        "point_count": 1339,
        "synthetically_corrupted": false
      },
      "geometry": {
        "type": "LineString",
        "coordinates": [
          [
            30.37009601897441,
            59.835744207259964
          ],
          [
            30.370250838012538,
            59.835770157164845
          ],
          [
            30.370410860548724,
            59.83579031772045
          ],
          [
            30.370583159350627,
            59.835806481189465
          ],
          [
            30.370742696534236,
            59.83582889881397
          ],
          [
            30.37090868287111,
            59.83585284486756
          ],
          [
            30.371071172468998,
            59.835874015420245
          ],
          [
            30.37122763304462,
            59.83589242851314
          ],
          [
            30.37134848371063,
            59.8359036348579
          ],
          [
            30.371442571429505,
            59.835911166616874
          ],
          [
            30.371511229332466,
            59.835905685330296
          ],
          [
            30.371575465110443,
            59.83589549186032
          ],
          [
            30.371632273113445,
            59.83587791429688
          ],
          [
            30.371683269758904,
            59.835839235043224
          ],
          [
            30.37171351877503,
            59.83577013630089
          ],
          [
            30.371740089724252,
            59.83568845688461
          ],
          [
            30.371761780020435,
            59.83560499553406
          ],
          [
            30.37180039991639,
            59.83551558097015
          ],
          [
            30.37184365408477,
            59.835426931964264
          ],
          [
            30.371891127430963,
            59.83533404151558
          ],
          [
            30.371925072288413,
            59.835257367052385
          ],
          [
            30.371952588398795,
            59.83518218057623
          ],
          [
            30.37196625831307,
            59.835128638464816
          ],
          [
            30.371977420778332,
            59.835085889855755
          ],
          [
            30.371983031697837,
            59.83506505674514
          ],
          [
            30.371984123523998,
            59.835060475935215
          ],
          [
            30.371983501892984,
            59.83506270660872
          ],
          [
            30.37198332856116,
            59.83506521064287
          ],
          [
            30.371983434426816,
            59.83506578105694
          ],
          [
            30.371983434426816,
            59.83506578105694
          ],
          [
            30.37197280147705,
            59.83506622749395
          ],
          [
            30.371974277567308,
            59.835061110490884
          ],
          [
            30.371976441990835,
            59.83505191842629
          ],
          [
            30.371977378629882,
            59.83504791809352
          ],
          [
            30.37197994569274,
            59.83504600069222
          ],
          [
            30.37197844329041,
            59.83504457342754
          ],
          [
            30.37197844329041,
            59.83504457342754
          ],
          [
            30.37197844329041,
            59.83504457342754
          ],
          [
            30.37197844329041,
            59.83504457342754
          ],
          [
            30.37197844329041,
            59.83504457342754
          ],
          [
            30.37197844329041,
            59.83504457342754
          ],
          [
            30.37197844329041,
            59.83504457342754
          ],
          [
            30.37197844329041,
            59.83504457342754
          ],
          [
            30.37197844329041,
            59.83504457342754
          ],
          [
            30.37197844329041,
            59.83504457342754
          ],
          [
            30.37197844329041,
            59.83504457342754
          ],
          [
            30.37197844329041,
            59.83504457342754
          ],
          [
            30.37197844329041,
            59.83504457342754
          ],
          [
            30.37197844329041,
            59.83504457342754
          ],
          [
            30.37197844329041,
            59.83504457342754
          ],
          [
            30.37197844329041,
            59.83504457342754
          ],
          [
            30.37197844329041,
            59.83504457342754
          ],
          [
            30.37197844329041,
            59.83504457342754
          ],
          [
            30.37197844329041,
            59.83504457342754
          ],
          [
            30.37197844329041,
            59.83504457342754
          ],
          [
            30.37197844329041,
            59.83504457342754
          ],
          [
            30.37197844329041,
            59.83504457342754
          ],
          [
            30.37197844329041,
            59.83504457342754
          ],
          [
            30.37197844329041,
            59.83504457342754
          ],
          [
            30.371990642566317,
            59.83503199050223
          ],
          [
            30.37199549556236,
            59.83502293606297
          ],
          [
            30.372005257143307,
            59.83500081384686
          ],
          [
            30.372018487723224,
            59.83496685369423
          ],
          [
            30.372034044024698,
            59.83492356335727
          ],
          [
            30.372047303370564,
            59.83487970440915
          ],
          [
            30.37206697331377,
            59.83482206919195
          ],
          [
            30.37208516194434,
            59.83475676798379
          ],
          [
            30.372103689170096,
            59.83468588525474
          ],
          [
            30.37212570910102,
            59.83461353258362
          ],
          [
            30.372149427107477,
            59.834536566954206
          ],
          [
            30.372171278819607,
            59.83445854390862
          ],
          [
            30.372194851900318,
            59.83438937116986
          ],
          [
            30.37221346710365,
            59.83431843687978
          ],
          [
            30.372239911472935,
            59.834242238588814
          ],
          [
            30.372268225889023,
            59.83416213712944
          ],
          [
            30.372298965055315,
            59.83407542021455
          ],
          [
            30.372331145743637,
            59.833982807741414
          ],
          [
            30.372364068540506,
            59.83388358377895
          ],
          [
            30.37239794924425,
            59.83377901197048
          ],
          [
            30.372432623276886,
            59.833670502957204
          ],
          [
            30.372474262621772,
            59.83355363632809
          ],
          [
            30.372521782376154,
            59.833431142958794
          ],
          [
            30.372569490271086,
            59.8333042687311
          ],
          [
            30.372608890579045,
            59.833181497369445
          ],
          [
            30.372646901036134,
            59.8330563004256
          ],
          [
            30.372683239263324,
            59.83293403110528
          ],
          [
            30.37271571144496,
            59.83281299660795
          ],
          [
            30.372756340153344,
            59.83269033207503
          ],
          [
            30.372793082675678,
            59.832567195538736
          ],
          [
            30.372835164036875,
            59.83244171257281
          ],
          [
            30.372880383452348,
            59.83231435980864
          ],
          [
            30.372927957752335,
            59.832182072996005
          ],
          [
            30.372973628607994,
            59.83204699317283
          ],
          [
            30.37302526516133,
            59.831904992302235
          ],
          [
            30.373079575345574,
            59.831758456681875
          ],
          [
            30.373133735781316,
            59.831609584765815
          ],
          [
            30.37319019359921,
            59.83146063405428
          ],
          [
            30.37324577015288,
            59.83131052266814
          ],
          [
            30.373294613735126,
            59.83117620717843
          ],
          [
            30.373339922726256,
            59.831055423731065
          ],
          [
            30.37339112411774,
            59.83093718871802
          ],
          [
            30.373446735058025,
            59.830816866692054
          ],
          [
            30.373503493472814,
            59.83069443538577
          ],
          [
            30.37356262392935,
            59.83056601459808
          ],
          [
            30.373626662354805,
            59.830432948150154
          ],
          [
            30.373689505496834,
            59.830301082017385
          ],
          [
            30.37374849519216,
            59.83017264898352
          ],
          [
            30.37381338549305,
            59.830053182811575
          ],
          [
            30.373877357756466,
            59.82993781117571
          ],
          [
            30.373943976336193,
            59.82981636824718
          ],
          [
            30.374015373607243,
            59.82968806292923
          ],
          [
            30.374084871430608,
            59.829555151579676
          ],
          [
            30.374146510051713,
            59.829428577570496
          ],
          [
            30.37420987076633,
            59.82930347986607
          ],
          [
            30.374264902674106,
            59.82918952367746
          ],
          [
            30.374331158230312,
            59.829078590909525
          ],
          [
            30.374405586501485,
            59.82895999513774
          ],
          [
            30.37447848409465,
            59.82883708679865
          ],
          [
            30.374558410268897,
            59.82869831311185
          ],
          [
            30.374643860251176,
            59.82854787015974
          ],
          [
            30.37471781390918,
            59.828393961800096
          ],
          [
            30.374799913173806,
            59.828231449294975
          ],
          [
            30.374891808951592,
            59.828062703068866
          ],
          [
            30.374996639585085,
            59.82788974311424
          ],
          [
            30.37510811318434,
            59.827714849615006
          ],
          [
            30.375228326352275,
            59.82753715141079
          ],
          [
            30.375364090243725,
            59.82735912057382
          ],
          [
            30.3755019107952,
            59.82718388260948
          ],
          [
            30.37563135757141,
            59.8270170746482
          ],
          [
            30.37575455114518,
            59.82686248531424
          ],
          [
            30.37587531311195,
            59.82671500863474
          ],
          [
            30.376001967631755,
            59.82656850571239
          ],
          [
            30.37612734447772,
            59.82641789468348
          ],
          [
            30.37625798788172,
            59.82626054874924
          ],
          [
            30.376388598175385,
            59.82610405623108
          ],
          [
            30.37652297833499,
            59.82594657194828
          ],
          [
            30.376655097562292,
            59.82578594343135
          ],
          [
            30.376788997764464,
            59.8256231421281
          ],
          [
            30.376921982405594,
            59.825458667216964
          ],
          [
            30.377064322380082,
            59.82529016567223
          ],
          [
            30.3772058411256,
            59.82511837614712
          ],
          [
            30.37734777853819,
            59.824945332922915
          ],
          [
            30.377481338441083,
            59.82477996307419
          ],
          [
            30.377621605500185,
            59.82461043897042
          ],
          [
            30.37775409844859,
            59.824442573877505
          ],
          [
            30.377882527811174,
            59.82427386952749
          ],
          [
            30.378004193352332,
            59.82410834159721
          ],
          [
            30.378119013165982,
            59.82394283246601
          ],
          [
            30.378228039495394,
            59.823776142570374
          ],
          [
            30.37832371481699,
            59.82360866626753
          ],
          [
            30.378417057866262,
            59.82343245515076
          ],
          [
            30.378511622043714,
            59.82325384018475
          ],
          [
            30.378605344777814,
            59.82307234463687
          ],
          [
            30.378701581928677,
            59.82288851091821
          ],
          [
            30.37879546225698,
            59.82270794903719
          ],
          [
            30.378894447317965,
            59.8225226652303
          ],
          [
            30.378991020797926,
            59.822336254278945
          ],
          [
            30.379078298668098,
            59.8221441453571
          ],
          [
            30.379162343298646,
            59.821950555823335
          ],
          [
            30.379238731348114,
            59.821757008143464
          ],
          [
            30.379310521517922,
            59.8215646392313
          ],
          [
            30.379389249171723,
            59.82136871099257
          ],
          [
            30.3794647339684,
            59.82118092221059
          ],
          [
            30.379538118720443,
            59.820994998632514
          ],
          [
            30.37960772117824,
            59.820811185806114
          ],
          [
            30.37968087511514,
            59.82063276290633
          ],
          [
            30.379757261947017,
            59.820458481974065
          ],
          [
            30.379836286028944,
            59.820287468984574
          ],
          [
            30.379915539789373,
            59.82012000620199
          ],
          [
            30.37999522984499,
            59.819954384207854
          ],
          [
            30.380074095367544,
            59.81979248796298
          ],
          [
            30.380154440219872,
            59.81963029684132
          ],
          [
            30.380236556373372,
            59.81947197956186
          ],
          [
            30.380317140824317,
            59.81930991625611
          ],
          [
            30.380398056723116,
            59.81915238933254
          ],
          [
            30.38047096951344,
            59.81899217345008
          ],
          [
            30.380543325803608,
            59.8188342558302
          ],
          [
            30.380617006526368,
            59.81867228587403
          ],
          [
            30.380696392756434,
            59.818510745412304
          ],
          [
            30.38077574062894,
            59.81835101733269
          ],
          [
            30.38085691500321,
            59.81818723509721
          ],
          [
            30.380928374371145,
            59.81802407312201
          ],
          [
            30.380993360670036,
            59.817856385715665
          ],
          [
            30.381051651708415,
            59.81768637475261
          ],
          [
            30.38109598309079,
            59.81751738235306
          ],
          [
            30.381125858226653,
            59.817345081348236
          ],
          [
            30.38114526549381,
            59.81717086235888
          ],
          [
            30.38114378437212,
            59.81699681413444
          ],
          [
            30.38111682413238,
            59.816819571938616
          ],
          [
            30.381073295447404,
            59.81664119179843
          ],
          [
            30.38101400294001,
            59.81646430273034
          ],
          [
            30.380939028873428,
            59.81628692004377
          ],
          [
            30.38085516787081,
            59.81611141334294
          ],
          [
            30.380767533576243,
            59.81593560444907
          ],
          [
            30.38067402338599,
            59.81576069588233
          ],
          [
            30.380576724867666,
            59.81558735256908
          ],
          [
            30.38047115540968,
            59.81541792065637
          ],
          [
            30.380355834158102,
            59.81525295799693
          ],
          [
            30.380240076727823,
            59.815095369463094
          ],
          [
            30.380116661801942,
            59.814945798909925
          ],
          [
            30.379994975092153,
            59.814796434137214
          ],
          [
            30.379865229618236,
            59.81464716752016
          ],
          [
            30.37973306385961,
            59.814505865932354
          ],
          [
            30.379600630875682,
            59.81436014857051
          ],
          [
            30.379464214348545,
            59.814222890034564
          ],
          [
            30.37931678162392,
            59.81409434712094
          ],
          [
            30.37914162872506,
            59.81398014188973
          ],
          [
            30.37894375364562,
            59.81388630156632
          ],
          [
            30.378717293266003,
            59.813809876586284
          ],
          [
            30.37847271260502,
            59.81375823990674
          ],
          [
            30.378205200058677,
            59.813731131324644
          ],
          [
            30.377931248359694,
            59.813726980170756
          ],
          [
            30.377659674039787,
            59.813750091085886
          ],
          [
            30.37741159969152,
            59.813809634464356
          ],
          [
            30.377155282589374,
            59.813874071673524
          ],
          [
            30.376938195775192,
            59.81397066496053
          ],
          [
            30.376782744701686,
            59.81408052795033
          ],
          [
            30.376685526732338,
            59.81420020547074
          ],
          [
            30.376631606014225,
            59.81432591134101
          ],
          [
            30.376619287022702,
            59.81445862332218
          ],
          [
            30.376650917192663,
            59.814582807554
          ],
          [
            30.37671165549317,
            59.81469445187417
          ],
          [
            30.376807623358314,
            59.81480177889836
          ],
          [
            30.37690357910831,
            59.814909844082486
          ],
          [
            30.37698858199715,
            59.81501604793213
          ],
          [
            30.377097259825348,
            59.81510902148035
          ],
          [
            30.3772339463432,
            59.815183908512665
          ],
          [
            30.37738979947962,
            59.815248448002166
          ],
          [
            30.37755245296276,
            59.81531378147998
          ],
          [
            30.37772317546626,
            59.81537329767421
          ],
          [
            30.377896795977147,
            59.81542959158981
          ],
          [
            30.37807902260331,
            59.81547965360086
          ],
          [
            30.37828340266317,
            59.81552672056524
          ],
          [
            30.378487426651365,
            59.815566032941696
          ],
          [
            30.37869909900871,
            59.815597077148034
          ],
          [
            30.378915690145995,
            59.815626323043126
          ],
          [
            30.379143443685084,
            59.81564920767369
          ],
          [
            30.37939072154024,
            59.81567748978859
          ],
          [
            30.379618251605706,
            59.8156999186737
          ],
          [
            30.379849250403836,
            59.81572493898603
          ],
          [
            30.380073028884706,
            59.81575028516577
          ],
          [
            30.380319767011283,
            59.81578331340648
          ],
          [
            30.38056074083102,
            59.815813773686955
          ],
          [
            30.38081423821497,
            59.81584784003154
          ],
          [
            30.38106601479412,
            59.81588255375477
          ],
          [
            30.381336768183655,
            59.81591927325732
          ],
          [
            30.38160549375956,
            59.815955114501946
          ],
          [
            30.381882656273216,
            59.81599336620594
          ],
          [
            30.382167656581068,
            59.816027909647836
          ],
          [
            30.382452674115367,
            59.81606923713658
          ],
          [
            30.382743101259464,
            59.81610459221129
          ],
          [
            30.383038620576485,
            59.81613972506546
          ],
          [
            30.38334317314826,
            59.816178518290734
          ],
          [
            30.383635423073958,
            59.81625428181695
          ],
          [
            30.38397608731367,
            59.81628596140663
          ],
          [
            30.384314812988023,
            59.81630772036971
          ],
          [
            30.384651910097173,
            59.816347722355765
          ],
          [
            30.384992504063884,
            59.81638843962758
          ],
          [
            30.385347674340547,
            59.8164267441213
          ],
          [
            30.38570901770233,
            59.816466220844845
          ],
          [
            30.386079442094395,
            59.81650639475001
          ],
          [
            30.386447745992857,
            59.81654693274207
          ],
          [
            30.38681362284829,
            59.81659047527129
          ],
          [
            30.387183472261373,
            59.81663593103405
          ],
          [
            30.387547553764403,
            59.81668046621625
          ],
          [
            30.38791559090878,
            59.81672261132997
          ],
          [
            30.388289227694113,
            59.81676312268656
          ],
          [
            30.38866998103041,
            59.81680357565952
          ],
          [
            30.38905654390044,
            59.816843803774006
          ],
          [
            30.389446789989513,
            59.816884286568374
          ],
          [
            30.389840866491184,
            59.8169248280583
          ],
          [
            30.39024133489995,
            59.8169654597399
          ],
          [
            30.390647413942524,
            59.81700609711647
          ],
          [
            30.39105678449419,
            59.8170462901121
          ],
          [
            30.391464851913554,
            59.81708546287605
          ],
          [
            30.391872753438776,
            59.81712522753871
          ],
          [
            30.392276077022327,
            59.817165570394614
          ],
          [
            30.392681106168258,
            59.8172079857205
          ],
          [
            30.393080802611635,
            59.81725342586162
          ],
          [
            30.393493840057143,
            59.817297003160405
          ],
          [
            30.393908620658504,
            59.81733767637233
          ],
          [
            30.394321958436258,
            59.8173767800525
          ],
          [
            30.394733038517057,
            59.81741798130998
          ],
          [
            30.39514138691999,
            59.817461401805865
          ],
          [
            30.395546161579553,
            59.817502813657555
          ],
          [
            30.395948653933342,
            59.81754288585806
          ],
          [
            30.396346866947546,
            59.81758117738288
          ],
          [
            30.39674092471618,
            59.81761933216381
          ],
          [
            30.397131688140888,
            59.8176586076617
          ],
          [
            30.397527052907343,
            59.817698804359885
          ],
          [
            30.397930367535754,
            59.81774146535038
          ],
          [
            30.398343069752958,
            59.81778559933173
          ],
          [
            30.398761193441086,
            59.81783107969051
          ],
          [
            30.399179187783616,
            59.81787771780827
          ],
          [
            30.39961116820525,
            59.817926252191384
          ],
          [
            30.400045416557994,
            59.81797605295596
          ],
          [
            30.400482836288027,
            59.818026469922884
          ],
          [
            30.400918152406167,
            59.818079091480165
          ],
          [
            30.40134428501422,
            59.81813800373622
          ],
          [
            30.401779399712566,
            59.81819875665409
          ],
          [
            30.402211086601103,
            59.81826306937089
          ],
          [
            30.402634154124705,
            59.81833081412038
          ],
          [
            30.403056185679116,
            59.8184049001253
          ],
          [
            30.403481936050827,
            59.81848351395297
          ],
          [
            30.403919601551166,
            59.81856499196711
          ],
          [
            30.404354048005953,
            59.818641612072405
          ],
          [
            30.404792069118475,
            59.818721326398226
          ],
          [
            30.405228832854135,
            59.818798585860144
          ],
          [
            30.40567774584762,
            59.81887342649585
          ],
          [
            30.406129063866462,
            59.81895354127477
          ],
          [
            30.40658267654683,
            59.81903298991787
          ],
          [
            30.40703269638013,
            59.819126827625716
          ],
          [
            30.407480052341842,
            59.819227887328935
          ],
          [
            30.407934697070964,
            59.81932833752552
          ],
          [
            30.408393941328075,
            59.81943125925678
          ],
          [
            30.40885487991846,
            59.819532417171565
          ],
          [
            30.40934697932447,
            59.819623692169294
          ],
          [
            30.409828941759333,
            59.81972683457176
          ],
          [
            30.410319171142383,
            59.8198363340075
          ],
          [
            30.410803139700118,
            59.819948342508226
          ],
          [
            30.411309311295067,
            59.82004575278481
          ],
          [
            30.411800210893112,
            59.820158490430345
          ],
          [
            30.412289377314497,
            59.82027357713429
          ],
          [
            30.412779656460792,
            59.82038536981681
          ],
          [
            30.413265080431547,
            59.820497201137435
          ],
          [
            30.413751810811643,
            59.82061023656774
          ],
          [
            30.414239308544456,
            59.82072216000882
          ],
          [
            30.4147237548201,
            59.82083706658518
          ],
          [
            30.415206663305636,
            59.820947931412626
          ],
          [
            30.41568849905232,
            59.8210572482634
          ],
          [
            30.416168147113137,
            59.8211653271136
          ],
          [
            30.41664626991291,
            59.821275844712126
          ],
          [
            30.417134363608945,
            59.821385913973096
          ],
          [
            30.41761820336777,
            59.82149820366685
          ],
          [
            30.418108808019515,
            59.821609171819624
          ],
          [
            30.41860020613615,
            59.82172051770704
          ],
          [
            30.419094508969405,
            59.82183333735232
          ],
          [
            30.419589679707983,
            59.82194595901637
          ],
          [
            30.420083651627426,
            59.8220555811357
          ],
          [
            30.420576554224983,
            59.82216829633227
          ],
          [
            30.421070986866614,
            59.82227780281664
          ],
          [
            30.4215624458315,
            59.822393917373574
          ],
          [
            30.422056540752674,
            59.82250726768395
          ],
          [
            30.422548889010276,
            59.82262194906333
          ],
          [
            30.423044820644566,
            59.82273335804128
          ],
          [
            30.42354477091095,
            59.822847821543675
          ],
          [
            30.424043658013577,
            59.82296285400865
          ],
          [
            30.42454593677788,
            59.82307658499548
          ],
          [
            30.425059030942453,
            59.82319094459043
          ],
          [
            30.425568777613634,
            59.82330410400635
          ],
          [
            30.42608357104978,
            59.82342076249916
          ],
          [
            30.426599962368048,
            59.823537747312656
          ],
          [
            30.42711468108434,
            59.823654671498566
          ],
          [
            30.42763586685967,
            59.82377262081785
          ],
          [
            30.42816064113256,
            59.823890709539036
          ],
          [
            30.428685544424095,
            59.82400922721022
          ],
          [
            30.429216403421755,
            59.82412764823349
          ],
          [
            30.42974066775659,
            59.824248606907446
          ],
          [
            30.430272233240714,
            59.82437024218237
          ],
          [
            30.4307965503346,
            59.82449224159597
          ],
          [
            30.43131839438334,
            59.82461770148503
          ],
          [
            30.431831454331782,
            59.8247449014472
          ],
          [
            30.432338293617654,
            59.82487934077763
          ],
          [
            30.432828642476213,
            59.82502003032285
          ],
          [
            30.433307148800036,
            59.82517036021014
          ],
          [
            30.433769749798127,
            59.8253261578787
          ],
          [
            30.434219169748875,
            59.82548854127129
          ],
          [
            30.43465419369995,
            59.82565914325055
          ],
          [
            30.435074137271126,
            59.8258297470178
          ],
          [
            30.435489766942528,
            59.826006606794365
          ],
          [
            30.435890962990552,
            59.826190201816914
          ],
          [
            30.43628230958872,
            59.82637958568681
          ],
          [
            30.436658475325412,
            59.826578959816366
          ],
          [
            30.437028684201653,
            59.82678185689645
          ],
          [
            30.437386849625057,
            59.82699284096068
          ],
          [
            30.437732469274568,
            59.82720835934683
          ],
          [
            30.43806233353018,
            59.82743070501336
          ],
          [
            30.438387290302625,
            59.82766414156141
          ],
          [
            30.438708346167335,
            59.82789771761701
          ],
          [
            30.439028713287307,
            59.828137475469774
          ],
          [
            30.439361627244384,
            59.82838055149529
          ],
          [
            30.43969704590984,
            59.82862679069627
          ],
          [
            30.440025338038595,
            59.82886979856387
          ],
          [
            30.44036236777156,
            59.829113929518705
          ],
          [
            30.440700503670918,
            59.82935820067474
          ],
          [
            30.441032581105315,
            59.82960137456122
          ],
          [
            30.44136607142941,
            59.82984672353881
          ],
          [
            30.441703758512006,
            59.83009466246729
          ],
          [
            30.44203640556953,
            59.8303391994445
          ],
          [
            30.442369540386622,
            59.830583353089324
          ],
          [
            30.442697995901646,
            59.83082581145126
          ],
          [
            30.443027727976578,
            59.83107083603111
          ],
          [
            30.443356062572008,
            59.83131279682269
          ],
          [
            30.4436890339468,
            59.83155387004658
          ],
          [
            30.444022456065618,
            59.83179781681586
          ],
          [
            30.44435206526267,
            59.832044984426986
          ],
          [
            30.444678597748084,
            59.83229029614033
          ],
          [
            30.445009955377266,
            59.832542562943495
          ],
          [
            30.445344807771047,
            59.83279416020931
          ],
          [
            30.445681904822393,
            59.83304052767297
          ],
          [
            30.446033382343693,
            59.83328733226783
          ],
          [
            30.446381677886126,
            59.8335341896778
          ],
          [
            30.446714810710453,
            59.83377553703164
          ],
          [
            30.44704185520289,
            59.83401825589159
          ],
          [
            30.44735704895101,
            59.834250561267666
          ],
          [
            30.447669923814093,
            59.834485498773205
          ],
          [
            30.447990251242345,
            59.83472469739193
          ],
          [
            30.448293154836648,
            59.83494714299324
          ],
          [
            30.448592100939617,
            59.83516893796336
          ],
          [
            30.448887606257497,
            59.835385359264656
          ],
          [
            30.449173051029565,
            59.83559621456206
          ],
          [
            30.449498747854406,
            59.835826680699
          ],
          [
            30.44998536942619,
            59.836152709366814
          ],
          [
            30.450312912921998,
            59.83633430474994
          ],
          [
            30.45040454262708,
            59.83648645499229
          ],
          [
            30.450722409276143,
            59.83675102763198
          ],
          [
            30.451010246583248,
            59.836990605750316
          ],
          [
            30.451278519225305,
            59.83721389941982
          ],
          [
            30.451547339757713,
            59.83744121159541
          ],
          [
            30.451814896806354,
            59.83767186129166
          ],
          [
            30.45207772984469,
            59.83790569219484
          ],
          [
            30.452346627928495,
            59.8381499597965
          ],
          [
            30.45261317887619,
            59.838417351403855
          ],
          [
            30.45289313638703,
            59.838655815834336
          ],
          [
            30.453121894639366,
            59.83891190023109
          ],
          [
            30.45340719921899,
            59.83917847232442
          ],
          [
            30.45378639537532,
            59.83945826119958
          ],
          [
            30.45405356386184,
            59.83970611592646
          ],
          [
            30.45423507046443,
            59.839987674321435
          ],
          [
            30.45603388181935,
            59.84255358422176
          ],
          [
            30.45603752673067,
            59.8425596719469
          ],
          [
            30.456249259015827,
            59.84288109875616
          ],
          [
            30.45625056818642,
            59.84288308297957
          ],
          [
            30.45633365397128,
            59.84300721886567
          ],
          [
            30.456334680594903,
            59.843008774851306
          ],
          [
            30.456798590600997,
            59.84374795899254
          ],
          [
            30.456799625135055,
            59.843749612276106
          ],
          [
            30.457356431908764,
            59.84457448490774
          ],
          [
            30.457357142625515,
            59.84457539866273
          ],
          [
            30.457450556072608,
            59.844731098752874
          ],
          [
            30.457644111333668,
            59.844971146236006
          ],
          [
            30.45785303095834,
            59.84520839047263
          ],
          [
            30.458064467883858,
            59.84542405527824
          ],
          [
            30.460210004238057,
            59.847440529269626
          ],
          [
            30.460210004238125,
            59.847440529269655
          ],
          [
            30.460220175793665,
            59.84744079513778
          ],
          [
            30.460220175793673,
            59.84744079513778
          ],
          [
            30.46029500131827,
            59.84745117608158
          ],
          [
            30.460295001318357,
            59.84745117608158
          ],
          [
            30.460914143153627,
            59.84759241578375
          ],
          [
            30.460914143154014,
            59.84759241578385
          ],
          [
            30.461054883652217,
            59.84761165539668
          ],
          [
            30.461054883652384,
            59.8476116553967
          ],
          [
            30.461592712180146,
            59.84774738509226
          ],
          [
            30.46159271218157,
            59.847747385092596
          ],
          [
            30.46159228116413,
            59.84774435105192
          ],
          [
            30.46159228116413,
            59.84774435105193
          ],
          [
            30.462343622655986,
            59.84791576938132
          ],
          [
            30.462343622656952,
            59.84791576938154
          ],
          [
            30.375798829292844,
            59.78228105117263
          ],
          [
            30.37579645343236,
            59.78256388132655
          ],
          [
            30.375741115146997,
            59.78269959473161
          ],
          [
            30.375819357685142,
            59.782929821407926
          ],
          [
            30.37586916373171,
            59.783252262689714
          ],
          [
            30.3759210884553,
            59.78362840376974
          ],
          [
            30.375797205522325,
            59.78398791325288
          ],
          [
            30.37580463416245,
            59.78428920620163
          ],
          [
            30.376177615702332,
            59.784645902811555
          ],
          [
            30.37679123859103,
            59.78506002470821
          ],
          [
            30.37547477851217,
            59.78496556135464
          ],
          [
            30.51451301,
            59.85352706
          ],
          [
            30.514513009999995,
            59.85352705999999
          ],
          [
            30.373178816563637,
            59.78528682537268
          ],
          [
            30.372764565593503,
            59.78549169460223
          ],
          [
            30.372153013403164,
            59.78560425471146
          ],
          [
            30.371557226546724,
            59.78576709438768
          ],
          [
            30.370987892079736,
            59.78600792537835
          ],
          [
            30.370513618939313,
            59.78626923116096
          ],
          [
            30.37007113330699,
            59.78651380761245
          ],
          [
            30.369340986256923,
            59.786726047109525
          ],
          [
            30.368604906650663,
            59.786990851653634
          ],
          [
            30.367858539340542,
            59.78713052098466
          ],
          [
            30.3672074901266,
            59.78729193670046
          ],
          [
            30.366770636457435,
            59.78749866390453
          ],
          [
            30.366333800857355,
            59.787705424723654
          ],
          [
            30.365896999989147,
            59.78791221440357
          ],
          [
            30.365401549842566,
            59.78814677673936
          ],
          [
            30.36121586444739,
            59.78984581985451
          ],
          [
            30.361190447341976,
            59.7898552647899
          ],
          [
            30.360283741175742,
            59.79023466285127
          ],
          [
            30.359851473035665,
            59.790441228649854
          ],
          [
            30.35951363806023,
            59.7905647512882
          ],
          [
            30.359108699913048,
            59.79078064676225
          ],
          [
            30.358703812779552,
            59.79099668378033
          ],
          [
            30.358298917486245,
            59.79121266474035
          ],
          [
            30.357894015069228,
            59.79142866691706
          ],
          [
            30.351775440251014,
            59.79412992999645
          ],
          [
            30.351775440251014,
            59.79412992999645
          ],
          [
            30.351798069521887,
            59.794137886238616
          ],
          [
            30.351798069521898,
            59.794137886238616
          ],
          [
            30.351798374142366,
            59.79413873589363
          ],
          [
            30.351798374142373,
            59.79413873589365
          ],
          [
            30.351827200199796,
            59.79414887074542
          ],
          [
            30.35182720019983,
            59.79414887074542
          ],
          [
            30.351827203070368,
            59.79414887175466
          ],
          [
            30.351827203070414,
            59.79414887175467
          ],
          [
            30.351830376528138,
            59.79415167293364
          ],
          [
            30.35183037652816,
            59.79415167293364
          ],
          [
            30.351831609598822,
            59.79415220190367
          ],
          [
            30.351831609598815,
            59.794152201903664
          ],
          [
            30.352083983932065,
            59.79425458840532
          ],
          [
            30.352083983932072,
            59.79425458840534
          ],
          [
            30.352089410618614,
            59.79425691653876
          ],
          [
            30.352089410618614,
            59.79425691653876
          ],
          [
            30.352484692442996,
            59.794417279344245
          ],
          [
            30.35248469244335,
            59.79441727934438
          ],
          [
            30.35248469246313,
            59.79441727935287
          ],
          [
            30.35248469246313,
            59.79441727935287
          ],
          [
            30.35276812385824,
            59.794548936297005
          ],
          [
            30.352768123858368,
            59.79454893629707
          ],
          [
            30.35367924403612,
            59.795023455793775
          ],
          [
            30.353679244036787,
            59.795023455794116
          ],
          [
            30.354458667979586,
            59.79545636416898
          ],
          [
            30.35445866798044,
            59.79545636416946
          ],
          [
            30.35513411206735,
            59.79586459300366
          ],
          [
            30.355134112067617,
            59.79586459300383
          ],
          [
            30.356617571051732,
            59.79663657333295
          ],
          [
            30.356617571053352,
            59.7966365733338
          ],
          [
            30.358627129242034,
            59.797758226272684
          ],
          [
            30.35862712924374,
            59.797758226273636
          ],
          [
            30.360264928606888,
            59.79860989209329
          ],
          [
            30.36026492860752,
            59.79860989209362
          ],
          [
            30.36074384574667,
            59.79894027679787
          ],
          [
            30.36074384576436,
            59.79894027680775
          ],
          [
            30.36236493622182,
            59.7997825761
          ],
          [
            30.36236493622387,
            59.799782576101066
          ],
          [
            30.362387059059667,
            59.79979193563167
          ],
          [
            30.362387059059667,
            59.79979193563167
          ],
          [
            30.364576537974976,
            59.80127860307191
          ],
          [
            30.364576537979072,
            59.80127860307468
          ],
          [
            30.37087627022151,
            59.8044111111142
          ],
          [
            30.37087627022802,
            59.804411111117446
          ],
          [
            30.37094386359202,
            59.80444017151793
          ],
          [
            30.370943863592025,
            59.80444017151793
          ],
          [
            30.377296397317952,
            59.80759903482223
          ],
          [
            30.377296397324905,
            59.80759903482568
          ],
          [
            30.377296397442343,
            59.80759903487602
          ],
          [
            30.377296397442343,
            59.80759903487602
          ],
          [
            30.377296645518527,
            59.80759915823448
          ],
          [
            30.377296645534813,
            59.80759915824259
          ],
          [
            30.53568609124638,
            59.93004621430781
          ],
          [
            30.535911963089347,
            59.93032434843223
          ],
          [
            30.536126207647502,
            59.930596767610616
          ],
          [
            30.53633684334392,
            59.930875601461416
          ],
          [
            30.536525547027445,
            59.93115684487589
          ],
          [
            30.536719649682865,
            59.93143397556957
          ],
          [
            30.53690668264957,
            59.931719216604975
          ],
          [
            30.537082582120643,
            59.932001291016896
          ],
          [
            30.53726510353058,
            59.932281808461596
          ],
          [
            30.537408859051308,
            59.932566900189855
          ],
          [
            30.537552549779573,
            59.93285440972665
          ],
          [
            30.53768917166728,
            59.933140024030806
          ],
          [
            30.53782171790682,
            59.93342511128067
          ],
          [
            30.53793672102336,
            59.93371621600935
          ],
          [
            30.538033858604297,
            59.934014756824354
          ],
          [
            30.538149061633806,
            59.934309834511915
          ],
          [
            30.538245759803665,
            59.93460795694248
          ],
          [
            30.538340761281034,
            59.9349123178105
          ],
          [
            30.53844634638981,
            59.93522090941312
          ],
          [
            30.538513687204556,
            59.935519684251126
          ],
          [
            30.538573955913694,
            59.93582578794248
          ],
          [
            30.538627853150015,
            59.93612747380818
          ],
          [
            30.538671445305404,
            59.9364258472909
          ],
          [
            30.53870490225902,
            59.93671302052243
          ],
          [
            30.53874268777722,
            59.93700439192635
          ],
          [
            30.538784339607382,
            59.937295896965836
          ],
          [
            30.538816566970738,
            59.93757282451564
          ],
          [
            30.538859692656853,
            59.937860290647414
          ],
          [
            30.53890189591199,
            59.93814260447001
          ],
          [
            30.538944346478107,
            59.938430765488334
          ],
          [
            30.538984548946168,
            59.93871145510556
          ],
          [
            30.53902372205738,
            59.938990561946014
          ],
          [
            30.53906680551862,
            59.93927361860094
          ],
          [
            30.53911113662739,
            59.93955514443952
          ],
          [
            30.539164850937564,
            59.93984138842245
          ],
          [
            30.5391940587097,
            59.94011524131079
          ],
          [
            30.539235891623136,
            59.94039319539894
          ],
          [
            30.539273213044673,
            59.94065753040136
          ],
          [
            30.539309700810076,
            59.94091850318888
          ],
          [
            30.53938788850851,
            59.94118492364098
          ],
          [
            30.53943770035503,
            59.94144723558023
          ],
          [
            30.53948770854337,
            59.941710015459506
          ],
          [
            30.53953789025637,
            59.94197323791493
          ],
          [
            30.5395891343866,
            59.942243826582775
          ],
          [
            30.53964558317649,
            59.94250595906947
          ],
          [
            30.539707488917433,
            59.942782258904614
          ],
          [
            30.539769501658235,
            59.94306076579907
          ],
          [
            30.53981860035055,
            59.94333630246725
          ],
          [
            30.539899214200993,
            59.943610982636514
          ],
          [
            30.540034359782634,
            59.94388806582485
          ],
          [
            30.540141284988522,
            59.944159142235094
          ],
          [
            30.54022852120933,
            59.94442868473353
          ],
          [
            30.54035177128791,
            59.944695194631244
          ],
          [
            30.540471143358477,
            59.94495888309285
          ],
          [
            30.540592837255215,
            59.94522701902295
          ],
          [
            30.540715115597088,
            59.9454978840119
          ],
          [
            30.540843540500322,
            59.94576378298374
          ],
          [
            30.540985957219295,
            59.94603028364335
          ],
          [
            30.54113169819085,
            59.946293910435074
          ],
          [
            30.541294971975073,
            59.94655647579774
          ],
          [
            30.541464089341286,
            59.946817364036754
          ],
          [
            30.541643637028773,
            59.94708211202954
          ],
          [
            30.541824837741984,
            59.94735150266066
          ],
          [
            30.542010770199703,
            59.947614761035815
          ],
          [
            30.54219795975961,
            59.94786845139533
          ],
          [
            30.542402324659843,
            59.948138274579755
          ],
          [
            30.54261216709644,
            59.94840157121988
          ],
          [
            30.542830397415322,
            59.94866887461377
          ],
          [
            30.543060112998376,
            59.948942664012826
          ],
          [
            30.54329098440834,
            59.9492118226318
          ],
          [
            30.543542245111,
            59.9494819811144
          ],
          [
            30.543806542479118,
            59.949755983293514
          ],
          [
            30.544070186547216,
            59.95002381156781
          ],
          [
            30.54433394335994,
            59.95028202116011
          ],
          [
            30.54460861056248,
            59.9505411090553
          ],
          [
            30.54488451439079,
            59.950802253511
          ],
          [
            30.545154755700192,
            59.95106203470388
          ],
          [
            30.545433841401692,
            59.95132729408223
          ],
          [
            30.545715587424993,
            59.95159442929373
          ],
          [
            30.545994303514494,
            59.95185346884693
          ],
          [
            30.546268776227745,
            59.952117199564725
          ],
          [
            30.546546145598462,
            59.95238177780181
          ],
          [
            30.54682036763189,
            59.95264824619975
          ],
          [
            30.547105694765413,
            59.952916866832076
          ],
          [
            30.547390350995016,
            59.953186433508755
          ],
          [
            30.547664026270187,
            59.953445341481114
          ],
          [
            30.547930327824712,
            59.953700895828185
          ],
          [
            30.54819854127385,
            59.953960165308246
          ],
          [
            30.548478174597957,
            59.954227066280964
          ],
          [
            30.54875516492329,
            59.9544924332946
          ],
          [
            30.549034648792443,
            59.95476094052449
          ],
          [
            30.54931186960859,
            59.95502666244317
          ],
          [
            30.54959396300151,
            59.95529596594754
          ],
          [
            30.549874701785267,
            59.955556017142854
          ],
          [
            30.55015514663137,
            59.95582711013005
          ],
          [
            30.550428172486228,
            59.95609349556409
          ],
          [
            30.55069395574506,
            59.95635687938897
          ],
          [
            30.55098068927881,
            59.95662565113624
          ],
          [
            30.55125239409854,
            59.956897834613905
          ],
          [
            30.551503759166962,
            59.95716512191642
          ],
          [
            30.551746084672825,
            59.95743540841735
          ],
          [
            30.55197853203836,
            59.957706171882045
          ],
          [
            30.552196887012364,
            59.9579814634285
          ],
          [
            30.55240636830287,
            59.95826060085058
          ],
          [
            30.552599936852406,
            59.95853782613427
          ],
          [
            30.55279329611166,
            59.95882329542993
          ],
          [
            30.55296141668198,
            59.95910893935588
          ],
          [
            30.553122888231048,
            59.95939930191637
          ],
          [
            30.553271697880422,
            59.95969392246401
          ],
          [
            30.553400873908032,
            59.95999367910838
          ],
          [
            30.553529092502583,
            59.96027951113126
          ],
          [
            30.553646504370285,
            59.96057579249688
          ],
          [
            30.55374991442805,
            59.96087200305346
          ],
          [
            30.553840414138705,
            59.96116980598957
          ],
          [
            30.553904128376256,
            59.96146800765631
          ],
          [
            30.55395804535348,
            59.9617711822687
          ],
          [
            30.553992497450658,
            59.96207482858503
          ],
          [
            30.554021193407543,
            59.962366191064284
          ],
          [
            30.55409032693275,
            59.962663724319476
          ],
          [
            30.55410269932435,
            59.962959209519944
          ],
          [
            30.55408101572099,
            59.96326031513982
          ],
          [
            30.554050207402696,
            59.96355865922181
          ],
          [
            30.553976066180503,
            59.96384633594647
          ],
          [
            30.553925230841063,
            59.964142405387726
          ],
          [
            30.55386751653809,
            59.96443875284648
          ],
          [
            30.55377934751628,
            59.96473031569252
          ],
          [
            30.55369151937815,
            59.9650227780305
          ],
          [
            30.55359139191134,
            59.96530970900957
          ],
          [
            30.553479064076985,
            59.965602924494334
          ],
          [
            30.55335210614932,
            59.965888975679455
          ],
          [
            30.553227599022502,
            59.96617446771041
          ],
          [
            30.553080214772958,
            59.96645654132073
          ],
          [
            30.552921591866202,
            59.96674486103971
          ],
          [
            30.55274197868535,
            59.96702449506032
          ],
          [
            30.552553569346202,
            59.96731439318771
          ],
          [
            30.552349447946927,
            59.96758863461682
          ],
          [
            30.552138028850024,
            59.96786788199076
          ],
          [
            30.55191120447333,
            59.96814336714964
          ],
          [
            30.55166435840077,
            59.96842492458343
          ],
          [
            30.551410591786762,
            59.968700908437604
          ],
          [
            30.551141706145195,
            59.96897644552477
          ],
          [
            30.550859240459413,
            59.96924766305382
          ],
          [
            30.550559557293074,
            59.9695162105558
          ],
          [
            30.55026092886319,
            59.969781493144566
          ],
          [
            30.549938910236797,
            59.97004176648398
          ],
          [
            30.549610783239807,
            59.97030200461179
          ],
          [
            30.54927733655424,
            59.97056484771949
          ],
          [
            30.548919609677693,
            59.97081316257141
          ],
          [
            30.54857503175351,
            59.971068375110946
          ],
          [
            30.548204480089677,
            59.9713130616896
          ],
          [
            30.547779882268394,
            59.971538187913374
          ],
          [
            30.54738218604572,
            59.971772652737904
          ],
          [
            30.54697301960753,
            59.972004040703375
          ],
          [
            30.54658691886314,
            59.972243461109635
          ],
          [
            30.54613994705991,
            59.97244373345638
          ],
          [
            30.54570015249457,
            59.9726529834822
          ],
          [
            30.545256784161168,
            59.97286223192882
          ],
          [
            30.544804127966522,
            59.97306365043308
          ],
          [
            30.544342752676492,
            59.97325859481289
          ],
          [
            30.5438672979016,
            59.97344207904787
          ],
          [
            30.54341297514457,
            59.973642222145166
          ],
          [
            30.54293458057454,
            59.97382334773123
          ],
          [
            30.542454843240442,
            59.97400495325232
          ],
          [
            30.541972045851324,
            59.97418750187231
          ],
          [
            30.541491068292768,
            59.97436968388611
          ],
          [
            30.541013004194212,
            59.9745507626302
          ],
          [
            30.540408445135505,
            59.97464638775471
          ],
          [
            30.53989273468034,
            59.9748033806192
          ],
          [
            30.539385064304657,
            59.97495878188354
          ],
          [
            30.538883102362977,
            59.97511489319511
          ],
          [
            30.538381085444946,
            59.975269481778305
          ],
          [
            30.53788400715333,
            59.97542384052733
          ],
          [
            30.537389214516132,
            59.9755788750026
          ],
          [
            30.536895244943686,
            59.975736609403455
          ],
          [
            30.536398962915317,
            59.97589185279977
          ],
          [
            30.53590733265678,
            59.97604669052218
          ],
          [
            30.53541727494373,
            59.976200154329554
          ],
          [
            30.534927147603902,
            59.97635167922125
          ],
          [
            30.534433898810356,
            59.97650633860419
          ],
          [
            30.533935549595718,
            59.97666416513323
          ],
          [
            30.533435850427516,
            59.97682144019861
          ],
          [
            30.532933228093405,
            59.976984062283165
          ],
          [
            30.532423184082862,
            59.97714504654875
          ],
          [
            30.531912162955866,
            59.977306018114476
          ],
          [
            30.531400393138465,
            59.97746759970173
          ],
          [
            30.530880890861678,
            59.97762983549164
          ],
          [
            30.53036055090127,
            59.97779078005107
          ],
          [
            30.52983610362831,
            59.977952742984854
          ],
          [
            30.529324148871645,
            59.97811177850995
          ],
          [
            30.52881249192387,
            59.97826985328122
          ],
          [
            30.52830530215319,
            59.97842745458726
          ],
          [
            30.52780479319223,
            59.978583112036674
          ],
          [
            30.527306134434127,
            59.97873695676334
          ],
          [
            30.526805727586677,
            59.9788952618275
          ],
          [
            30.5263162373974,
            59.97904843349572
          ],
          [
            30.52583030294468,
            59.9791999316418
          ],
          [
            30.525342117885955,
            59.97935141266292
          ],
          [
            30.524851065869623,
            59.979504093766295
          ],
          [
            30.524360539122902,
            59.9796497981784
          ],
          [
            30.52386180070392,
            59.97979427331298
          ],
          [
            30.523348138791853,
            59.979934968247115
          ],
          [
            30.522829465371338,
            59.98007336909227
          ],
          [
            30.522302664264473,
            59.98020647596927
          ],
          [
            30.521772608503053,
            59.98033611200535
          ],
          [
            30.521240222464574,
            59.98046154501927
          ],
          [
            30.520700053295872,
            59.98058480986756
          ],
          [
            30.520159152218245,
            59.98070124379889
          ],
          [
            30.519611244239492,
            59.98081344383026
          ],
          [
            30.519049345056192,
            59.98092413677862
          ],
          [
            30.5184874515001,
            59.98102832789028
          ],
          [
            30.51791298373806,
            59.98113073786105
          ],
          [
            30.517333882629952,
            59.98122949822409
          ],
          [
            30.516746924811194,
            59.98132503525779
          ],
          [
            30.516153140929955,
            59.98140955621924
          ],
          [
            30.515546635444405,
            59.9814943213176
          ],
          [
            30.514932452923713,
            59.981572493549116
          ],
          [
            30.514311172684657,
            59.981648907955154
          ],
          [
            30.513693511013766,
            59.98172231003458
          ],
          [
            30.51307514429466,
            59.98178598560099
          ],
          [
            30.512457271508755,
            59.981848800578334
          ],
          [
            30.511834783141857,
            59.98190741461983
          ],
          [
            30.51121618954457,
            59.98196756009619
          ],
          [
            30.510594996070232,
            59.9820216224489
          ],
          [
            30.509958452770956,
            59.982080232032445
          ],
          [
            30.509329855422227,
            59.98214727742466
          ],
          [
            30.50869279817632,
            59.98221570037668
          ],
          [
            30.50807200447165,
            59.982277656309144
          ],
          [
            30.507444122299933,
            59.98234144487699
          ],
          [
            30.506821929447284,
            59.982400284120665
          ],
          [
            30.50620960093983,
            59.982459993017464
          ],
          [
            30.50559692811123,
            59.98251796916366
          ],
          [
            30.504992990813168,
            59.98257932037002
          ],
          [
            30.50439764935041,
            59.982646068219694
          ],
          [
            30.503812080869974,
            59.982716409231095
          ],
          [
            30.503236255860244,
            59.98278963876906
          ],
          [
            30.502676648529732,
            59.98286420926832
          ],
          [
            30.5021472412082,
            59.98294203430494
          ],
          [
            30.50165256533218,
            59.98301552566645
          ],
          [
            30.50118956314877,
            59.98308896829837
          ],
          [
            30.500771232887956,
            59.983160567532245
          ],
          [
            30.50039225152368,
            59.98324172540861
          ],
          [
            30.500009293665354,
            59.98333086370398
          ],
          [
            30.499615679323558,
            59.98342399445237
          ],
          [
            30.499221549440982,
            59.98351438542334
          ],
          [
            30.498814650916664,
            59.98360712717482
          ],
          [
            30.49840534983158,
            59.983705766246416
          ],
          [
            30.49798621241048,
            59.98381186782173
          ],
          [
            30.497563761513298,
            59.983928832169404
          ],
          [
            30.49713509423561,
            59.98405369302744
          ],
          [
            30.496698229175077,
            59.98418564733571
          ],
          [
            30.4962595538019,
            59.984323051770986
          ],
          [
            30.495823045980938,
            59.98446808015852
          ],
          [
            30.495384913546584,
            59.984616216020505
          ],
          [
            30.494960322593325,
            59.98476412865617
          ],
          [
            30.49454833814053,
            59.98491292796365
          ],
          [
            30.49414216943579,
            59.98506343910995
          ],
          [
            30.493746091496202,
            59.98521419589643
          ],
          [
            30.49334922902987,
            59.98536622291198
          ],
          [
            30.49296394608391,
            59.98551720532649
          ],
          [
            30.492588879223508,
            59.985667783595545
          ],
          [
            30.492223950922178,
            59.98581631863714
          ],
          [
            30.491862930634145,
            59.98596681336552
          ],
          [
            30.491493176220793,
            59.98611819849379
          ],
          [
            30.491144702066517,
            59.98627145237885
          ],
          [
            30.490817686095838,
            59.98642907184939
          ],
          [
            30.49049462121849,
            59.98658392904858
          ],
          [
            30.4901775097598,
            59.98673281457274
          ],
          [
            30.48985998488025,
            59.986877452508175
          ],
          [
            30.489548327779435,
            59.9870219747837
          ],
          [
            30.489244424511796,
            59.98716405717644
          ],
          [
            30.48894928847067,
            59.987305442858386
          ],
          [
            30.488664698000246,
            59.98744542703035
          ],
          [
            30.488403155427168,
            59.98758903398142
          ],
          [
            30.48816826656074,
            59.98773972976383
          ],
          [
            30.48797302705053,
            59.98790006915685
          ],
          [
            30.48782459963397,
            59.988068079483554
          ],
          [
            30.487733774632137,
            59.98824098699318
          ],
          [
            30.48768653478684,
            59.988422297498595
          ],
          [
            30.48769133345108,
            59.98860080616939
          ],
          [
            30.487728777069556,
            59.98878348378597
          ],
          [
            30.48778821077317,
            59.98896081327374
          ],
          [
            30.487844573855057,
            59.9891433581535
          ],
          [
            30.487885603524532,
            59.989326192685866
          ],
          [
            30.48789724566327,
            59.98950524094226
          ],
          [
            30.487885618354188,
            59.98968865026021
          ],
          [
            30.48783193973834,
            59.98987155789809
          ],
          [
            30.4877384492965,
            59.99004769992107
          ],
          [
            30.48757456991053,
            59.99021063305138
          ],
          [
            30.487365982801663,
            59.99036320542271
          ],
          [
            30.48711380219729,
            59.99049728743524
          ],
          [
            30.486832022836342,
            59.99061453526493
          ],
          [
            30.48652329165663,
            59.99070092611318
          ],
          [
            30.48619845892589,
            59.9907704163585
          ],
          [
            30.485852866510683,
            59.99081483208998
          ],
          [
            30.485500208066753,
            59.990841906068916
          ],
          [
            30.485155031613658,
            59.990842999782664
          ],
          [
            30.484814604656908,
            59.99081798876031
          ],
          [
            30.484487448883858,
            59.99076361458784
          ],
          [
            30.484167996031644,
            59.990692597790876
          ],
          [
            30.483862617686974,
            59.9906020583984
          ],
          [
            30.48356469000246,
            59.99049144404919
          ],
          [
            30.48327868508689,
            59.990371225625545
          ],
          [
            30.482966075014065,
            59.9902503556809
          ],
          [
            30.48263691436237,
            59.99012681383757
          ],
          [
            30.482299209201695,
            59.99000857612197
          ],
          [
            30.481955678716854,
            59.98988092522625
          ],
          [
            30.481619788613422,
            59.98975190660226
          ],
          [
            30.48126823757659,
            59.98961787564774
          ],
          [
            30.48089809823865,
            59.98948216055954
          ],
          [
            30.48053037691586,
            59.98934561018425
          ],
          [
            30.480155665286585,
            59.98920755605596
          ],
          [
            30.479782492801373,
            59.98907084740976
          ],
          [
            30.47941507304541,
            59.98893983233182
          ],
          [
            30.479040861950082,
            59.988812766620065
          ],
          [
            30.478676955099573,
            59.98870115253172
          ],
          [
            30.478306808612466,
            59.98859846204003
          ],
          [
            30.47790694590209,
            59.98850230860094
          ],
          [
            30.47749809850016,
            59.9884123684673
          ],
          [
            30.477080326641037,
            59.988330053135236
          ],
          [
            30.476658994358854,
            59.98825686451174
          ],
          [
            30.47621491974764,
            59.988186472802084
          ],
          [
            30.475772207053065,
            59.98812583512163
          ],
          [
            30.475336525262172,
            59.988068739803445
          ],
          [
            30.474907130886056,
            59.9880404222008
          ],
          [
            30.474473529089835,
            59.98800627296866
          ],
          [
            30.474038732137622,
            59.98797482007868
          ],
          [
            30.473649923642267,
            59.98793943256329
          ],
          [
            30.47332052216435,
            59.987930314372036
          ],
          [
            30.473012102863557,
            59.987920490811156
          ],
          [
            30.472711456730757,
            59.987913208703766
          ],
          [
            30.47241276635893,
            59.98791298062295
          ],
          [
            30.472113160878965,
            59.987918750100675
          ],
          [
            30.471839676437636,
            59.987926307833995
          ],
          [
            30.471578633790287,
            59.98793307182909
          ],
          [
            30.47132587549243,
            59.98795620918877
          ],
          [
            30.471067602466363,
            59.98796471788156
          ],
          [
            30.470818959918116,
            59.9879748856586
          ],
          [
            30.470575628539805,
            59.98798847774721
          ],
          [
            30.470332881939044,
            59.98800147896233
          ],
          [
            30.470085290303558,
            59.98801537548825
          ],
          [
            30.46986078456792,
            59.98803441715684
          ],
          [
            30.46964138306026,
            59.98805389662499
          ],
          [
            30.469412897457087,
            59.9880733169892
          ],
          [
            30.46919954776418,
            59.988092137459205
          ],
          [
            30.468984716767274,
            59.98811164587522
          ],
          [
            30.468780784206007,
            59.98812574355735
          ],
          [
            30.468575666839694,
            59.98813950418359
          ],
          [
            30.468377433679535,
            59.98815309684855
          ],
          [
            30.468190346264482,
            59.988168621636376
          ],
          [
            30.468006178478298,
            59.98818170431796
          ],
          [
            30.46781594462564,
            59.988195060781315
          ],
          [
            30.467635009028157,
            59.98820847021718
          ],
          [
            30.467457877812848,
            59.98822146098697
          ],
          [
            30.467285603383704,
            59.98823616374528
          ],
          [
            30.467105480960498,
            59.988250040452506
          ],
          [
            30.466922617236854,
            59.98826663249443
          ],
          [
            30.46673979487623,
            59.988283314455465
          ],
          [
            30.466550958258523,
            59.98829911952801
          ],
          [
            30.466357339490674,
            59.98831441820762
          ],
          [
            30.466156241604818,
            59.9883278426591
          ],
          [
            30.4659518701313,
            59.9883419159167
          ],
          [
            30.465739937305734,
            59.98835818526187
          ],
          [
            30.465523012017695,
            59.98837400712226
          ],
          [
            30.465306877920412,
            59.98839128117665
          ],
          [
            30.465100093449635,
            59.988406800899206
          ],
          [
            30.46490402297329,
            59.988423597484825
          ],
          [
            30.464705309157164,
            59.98843985156796
          ],
          [
            30.46450773114465,
            59.98845520196196
          ],
          [
            30.464307537216634,
            59.988469810519994
          ],
          [
            30.464105127822062,
            59.9884839543971
          ],
          [
            30.463902443112598,
            59.98849741605512
          ],
          [
            30.463703815713895,
            59.98851307150708
          ],
          [
            30.463518045768136,
            59.98852878429565
          ],
          [
            30.463352653022543,
            59.98854260928912
          ],
          [
            30.4631901495431,
            59.988554610952754
          ],
          [
            30.463034486062977,
            59.988566607287005
          ],
          [
            30.462871536310644,
            59.98857846841884
          ],
          [
            30.46270584866835,
            59.98859026364389
          ],
          [
            30.46254411154587,
            59.98860277287759
          ],
          [
            30.4623857671588,
            59.9886158592154
          ],
          [
            30.462222476254833,
            59.98862806948815
          ],
          [
            30.462062579751684,
            59.98864006955705
          ],
          [
            30.461886568298866,
            59.98865354209172
          ],
          [
            30.461711202142084,
            59.988666808745464
          ],
          [
            30.46152592597372,
            59.98868008336821
          ],
          [
            30.46135272353761,
            59.98869273773318
          ],
          [
            30.461182283315445,
            59.98870457492278
          ],
          [
            30.461018982131048,
            59.98871831166034
          ],
          [
            30.460868708588308,
            59.9887294045673
          ],
          [
            30.460717437861426,
            59.98874070021157
          ],
          [
            30.460562491509634,
            59.98875113382762
          ],
          [
            30.46041129705603,
            59.9887612982037
          ],
          [
            30.46026770010367,
            59.988772366784936
          ],
          [
            30.46011742230934,
            59.98878285377764
          ],
          [
            30.459956791163517,
            59.98879505469886
          ],
          [
            30.459780949087705,
            59.98880928918447
          ],
          [
            30.45958809003135,
            59.98882455273522
          ],
          [
            30.45938600809249,
            59.98884125888334
          ],
          [
            30.459177896005553,
            59.98885808738875
          ],
          [
            30.45895565901176,
            59.98887615023614
          ],
          [
            30.458734619775417,
            59.98889425533801
          ],
          [
            30.458518376430376,
            59.98891071384308
          ],
          [
            30.458303035453923,
            59.98892672236974
          ],
          [
            30.4580965941691,
            59.98894135279796
          ],
          [
            30.457897872836867,
            59.988955091105396
          ],
          [
            30.457707643799093,
            59.98896878470196
          ],
          [
            30.457517962379516,
            59.98898384287875
          ],
          [
            30.457337220597235,
            59.98899699907541
          ],
          [
            30.45716018655652,
            59.98901025538698
          ],
          [
            30.456999780150934,
            59.98902286796564
          ],
          [
            30.45685031500979,
            59.989033720219346
          ],
          [
            30.45670690490778,
            59.98904481853289
          ],
          [
            30.456555460216183,
            59.9890581677489
          ],
          [
            30.456410987938344,
            59.9890685763255
          ],
          [
            30.456247001087505,
            59.98908117288816
          ],
          [
            30.456092376873034,
            59.9890925227562
          ],
          [
            30.455945701227417,
            59.989103937840895
          ],
          [
            30.45579958319035,
            59.98911512734827
          ],
          [
            30.455647039486358,
            59.989127564120764
          ],
          [
            30.455494274297397,
            59.98913879638968
          ],
          [
            30.455337208104797,
            59.989150806793695
          ],
          [
            30.455176987090518,
            59.989161311747715
          ],
          [
            30.45501985411772,
            59.989168115201025
          ],
          [
            30.45487033741704,
            59.989179538879426
          ],
          [
            30.454733113053727,
            59.98919199454663
          ],
          [
            30.454583370573182,
            59.989202110828344
          ],
          [
            30.454428859793175,
            59.989213458207175
          ],
          [
            30.454258278000715,
            59.98922411648004
          ],
          [
            30.454074130041327,
            59.98923526107101
          ],
          [
            30.45387506326616,
            59.98924839029525
          ],
          [
            30.453654344564573,
            59.98926208921496
          ],
          [
            30.45342731375222,
            59.98927857787622
          ],
          [
            30.45317842025825,
            59.98929447128129
          ],
          [
            30.452911652744795,
            59.98930778977226
          ],
          [
            30.452635618803566,
            59.989316579878896
          ],
          [
            30.452356505753528,
            59.989332456327425
          ],
          [
            30.45206587180678,
            59.989350261126184
          ],
          [
            30.451758378650815,
            59.98937470248057
          ],
          [
            30.45145134406695,
            59.98940065282592
          ],
          [
            30.451143531528,
            59.989427183344
          ],
          [
            30.45083021894125,
            59.98945256284516
          ],
          [
            30.4505081840752,
            59.9894768131851
          ],
          [
            30.450172247811036,
            59.989499709638515
          ],
          [
            30.449829881897422,
            59.98952560167394
          ],
          [
            30.449484092393945,
            59.989559310331984
          ],
          [
            30.44914253021872,
            59.98958760166473
          ],
          [
            30.44878335915331,
            59.989617975366045
          ],
          [
            30.448424575013572,
            59.98964550833386
          ],
          [
            30.448048056295868,
            59.98967896174205
          ],
          [
            30.44768021117681,
            59.98971667610839
          ],
          [
            30.447314032701748,
            59.98975478632524
          ],
          [
            30.446950301987364,
            59.9898109865826
          ],
          [
            30.44658028749748,
            59.989858268378384
          ],
          [
            30.446208158207728,
            59.98990535287281
          ],
          [
            30.445837015985024,
            59.98995232441247
          ],
          [
            30.445453790124613,
            59.99000080726809
          ],
          [
            30.445074125386295,
            59.990048778152065
          ],
          [
            30.444695888489957,
            59.99009627974477
          ],
          [
            30.44432670499734,
            59.9901408631106
          ],
          [
            30.443963300996412,
            59.99018413687973
          ],
          [
            30.443558018957173,
            59.990250603848054
          ],
          [
            30.443187629685944,
            59.99029948144258
          ],
          [
            30.442874824339896,
            59.99034615888087
          ],
          [
            30.43949474007995,
            59.990804930697486
          ],
          [
            30.439165794540887,
            59.99084524947293
          ],
          [
            30.43846369061365,
            59.9908657070455
          ],
          [
            30.438167798099887,
            59.99090255936996
          ],
          [
            30.438058859345993,
            59.99092902651901
          ],
          [
            30.43787219467048,
            59.99096280600773
          ],
          [
            30.437593986040838,
            59.99101291621963
          ],
          [
            30.437263748996315,
            59.99105831100115
          ],
          [
            30.43693223686519,
            59.9911034948985
          ],
          [
            30.436589912674727,
            59.991149512090445
          ],
          [
            30.436305558597674,
            59.991179776597676
          ],
          [
            30.435956698023173,
            59.9912356486492
          ],
          [
            30.435631595714142,
            59.991286278230504
          ],
          [
            30.43532501775298,
            59.99133392609176
          ],
          [
            30.43501943059313,
            59.991383156754424
          ],
          [
            30.434715920131836,
            59.991432301326356
          ],
          [
            30.43442943670738,
            59.99151440829365
          ],
          [
            30.43411753358915,
            59.991569202588856
          ],
          [
            30.433815290495687,
            59.991630217603145
          ],
          [
            30.433505744843,
            59.99169366511132
          ],
          [
            30.433190864982986,
            59.99176166255523
          ],
          [
            30.432870104766558,
            59.99183302019715
          ],
          [
            30.4325500109561,
            59.99190638613505
          ],
          [
            30.432237996042026,
            59.99198093026955
          ],
          [
            30.431549033894083,
            59.99211915612862
          ],
          [
            30.43124654569844,
            59.99218860471784
          ],
          [
            30.430920614198165,
            59.99228929578996
          ],
          [
            30.43062730550907,
            59.992367870641885
          ],
          [
            30.430313271129563,
            59.99246140382846
          ],
          [
            30.430008074982915,
            59.992536923399676
          ],
          [
            30.429677197735305,
            59.99262723909862
          ],
          [
            30.42935293176491,
            59.99271886920677
          ],
          [
            30.429036080042103,
            59.99280421544596
          ],
          [
            30.428711271689828,
            59.99289291044493
          ],
          [
            30.428389319248947,
            59.99298058770483
          ],
          [
            30.42807278461201,
            59.9930669969334
          ],
          [
            30.42775779594375,
            59.993150412975965
          ],
          [
            30.427438483606608,
            59.99322973257932
          ],
          [
            30.427121939530956,
            59.993303549317304
          ],
          [
            30.426795329669737,
            59.993376881939504
          ],
          [
            30.426469263641195,
            59.993445938489465
          ],
          [
            30.426140009656603,
            59.993509724098544
          ],
          [
            30.425814785902972,
            59.99356797185302
          ],
          [
            30.425489747873492,
            59.993624536326465
          ],
          [
            30.425173743671838,
            59.99367342451517
          ],
          [
            30.42485531798127,
            59.9937176891784
          ],
          [
            30.42452697921354,
            59.99376406271341
          ],
          [
            30.424203059052875,
            59.99380409994477
          ],
          [
            30.423877717550678,
            59.99384035747808
          ],
          [
            30.42356304898476,
            59.99386700483347
          ],
          [
            30.42327670885801,
            59.993888528720476
          ],
          [
            30.42302596913976,
            59.99390799887555
          ],
          [
            30.42277544836891,
            59.99392525815881
          ],
          [
            30.422532052116576,
            59.99394336770674
          ],
          [
            30.42229921352953,
            59.99395984360062
          ],
          [
            30.422068853425724,
            59.9939758525085
          ],
          [
            30.421838133435852,
            59.993991927354635
          ],
          [
            30.42162043810807,
            59.99400745502584
          ],
          [
            30.42143084321272,
            59.99402479211249
          ],
          [
            30.42123763857971,
            59.99403936320954
          ],
          [
            30.421060772606708,
            59.99405132298989
          ],
          [
            30.42088855146197,
            59.99406282270174
          ],
          [
            30.42073379564975,
            59.99407416556743
          ],
          [
            30.420610761973766,
            59.99408280241919
          ],
          [
            30.420494787751792,
            59.99409048060054
          ],
          [
            30.420372386318114,
            59.994096794863495
          ],
          [
            30.420221252981115,
            59.994101174585474
          ],
          [
            30.420036156435962,
            59.99410351730047
          ],
          [
            30.419833389915652,
            59.99410633199875
          ],
          [
            30.419599252559674,
            59.99412426828862
          ],
          [
            30.419338550337603,
            59.99414360923832
          ],
          [
            30.419064274251365,
            59.99416474591298
          ],
          [
            30.418774383904907,
            59.99418633016053
          ],
          [
            30.418486409047496,
            59.99420703355861
          ],
          [
            30.41820400577678,
            59.99422994179522
          ],
          [
            30.417920500743676,
            59.99425580418085
          ],
          [
            30.4176281943083,
            59.99428236715998
          ],
          [
            30.41732761568834,
            59.994314166350904
          ],
          [
            30.417017330143473,
            59.99434644167997
          ],
          [
            30.416709635873207,
            59.994372182036685
          ],
          [
            30.416392294129622,
            59.99439490277114
          ],
          [
            30.416059738728105,
            59.99441784167048
          ],
          [
            30.41572721859163,
            59.99444184831149
          ],
          [
            30.415394723576913,
            59.99446574533512
          ],
          [
            30.41506300832895,
            59.994493508898636
          ],
          [
            30.414731094066962,
            59.99451973391943
          ],
          [
            30.41439869959611,
            59.99454528647031
          ],
          [
            30.41408100620418,
            59.99456826161381
          ],
          [
            30.413772384874743,
            59.99458845069892
          ],
          [
            30.413467529726038,
            59.99460937604693
          ],
          [
            30.413177631105903,
            59.99462956574476
          ],
          [
            30.41289650262119,
            59.99464978287654
          ],
          [
            30.41262469182485,
            59.99466699169111
          ],
          [
            30.41236014488005,
            59.99468372314409
          ],
          [
            30.41210171009346,
            59.99469987188388
          ],
          [
            30.41184559772219,
            59.994713776097356
          ],
          [
            30.411586009876686,
            59.99472957626177
          ],
          [
            30.41133425786314,
            59.99474436487895
          ],
          [
            30.411082245512876,
            59.994762646915085
          ],
          [
            30.41083163524112,
            59.99477602607784
          ],
          [
            30.410598018142146,
            59.99479156031702
          ],
          [
            30.41036656429087,
            59.99480411117429
          ],
          [
            30.41013734468948,
            59.994815703645656
          ],
          [
            30.409913903488047,
            59.99482809315624
          ],
          [
            30.40969306447486,
            59.99483934580935
          ],
          [
            30.40949911771983,
            59.9948510029231
          ],
          [
            30.409336894054423,
            59.99485921890695
          ],
          [
            30.409199903976113,
            59.994866283279904
          ],
          [
            30.409098879716087,
            59.994871563641155
          ],
          [
            30.4089985619275,
            59.99487642804759
          ],
          [
            30.4088850288219,
            59.994882648333835
          ],
          [
            30.4087790541882,
            59.99488708756863
          ],
          [
            30.408705709476617,
            59.99489016867561
          ],
          [
            30.40864589352401,
            59.99489305141175
          ],
          [
            30.40860046122649,
            59.99489512076083
          ],
          [
            30.40855632431223,
            59.99489781684456
          ],
          [
            30.408518412848228,
            59.99489872186395
          ],
          [
            30.408484626213156,
            59.99489974587443
          ],
          [
            30.408456298159827,
            59.99490039536383
          ],
          [
            30.4084316927903,
            59.994900389084464
          ],
          [
            30.40842835020149,
            59.9949020425221
          ],
          [
            30.40842646336035,
            59.99490258021866
          ],
          [
            30.408424658910544,
            59.99490266036273
          ],
          [
            30.408398412416513,
            59.99490472021624
          ],
          [
            30.4083423356197,
            59.99491065699836
          ],
          [
            30.408261674873316,
            59.99491794000144
          ],
          [
            30.408172209550433,
            59.99493281937916
          ],
          [
            30.408045722920008,
            59.99494110519573
          ],
          [
            30.40791029926964,
            59.994949217155195
          ],
          [
            30.407765225738796,
            59.99495755314942
          ],
          [
            30.407620007201164,
            59.99496346862592
          ],
          [
            30.407464925125765,
            59.994971608645535
          ],
          [
            30.40729468156343,
            59.99497997831863
          ],
          [
            30.40711177176061,
            59.99498955602433
          ],
          [
            30.406916905407705,
            59.99499833882883
          ],
          [
            30.406711829280376,
            59.99500610351592
          ],
          [
            30.406493341634953,
            59.995013265022095
          ],
          [
            30.406264477523692,
            59.995016376364646
          ],
          [
            30.406021669617218,
            59.99501533958096
          ],
          [
            30.405770019656305,
            59.9950132699623
          ],
          [
            30.405506442239087,
            59.99500888843151
          ],
          [
            30.405237410571374,
            59.99500179663229
          ],
          [
            30.404970234085983,
            59.99499582364435
          ],
          [
            30.404708800779627,
            59.99498874216308
          ],
          [
            30.404444441752215,
            59.99498346339593
          ],
          [
            30.404184688080242,
            59.99497799598814
          ],
          [
            30.403923716908885,
            59.9949722430749
          ],
          [
            30.403657684747188,
            59.99496569776141
          ],
          [
            30.403398622613782,
            59.99495952059313
          ],
          [
            30.403141044921476,
            59.99495270614396
          ],
          [
            30.402891768053504,
            59.994943178026894
          ],
          [
            30.402642264931533,
            59.994938484675906
          ],
          [
            30.402395249423503,
            59.99493275713721
          ],
          [
            30.402157784977884,
            59.99492565845971
          ],
          [
            30.401919350338005,
            59.994919318971625
          ],
          [
            30.401683750497295,
            59.99491363114635
          ],
          [
            30.401444914368984,
            59.99490784767688
          ],
          [
            30.40121514358798,
            59.99490182282434
          ],
          [
            30.401001463675833,
            59.99489397621838
          ],
          [
            30.40081708141823,
            59.99489030139512
          ],
          [
            30.400656663353388,
            59.99488541794782
          ],
          [
            30.40049701622215,
            59.99488131637674
          ],
          [
            30.400341213646506,
            59.99487689802435
          ],
          [
            30.40018025814701,
            59.99487077989121
          ],
          [
            30.400014719354292,
            59.994869753459476
          ],
          [
            30.399829356066395,
            59.99486476081032
          ],
          [
            30.3996331796185,
            59.99486038126772
          ],
          [
            30.399418927604383,
            59.99485487048511
          ],
          [
            30.399184514505503,
            59.99485241570087
          ],
          [
            30.398939225267462,
            59.99484348756278
          ],
          [
            30.398682540222115,
            59.99483493147497
          ],
          [
            30.398417273666908,
            59.99482849440144
          ],
          [
            30.398141639144747,
            59.9948211632217
          ],
          [
            30.39785570433504,
            59.99481377996411
          ],
          [
            30.397564154106053,
            59.9948072318914
          ],
          [
            30.39726216960187,
            59.99479959197326
          ],
          [
            30.396959789552476,
            59.994791941209
          ],
          [
            30.39667479085523,
            59.99478446839098
          ],
          [
            30.39639983749514,
            59.99477710362994
          ],
          [
            30.39612983899815,
            59.99477163739543
          ],
          [
            30.395876370410935,
            59.994766005472705
          ],
          [
            30.395640393968055,
            59.99475946529653
          ],
          [
            30.395417237086477,
            59.99475357661684
          ],
          [
            30.3952079546254,
            59.99474946833115
          ],
          [
            30.395010390558472,
            59.99474427730348
          ],
          [
            30.394831633246852,
            59.99473828400729
          ],
          [
            30.394655592446934,
            59.99473450976638
          ],
          [
            30.394463517781308,
            59.994731425414685
          ],
          [
            30.394264987673186,
            59.99472703446481
          ],
          [
            30.39406380903723,
            59.994722643284526
          ],
          [
            30.393877144900415,
            59.994716903127006
          ],
          [
            30.39372083880204,
            59.994711588773924
          ],
          [
            30.393597218036938,
            59.99470946127123
          ],
          [
            30.393472616859547,
            59.99470837278152
          ],
          [
            30.39336117850246,
            59.99470675213104
          ],
          [
            30.39324299268915,
            59.99470535416567
          ],
          [
            30.393124089139178,
            59.994703709799644
          ],
          [
            30.392987020502666,
            59.994699546482536
          ],
          [
            30.392823635584634,
            59.99469324364669
          ],
          [
            30.392653673206883,
            59.994690408866795
          ],
          [
            30.39246824284557,
            59.99468896749052
          ],
          [
            30.392265953453666,
            59.99468926807272
          ],
          [
            30.39206001698181,
            59.994694917136066
          ],
          [
            30.391843631239322,
            59.994708336931055
          ],
          [
            30.391630948104453,
            59.99472851540188
          ],
          [
            30.391419153950753,
            59.99475593055736
          ],
          [
            30.391206980240415,
            59.99478526432844
          ],
          [
            30.390995407700547,
            59.99481480222966
          ],
          [
            30.390781013757795,
            59.99484586271796
          ],
          [
            30.390560417531997,
            59.99487805635925
          ],
          [
            30.390313988401953,
            59.99490642255055
          ],
          [
            30.39006807726437,
            59.99493501890701
          ],
          [
            30.389817883438877,
            59.99496617815292
          ],
          [
            30.38956171631607,
            59.99499647874179
          ],
          [
            30.389303317404156,
            59.99503691828462
          ],
          [
            30.389056829590917,
            59.9950608421935
          ],
          [
            30.38878339162883,
            59.995098610948986
          ],
          [
            30.388505897270026,
            59.9951358187314
          ],
          [
            30.388237156438286,
            59.995174253736714
          ],
          [
            30.387980373383666,
            59.99521123694808
          ],
          [
            30.387738621312096,
            59.995222948952325
          ],
          [
            30.38752982352893,
            59.995253741892256
          ],
          [
            30.387334810009403,
            59.99528224249736
          ],
          [
            30.38714801410018,
            59.995309391646515
          ],
          [
            30.38695287894101,
            59.995330108007316
          ],
          [
            30.38679159090035,
            59.99535413701318
          ],
          [
            30.38660549718316,
            59.99538472303842
          ],
          [
            30.3864294670115,
            59.99541183414906
          ],
          [
            30.3862673712994,
            59.995437339518624
          ],
          [
            30.386131461263258,
            59.9954565477391
          ],
          [
            30.38601244913026,
            59.9954715768299
          ],
          [
            30.38591010014226,
            59.99548408275829
          ],
          [
            30.385815670564146,
            59.9954954095602
          ],
          [
            30.38572976961575,
            59.99550604985199
          ],
          [
            30.38564345263698,
            59.995521183234295
          ],
          [
            30.38555757800906,
            59.99553184583904
          ],
          [
            30.385460205889466,
            59.995544776135134
          ],
          [
            30.385360698882426,
            59.995562679534046
          ],
          [
            30.385246916668464,
            59.9955803176924
          ],
          [
            30.385138937844005,
            59.99559505815823
          ],
          [
            30.38504851089053,
            59.995606402935515
          ],
          [
            30.384986443343575,
            59.99561355328184
          ],
          [
            30.384922317634665,
            59.99562312800019
          ],
          [
            30.384874107314552,
            59.99563370148766
          ],
          [
            30.38481095479618,
            59.99563895388523
          ],
          [
            30.38473195654641,
            59.99564946321309
          ],
          [
            30.384668654268925,
            59.9956551403089
          ],
          [
            30.384602618387998,
            59.9956649759581
          ],
          [
            30.384523617696086,
            59.99567109977599
          ],
          [
            30.384455275291046,
            59.99567799322323
          ],
          [
            30.384407626861236,
            59.99568310379282
          ],
          [
            30.384361356820765,
            59.995689598714684
          ],
          [
            30.384322798733166,
            59.99569720674968
          ],
          [
            30.384284486870328,
            59.99569671850333
          ],
          [
            30.384269733444455,
            59.99569189638413
          ],
          [
            30.384260777579357,
            59.99568942466697
          ],
          [
            30.38426229583797,
            59.99568898047931
          ],
          [
            30.3842608993095,
            59.99568561883838
          ],
          [
            30.384263664205008,
            59.99568450092496
          ],
          [
            30.384263664205008,
            59.99568450092496
          ],
          [
            30.384263664205008,
            59.99568450092496
          ],
          [
            30.384263664205008,
            59.99568450092496
          ],
          [
            30.38425675816145,
            59.99571429881745
          ],
          [
            30.38422949439216,
            59.99572096015218
          ],
          [
            30.3841910218787,
            59.9957270026225
          ],
          [
            30.384162363910757,
            59.99572494555916
          ],
          [
            30.384141662699648,
            59.99572964483922
          ],
          [
            30.38413221861394,
            59.99572409162596
          ],
          [
            30.384131560905434,
            59.99572014939899
          ],
          [
            30.384125291174794,
            59.995716884221785
          ],
          [
            30.384125778668608,
            59.995716509490286
          ],
          [
            30.384125778668608,
            59.995716509490286
          ],
          [
            30.384125778668608,
            59.995716509490286
          ],
          [
            30.384125778668608,
            59.995716509490286
          ],
          [
            30.38411495092848,
            59.99570606157208
          ],
          [
            30.38410074966768,
            59.99569727231891
          ],
          [
            30.384106934151752,
            59.99569736625086
          ],
          [
            30.384108478508164,
            59.995700230360875
          ],
          [
            30.384108478508164,
            59.995700230360875
          ],
          [
            30.384108478508164,
            59.995700230360875
          ],
          [
            30.384108478508164,
            59.995700230360875
          ],
          [
            30.384108478508164,
            59.995700230360875
          ],
          [
            30.384108478508164,
            59.995700230360875
          ],
          [
            30.384108478508164,
            59.995700230360875
          ],
          [
            30.384108478508164,
            59.995700230360875
          ],
          [
            30.384108478508164,
            59.995700230360875
          ],
          [
            30.384108478508164,
            59.995700230360875
          ],
          [
            30.384108478508164,
            59.995700230360875
          ],
          [
            30.384108478508164,
            59.995700230360875
          ],
          [
            30.384108478508164,
            59.995700230360875
          ],
          [
            30.384108478508164,
            59.995700230360875
          ],
          [
            30.384108478508164,
            59.995700230360875
          ],
          [
            30.384108478508164,
            59.995700230360875
          ],
          [
            30.384108478508164,
            59.995700230360875
          ],
          [
            30.384108478508164,
            59.995700230360875
          ],
          [
            30.384108478508164,
            59.995700230360875
          ],
          [
            30.384108478508164,
            59.995700230360875
          ],
          [
            30.384108478508164,
            59.995700230360875
          ],
          [
            30.384108478508164,
            59.995700230360875
          ],
          [
            30.384108478508164,
            59.995700230360875
          ],
          [
            30.384108478508164,
            59.995700230360875
          ],
          [
            30.384108478508164,
            59.995700230360875
          ],
          [
            30.384108478508164,
            59.995700230360875
          ],
          [
            30.384022007645722,
            59.99569820366348
          ],
          [
            30.38402379359435,
            59.995698229652426
          ],
          [
            30.38402379359435,
            59.995698229652426
          ],
          [
            30.38402379359435,
            59.995698229652426
          ],
          [
            30.38402379359435,
            59.995698229652426
          ],
          [
            30.38402379359435,
            59.995698229652426
          ],
          [
            30.38402379359435,
            59.995698229652426
          ],
          [
            30.384047786127844,
            59.99570379151186
          ],
          [
            30.384047786127844,
            59.99570379151186
          ],
          [
            30.384047786127844,
            59.99570379151186
          ],
          [
            30.384047786127844,
            59.99570379151186
          ],
          [
            30.384047786127844,
            59.99570379151186
          ],
          [
            30.384047786127844,
            59.99570379151186
          ],
          [
            30.384047786127844,
            59.99570379151186
          ],
          [
            30.384047786127844,
            59.99570379151186
          ],
          [
            30.384047786127844,
            59.99570379151186
          ],
          [
            30.384047786127844,
            59.99570379151186
          ],
          [
            30.384047786127844,
            59.99570379151186
          ],
          [
            30.384047786127844,
            59.99570379151186
          ],
          [
            30.384047786127844,
            59.99570379151186
          ],
          [
            30.384047786127844,
            59.99570379151186
          ],
          [
            30.384047786127844,
            59.99570379151186
          ],
          [
            30.36894203526047,
            60.00546275212564
          ]
        ]
      }
    },
    {
      "type": "Feature",
      "properties": {
        "monotonic_time": 48049.37276673317,
        "horizontal_accuracy": 2.095680417914746,
        "speed": 9.084460795271903,
        "course": 76.11711120605469,
        "synthetic": false
      },
      "geometry": {
        "type": "Point",
        "coordinates": [
          30.37009601897441,
          59.835744207259964
        ]
      }
    },
    {
      "type": "Feature",
      "properties": {
        "monotonic_time": 48050.37278294563,
        "horizontal_accuracy": 2.1211021817822755,
        "speed": 9.023268639495303,
        "course": 76.02416229248047,
        "synthetic": false
      },
      "geometry": {
        "type": "Point",
        "coordinates": [
          30.370250838012538,
          59.835770157164845
        ]
      }
    },
    {
      "type": "Feature",
      "properties": {
        "monotonic_time": 48051.37279963493,
        "horizontal_accuracy": 2.157438302802077,
        "speed": 9.197059098020366,
        "course": 76.02416229248047,
        "synthetic": false
      },
      "geometry": {
        "type": "Point",
        "coordinates": [
          30.370410860548724,
          59.83579031772045
        ]
      }
    },
    {
      "type": "Feature",
      "properties": {
        "monotonic_time": 48052.37281560898,
        "horizontal_accuracy": 2.2101924361777137,
        "speed": 9.452546055718146,
        "course": 76.1784439086914,
        "synthetic": false
      },
      "geometry": {
        "type": "Point",
        "coordinates": [
          30.370583159350627,
          59.835806481189465
        ]
      }
    },
    {
      "type": "Feature",
      "properties": {
        "monotonic_time": 48053.37283205986,
        "horizontal_accuracy": 2.2058507038076054,
        "speed": 9.444254570231127,
        "course": 76.1784439086914,
        "synthetic": false
      },
      "geometry": {
        "type": "Point",
        "coordinates": [
          30.370742696534236,
          59.83582889881397
        ]
      }
    },
    {
      "type": "Feature",
      "properties": {
        "monotonic_time": 48054.37284827232,
        "horizontal_accuracy": 2.15589611011349,
        "speed": 9.604788687068048,
        "course": 76.1784439086914,
        "synthetic": false
      },
      "geometry": {
        "type": "Point",
        "coordinates": [
          30.37090868287111,
          59.83585284486756
        ]
      }
    },
    {
      "type": "Feature",
      "properties": {
        "monotonic_time": 48055.372864961624,
        "horizontal_accuracy": 2.1509545958015566,
        "speed": 9.460847747637525,
        "course": 76.06065368652344,
        "synthetic": false
      },
      "geometry": {
        "type": "Point",
        "coordinates": [
          30.371071172468998,
          59.835874015420245
        ]
      }
    },
    {
      "type": "Feature",
      "properties": {
        "monotonic_time": 48056.372881770134,
        "horizontal_accuracy": 2.1266233748769885,
        "speed": 8.919347771553904,
        "course": 76.06065368652344,
        "synthetic": false
      },
      "geometry": {
        "type": "Point",
        "coordinates": [
          30.37122763304462,
          59.83589242851314
        ]
      }
    },
    {
      "type": "Feature",
      "properties": {
        "monotonic_time": 48057.37289869785,
        "horizontal_accuracy": 2.0979484622422246,
        "speed": 7.516954593951471,
        "course": 76.06065368652344,
        "synthetic": false
      },
      "geometry": {
        "type": "Point",
        "coordinates": [
          30.37134848371063,
          59.8359036348579
        ]
      }
    },
    {
      "type": "Feature",
      "properties": {
        "monotonic_time": 48058.37291455269,
        "horizontal_accuracy": 2.1351286698481196,
        "speed": 6.130289261024096,
        "course": 76.06065368652344,
        "synthetic": false
      },
      "geometry": {
        "type": "Point",
        "coordinates": [
          30.371442571429505,
          59.835911166616874
        ]
      }
    },
    {
      "type": "Feature",
      "properties": {
        "monotonic_time": 48059.37293088436,
        "horizontal_accuracy": 2.147419181748183,
        "speed": 4.774772679966152,
        "course": 76.06065368652344,
        "synthetic": false
      },
      "geometry": {
        "type": "Point",
        "coordinates": [
          30.371511229332466,
          59.835905685330296
        ]
      }
    },
    {
      "type": "Feature",
      "properties": {
        "monotonic_time": 48060.3729467392,
        "horizontal_accuracy": 2.177502700738876,
        "speed": 4.106779638949946,
        "course": 76.06065368652344,
        "synthetic": false
      },
      "geometry": {
        "type": "Point",
        "coordinates": [
          30.371575465110443,
          59.83589549186032
        ]
      }
    },
    {
      "type": "Feature",
      "properties": {
        "monotonic_time": 48061.372963666916,
        "horizontal_accuracy": 2.265422470727423,
        "speed": 3.980210729626782,
        "course": 76.06065368652344,
        "synthetic": false
      },
      "geometry": {
        "type": "Point",
        "coordinates": [
          30.371632273113445,
          59.83587791429688
        ]
      }
    },
    {
      "type": "Feature",
      "properties": {
        "monotonic_time": 48062.37297940254,
        "horizontal_accuracy": 2.245844508200334,
        "speed": 4.662536670211251,
        "course": 173.5612335205078,
        "synthetic": false
      },
      "geometry": {
        "type": "Point",
        "coordinates": [
          30.371683269758904,
          59.835839235043224
        ]
      }
    },
    {
      "type": "Feature",
      "properties": {
        "monotonic_time": 48063.37299621105,
        "horizontal_accuracy": 2.2249502261833434,
        "speed": 6.1888104388139,
        "course": 170.55557250976562,
        "synthetic": false
      },
      "geometry": {
        "type": "Point",
        "coordinates": [
          30.37171351877503,
          59.83577013630089
        ]
      }
    },
    {
      "type": "Feature",
      "properties": {
        "monotonic_time": 48064.37301301956,
        "horizontal_accuracy": 2.255064613396891,
        "speed": 7.717521686186974,
        "course": 170.55557250976562,
        "synthetic": false
      },
      "geometry": {
        "type": "Point",
        "coordinates": [
          30.371740089724252,
          59.83568845688461
        ]
      }
    },
    {
      "type": "Feature",
      "properties": {
        "monotonic_time": 48065.37302899361,
        "horizontal_accuracy": 2.269186868284876,
        "speed": 8.553724852375437,
        "course": 170.55557250976562,
        "synthetic": false
      },
      "geometry": {
        "type": "Point",
        "coordinates": [
          30.371761780020435,
          59.83560499553406
        ]
      }
    },
    {
      "type": "Feature",
      "properties": {
        "monotonic_time": 48066.37304544449,
        "horizontal_accuracy": 2.26956333621588,
        "speed": 9.434651717138724,
        "course": 170.55557250976562,
        "synthetic": false
      },
      "geometry": {
        "type": "Point",
        "coordinates": [
          30.37180039991639,
          59.83551558097015
        ]
      }
    },
    {
      "type": "Feature",
      "properties": {
        "monotonic_time": 48067.37306404114,
        "horizontal_accuracy": 2.292628485264486,
        "speed": 9.756801251991547,
        "course": 170.55557250976562,
        "synthetic": false
      },
      "geometry": {
        "type": "Point",
        "coordinates": [
          30.37184365408477,
          59.835426931964264
        ]
      }
    },
    {
      "type": "Feature",
      "properties": {
        "monotonic_time": 48068.37307870388,
        "horizontal_accuracy": 2.3812552378576624,
        "speed": 10.183470595257917,
        "course": 170.55557250976562,
        "synthetic": false
      },
      "geometry": {
        "type": "Point",
        "coordinates": [
          30.371891127430963,
          59.83533404151558
        ]
      }
    },
    {
      "type": "Feature",
      "properties": {
        "monotonic_time": 48069.37309503555,
        "horizontal_accuracy": 2.3225022588246476,
        "speed": 9.235759837161403,
        "course": 170.55557250976562,
        "synthetic": false
      },
      "geometry": {
        "type": "Point",
        "coordinates": [
          30.371925072288413,
          59.835257367052385
        ]
      }
    },
    {
      "type": "Feature",
      "properties": {
        "monotonic_time": 48070.373111367226,
        "horizontal_accuracy": 2.2634940828206522,
        "speed": 8.548664226190015,
        "course": 170.55557250976562,
        "synthetic": false
      },
      "geometry": {
        "type": "Point",
        "coordinates": [
          30.371952588398795,
          59.83518218057623
        ]
      }
    },
    {
      "type": "Feature",
      "properties": {
        "monotonic_time": 48071.37312698364,
        "horizontal_accuracy": 2.2780402206788017,
        "speed": 6.8682800325882205,
        "course": 170.99293518066406,
        "synthetic": false
      },
      "geometry": {
        "type": "Point",
        "coordinates": [
          30.37196625831307,
          59.835128638464816
        ]
      }
    },
    {
      "type": "Feature",
      "properties": {
        "monotonic_time": 48072.37314391136,
        "horizontal_accuracy": 2.2764813954794914,
        "speed": 5.270213750232198,
        "course": 170.99293518066406,
        "synthetic": false
      },
      "geometry": {
        "type": "Point",
        "coordinates": [
          30.371977420778332,
          59.835085889855755
        ]
      }
    },
    {
      "type": "Feature",
      "properties": {
        "monotonic_time": 48073.3731597662,
        "horizontal_accuracy": 2.2588177827876743,
        "speed": 3.249533400257607,
        "course": 170.99293518066406,
        "synthetic": false
      },
      "geometry": {
        "type": "Point",
        "coordinates": [
          30.371983031697837,
          59.83506505674514
        ]
      }
    },
    {
      "type": "Feature",
      "properties": {
        "monotonic_time": 48074.37317657471,
        "horizontal_accuracy": 2.287128128927929,
        "speed": 1.5435325637326722,
        "course": 170.99293518066406,
        "synthetic": false
      },
      "geometry": {
        "type": "Point",
        "coordinates": [
          30.371984123523998,
          59.835060475935215
        ]
      }
    },
    {
      "type": "Feature",
      "properties": {
        "monotonic_time": 48075.37319278717,
        "horizontal_accuracy": 2.2391191752002393,
        "speed": 0.5784889458377958,
        "course": 170.99293518066406,
        "synthetic": false
      },
      "geometry": {
        "type": "Point",
        "coordinates": [
          30.371983501892984,
          59.83506270660872
        ]
      }
    },
    {
      "type": "Feature",
      "properties": {
        "monotonic_time": 48076.373208880424,
        "horizontal_accuracy": 2.224925662220059,
        "speed": 0.23535251103995697,
        "course": 170.99293518066406,
        "synthetic": false
      },
      "geometry": {
        "type": "Point",
        "coordinates": [
          30.37198332856116,
          59.83506521064287
        ]
      }
    },
    {
      "type": "Feature",
      "properties": {
        "monotonic_time": 48077.373225569725,
        "horizontal_accuracy": 2.2767868261189594,
        "speed": 0,
        "course": 170.99293518066406,
        "synthetic": false
      },
      "geometry": {
        "type": "Point",
        "coordinates": [
          30.371983434426816,
          59.83506578105694
        ]
      }
    },
    {
      "type": "Feature",
      "properties": {
        "monotonic_time": 48078.373242259026,
        "horizontal_accuracy": 2.3011846612122087,
        "speed": 0,
        "course": 170.99293518066406,
        "synthetic": false
      },
      "geometry": {
        "type": "Point",
        "coordinates": [
          30.371983434426816,
          59.83506578105694
        ]
      }
    },
    {
      "type": "Feature",
      "properties": {
        "monotonic_time": 48079.3732585907,
        "horizontal_accuracy": 2.2799093756847535,
        "speed": 0.06775256483771162,
        "course": 170.99293518066406,
        "synthetic": false
      },
      "geometry": {
        "type": "Point",
        "coordinates": [
          30.37197280147705,
          59.83506622749395
        ]
      }
    },
    {
      "type": "Feature",
      "properties": {
        "monotonic_time": 48080.37327480316,
        "horizontal_accuracy": 2.248018127836248,
        "speed": 0.4208354798757066,
        "course": 170.99293518066406,
        "synthetic": false
      },
      "geometry": {
        "type": "Point",
        "coordinates": [
          30.371974277567308,
          59.835061110490884
        ]
      }
    },
    {
      "type": "Feature",
      "properties": {
        "monotonic_time": 48081.373290658,
        "horizontal_accuracy": 2.24535738528751,
        "speed": 0.7098968394414182,
        "course": 170.99293518066406,
        "synthetic": false
      },
      "geometry": {
        "type": "Point",
        "coordinates": [
          30.371976441990835,
          59.83505191842629
        ]
      }
    },
    {
      "type": "Feature",
      "properties": {
        "monotonic_time": 48082.373307943344,
        "horizontal_accuracy": 2.2075843866483593,
        "speed": 0.42006281797465955,
        "course": 170.99293518066406,
        "synthetic": false
      },
      "geometry": {
        "type": "Point",
        "coordinates": [
          30.371977378629882,
          59.83504791809352
        ]
      }
    },
    {
      "type": "Feature",
      "properties": {
        "monotonic_time": 48083.37332427502,
        "horizontal_accuracy": 2.1774401710761957,
        "speed": 0.22528406001467566,
        "course": 170.99293518066406,
        "synthetic": false
      },
      "geometry": {
        "type": "Point",
        "coordinates": [
          30.37197994569274,
          59.83504600069222
        ]
      }
    },
    {
      "type": "Feature",
      "properties": {
        "monotonic_time": 48084.37334084511,
        "horizontal_accuracy": 2.1744476519683005,
        "speed": 0,
        "course": 170.99293518066406,
        "synthetic": false
      },
      "geometry": {
        "type": "Point",
        "coordinates": [
          30.37197844329041,
          59.83504457342754
        ]
      }
    },
    {
      "type": "Feature",
      "properties": {
        "monotonic_time": 48085.373356580734,
        "horizontal_accuracy": 2.178271414258691,
        "speed": 0,
        "course": 170.99293518066406,
        "synthetic": false
      },
      "geometry": {
        "type": "Point",
        "coordinates": [
          30.37197844329041,
          59.83504457342754
        ]
      }
    },
    {
      "type": "Feature",
      "properties": {
        "monotonic_time": 48086.373373150826,
        "horizontal_accuracy": 2.1532445709234525,
        "speed": 0,
        "course": 170.99293518066406,
        "synthetic": false
      },
      "geometry": {
        "type": "Point",
        "coordinates": [
          30.37197844329041,
          59.83504457342754
        ]
      }
    },
    {
      "type": "Feature",
      "properties": {
        "monotonic_time": 48087.37338900566,
        "horizontal_accuracy": 2.152227415138246,
        "speed": 0,
        "course": 170.99293518066406,
        "synthetic": false
      },
      "geometry": {
        "type": "Point",
        "coordinates": [
          30.37197844329041,
          59.83504457342754
        ]
      }
    },
    {
      "type": "Feature",
      "properties": {
        "monotonic_time": 48088.37340557575,
        "horizontal_accuracy": 2.1665645692250526,
        "speed": 0,
        "course": 170.99293518066406,
        "synthetic": false
      },
      "geometry": {
        "type": "Point",
        "coordinates": [
          30.37197844329041,
          59.83504457342754
        ]
      }
    },
    {
      "type": "Feature",
      "properties": {
        "monotonic_time": 48089.37342238426,
        "horizontal_accuracy": 2.1590625711612654,
        "speed": 0,
        "course": 170.99293518066406,
        "synthetic": false
      },
      "geometry": {
        "type": "Point",
        "coordinates": [
          30.37197844329041,
          59.83504457342754
        ]
      }
    },
    {
      "type": "Feature",
      "properties": {
        "monotonic_time": 48090.373438477516,
        "horizontal_accuracy": 2.0865316826286104,
        "speed": 0,
        "course": 170.99293518066406,
        "synthetic": false
      },
      "geometry": {
        "type": "Point",
        "coordinates": [
          30.37197844329041,
          59.83504457342754
        ]
      }
    },
    {
      "type": "Feature",
      "properties": {
        "monotonic_time": 48091.37345457077,
        "horizontal_accuracy": 2.08465490966146,
        "speed": 0,
        "course": 170.99293518066406,
        "synthetic": false
      },
      "geometry": {
        "type": "Point",
        "coordinates": [
          30.37197844329041,
          59.83504457342754
        ]
      }
    },
    {
      "type": "Feature",
      "properties": {
        "monotonic_time": 48092.3734716177,
        "horizontal_accuracy": 2.080422164178387,
        "speed": 0,
        "course": 170.99293518066406,
        "synthetic": false
      },
      "geometry": {
        "type": "Point",
        "coordinates": [
          30.37197844329041,
          59.83504457342754
        ]
      }
    },
    {
      "type": "Feature",
      "properties": {
        "monotonic_time": 48093.37348771095,
        "horizontal_accuracy": 2.0770415586464828,
        "speed": 0,
        "course": 170.99293518066406,
        "synthetic": false
      },
      "geometry": {
        "type": "Point",
        "coordinates": [
          30.37197844329041,
          59.83504457342754
        ]
      }
    },
    {
      "type": "Feature",
      "properties": {
        "monotonic_time": 48094.37350440025,
        "horizontal_accuracy": 2.0731894807141575,
        "speed": 0,
        "course": 170.99293518066406,
        "synthetic": false
      },
      "geometry": {
        "type": "Point",
        "coordinates": [
          30.37197844329041,
          59.83504457342754
        ]
      }
    },
    {
      "type": "Feature",
      "properties": {
        "monotonic_time": 48095.37352061272,
        "horizontal_accuracy": 2.084387640471532,
        "speed": 0,
        "course": 170.99293518066406,
        "synthetic": false
      },
      "geometry": {
        "type": "Point",
        "coordinates": [
          30.37197844329041,
          59.83504457342754
        ]
      }
    },
    {
      "type": "Feature",
      "properties": {
        "monotonic_time": 48096.37353670597,
        "horizontal_accuracy": 2.1411180851115392,
        "speed": 0,
        "course": 170.99293518066406,
        "synthetic": false
      },
      "geometry": {
        "type": "Point",
        "coordinates": [
          30.37197844329041,
          59.83504457342754
        ]
      }
    },
    {
      "type": "Feature",
      "properties": {
        "monotonic_time": 48097.373554587364,
        "horizontal_accuracy": 2.1840566389979137,
        "speed": 0,
        "course": 170.99293518066406,
        "synthetic": false
      },
      "geometry": {
        "type": "Point",
        "coordinates": [
          30.37197844329041,
          59.83504457342754
        ]
      }
    },
    {
      "type": "Feature",
      "properties": {
        "monotonic_time": 48098.373569726944,
        "horizontal_accuracy": 2.2196009554874485,
        "speed": 0,
        "course": 170.99293518066406,
        "synthetic": false
      },
      "geometry": {
        "type": "Point",
        "coordinates": [
          30.37197844329041,
          59.83504457342754
        ]
      }
    },
    {
      "type": "Feature",
      "properties": {
        "monotonic_time": 48099.37358689308,
        "horizontal_accuracy": 2.208620907713076,
        "speed": 0,
        "course": 170.99293518066406,
        "synthetic": false
      },
      "geometry": {
        "type": "Point",
        "coordinates": [
          30.37197844329041,
          59.83504457342754
        ]
      }
    },
    {
      "type": "Feature",
      "properties": {
        "monotonic_time": 48100.37360239029,
        "horizontal_accuracy": 2.198189862327422,
        "speed": 0,
        "course": 170.99293518066406,
        "synthetic": false
      },
      "geometry": {
        "type": "Point",
        "coordinates": [
          30.37197844329041,
          59.83504457342754
        ]
      }
    },
    {
      "type": "Feature",
      "properties": {
        "monotonic_time": 48101.37361896038,
        "horizontal_accuracy": 2.188280369211051,
        "speed": 0,
        "course": 170.99293518066406,
        "synthetic": false
      },
      "geometry": {
        "type": "Point",
        "coordinates": [
          30.37197844329041,
          59.83504457342754
        ]
      }
    },
    {
      "type": "Feature",
      "properties": {
        "monotonic_time": 48102.373635172844,
        "horizontal_accuracy": 2.178866350750498,
        "speed": 0,
        "course": 170.99293518066406,
        "synthetic": false
      },
      "geometry": {
        "type": "Point",
        "coordinates": [
          30.37197844329041,
          59.83504457342754
        ]
      }
    },
    {
      "type": "Feature",
      "properties": {
        "monotonic_time": 48103.373651623726,
        "horizontal_accuracy": 2.169923033212973,
        "speed": 0,
        "course": 170.99293518066406,
        "synthetic": false
      },
      "geometry": {
        "type": "Point",
        "coordinates": [
          30.37197844329041,
          59.83504457342754
        ]
      }
    },
    {
      "type": "Feature",
      "properties": {
        "monotonic_time": 48104.37366807461,
        "horizontal_accuracy": 2.1614268815523245,
        "speed": 0,
        "course": 170.99293518066406,
        "synthetic": false
      },
      "geometry": {
        "type": "Point",
        "coordinates": [
          30.37197844329041,
          59.83504457342754
        ]
      }
    },
    {
      "type": "Feature",
      "properties": {
        "monotonic_time": 48105.37368488312,
        "horizontal_accuracy": 2.1533555374747078,
        "speed": 0,
        "course": 170.99293518066406,
        "synthetic": false
      },
      "geometry": {
        "type": "Point",
        "coordinates": [
          30.37197844329041,
          59.83504457342754
        ]
      }
    },
    {
      "type": "Feature",
      "properties": {
        "monotonic_time": 48106.373700499535,
        "horizontal_accuracy": 2.145687760600973,
        "speed": 0,
        "course": 170.99293518066406,
        "synthetic": false
      },
      "geometry": {
        "type": "Point",
        "coordinates": [
          30.37197844329041,
          59.83504457342754
        ]
      }
    },
    {
      "type": "Feature",
      "properties": {
        "monotonic_time": 48107.37371695042,
        "horizontal_accuracy": 2.1384033725709237,
        "speed": 0,
        "course": 170.99293518066406,
        "synthetic": false
      },
      "geometry": {
        "type": "Point",
        "coordinates": [
          30.37197844329041,
          59.83504457342754
        ]
      }
    },
    {
      "type": "Feature",
      "properties": {
        "monotonic_time": 48108.37373363972,
        "horizontal_accuracy": 2.135741136863175,
        "speed": 0.36602001682987256,
        "course": 170.99293518066406,
        "synthetic": false
      },
      "geometry": {
        "type": "Point",
        "coordinates": [
          30.371990642566317,
          59.83503199050223
        ]
      }
    },
    {
      "type": "Feature",
      "properties": {
        "monotonic_time": 48109.373750567436,
        "horizontal_accuracy": 2.133278803640894,
        "speed": 0.9799124404068358,
        "course": 170.99293518066406,
        "synthetic": false
      },
      "geometry": {
        "type": "Point",
        "coordinates": [
          30.37199549556236,
          59.83502293606297
        ]
      }
    },
    {
      "type": "Feature",
      "properties": {
        "monotonic_time": 48110.37376701832,
        "horizontal_accuracy": 2.126614872057467,
        "speed": 2.2738669030292757,
        "course": 170.99293518066406,
        "synthetic": false
      },
      "geometry": {
        "type": "Point",
        "coordinates": [
          30.372005257143307,
          59.83500081384686
        ]
      }
    },
    {
      "type": "Feature",
      "properties": {
        "monotonic_time": 48111.3737821579,
        "horizontal_accuracy": 2.120284140192174,
        "speed": 3.4202242144461015,
        "course": 170.99293518066406,
        "synthetic": false
      },
      "geometry": {
        "type": "Point",
        "coordinates": [
          30.372018487723224,
          59.83496685369423
        ]
      }
    },
    {
      "type": "Feature",
      "properties": {
        "monotonic_time": 48112.373799443245,
        "horizontal_accuracy": 2.1293065468403087,
        "speed": 4.404957535286936,
        "course": 170.99293518066406,
        "synthetic": false
      },
      "geometry": {
        "type": "Point",
        "coordinates": [
          30.372034044024698,
          59.83492356335727
        ]
      }
    },
    {
      "type": "Feature",
      "properties": {
        "monotonic_time": 48113.37381577492,
        "horizontal_accuracy": 2.1228412204546516,
        "speed": 4.915732035059035,
        "course": 170.99293518066406,
        "synthetic": false
      },
      "geometry": {
        "type": "Point",
        "coordinates": [
          30.372047303370564,
          59.83487970440915
        ]
      }
    },
    {
      "type": "Feature",
      "properties": {
        "monotonic_time": 48114.37383174896,
        "horizontal_accuracy": 2.1380214030039824,
        "speed": 6.070371002798547,
        "course": 170.99293518066406,
        "synthetic": false
      },
      "geometry": {
        "type": "Point",
        "coordinates": [
          30.37206697331377,
          59.83482206919195
        ]
      }
    },
    {
      "type": "Feature",
      "properties": {
        "monotonic_time": 48115.37384855747,
        "horizontal_accuracy": 2.1280668437733734,
        "speed": 7.156649989612061,
        "course": 170.984375,
        "synthetic": false
      },
      "geometry": {
        "type": "Point",
        "coordinates": [
          30.37208516194434,
          59.83475676798379
        ]
      }
    },
    {
      "type": "Feature",
      "properties": {
        "monotonic_time": 48116.37386524677,
        "horizontal_accuracy": 2.109488868012308,
        "speed": 7.904832458500815,
        "course": 170.984375,
        "synthetic": false
      },
      "geometry": {
        "type": "Point",
        "coordinates": [
          30.372103689170096,
          59.83468588525474
        ]
      }
    },
    {
      "type": "Feature",
      "properties": {
        "monotonic_time": 48117.37388110161,
        "horizontal_accuracy": 2.099200924461695,
        "speed": 8.18372197058367,
        "course": 170.984375,
        "synthetic": false
      },
      "geometry": {
        "type": "Point",
        "coordinates": [
          30.37212570910102,
          59.83461353258362
        ]
      }
    },
    {
      "type": "Feature",
      "properties": {
        "monotonic_time": 48118.373898506165,
        "horizontal_accuracy": 2.253425632740822,
        "speed": 8.600138603784004,
        "course": 170.984375,
        "synthetic": false
      },
      "geometry": {
        "type": "Point",
        "coordinates": [
          30.372149427107477,
          59.834536566954206
        ]
      }
    },
    {
      "type": "Feature",
      "properties": {
        "monotonic_time": 48119.37391424179,
        "horizontal_accuracy": 2.1672296298506395,
        "speed": 8.850226965824756,
        "course": 170.984375,
        "synthetic": false
      },
      "geometry": {
        "type": "Point",
        "coordinates": [
          30.372171278819607,
          59.83445854390862
        ]
      }
    },
    {
      "type": "Feature",
      "properties": {
        "monotonic_time": 48120.37393081188,
        "horizontal_accuracy": 2.111536642452841,
        "speed": 8.227618518944881,
        "course": 170.9758758544922,
        "synthetic": false
      },
      "geometry": {
        "type": "Point",
        "coordinates": [
          30.372194851900318,
          59.83438937116986
        ]
      }
    },
    {
      "type": "Feature",
      "properties": {
        "monotonic_time": 48121.373947024345,
        "horizontal_accuracy": 2.0883001363360414,
        "speed": 7.9806947840223845,
        "course": 170.9758758544922,
        "synthetic": false
      },
      "geometry": {
        "type": "Point",
        "coordinates": [
          30.37221346710365,
          59.83431843687978
        ]
      }
    },
    {
      "type": "Feature",
      "properties": {
        "monotonic_time": 48122.37396347523,
        "horizontal_accuracy": 2.1213121380807665,
        "speed": 8.297671958341665,
        "course": 170.9758758544922,
        "synthetic": false
      },
      "geometry": {
        "type": "Point",
        "coordinates": [
          30.372239911472935,
          59.834242238588814
        ]
      }
    },
    {
      "type": "Feature",
      "properties": {
        "monotonic_time": 48123.37398016453,
        "horizontal_accuracy": 2.0805476418005355,
        "speed": 9.00611761370567,
        "course": 170.9758758544922,
        "synthetic": false
      },
      "geometry": {
        "type": "Point",
        "coordinates": [
          30.372268225889023,
          59.83416213712944
        ]
      }
    },
    {
      "type": "Feature",
      "properties": {
        "monotonic_time": 48124.3739964962,
        "horizontal_accuracy": 2.071047867736184,
        "speed": 9.785602619607921,
        "course": 171.18157958984375,
        "synthetic": false
      },
      "geometry": {
        "type": "Point",
        "coordinates": [
          30.372298965055315,
          59.83407542021455
        ]
      }
    },
    {
      "type": "Feature",
      "properties": {
        "monotonic_time": 48125.374012708664,
        "horizontal_accuracy": 2.101051399635449,
        "speed": 10.592096612754263,
        "course": 171.18157958984375,
        "synthetic": false
      },
      "geometry": {
        "type": "Point",
        "coordinates": [
          30.372331145743637,
          59.833982807741414
        ]
      }
    },
    {
      "type": "Feature",
      "properties": {
        "monotonic_time": 48126.37402832508,
        "horizontal_accuracy": 2.0912045590528194,
        "speed": 11.184397598261219,
        "course": 171.18157958984375,
        "synthetic": false
      },
      "geometry": {
        "type": "Point",
        "coordinates": [
          30.372364068540506,
          59.83388358377895
        ]
      }
    },
    {
      "type": "Feature",
      "properties": {
        "monotonic_time": 48127.37404561043,
        "horizontal_accuracy": 2.1621473448419954,
        "speed": 11.835116277685442,
        "course": 171.62240600585938,
        "synthetic": false
      },
      "geometry": {
        "type": "Point",
        "coordinates": [
          30.37239794924425,
          59.83377901197048
        ]
      }
    },
    {
      "type": "Feature",
      "properties": {
        "monotonic_time": 48128.3740619421,
        "horizontal_accuracy": 2.322363172082228,
        "speed": 12.425168377866187,
        "course": 171.51280212402344,
        "synthetic": false
      },
      "geometry": {
        "type": "Point",
        "coordinates": [
          30.372432623276886,
          59.833670502957204
        ]
      }
    },
    {
      "type": "Feature",
      "properties": {
        "monotonic_time": 48129.37407767773,
        "horizontal_accuracy": 2.9496094105714543,
        "speed": 13.136499023502154,
        "course": 171.5937042236328,
        "synthetic": false
      },
      "geometry": {
        "type": "Point",
        "coordinates": [
          30.372474262621772,
          59.83355363632809
        ]
      }
    },
    {
      "type": "Feature",
      "properties": {
        "monotonic_time": 48130.37409424782,
        "horizontal_accuracy": 3.119802489317714,
        "speed": 13.570266932612167,
        "course": 171.78221130371094,
        "synthetic": false
      },
      "geometry": {
        "type": "Point",
        "coordinates": [
          30.372521782376154,
          59.833431142958794
        ]
      }
    },
    {
      "type": "Feature",
      "properties": {
        "monotonic_time": 48131.37411057949,
        "horizontal_accuracy": 3.185895782777281,
        "speed": 13.951251418812628,
        "course": 171.78221130371094,
        "synthetic": false
      },
      "geometry": {
        "type": "Point",
        "coordinates": [
          30.372569490271086,
          59.8333042687311
        ]
      }
    },
    {
      "type": "Feature",
      "properties": {
        "monotonic_time": 48132.37412714958,
        "horizontal_accuracy": 3.220887664564547,
        "speed": 14.130526477816728,
        "course": 169.91343688964844,
        "synthetic": false
      },
      "geometry": {
        "type": "Point",
        "coordinates": [
          30.372608890579045,
          59.833181497369445
        ]
      }
    },
    {
      "type": "Feature",
      "properties": {
        "monotonic_time": 48133.37414371967,
        "horizontal_accuracy": 3.147659606524631,
        "speed": 14.471601583305347,
        "course": 169.91343688964844,
        "synthetic": false
      },
      "geometry": {
        "type": "Point",
        "coordinates": [
          30.372646901036134,
          59.8330563004256
        ]
      }
    },
    {
      "type": "Feature",
      "properties": {
        "monotonic_time": 48134.37415993214,
        "horizontal_accuracy": 3.0470015153769063,
        "speed": 14.375906522335576,
        "course": 170.25515747070312,
        "synthetic": false
      },
      "geometry": {
        "type": "Point",
        "coordinates": [
          30.372683239263324,
          59.83293403110528
        ]
      }
    },
    {
      "type": "Feature",
      "properties": {
        "monotonic_time": 48135.37417602539,
        "horizontal_accuracy": 2.9312286372237057,
        "speed": 14.12509326977412,
        "course": 170.25515747070312,
        "synthetic": false
      },
      "geometry": {
        "type": "Point",
        "coordinates": [
          30.37271571144496,
          59.83281299660795
        ]
      }
    },
    {
      "type": "Feature",
      "properties": {
        "monotonic_time": 48136.37419307232,
        "horizontal_accuracy": 2.8116872518118243,
        "speed": 14.01443095324591,
        "course": 170.27284240722656,
        "synthetic": false
      },
      "geometry": {
        "type": "Point",
        "coordinates": [
          30.372756340153344,
          59.83269033207503
        ]
      }
    },
    {
      "type": "Feature",
      "properties": {
        "monotonic_time": 48137.374208927155,
        "horizontal_accuracy": 2.741898820797695,
        "speed": 14.01887337250744,
        "course": 170.27284240722656,
        "synthetic": false
      },
      "geometry": {
        "type": "Point",
        "coordinates": [
          30.372793082675678,
          59.832567195538736
        ]
      }
    },
    {
      "type": "Feature",
      "properties": {
        "monotonic_time": 48138.374225497246,
        "horizontal_accuracy": 2.704491533929894,
        "speed": 14.23564689851538,
        "course": 170.27284240722656,
        "synthetic": false
      },
      "geometry": {
        "type": "Point",
        "coordinates": [
          30.372835164036875,
          59.83244171257281
        ]
      }
    },
    {
      "type": "Feature",
      "properties": {
        "monotonic_time": 48139.37424182892,
        "horizontal_accuracy": 2.680681264834168,
        "speed": 14.518227859923844,
        "course": 170.28732299804688,
        "synthetic": false
      },
      "geometry": {
        "type": "Point",
        "coordinates": [
          30.372880383452348,
          59.83231435980864
        ]
      }
    },
    {
      "type": "Feature",
      "properties": {
        "monotonic_time": 48140.37425851822,
        "horizontal_accuracy": 2.634359842078586,
        "speed": 15.056941341763737,
        "course": 170.28732299804688,
        "synthetic": false
      },
      "geometry": {
        "type": "Point",
        "coordinates": [
          30.372927957752335,
          59.832182072996005
        ]
      }
    },
    {
      "type": "Feature",
      "properties": {
        "monotonic_time": 48141.37427461147,
        "horizontal_accuracy": 2.590942688915001,
        "speed": 15.506580463223997,
        "course": 170.28732299804688,
        "synthetic": false
      },
      "geometry": {
        "type": "Point",
        "coordinates": [
          30.372973628607994,
          59.83204699317283
        ]
      }
    },
    {
      "type": "Feature",
      "properties": {
        "monotonic_time": 48142.37429130077,
        "horizontal_accuracy": 2.5514267256186884,
        "speed": 15.968377342813126,
        "course": 170.32730102539062,
        "synthetic": false
      },
      "geometry": {
        "type": "Point",
        "coordinates": [
          30.37302526516133,
          59.831904992302235
        ]
      }
    },
    {
      "type": "Feature",
      "properties": {
        "monotonic_time": 48143.374307751656,
        "horizontal_accuracy": 2.5155731620915556,
        "speed": 16.461625072067598,
        "course": 170.32730102539062,
        "synthetic": false
      },
      "geometry": {
        "type": "Point",
        "coordinates": [
          30.373079575345574,
          59.831758456681875
        ]
      }
    },
    {
      "type": "Feature",
      "properties": {
        "monotonic_time": 48144.37432360649,
        "horizontal_accuracy": 2.5003137044672252,
        "speed": 16.71685317570609,
        "course": 170.32730102539062,
        "synthetic": false
      },
      "geometry": {
        "type": "Point",
        "coordinates": [
          30.373133735781316,
          59.831609584765815
        ]
      }
    },
    {
      "type": "Feature",
      "properties": {
        "monotonic_time": 48145.374339699745,
        "horizontal_accuracy": 2.5066528956332825,
        "speed": 16.893819684182983,
        "course": 170.32730102539062,
        "synthetic": false
      },
      "geometry": {
        "type": "Point",
        "coordinates": [
          30.37319019359921,
          59.83146063405428
        ]
      }
    },
    {
      "type": "Feature",
      "properties": {
        "monotonic_time": 48146.37435734272,
        "horizontal_accuracy": 2.529712040063455,
        "speed": 16.656944510414508,
        "course": 166.6795196533203,
        "synthetic": false
      },
      "geometry": {
        "type": "Point",
        "coordinates": [
          30.37324577015288,
          59.83131052266814
        ]
      }
    },
    {
      "type": "Feature",
      "properties": {
        "monotonic_time": 48147.374373078346,
        "horizontal_accuracy": 2.554417785975706,
        "speed": 14.949677493536662,
        "course": 166.70448303222656,
        "synthetic": false
      },
      "geometry": {
        "type": "Point",
        "coordinates": [
          30.373294613735126,
          59.83117620717843
        ]
      }
    },
    {
      "type": "Feature",
      "properties": {
        "monotonic_time": 48148.37438941002,
        "horizontal_accuracy": 2.7895133923853166,
        "speed": 13.45732025668263,
        "course": 166.70448303222656,
        "synthetic": false
      },
      "geometry": {
        "type": "Point",
        "coordinates": [
          30.373339922726256,
          59.831055423731065
        ]
      }
    },
    {
      "type": "Feature",
      "properties": {
        "monotonic_time": 48149.3744058609,
        "horizontal_accuracy": 2.7087194614071697,
        "speed": 13.199168576070903,
        "course": 166.70448303222656,
        "synthetic": false
      },
      "geometry": {
        "type": "Point",
        "coordinates": [
          30.37339112411774,
          59.83093718871802
        ]
      }
    },
    {
      "type": "Feature",
      "properties": {
        "monotonic_time": 48150.37442278862,
        "horizontal_accuracy": 2.789597657433621,
        "speed": 13.432456374979592,
        "course": 166.70448303222656,
        "synthetic": false
      },
      "geometry": {
        "type": "Point",
        "coordinates": [
          30.373446735058025,
          59.830816866692054
        ]
      }
    },
    {
      "type": "Feature",
      "properties": {
        "monotonic_time": 48151.374438762665,
        "horizontal_accuracy": 2.8513486849224474,
        "speed": 13.722000784227935,
        "course": 166.6762237548828,
        "synthetic": false
      },
      "geometry": {
        "type": "Point",
        "coordinates": [
          30.373503493472814,
          59.83069443538577
        ]
      }
    },
    {
      "type": "Feature",
      "properties": {
        "monotonic_time": 48152.374455332756,
        "horizontal_accuracy": 2.8915313262565463,
        "speed": 14.336300799515632,
        "course": 166.6741943359375,
        "synthetic": false
      },
      "geometry": {
        "type": "Point",
        "coordinates": [
          30.37356262392935,
          59.83056601459808
        ]
      }
    },
    {
      "type": "Feature",
      "properties": {
        "monotonic_time": 48153.37447154522,
        "horizontal_accuracy": 2.928331976673628,
        "speed": 14.683114240556037,
        "course": 166.6741943359375,
        "synthetic": false
      },
      "geometry": {
        "type": "Point",
        "coordinates": [
          30.373626662354805,
          59.830432948150154
        ]
      }
    },
    {
      "type": "Feature",
      "properties": {
        "monotonic_time": 48154.37448835373,
        "horizontal_accuracy": 3.0129848783909945,
        "speed": 14.717276335170991,
        "course": 166.6741943359375,
        "synthetic": false
      },
      "geometry": {
        "type": "Point",
        "coordinates": [
          30.373689505496834,
          59.830301082017385
        ]
      }
    },
    {
      "type": "Feature",
      "properties": {
        "monotonic_time": 48155.374504208565,
        "horizontal_accuracy": 3.1000113544856323,
        "speed": 14.30288658976277,
        "course": 166.6741943359375,
        "synthetic": false
      },
      "geometry": {
        "type": "Point",
        "coordinates": [
          30.37374849519216,
          59.83017264898352
        ]
      }
    },
    {
      "type": "Feature",
      "properties": {
        "monotonic_time": 48156.374520778656,
        "horizontal_accuracy": 3.1548383810689846,
        "speed": 13.308300501336499,
        "course": 166.02052307128906,
        "synthetic": false
      },
      "geometry": {
        "type": "Point",
        "coordinates": [
          30.37381338549305,
          59.830053182811575
        ]
      }
    },
    {
      "type": "Feature",
      "properties": {
        "monotonic_time": 48157.37453699112,
        "horizontal_accuracy": 3.136948743057127,
        "speed": 13.089880093564972,
        "course": 166.02052307128906,
        "synthetic": false
      },
      "geometry": {
        "type": "Point",
        "coordinates": [
          30.373877357756466,
          59.82993781117571
        ]
      }
    },
    {
      "type": "Feature",
      "properties": {
        "monotonic_time": 48158.37455308437,
        "horizontal_accuracy": 3.122875541605099,
        "speed": 13.746143150981899,
        "course": 165.895263671875,
        "synthetic": false
      },
      "geometry": {
        "type": "Point",
        "coordinates": [
          30.373943976336193,
          59.82981636824718
        ]
      }
    },
    {
      "type": "Feature",
      "properties": {
        "monotonic_time": 48159.374569773674,
        "horizontal_accuracy": 3.0710161304322896,
        "speed": 14.398559077008168,
        "course": 165.895263671875,
        "synthetic": false
      },
      "geometry": {
        "type": "Point",
        "coordinates": [
          30.374015373607243,
          59.82968806292923
        ]
      }
    },
    {
      "type": "Feature",
      "properties": {
        "monotonic_time": 48160.374586462975,
        "horizontal_accuracy": 3.042961391217048,
        "speed": 14.93002665577208,
        "course": 165.895263671875,
        "synthetic": false
      },
      "geometry": {
        "type": "Point",
        "coordinates": [
          30.374084871430608,
          59.829555151579676
        ]
      }
    },
    {
      "type": "Feature",
      "properties": {
        "monotonic_time": 48161.374603152275,
        "horizontal_accuracy": 2.9790784393505967,
        "speed": 14.577236284605432,
        "course": 164.99929809570312,
        "synthetic": false
      },
      "geometry": {
        "type": "Point",
        "coordinates": [
          30.374146510051713,
          59.829428577570496
        ]
      }
    },
    {
      "type": "Feature",
      "properties": {
        "monotonic_time": 48162.37461900711,
        "horizontal_accuracy": 2.8912444017650873,
        "speed": 13.856638288085607,
        "course": 164.71603393554688,
        "synthetic": false
      },
      "geometry": {
        "type": "Point",
        "coordinates": [
          30.37420987076633,
          59.82930347986607
        ]
      }
    },
    {
      "type": "Feature",
      "properties": {
        "monotonic_time": 48163.374635100365,
        "horizontal_accuracy": 2.87389926894554,
        "speed": 13.081400714326177,
        "course": 164.71603393554688,
        "synthetic": false
      },
      "geometry": {
        "type": "Point",
        "coordinates": [
          30.374264902674106,
          59.82918952367746
        ]
      }
    },
    {
      "type": "Feature",
      "properties": {
        "monotonic_time": 48164.37465155125,
        "horizontal_accuracy": 2.885883925921933,
        "speed": 12.924731844719814,
        "course": 164.71603393554688,
        "synthetic": false
      },
      "geometry": {
        "type": "Point",
        "coordinates": [
          30.374331158230312,
          59.829078590909525
        ]
      }
    },
    {
      "type": "Feature",
      "properties": {
        "monotonic_time": 48165.374668598175,
        "horizontal_accuracy": 2.8315831092566843,
        "speed": 13.888350406287111,
        "course": 162.21371345590853,
        "synthetic": false
      },
      "geometry": {
        "type": "Point",
        "coordinates": [
          30.374405586501485,
          59.82895999513774
        ]
      }
    },
    {
      "type": "Feature",
      "properties": {
        "monotonic_time": 48166.37468445301,
        "horizontal_accuracy": 2.740503068202267,
        "speed": 14.711877193701383,
        "course": 163.2033240785115,
        "synthetic": false
      },
      "geometry": {
        "type": "Point",
        "coordinates": [
          30.37447848409465,
          59.82883708679865
        ]
      }
    },
    {
      "type": "Feature",
      "properties": {
        "monotonic_time": 48167.37470126152,
        "horizontal_accuracy": 2.633419540879742,
        "speed": 16.160213389460857,
        "course": 163.95326992048274,
        "synthetic": false
      },
      "geometry": {
        "type": "Point",
        "coordinates": [
          30.374558410268897,
          59.82869831311185
        ]
      }
    },
    {
      "type": "Feature",
      "properties": {
        "monotonic_time": 48168.37471783161,
        "horizontal_accuracy": 2.605003112768277,
        "speed": 17.435580048816394,
        "course": 164.26764840697277,
        "synthetic": false
      },
      "geometry": {
        "type": "Point",
        "coordinates": [
          30.374643860251176,
          59.82854787015974
        ]
      }
    },
    {
      "type": "Feature",
      "properties": {
        "monotonic_time": 48169.37473332882,
        "horizontal_accuracy": 2.602617230153441,
        "speed": 18.02643694795592,
        "course": 165.6116952617757,
        "synthetic": false
      },
      "geometry": {
        "type": "Point",
        "coordinates": [
          30.37471781390918,
          59.828393961800096
        ]
      }
    },
    {
      "type": "Feature",
      "properties": {
        "monotonic_time": 48170.37475550175,
        "horizontal_accuracy": 2.584074741668642,
        "speed": 18.81134442014343,
        "course": 165.3916313026122,
        "synthetic": false
      },
      "geometry": {
        "type": "Point",
        "coordinates": [
          30.374799913173806,
          59.828231449294975
        ]
      }
    },
    {
      "type": "Feature",
      "properties": {
        "monotonic_time": 48171.37476730347,
        "horizontal_accuracy": 2.5608430017306287,
        "speed": 19.465739939068158,
        "course": 164.29843829439682,
        "synthetic": false
      },
      "geometry": {
        "type": "Point",
        "coordinates": [
          30.374891808951592,
          59.828062703068866
        ]
      }
    },
    {
      "type": "Feature",
      "properties": {
        "monotonic_time": 48172.37478351593,
        "horizontal_accuracy": 2.536519764586039,
        "speed": 19.9287220076176,
        "course": 163.08303736693256,
        "synthetic": false
      },
      "geometry": {
        "type": "Point",
        "coordinates": [
          30.374996639585085,
          59.82788974311424
        ]
      }
    },
    {
      "type": "Feature",
      "properties": {
        "monotonic_time": 48173.374799370766,
        "horizontal_accuracy": 2.4636688691537425,
        "speed": 20.26813942071185,
        "course": 162.34890180940963,
        "synthetic": false
      },
      "geometry": {
        "type": "Point",
        "coordinates": [
          30.37510811318434,
          59.827714849615006
        ]
      }
    },
    {
      "type": "Feature",
      "properties": {
        "monotonic_time": 48174.374816060066,
        "horizontal_accuracy": 2.4016770964043372,
        "speed": 20.662034223752073,
        "course": 161.06654052210456,
        "synthetic": false
      },
      "geometry": {
        "type": "Point",
        "coordinates": [
          30.375228326352275,
          59.82753715141079
        ]
      }
    },
    {
      "type": "Feature",
      "properties": {
        "monotonic_time": 48175.37483263016,
        "horizontal_accuracy": 2.3133221539790423,
        "speed": 20.94889580840134,
        "course": 158.51382446289062,
        "synthetic": false
      },
      "geometry": {
        "type": "Point",
        "coordinates": [
          30.375364090243725,
          59.82735912057382
        ]
      }
    },
    {
      "type": "Feature",
      "properties": {
        "monotonic_time": 48176.374848246574,
        "horizontal_accuracy": 2.24417834051193,
        "speed": 20.954290739446055,
        "course": 158.51382446289062,
        "synthetic": false
      },
      "geometry": {
        "type": "Point",
        "coordinates": [
          30.3755019107952,
          59.82718388260948
        ]
      }
    },
    {
      "type": "Feature",
      "properties": {
        "monotonic_time": 48177.37486553192,
        "horizontal_accuracy": 2.261274112367827,
        "speed": 19.668593400689993,
        "course": 158.51382446289062,
        "synthetic": false
      },
      "geometry": {
        "type": "Point",
        "coordinates": [
          30.37563135757141,
          59.8270170746482
        ]
      }
    },
    {
      "type": "Feature",
      "properties": {
        "monotonic_time": 48178.37488210201,
        "horizontal_accuracy": 2.242026600453096,
        "speed": 18.317154662537003,
        "course": 161.02828979492188,
        "synthetic": false
      },
      "geometry": {
        "type": "Point",
        "coordinates": [
          30.37575455114518,
          59.82686248531424
        ]
      }
    },
    {
      "type": "Feature",
      "properties": {
        "monotonic_time": 48179.3748973608,
        "horizontal_accuracy": 2.2180218897741395,
        "speed": 18.13427562167598,
        "course": 157.1588134765625,
        "synthetic": false
      },
      "geometry": {
        "type": "Point",
        "coordinates": [
          30.37587531311195,
          59.82671500863474
        ]
      }
    },
    {
      "type": "Feature",
      "properties": {
        "monotonic_time": 48180.37491476536,
        "horizontal_accuracy": 2.1635000365125165,
        "speed": 18.185441929514994,
        "course": 157.1588134765625,
        "synthetic": false
      },
      "geometry": {
        "type": "Point",
        "coordinates": [
          30.376001967631755,
          59.82656850571239
        ]
      }
    },
    {
      "type": "Feature",
      "properties": {
        "monotonic_time": 48181.374930262566,
        "horizontal_accuracy": 2.1468230385552234,
        "speed": 18.419001399133688,
        "course": 157.14376831054688,
        "synthetic": false
      },
      "geometry": {
        "type": "Point",
        "coordinates": [
          30.37612734447772,
          59.82641789468348
        ]
      }
    },
    {
      "type": "Feature",
      "properties": {
        "monotonic_time": 48182.37494754791,
        "horizontal_accuracy": 2.106694442852397,
        "speed": 18.833413620246752,
        "course": 157.14376831054688,
        "synthetic": false
      },
      "geometry": {
        "type": "Point",
        "coordinates": [
          30.37625798788172,
          59.82626054874924
        ]
      }
    },
    {
      "type": "Feature",
      "properties": {
        "monotonic_time": 48183.37496268749,
        "horizontal_accuracy": 2.082386663826846,
        "speed": 19.03574048676507,
        "course": 157.14376831054688,
        "synthetic": false
      },
      "geometry": {
        "type": "Point",
        "coordinates": [
          30.376388598175385,
          59.82610405623108
        ]
      }
    },
    {
      "type": "Feature",
      "properties": {
        "monotonic_time": 48184.37497937679,
        "horizontal_accuracy": 2.061739953874726,
        "speed": 19.184539686056084,
        "course": 157.1905975341797,
        "synthetic": false
      },
      "geometry": {
        "type": "Point",
        "coordinates": [
          30.37652297833499,
          59.82594657194828
        ]
      }
    },
    {
      "type": "Feature",
      "properties": {
        "monotonic_time": 48185.374995946884,
        "horizontal_accuracy": 2.0356484961114547,
        "speed": 19.436638309538584,
        "course": 157.1905975341797,
        "synthetic": false
      },
      "geometry": {
        "type": "Point",
        "coordinates": [
          30.376655097562292,
          59.82578594343135
        ]
      }
    },
    {
      "type": "Feature",
      "properties": {
        "monotonic_time": 48186.37501335144,
        "horizontal_accuracy": 2.013831893182292,
        "speed": 19.575209506948738,
        "course": 157.06712341308594,
        "synthetic": false
      },
      "geometry": {
        "type": "Point",
        "coordinates": [
          30.376788997764464,
          59.8256231421281
        ]
      }
    },
    {
      "type": "Feature",
      "properties": {
        "monotonic_time": 48187.375029563904,
        "horizontal_accuracy": 2.000000016133714,
        "speed": 19.883276659432994,
        "course": 157.06712341308594,
        "synthetic": false
      },
      "geometry": {
        "type": "Point",
        "coordinates": [
          30.376921982405594,
          59.825458667216964
        ]
      }
    },
    {
      "type": "Feature",
      "properties": {
        "monotonic_time": 48188.37504518032,
        "horizontal_accuracy": 2.0000000374868123,
        "speed": 20.346734886120075,
        "course": 158.03427124023438,
        "synthetic": false
      },
      "geometry": {
        "type": "Point",
        "coordinates": [
          30.377064322380082,
          59.82529016567223
        ]
      }
    },
    {
      "type": "Feature",
      "properties": {
        "monotonic_time": 48189.37506222725,
        "horizontal_accuracy": 2.000000037799945,
        "speed": 20.714191117142313,
        "course": 158.060302734375,
        "synthetic": false
      },
      "geometry": {
        "type": "Point",
        "coordinates": [
          30.3772058411256,
          59.82511837614712
        ]
      }
    },
    {
      "type": "Feature",
      "properties": {
        "monotonic_time": 48190.37507772446,
        "horizontal_accuracy": 2.000000054301974,
        "speed": 20.739998875003046,
        "course": 158.060302734375,
        "synthetic": false
      },
      "geometry": {
        "type": "Point",
        "coordinates": [
          30.37734777853819,
          59.824945332922915
        ]
      }
    },
    {
      "type": "Feature",
      "properties": {
        "monotonic_time": 48191.37509429455,
        "horizontal_accuracy": 2.0000000733260124,
        "speed": 20.39158118757008,
        "course": 158.5408172607422,
        "synthetic": false
      },
      "geometry": {
        "type": "Point",
        "coordinates": [
          30.377481338441083,
          59.82477996307419
        ]
      }
    },
    {
      "type": "Feature",
      "properties": {
        "monotonic_time": 48192.37511086464,
        "horizontal_accuracy": 2.000000090499042,
        "speed": 20.462323283764984,
        "course": 158.57577514648438,
        "synthetic": false
      },
      "geometry": {
        "type": "Point",
        "coordinates": [
          30.377621605500185,
          59.82461043897042
        ]
      }
    },
    {
      "type": "Feature",
      "properties": {
        "monotonic_time": 48193.37512719631,
        "horizontal_accuracy": 2.000000127767536,
        "speed": 20.40538520080382,
        "course": 159.16119384765625,
        "synthetic": false
      },
      "geometry": {
        "type": "Point",
        "coordinates": [
          30.37775409844859,
          59.824442573877505
        ]
      }
    },
    {
      "type": "Feature",
      "properties": {
        "monotonic_time": 48194.37514317036,
        "horizontal_accuracy": 2.0000001370581106,
        "speed": 20.191214141995268,
        "course": 159.16119384765625,
        "synthetic": false
      },
      "geometry": {
        "type": "Point",
        "coordinates": [
          30.377882527811174,
          59.82427386952749
        ]
      }
    },
    {
      "type": "Feature",
      "properties": {
        "monotonic_time": 48195.3751616478,
        "horizontal_accuracy": 2.000000103100137,
        "speed": 19.953683948536607,
        "course": 159.5699005126953,
        "synthetic": false
      },
      "geometry": {
        "type": "Point",
        "coordinates": [
          30.378004193352332,
          59.82410834159721
        ]
      }
    },
    {
      "type": "Feature",
      "properties": {
        "monotonic_time": 48196.37517678738,
        "horizontal_accuracy": 2.000000122956342,
        "speed": 19.846853853497404,
        "course": 159.5699005126953,
        "synthetic": false
      },
      "geometry": {
        "type": "Point",
        "coordinates": [
          30.378119013165982,
          59.82394283246601
        ]
      }
    },
    {
      "type": "Feature",
      "properties": {
        "monotonic_time": 48197.37519299984,
        "horizontal_accuracy": 2.0000001002304426,
        "speed": 19.858542502683157,
        "course": 161.70997619628906,
        "synthetic": false
      },
      "geometry": {
        "type": "Point",
        "coordinates": [
          30.378228039495394,
          59.823776142570374
        ]
      }
    },
    {
      "type": "Feature",
      "properties": {
        "monotonic_time": 48198.37520956993,
        "horizontal_accuracy": 2.8246528479375765,
        "speed": 19.906476899546725,
        "course": 163.50460815429688,
        "synthetic": false
      },
      "geometry": {
        "type": "Point",
        "coordinates": [
          30.37832371481699,
          59.82360866626753
        ]
      }
    },
    {
      "type": "Feature",
      "properties": {
        "monotonic_time": 48199.375225543976,
        "horizontal_accuracy": 2.2712503961439228,
        "speed": 20.140096201461958,
        "course": 165.39305114746094,
        "synthetic": false
      },
      "geometry": {
        "type": "Point",
        "coordinates": [
          30.378417057866262,
          59.82343245515076
        ]
      }
    },
    {
      "type": "Feature",
      "properties": {
        "monotonic_time": 48200.37524199486,
        "horizontal_accuracy": 2.1356252309438575,
        "speed": 20.422611598308496,
        "course": 165.39305114746094,
        "synthetic": false
      },
      "geometry": {
        "type": "Point",
        "coordinates": [
          30.378511622043714,
          59.82325384018475
        ]
      }
    },
    {
      "type": "Feature",
      "properties": {
        "monotonic_time": 48201.37525832653,
        "horizontal_accuracy": 2.0429398612385805,
        "speed": 20.66233374230987,
        "course": 165.39305114746094,
        "synthetic": false
      },
      "geometry": {
        "type": "Point",
        "coordinates": [
          30.378605344777814,
          59.82307234463687
        ]
      }
    },
    {
      "type": "Feature",
      "properties": {
        "monotonic_time": 48202.37527477741,
        "horizontal_accuracy": 2.0250758088947585,
        "speed": 21.032576348768615,
        "course": 165.11331176757812,
        "synthetic": false
      },
      "geometry": {
        "type": "Point",
        "coordinates": [
          30.378701581928677,
          59.82288851091821
        ]
      }
    },
    {
      "type": "Feature",
      "properties": {
        "monotonic_time": 48203.37529182434,
        "horizontal_accuracy": 2.007765658424051,
        "speed": 20.78570857846236,
        "course": 165.0251922607422,
        "synthetic": false
      },
      "geometry": {
        "type": "Point",
        "coordinates": [
          30.37879546225698,
          59.82270794903719
        ]
      }
    },
    {
      "type": "Feature",
      "properties": {
        "monotonic_time": 48204.375307679176,
        "horizontal_accuracy": 2.0038828595092815,
        "speed": 21.11968296779658,
        "course": 165.0009002685547,
        "synthetic": false
      },
      "geometry": {
        "type": "Point",
        "coordinates": [
          30.378894447317965,
          59.8225226652303
        ]
      }
    },
    {
      "type": "Feature",
      "properties": {
        "monotonic_time": 48205.37532424927,
        "horizontal_accuracy": 2.0892963992658165,
        "speed": 21.261996039886156,
        "course": 166.7906951904297,
        "synthetic": false
      },
      "geometry": {
        "type": "Point",
        "coordinates": [
          30.378991020797926,
          59.822336254278945
        ]
      }
    },
    {
      "type": "Feature",
      "properties": {
        "monotonic_time": 48206.37534022331,
        "horizontal_accuracy": 2.056084485882246,
        "speed": 21.491438612998042,
        "course": 166.7906951904297,
        "synthetic": false
      },
      "geometry": {
        "type": "Point",
        "coordinates": [
          30.379078298668098,
          59.8221441453571
        ]
      }
    },
    {
      "type": "Feature",
      "properties": {
        "monotonic_time": 48207.37535703182,
        "horizontal_accuracy": 2.0502613275264556,
        "speed": 21.617397086642963,
        "course": 169.55892944335938,
        "synthetic": false
      },
      "geometry": {
        "type": "Point",
        "coordinates": [
          30.379162343298646,
          59.821950555823335
        ]
      }
    },
    {
      "type": "Feature",
      "properties": {
        "monotonic_time": 48208.375373125076,
        "horizontal_accuracy": 2.0291928964370216,
        "speed": 21.689625981946094,
        "course": 169.2100372314453,
        "synthetic": false
      },
      "geometry": {
        "type": "Point",
        "coordinates": [
          30.379238731348114,
          59.821757008143464
        ]
      }
    },
    {
      "type": "Feature",
      "properties": {
        "monotonic_time": 48209.37538969517,
        "horizontal_accuracy": 2.238636761577946,
        "speed": 21.67569932771554,
        "course": 169.2100372314453,
        "synthetic": false
      },
      "geometry": {
        "type": "Point",
        "coordinates": [
          30.379310521517922,
          59.8215646392313
        ]
      }
    },
    {
      "type": "Feature",
      "properties": {
        "monotonic_time": 48210.37540662289,
        "horizontal_accuracy": 2.119318457711817,
        "speed": 21.56902216978685,
        "course": 169.2100372314453,
        "synthetic": false
      },
      "geometry": {
        "type": "Point",
        "coordinates": [
          30.379389249171723,
          59.82136871099257
        ]
      }
    },
    {
      "type": "Feature",
      "properties": {
        "monotonic_time": 48211.37542271614,
        "horizontal_accuracy": 2.034794712559342,
        "speed": 21.221680766768316,
        "course": 169.2100372314453,
        "synthetic": false
      },
      "geometry": {
        "type": "Point",
        "coordinates": [
          30.3794647339684,
          59.82118092221059
        ]
      }
    },
    {
      "type": "Feature",
      "properties": {
        "monotonic_time": 48212.37543940544,
        "horizontal_accuracy": 2.0173974579672898,
        "speed": 20.958808669774314,
        "course": 169.2100372314453,
        "synthetic": false
      },
      "geometry": {
        "type": "Point",
        "coordinates": [
          30.379538118720443,
          59.820994998632514
        ]
      }
    },
    {
      "type": "Feature",
      "properties": {
        "monotonic_time": 48213.375455379486,
        "horizontal_accuracy": 2.0053386974484826,
        "speed": 20.72968255730222,
        "course": 169.2100372314453,
        "synthetic": false
      },
      "geometry": {
        "type": "Point",
        "coordinates": [
          30.37960772117824,
          59.820811185806114
        ]
      }
    },
    {
      "type": "Feature",
      "properties": {
        "monotonic_time": 48214.37547206879,
        "horizontal_accuracy": 2.0448879615662605,
        "speed": 20.395823342797406,
        "course": 169.3095703125,
        "synthetic": false
      },
      "geometry": {
        "type": "Point",
        "coordinates": [
          30.37968087511514,
          59.82063276290633
        ]
      }
    },
    {
      "type": "Feature",
      "properties": {
        "monotonic_time": 48215.375487565994,
        "horizontal_accuracy": 2.1508456557577427,
        "speed": 20.049973043609945,
        "course": 169.3095703125,
        "synthetic": false
      },
      "geometry": {
        "type": "Point",
        "coordinates": [
          30.379757261947017,
          59.820458481974065
        ]
      }
    },
    {
      "type": "Feature",
      "properties": {
        "monotonic_time": 48216.37550449371,
        "horizontal_accuracy": 2.075422931603862,
        "speed": 19.676445058072503,
        "course": 166.9316438858334,
        "synthetic": false
      },
      "geometry": {
        "type": "Point",
        "coordinates": [
          30.379836286028944,
          59.820287468984574
        ]
      }
    },
    {
      "type": "Feature",
      "properties": {
        "monotonic_time": 48217.37552070618,
        "horizontal_accuracy": 2.340671145694986,
        "speed": 19.299572176580973,
        "course": 166.71843302622997,
        "synthetic": false
      },
      "geometry": {
        "type": "Point",
        "coordinates": [
          30.379915539789373,
          59.82012000620199
        ]
      }
    },
    {
      "type": "Feature",
      "properties": {
        "monotonic_time": 48218.375537633896,
        "horizontal_accuracy": 2.119235627628705,
        "speed": 18.96754768076137,
        "course": 166.32115421806424,
        "synthetic": false
      },
      "geometry": {
        "type": "Point",
        "coordinates": [
          30.37999522984499,
          59.819954384207854
        ]
      }
    },
    {
      "type": "Feature",
      "properties": {
        "monotonic_time": 48219.37555384636,
        "horizontal_accuracy": 2.0430564135665574,
        "speed": 18.731035299258973,
        "course": 166.1543721150882,
        "synthetic": false
      },
      "geometry": {
        "type": "Point",
        "coordinates": [
          30.380074095367544,
          59.81979248796298
        ]
      }
    },
    {
      "type": "Feature",
      "properties": {
        "monotonic_time": 48220.37557041645,
        "horizontal_accuracy": 2.3161365295740377,
        "speed": 18.631228160555363,
        "course": 165.66749572753906,
        "synthetic": false
      },
      "geometry": {
        "type": "Point",
        "coordinates": [
          30.380154440219872,
          59.81963029684132
        ]
      }
    },
    {
      "type": "Feature",
      "properties": {
        "monotonic_time": 48221.37558603287,
        "horizontal_accuracy": 2.117581031002435,
        "speed": 18.47568355877789,
        "course": 165.66749572753906,
        "synthetic": false
      },
      "geometry": {
        "type": "Point",
        "coordinates": [
          30.380236556373372,
          59.81947197956186
        ]
      }
    },
    {
      "type": "Feature",
      "properties": {
        "monotonic_time": 48222.37560296059,
        "horizontal_accuracy": 2.065329589252227,
        "speed": 18.562845695912916,
        "course": 165.66749572753906,
        "synthetic": false
      },
      "geometry": {
        "type": "Point",
        "coordinates": [
          30.380317140824317,
          59.81930991625611
        ]
      }
    },
    {
      "type": "Feature",
      "properties": {
        "monotonic_time": 48223.37561929226,
        "horizontal_accuracy": 2.116141983241452,
        "speed": 18.610660256916763,
        "course": 165.66749572753906,
        "synthetic": false
      },
      "geometry": {
        "type": "Point",
        "coordinates": [
          30.380398056723116,
          59.81915238933254
        ]
      }
    },
    {
      "type": "Feature",
      "properties": {
        "monotonic_time": 48224.37563562393,
        "horizontal_accuracy": 2.182414348648806,
        "speed": 18.547089680330487,
        "course": 165.26492309570312,
        "synthetic": false
      },
      "geometry": {
        "type": "Point",
        "coordinates": [
          30.38047096951344,
          59.81899217345008
        ]
      }
    },
    {
      "type": "Feature",
      "properties": {
        "monotonic_time": 48225.37565147877,
        "horizontal_accuracy": 2.2982551267000284,
        "speed": 18.394907991786827,
        "course": 165.34324645996094,
        "synthetic": false
      },
      "geometry": {
        "type": "Point",
        "coordinates": [
          30.380543325803608,
          59.8188342558302
        ]
      }
    },
    {
      "type": "Feature",
      "properties": {
        "monotonic_time": 48226.37566828728,
        "horizontal_accuracy": 2.450135829818162,
        "speed": 18.399907935399415,
        "course": 165.09429931640625,
        "synthetic": false
      },
      "geometry": {
        "type": "Point",
        "coordinates": [
          30.380617006526368,
          59.81867228587403
        ]
      }
    },
    {
      "type": "Feature",
      "properties": {
        "monotonic_time": 48227.37568449974,
        "horizontal_accuracy": 2.650716001087386,
        "speed": 18.529997374109566,
        "course": 168.12884521484375,
        "synthetic": false
      },
      "geometry": {
        "type": "Point",
        "coordinates": [
          30.380696392756434,
          59.818510745412304
        ]
      }
    },
    {
      "type": "Feature",
      "properties": {
        "monotonic_time": 48228.37570095062,
        "horizontal_accuracy": 2.7473839608193478,
        "speed": 18.549202600406794,
        "course": 167.9236297607422,
        "synthetic": false
      },
      "geometry": {
        "type": "Point",
        "coordinates": [
          30.38077574062894,
          59.81835101733269
        ]
      }
    },
    {
      "type": "Feature",
      "properties": {
        "monotonic_time": 48229.375717401505,
        "horizontal_accuracy": 2.756135911195648,
        "speed": 18.650209630129282,
        "course": 167.9236297607422,
        "synthetic": false
      },
      "geometry": {
        "type": "Point",
        "coordinates": [
          30.38085691500321,
          59.81818723509721
        ]
      }
    },
    {
      "type": "Feature",
      "properties": {
        "monotonic_time": 48230.37573385239,
        "horizontal_accuracy": 2.635345240266018,
        "speed": 18.755592083701107,
        "course": 167.9236297607422,
        "synthetic": false
      },
      "geometry": {
        "type": "Point",
        "coordinates": [
          30.380928374371145,
          59.81802407312201
        ]
      }
    },
    {
      "type": "Feature",
      "properties": {
        "monotonic_time": 48231.37575018406,
        "horizontal_accuracy": 2.5298727944581545,
        "speed": 18.924522398191954,
        "course": 169.19923400878906,
        "synthetic": false
      },
      "geometry": {
        "type": "Point",
        "coordinates": [
          30.380993360670036,
          59.817856385715665
        ]
      }
    },
    {
      "type": "Feature",
      "properties": {
        "monotonic_time": 48232.37576699257,
        "horizontal_accuracy": 2.4445181857360367,
        "speed": 19.083535385842016,
        "course": 169.19923400878906,
        "synthetic": false
      },
      "geometry": {
        "type": "Point",
        "coordinates": [
          30.381051651708415,
          59.81768637475261
        ]
      }
    },
    {
      "type": "Feature",
      "properties": {
        "monotonic_time": 48233.37578332424,
        "horizontal_accuracy": 2.4011125262053112,
        "speed": 19.14930636058352,
        "course": 172.5569058084866,
        "synthetic": false
      },
      "geometry": {
        "type": "Point",
        "coordinates": [
          30.38109598309079,
          59.81751738235306
        ]
      }
    },
    {
      "type": "Feature",
      "properties": {
        "monotonic_time": 48234.37580013275,
        "horizontal_accuracy": 2.3229610382664108,
        "speed": 19.241578767207663,
        "course": 174.65209719339117,
        "synthetic": false
      },
      "geometry": {
        "type": "Point",
        "coordinates": [
          30.381125858226653,
          59.817345081348236
        ]
      }
    },
    {
      "type": "Feature",
      "properties": {
        "monotonic_time": 48235.37581539154,
        "horizontal_accuracy": 2.20584398287227,
        "speed": 19.38429486687248,
        "course": 176.6989536517677,
        "synthetic": false
      },
      "geometry": {
        "type": "Point",
        "coordinates": [
          30.38114526549381,
          59.81717086235888
        ]
      }
    },
    {
      "type": "Feature",
      "properties": {
        "monotonic_time": 48236.37583255768,
        "horizontal_accuracy": 2.1571726653403016,
        "speed": 19.483542546840994,
        "course": 180.16575560659717,
        "synthetic": false
      },
      "geometry": {
        "type": "Point",
        "coordinates": [
          30.38114378437212,
          59.81699681413444
        ]
      }
    },
    {
      "type": "Feature",
      "properties": {
        "monotonic_time": 48237.375848174095,
        "horizontal_accuracy": 2.142673819110517,
        "speed": 19.812193432990288,
        "course": 186.59523010253906,
        "synthetic": false
      },
      "geometry": {
        "type": "Point",
        "coordinates": [
          30.38111682413238,
          59.816819571938616
        ]
      }
    },
    {
      "type": "Feature",
      "properties": {
        "monotonic_time": 48238.37586545944,
        "horizontal_accuracy": 2.126224081252818,
        "speed": 19.998789277132904,
        "course": 191.03480529785156,
        "synthetic": false
      },
      "geometry": {
        "type": "Point",
        "coordinates": [
          30.381073295447404,
          59.81664119179843
        ]
      }
    },
    {
      "type": "Feature",
      "properties": {
        "monotonic_time": 48239.375881910324,
        "horizontal_accuracy": 2.389838226868357,
        "speed": 19.969639596451643,
        "course": 191.03480529785156,
        "synthetic": false
      },
      "geometry": {
        "type": "Point",
        "coordinates": [
          30.38101400294001,
          59.81646430273034
        ]
      }
    },
    {
      "type": "Feature",
      "properties": {
        "monotonic_time": 48240.37589716911,
        "horizontal_accuracy": 2.1949098424583546,
        "speed": 20.035465377688165,
        "course": 191.2783966064453,
        "synthetic": false
      },
      "geometry": {
        "type": "Point",
        "coordinates": [
          30.380939028873428,
          59.81628692004377
        ]
      }
    },
    {
      "type": "Feature",
      "properties": {
        "monotonic_time": 48241.37591397762,
        "horizontal_accuracy": 2.2065092490091778,
        "speed": 20.055141165451236,
        "course": 191.1123504638672,
        "synthetic": false
      },
      "geometry": {
        "type": "Point",
        "coordinates": [
          30.38085516787081,
          59.81611141334294
        ]
      }
    },
    {
      "type": "Feature",
      "properties": {
        "monotonic_time": 48242.37593150139,
        "horizontal_accuracy": 2.728494230472463,
        "speed": 20.104569144488863,
        "course": 191.06085205078125,
        "synthetic": false
      },
      "geometry": {
        "type": "Point",
        "coordinates": [
          30.380767533576243,
          59.81593560444907
        ]
      }
    },
    {
      "type": "Feature",
      "properties": {
        "monotonic_time": 48243.375946998596,
        "horizontal_accuracy": 3.642263571677215,
        "speed": 20.173059180040678,
        "course": 193.02574157714844,
        "synthetic": false
      },
      "geometry": {
        "type": "Point",
        "coordinates": [
          30.38067402338599,
          59.81576069588233
        ]
      }
    },
    {
      "type": "Feature",
      "properties": {
        "monotonic_time": 48244.37596321106,
        "horizontal_accuracy": 6.0833469738272035,
        "speed": 20.04927089760553,
        "course": 193.04190063476562,
        "synthetic": false
      },
      "geometry": {
        "type": "Point",
        "coordinates": [
          30.380576724867666,
          59.81558735256908
        ]
      }
    },
    {
      "type": "Feature",
      "properties": {
        "monotonic_time": 48245.37598001957,
        "horizontal_accuracy": 5.18531898770226,
        "speed": 19.88396758301521,
        "course": 193.04190063476562,
        "synthetic": false
      },
      "geometry": {
        "type": "Point",
        "coordinates": [
          30.38047115540968,
          59.81541792065637
        ]
      }
    },
    {
      "type": "Feature",
      "properties": {
        "monotonic_time": 48246.375995635986,
        "horizontal_accuracy": 3.8655257068079987,
        "speed": 19.522889111635777,
        "course": 199.00259173095228,
        "synthetic": false
      },
      "geometry": {
        "type": "Point",
        "coordinates": [
          30.380355834158102,
          59.81525295799693
        ]
      }
    },
    {
      "type": "Feature",
      "properties": {
        "monotonic_time": 48247.37601327896,
        "horizontal_accuracy": 3.5426043108288336,
        "speed": 19.088550488190183,
        "course": 200.39176125492708,
        "synthetic": false
      },
      "geometry": {
        "type": "Point",
        "coordinates": [
          30.380240076727823,
          59.815095369463094
        ]
      }
    },
    {
      "type": "Feature",
      "properties": {
        "monotonic_time": 48248.37602853775,
        "horizontal_accuracy": 3.3592092666459026,
        "speed": 18.62280341541268,
        "course": 201.627496525434,
        "synthetic": false
      },
      "geometry": {
        "type": "Point",
        "coordinates": [
          30.380116661801942,
          59.814945798909925
        ]
      }
    },
    {
      "type": "Feature",
      "properties": {
        "monotonic_time": 48249.376044631004,
        "horizontal_accuracy": 3.238316772450751,
        "speed": 18.25707715350539,
        "course": 202.3981476197376,
        "synthetic": false
      },
      "geometry": {
        "type": "Point",
        "coordinates": [
          30.379994975092153,
          59.814796434137214
        ]
      }
    },
    {
      "type": "Feature",
      "properties": {
        "monotonic_time": 48250.37606155872,
        "horizontal_accuracy": 3.11309126106622,
        "speed": 18.03674329136425,
        "course": 202.53855895996094,
        "synthetic": false
      },
      "geometry": {
        "type": "Point",
        "coordinates": [
          30.379865229618236,
          59.81464716752016
        ]
      }
    },
    {
      "type": "Feature",
      "properties": {
        "monotonic_time": 48251.376078009605,
        "horizontal_accuracy": 2.9782285459358873,
        "speed": 17.7639588884623,
        "course": 204.03128051757812,
        "synthetic": false
      },
      "geometry": {
        "type": "Point",
        "coordinates": [
          30.37973306385961,
          59.814505865932354
        ]
      }
    },
    {
      "type": "Feature",
      "properties": {
        "monotonic_time": 48252.37609541416,
        "horizontal_accuracy": 2.931346221730203,
        "speed": 17.48319322108982,
        "course": 204.10484313964844,
        "synthetic": false
      },
      "geometry": {
        "type": "Point",
        "coordinates": [
          30.379600630875682,
          59.81436014857051
        ]
      }
    },
    {
      "type": "Feature",
      "properties": {
        "monotonic_time": 48253.376111626625,
        "horizontal_accuracy": 2.914378974220338,
        "speed": 17.051324955949898,
        "course": 210.0421600341797,
        "synthetic": false
      },
      "geometry": {
        "type": "Point",
        "coordinates": [
          30.379464214348545,
          59.814222890034564
        ]
      }
    },
    {
      "type": "Feature",
      "properties": {
        "monotonic_time": 48254.37612748146,
        "horizontal_accuracy": 2.9199938786778,
        "speed": 16.53843874938949,
        "course": 210.0421600341797,
        "synthetic": false
      },
      "geometry": {
        "type": "Point",
        "coordinates": [
          30.37931678162392,
          59.81409434712094
        ]
      }
    },
    {
      "type": "Feature",
      "properties": {
        "monotonic_time": 48255.37614393234,
        "horizontal_accuracy": 2.8763698689982937,
        "speed": 15.895584749493207,
        "course": 220.24322509765625,
        "synthetic": false
      },
      "geometry": {
        "type": "Point",
        "coordinates": [
          30.37914162872506,
          59.81398014188973
        ]
      }
    },
    {
      "type": "Feature",
      "properties": {
        "monotonic_time": 48256.376160264015,
        "horizontal_accuracy": 2.8059329445345975,
        "speed": 15.239374219388152,
        "course": 228.22267150878906,
        "synthetic": false
      },
      "geometry": {
        "type": "Point",
        "coordinates": [
          30.37894375364562,
          59.81388630156632
        ]
      }
    },
    {
      "type": "Feature",
      "properties": {
        "monotonic_time": 48257.37617635727,
        "horizontal_accuracy": 2.7532901541428383,
        "speed": 14.96841273597572,
        "course": 246.0514373779297,
        "synthetic": false
      },
      "geometry": {
        "type": "Point",
        "coordinates": [
          30.378717293266003,
          59.813809876586284
        ]
      }
    },
    {
      "type": "Feature",
      "properties": {
        "monotonic_time": 48258.37619280815,
        "horizontal_accuracy": 2.7044960662190616,
        "speed": 14.918174317207448,
        "course": 246.0514373779297,
        "synthetic": false
      },
      "geometry": {
        "type": "Point",
        "coordinates": [
          30.37847271260502,
          59.81375823990674
        ]
      }
    },
    {
      "type": "Feature",
      "properties": {
        "monotonic_time": 48259.37620925903,
        "horizontal_accuracy": 2.650879618875713,
        "speed": 15.147998384316748,
        "course": 262.8636169433594,
        "synthetic": false
      },
      "geometry": {
        "type": "Point",
        "coordinates": [
          30.378205200058677,
          59.813731131324644
        ]
      }
    },
    {
      "type": "Feature",
      "properties": {
        "monotonic_time": 48260.3762254715,
        "horizontal_accuracy": 2.6210610164860295,
        "speed": 15.406301189603164,
        "course": 269.5135803222656,
        "synthetic": false
      },
      "geometry": {
        "type": "Point",
        "coordinates": [
          30.377931248359694,
          59.813726980170756
        ]
      }
    },
    {
      "type": "Feature",
      "properties": {
        "monotonic_time": 48261.37624180317,
        "horizontal_accuracy": 2.6171467770971253,
        "speed": 15.557809812404596,
        "course": 287.1878356933594,
        "synthetic": false
      },
      "geometry": {
        "type": "Point",
        "coordinates": [
          30.377659674039787,
          59.813750091085886
        ]
      }
    },
    {
      "type": "Feature",
      "properties": {
        "monotonic_time": 48262.37625849247,
        "horizontal_accuracy": 2.727365232232864,
        "speed": 15.438961156761296,
        "course": 293.2952575683594,
        "synthetic": false
      },
      "geometry": {
        "type": "Point",
        "coordinates": [
          30.37741159969152,
          59.813809634464356
        ]
      }
    },
    {
      "type": "Feature",
      "properties": {
        "monotonic_time": 48263.37627518177,
        "horizontal_accuracy": 2.8445050921522954,
        "speed": 15.745780326558082,
        "course": 300.0124816894531,
        "synthetic": false
      },
      "geometry": {
        "type": "Point",
        "coordinates": [
          30.377155282589374,
          59.813874071673524
        ]
      }
    },
    {
      "type": "Feature",
      "properties": {
        "monotonic_time": 48264.37629055977,
        "horizontal_accuracy": 2.868181994022913,
        "speed": 15.765784855727013,
        "course": 317.0465087890625,
        "synthetic": false
      },
      "geometry": {
        "type": "Point",
        "coordinates": [
          30.376938195775192,
          59.81397066496053
        ]
      }
    },
    {
      "type": "Feature",
      "properties": {
        "monotonic_time": 48265.3763076067,
        "horizontal_accuracy": 2.8838689217134297,
        "speed": 15.06784416448369,
        "course": 327.7347717285156,
        "synthetic": false
      },
      "geometry": {
        "type": "Point",
        "coordinates": [
          30.376782744701686,
          59.81408052795033
        ]
      }
    },
    {
      "type": "Feature",
      "properties": {
        "monotonic_time": 48266.376324534416,
        "horizontal_accuracy": 2.8780973506280385,
        "speed": 14.608030904456792,
        "course": 339.9163818359375,
        "synthetic": false
      },
      "geometry": {
        "type": "Point",
        "coordinates": [
          30.376685526732338,
          59.81420020547074
        ]
      }
    },
    {
      "type": "Feature",
      "properties": {
        "monotonic_time": 48267.37634038925,
        "horizontal_accuracy": 2.816949430190701,
        "speed": 14.422262609809387,
        "course": 348.38043212890625,
        "synthetic": false
      },
      "geometry": {
        "type": "Point",
        "coordinates": [
          30.376631606014225,
          59.81432591134101
        ]
      }
    },
    {
      "type": "Feature",
      "properties": {
        "monotonic_time": 48268.37635695934,
        "horizontal_accuracy": 2.718397303211687,
        "speed": 14.419703109755963,
        "course": 354.2077941894531,
        "synthetic": false
      },
      "geometry": {
        "type": "Point",
        "coordinates": [
          30.376619287022702,
          59.81445862332218
        ]
      }
    },
    {
      "type": "Feature",
      "properties": {
        "monotonic_time": 48269.37637257576,
        "horizontal_accuracy": 2.5935926257376063,
        "speed": 13.816265817005911,
        "course": 15.51009750366211,
        "synthetic": false
      },
      "geometry": {
        "type": "Point",
        "coordinates": [
          30.376650917192663,
          59.814582807554
        ]
      }
    },
    {
      "type": "Feature",
      "properties": {
        "monotonic_time": 48270.376390099525,
        "horizontal_accuracy": 2.499059310878692,
        "speed": 12.753695549658902,
        "course": 15.576459884643555,
        "synthetic": false
      },
      "geometry": {
        "type": "Point",
        "coordinates": [
          30.37671165549317,
          59.81469445187417
        ]
      }
    },
    {
      "type": "Feature",
      "properties": {
        "monotonic_time": 48271.37640595436,
        "horizontal_accuracy": 2.3965889258745885,
        "speed": 12.683824448650896,
        "course": 16.986845016479492,
        "synthetic": false
      },
      "geometry": {
        "type": "Point",
        "coordinates": [
          30.376807623358314,
          59.81480177889836
        ]
      }
    },
    {
      "type": "Feature",
      "properties": {
        "monotonic_time": 48272.37642240524,
        "horizontal_accuracy": 2.322636808398517,
        "speed": 12.928307028562367,
        "course": 16.986845016479492,
        "synthetic": false
      },
      "geometry": {
        "type": "Point",
        "coordinates": [
          30.37690357910831,
          59.814909844082486
        ]
      }
    },
    {
      "type": "Feature",
      "properties": {
        "monotonic_time": 48273.37643957138,
        "horizontal_accuracy": 2.2798791669622473,
        "speed": 12.589127638397828,
        "course": 16.640987396240234,
        "synthetic": false
      },
      "geometry": {
        "type": "Point",
        "coordinates": [
          30.37698858199715,
          59.81501604793213
        ]
      }
    },
    {
      "type": "Feature",
      "properties": {
        "monotonic_time": 48274.37645530701,
        "horizontal_accuracy": 2.2691032852460187,
        "speed": 11.8695070562091,
        "course": 41.41484451293945,
        "synthetic": false
      },
      "geometry": {
        "type": "Point",
        "coordinates": [
          30.377097259825348,
          59.81510902148035
        ]
      }
    },
    {
      "type": "Feature",
      "properties": {
        "monotonic_time": 48275.37647104263,
        "horizontal_accuracy": 2.2627305930623125,
        "speed": 11.315195107881355,
        "course": 41.41484451293945,
        "synthetic": false
      },
      "geometry": {
        "type": "Point",
        "coordinates": [
          30.3772339463432,
          59.815183908512665
        ]
      }
    },
    {
      "type": "Feature",
      "properties": {
        "monotonic_time": 48276.37648797035,
        "horizontal_accuracy": 2.2506620180780934,
        "speed": 11.155439786215995,
        "course": 47.3096923828125,
        "synthetic": false
      },
      "geometry": {
        "type": "Point",
        "coordinates": [
          30.37738979947962,
          59.815248448002166
        ]
      }
    },
    {
      "type": "Feature",
      "properties": {
        "monotonic_time": 48277.37650454044,
        "horizontal_accuracy": 2.2460720620659957,
        "speed": 11.352434069506794,
        "course": 54.045196533203125,
        "synthetic": false
      },
      "geometry": {
        "type": "Point",
        "coordinates": [
          30.37755245296276,
          59.81531378147998
        ]
      }
    },
    {
      "type": "Feature",
      "properties": {
        "monotonic_time": 48278.3765206337,
        "horizontal_accuracy": 2.2808885872203444,
        "speed": 11.5122949191529,
        "course": 54.045196533203125,
        "synthetic": false
      },
      "geometry": {
        "type": "Point",
        "coordinates": [
          30.37772317546626,
          59.81537329767421
        ]
      }
    },
    {
      "type": "Feature",
      "properties": {
        "monotonic_time": 48279.37653756142,
        "horizontal_accuracy": 2.369491139437567,
        "speed": 11.542100596601477,
        "course": 54.045196533203125,
        "synthetic": false
      },
      "geometry": {
        "type": "Point",
        "coordinates": [
          30.377896795977147,
          59.81542959158981
        ]
      }
    },
    {
      "type": "Feature",
      "properties": {
        "monotonic_time": 48280.37655341625,
        "horizontal_accuracy": 2.518322153132489,
        "speed": 11.740931226451991,
        "course": 64.48367309570312,
        "synthetic": false
      },
      "geometry": {
        "type": "Point",
        "coordinates": [
          30.37807902260331,
          59.81547965360086
        ]
      }
    },
    {
      "type": "Feature",
      "properties": {
        "monotonic_time": 48281.37657034397,
        "horizontal_accuracy": 2.572410950022203,
        "speed": 12.116913781386769,
        "course": 64.11551666259766,
        "synthetic": false
      },
      "geometry": {
        "type": "Point",
        "coordinates": [
          30.37828340266317,
          59.81552672056524
        ]
      }
    },
    {
      "type": "Feature",
      "properties": {
        "monotonic_time": 48282.376586556435,
        "horizontal_accuracy": 2.954364581168698,
        "speed": 12.276036423261868,
        "course": 73.85916137695312,
        "synthetic": false
      },
      "geometry": {
        "type": "Point",
        "coordinates": [
          30.378487426651365,
          59.815566032941696
        ]
      }
    },
    {
      "type": "Feature",
      "properties": {
        "monotonic_time": 48283.37660253048,
        "horizontal_accuracy": 3.8994768399921615,
        "speed": 12.287516385219813,
        "course": 73.85916137695312,
        "synthetic": false
      },
      "geometry": {
        "type": "Point",
        "coordinates": [
          30.37869909900871,
          59.815597077148034
        ]
      }
    },
    {
      "type": "Feature",
      "properties": {
        "monotonic_time": 48284.37661981583,
        "horizontal_accuracy": 3.5199524772762905,
        "speed": 12.402911240803364,
        "course": 73.85916137695312,
        "synthetic": false
      },
      "geometry": {
        "type": "Point",
        "coordinates": [
          30.378915690145995,
          59.815626323043126
        ]
      }
    },
    {
      "type": "Feature",
      "properties": {
        "monotonic_time": 48285.376635193825,
        "horizontal_accuracy": 3.111184292186665,
        "speed": 12.597909494965661,
        "course": 73.85916137695312,
        "synthetic": false
      },
      "geometry": {
        "type": "Point",
        "coordinates": [
          30.379143443685084,
          59.81564920767369
        ]
      }
    },
    {
      "type": "Feature",
      "properties": {
        "monotonic_time": 48286.376651763916,
        "horizontal_accuracy": 3.1127834486173223,
        "speed": 13.044861085551254,
        "course": 75.8169174194336,
        "synthetic": false
      },
      "geometry": {
        "type": "Point",
        "coordinates": [
          30.37939072154024,
          59.81567748978859
        ]
      }
    },
    {
      "type": "Feature",
      "properties": {
        "monotonic_time": 48287.37666809559,
        "horizontal_accuracy": 2.885854774336404,
        "speed": 12.651195009496202,
        "course": 75.8169174194336,
        "synthetic": false
      },
      "geometry": {
        "type": "Point",
        "coordinates": [
          30.379618251605706,
          59.8156999186737
        ]
      }
    },
    {
      "type": "Feature",
      "properties": {
        "monotonic_time": 48288.37668502331,
        "horizontal_accuracy": 2.848699933474423,
        "speed": 12.499248081192542,
        "course": 75.8169174194336,
        "synthetic": false
      },
      "geometry": {
        "type": "Point",
        "coordinates": [
          30.379849250403836,
          59.81572493898603
        ]
      }
    },
    {
      "type": "Feature",
      "properties": {
        "monotonic_time": 48289.376700401306,
        "horizontal_accuracy": 2.7913831180979,
        "speed": 12.736713485786966,
        "course": 75.8169174194336,
        "synthetic": false
      },
      "geometry": {
        "type": "Point",
        "coordinates": [
          30.380073028884706,
          59.81575028516577
        ]
      }
    },
    {
      "type": "Feature",
      "properties": {
        "monotonic_time": 48290.37671768665,
        "horizontal_accuracy": 2.740564276528116,
        "speed": 13.409900042813337,
        "course": 75.8169174194336,
        "synthetic": false
      },
      "geometry": {
        "type": "Point",
        "coordinates": [
          30.380319767011283,
          59.81578331340648
        ]
      }
    },
    {
      "type": "Feature",
      "properties": {
        "monotonic_time": 48291.37673461437,
        "horizontal_accuracy": 2.738195647428942,
        "speed": 14.001999604968837,
        "course": 75.8169174194336,
        "synthetic": false
      },
      "geometry": {
        "type": "Point",
        "coordinates": [
          30.38056074083102,
          59.815813773686955
        ]
      }
    },
    {
      "type": "Feature",
      "properties": {
        "monotonic_time": 48292.37675046921,
        "horizontal_accuracy": 2.7033894342117217,
        "speed": 14.411475157816223,
        "course": 75.71060180664062,
        "synthetic": false
      },
      "geometry": {
        "type": "Point",
        "coordinates": [
          30.38081423821497,
          59.81584784003154
        ]
      }
    },
    {
      "type": "Feature",
      "properties": {
        "monotonic_time": 48293.37676632404,
        "horizontal_accuracy": 2.655668594982786,
        "speed": 14.733356401343645,
        "course": 75.71060180664062,
        "synthetic": false
      },
      "geometry": {
        "type": "Point",
        "coordinates": [
          30.38106601479412,
          59.81588255375477
        ]
      }
    },
    {
      "type": "Feature",
      "properties": {
        "monotonic_time": 48294.376783013344,
        "horizontal_accuracy": 3.2051771597232737,
        "speed": 15.213345337314205,
        "course": 75.8134994506836,
        "synthetic": false
      },
      "geometry": {
        "type": "Point",
        "coordinates": [
          30.381336768183655,
          59.81591927325732
        ]
      }
    },
    {
      "type": "Feature",
      "properties": {
        "monotonic_time": 48295.37679898739,
        "horizontal_accuracy": 2.9264954864899697,
        "speed": 15.555465512827404,
        "course": 75.8134994506836,
        "synthetic": false
      },
      "geometry": {
        "type": "Point",
        "coordinates": [
          30.38160549375956,
          59.815955114501946
        ]
      }
    },
    {
      "type": "Feature",
      "properties": {
        "monotonic_time": 48296.37681591511,
        "horizontal_accuracy": 2.9074296762598966,
        "speed": 16.023414573616055,
        "course": 75.8134994506836,
        "synthetic": false
      },
      "geometry": {
        "type": "Point",
        "coordinates": [
          30.381882656273216,
          59.81599336620594
        ]
      }
    },
    {
      "type": "Feature",
      "properties": {
        "monotonic_time": 48297.37683224678,
        "horizontal_accuracy": 3.170323201769189,
        "speed": 16.32178423855871,
        "course": 75.8134994506836,
        "synthetic": false
      },
      "geometry": {
        "type": "Point",
        "coordinates": [
          30.382167656581068,
          59.816027909647836
        ]
      }
    },
    {
      "type": "Feature",
      "properties": {
        "monotonic_time": 48298.37684774399,
        "horizontal_accuracy": 2.490570990926894,
        "speed": 16.54490700175257,
        "course": 75.8134994506836,
        "synthetic": false
      },
      "geometry": {
        "type": "Point",
        "coordinates": [
          30.382452674115367,
          59.81606923713658
        ]
      }
    },
    {
      "type": "Feature",
      "properties": {
        "monotonic_time": 48299.37686538696,
        "horizontal_accuracy": 2.7159805086139803,
        "speed": 16.683275680649917,
        "course": 75.64888000488281,
        "synthetic": false
      },
      "geometry": {
        "type": "Point",
        "coordinates": [
          30.382743101259464,
          59.81610459221129
        ]
      }
    },
    {
      "type": "Feature",
      "properties": {
        "monotonic_time": 48300.37688136101,
        "horizontal_accuracy": 2.4170620201969872,
        "speed": 16.990532468221023,
        "course": 68.03988647460938,
        "synthetic": false
      },
      "geometry": {
        "type": "Point",
        "coordinates": [
          30.383038620576485,
          59.81613972506546
        ]
      }
    },
    {
      "type": "Feature",
      "properties": {
        "monotonic_time": 48301.37689816952,
        "horizontal_accuracy": 2.3551855416976206,
        "speed": 17.445976747425647,
        "course": 67.65686798095703,
        "synthetic": false
      },
      "geometry": {
        "type": "Point",
        "coordinates": [
          30.38334317314826,
          59.816178518290734
        ]
      }
    },
    {
      "type": "Feature",
      "properties": {
        "monotonic_time": 48302.37691450119,
        "horizontal_accuracy": 4.15923554080511,
        "speed": 17.93813851711704,
        "course": 68.03823852539062,
        "synthetic": false
      },
      "geometry": {
        "type": "Point",
        "coordinates": [
          30.383635423073958,
          59.81625428181695
        ]
      }
    },
    {
      "type": "Feature",
      "properties": {
        "monotonic_time": 48303.37693107128,
        "horizontal_accuracy": 2.3044925180497082,
        "speed": 18.52262005354867,
        "course": 78.63053894042969,
        "synthetic": false
      },
      "geometry": {
        "type": "Point",
        "coordinates": [
          30.38397608731367,
          59.81628596140663
        ]
      }
    },
    {
      "type": "Feature",
      "properties": {
        "monotonic_time": 48304.376947164536,
        "horizontal_accuracy": 2.2741689493029478,
        "speed": 18.90996125800322,
        "course": 78.63053894042969,
        "synthetic": false
      },
      "geometry": {
        "type": "Point",
        "coordinates": [
          30.384314812988023,
          59.81630772036971
        ]
      }
    },
    {
      "type": "Feature",
      "properties": {
        "monotonic_time": 48305.376963377,
        "horizontal_accuracy": 2.2408815432000906,
        "speed": 19.418731650736852,
        "course": 78.63053894042969,
        "synthetic": false
      },
      "geometry": {
        "type": "Point",
        "coordinates": [
          30.384651910097173,
          59.816347722355765
        ]
      }
    },
    {
      "type": "Feature",
      "properties": {
        "monotonic_time": 48306.376979351044,
        "horizontal_accuracy": 2.3904501846004576,
        "speed": 19.917155428150963,
        "course": 78.73499298095703,
        "synthetic": false
      },
      "geometry": {
        "type": "Point",
        "coordinates": [
          30.384992504063884,
          59.81638843962758
        ]
      }
    },
    {
      "type": "Feature",
      "properties": {
        "monotonic_time": 48307.376995801926,
        "horizontal_accuracy": 2.439045080439976,
        "speed": 20.470354927594425,
        "course": 78.73499298095703,
        "synthetic": false
      },
      "geometry": {
        "type": "Point",
        "coordinates": [
          30.385347674340547,
          59.8164267441213
        ]
      }
    },
    {
      "type": "Feature",
      "properties": {
        "monotonic_time": 48308.37701308727,
        "horizontal_accuracy": 2.1965273965405063,
        "speed": 20.91537518777368,
        "course": 78.73499298095703,
        "synthetic": false
      },
      "geometry": {
        "type": "Point",
        "coordinates": [
          30.38570901770233,
          59.816466220844845
        ]
      }
    },
    {
      "type": "Feature",
      "properties": {
        "monotonic_time": 48309.37702846527,
        "horizontal_accuracy": 2.3413553102172213,
        "speed": 21.242557425358576,
        "course": 78.73499298095703,
        "synthetic": false
      },
      "geometry": {
        "type": "Point",
        "coordinates": [
          30.386079442094395,
          59.81650639475001
        ]
      }
    },
    {
      "type": "Feature",
      "properties": {
        "monotonic_time": 48310.37704503536,
        "horizontal_accuracy": 2.209036384439626,
        "speed": 21.1305514136663,
        "course": 78.73499298095703,
        "synthetic": false
      },
      "geometry": {
        "type": "Point",
        "coordinates": [
          30.386447745992857,
          59.81654693274207
        ]
      }
    },
    {
      "type": "Feature",
      "properties": {
        "monotonic_time": 48311.37706232071,
        "horizontal_accuracy": 2.1714493253143354,
        "speed": 21.23828215991045,
        "course": 78.73499298095703,
        "synthetic": false
      },
      "geometry": {
        "type": "Point",
        "coordinates": [
          30.38681362284829,
          59.81659047527129
        ]
      }
    },
    {
      "type": "Feature",
      "properties": {
        "monotonic_time": 48312.37707769871,
        "horizontal_accuracy": 2.1637785248632766,
        "speed": 21.241764082278248,
        "course": 78.73499298095703,
        "synthetic": false
      },
      "geometry": {
        "type": "Point",
        "coordinates": [
          30.387183472261373,
          59.81663593103405
        ]
      }
    },
    {
      "type": "Feature",
      "properties": {
        "monotonic_time": 48313.377094984055,
        "horizontal_accuracy": 2.2828054469489154,
        "speed": 21.018264996355015,
        "course": 78.73499298095703,
        "synthetic": false
      },
      "geometry": {
        "type": "Point",
        "coordinates": [
          30.387547553764403,
          59.81668046621625
        ]
      }
    },
    {
      "type": "Feature",
      "properties": {
        "monotonic_time": 48314.3771109581,
        "horizontal_accuracy": 2.186160075493208,
        "speed": 21.137323990311273,
        "course": 78.73499298095703,
        "synthetic": false
      },
      "geometry": {
        "type": "Point",
        "coordinates": [
          30.38791559090878,
          59.81672261132997
        ]
      }
    },
    {
      "type": "Feature",
      "properties": {
        "monotonic_time": 48315.37712728977,
        "horizontal_accuracy": 2.2481481895862,
        "speed": 21.411407228760844,
        "course": 78.7806625366211,
        "synthetic": false
      },
      "geometry": {
        "type": "Point",
        "coordinates": [
          30.388289227694113,
          59.81676312268656
        ]
      }
    },
    {
      "type": "Feature",
      "properties": {
        "monotonic_time": 48316.37714385986,
        "horizontal_accuracy": 2.2849664786352832,
        "speed": 21.715273688156007,
        "course": 78.91624450683594,
        "synthetic": false
      },
      "geometry": {
        "type": "Point",
        "coordinates": [
          30.38866998103041,
          59.81680357565952
        ]
      }
    },
    {
      "type": "Feature",
      "properties": {
        "monotonic_time": 48317.377160549164,
        "horizontal_accuracy": 2.4249970231936535,
        "speed": 21.971836820192628,
        "course": 78.91624450683594,
        "synthetic": false
      },
      "geometry": {
        "type": "Point",
        "coordinates": [
          30.38905654390044,
          59.816843803774006
        ]
      }
    },
    {
      "type": "Feature",
      "properties": {
        "monotonic_time": 48318.37717664242,
        "horizontal_accuracy": 2.412080840630796,
        "speed": 22.325391080272645,
        "course": 78.91624450683594,
        "synthetic": false
      },
      "geometry": {
        "type": "Point",
        "coordinates": [
          30.389446789989513,
          59.816884286568374
        ]
      }
    },
    {
      "type": "Feature",
      "properties": {
        "monotonic_time": 48319.37719297409,
        "horizontal_accuracy": 3.0988530838313117,
        "speed": 22.678785424049988,
        "course": 78.91624450683594,
        "synthetic": false
      },
      "geometry": {
        "type": "Point",
        "coordinates": [
          30.389840866491184,
          59.8169248280583
        ]
      }
    },
    {
      "type": "Feature",
      "properties": {
        "monotonic_time": 48320.37720930576,
        "horizontal_accuracy": 2.9022180857865534,
        "speed": 23.02525006958243,
        "course": 78.91624450683594,
        "synthetic": false
      },
      "geometry": {
        "type": "Point",
        "coordinates": [
          30.39024133489995,
          59.8169654597399
        ]
      }
    },
    {
      "type": "Feature",
      "properties": {
        "monotonic_time": 48321.37722504139,
        "horizontal_accuracy": 2.4511089329604743,
        "speed": 23.356191881666426,
        "course": 78.91624450683594,
        "synthetic": false
      },
      "geometry": {
        "type": "Point",
        "coordinates": [
          30.390647413942524,
          59.81700609711647
        ]
      }
    },
    {
      "type": "Feature",
      "properties": {
        "monotonic_time": 48322.37724208832,
        "horizontal_accuracy": 2.4379220737761425,
        "speed": 23.509726751105397,
        "course": 78.91624450683594,
        "synthetic": false
      },
      "geometry": {
        "type": "Point",
        "coordinates": [
          30.39105678449419,
          59.8170462901121
        ]
      }
    },
    {
      "type": "Feature",
      "properties": {
        "monotonic_time": 48323.37725877762,
        "horizontal_accuracy": 2.2189609312501264,
        "speed": 23.471331323892297,
        "course": 78.91624450683594,
        "synthetic": false
      },
      "geometry": {
        "type": "Point",
        "coordinates": [
          30.391464851913554,
          59.81708546287605
        ]
      }
    },
    {
      "type": "Feature",
      "properties": {
        "monotonic_time": 48324.377274274826,
        "horizontal_accuracy": 2.081731784622233,
        "speed": 23.348537094130663,
        "course": 78.91624450683594,
        "synthetic": false
      },
      "geometry": {
        "type": "Point",
        "coordinates": [
          30.391872753438776,
          59.81712522753871
        ]
      }
    },
    {
      "type": "Feature",
      "properties": {
        "monotonic_time": 48325.377291440964,
        "horizontal_accuracy": 2.177339925294074,
        "speed": 23.206854669845928,
        "course": 78.91624450683594,
        "synthetic": false
      },
      "geometry": {
        "type": "Point",
        "coordinates": [
          30.392276077022327,
          59.817165570394614
        ]
      }
    },
    {
      "type": "Feature",
      "properties": {
        "monotonic_time": 48326.37730741501,
        "horizontal_accuracy": 2.083355719287508,
        "speed": 23.148515730747704,
        "course": 78.93871307373047,
        "synthetic": false
      },
      "geometry": {
        "type": "Point",
        "coordinates": [
          30.392681106168258,
          59.8172079857205
        ]
      }
    },
    {
      "type": "Feature",
      "properties": {
        "monotonic_time": 48327.37732434273,
        "horizontal_accuracy": 2.1575811061725694,
        "speed": 23.079318925782253,
        "course": 78.93871307373047,
        "synthetic": false
      },
      "geometry": {
        "type": "Point",
        "coordinates": [
          30.393080802611635,
          59.81725342586162
        ]
      }
    },
    {
      "type": "Feature",
      "properties": {
        "monotonic_time": 48328.37734091282,
        "horizontal_accuracy": 2.307142604145623,
        "speed": 23.387868633350656,
        "course": 78.93871307373047,
        "synthetic": false
      },
      "geometry": {
        "type": "Point",
        "coordinates": [
          30.393493840057143,
          59.817297003160405
        ]
      }
    },
    {
      "type": "Feature",
      "properties": {
        "monotonic_time": 48329.37735641003,
        "horizontal_accuracy": 2.153571226916991,
        "speed": 23.44152384347718,
        "course": 78.93871307373047,
        "synthetic": false
      },
      "geometry": {
        "type": "Point",
        "coordinates": [
          30.393908620658504,
          59.81733767637233
        ]
      }
    },
    {
      "type": "Feature",
      "properties": {
        "monotonic_time": 48330.37737452984,
        "horizontal_accuracy": 2.098669657036452,
        "speed": 23.336269189107977,
        "course": 78.93871307373047,
        "synthetic": false
      },
      "geometry": {
        "type": "Point",
        "coordinates": [
          30.394321958436258,
          59.8173767800525
        ]
      }
    },
    {
      "type": "Feature",
      "properties": {
        "monotonic_time": 48331.377388715744,
        "horizontal_accuracy": 2.2716284157959516,
        "speed": 23.266518811994516,
        "course": 78.93871307373047,
        "synthetic": false
      },
      "geometry": {
        "type": "Point",
        "coordinates": [
          30.394733038517057,
          59.81741798130998
        ]
      }
    },
    {
      "type": "Feature",
      "properties": {
        "monotonic_time": 48332.37740588188,
        "horizontal_accuracy": 2.115379532773234,
        "speed": 23.2189020775371,
        "course": 78.5902099609375,
        "synthetic": false
      },
      "geometry": {
        "type": "Point",
        "coordinates": [
          30.39514138691999,
          59.817461401805865
        ]
      }
    },
    {
      "type": "Feature",
      "properties": {
        "monotonic_time": 48333.37742245197,
        "horizontal_accuracy": 2.2409338350993306,
        "speed": 23.021831807182426,
        "course": 78.5902099609375,
        "synthetic": false
      },
      "geometry": {
        "type": "Point",
        "coordinates": [
          30.395546161579553,
          59.817502813657555
        ]
      }
    },
    {
      "type": "Feature",
      "properties": {
        "monotonic_time": 48334.37743842602,
        "horizontal_accuracy": 2.159603842504081,
        "speed": 22.914935569597265,
        "course": 78.5902099609375,
        "synthetic": false
      },
      "geometry": {
        "type": "Point",
        "coordinates": [
          30.395948653933342,
          59.81754288585806
        ]
      }
    },
    {
      "type": "Feature",
      "properties": {
        "monotonic_time": 48335.37745523453,
        "horizontal_accuracy": 2.166257497377592,
        "speed": 22.666490795632647,
        "course": 78.5902099609375,
        "synthetic": false
      },
      "geometry": {
        "type": "Point",
        "coordinates": [
          30.396346866947546,
          59.81758117738288
        ]
      }
    },
    {
      "type": "Feature",
      "properties": {
        "monotonic_time": 48336.37747132778,
        "horizontal_accuracy": 2.182760086495953,
        "speed": 22.496405836729306,
        "course": 78.5902099609375,
        "synthetic": false
      },
      "geometry": {
        "type": "Point",
        "coordinates": [
          30.39674092471618,
          59.81761933216381
        ]
      }
    },
    {
      "type": "Feature",
      "properties": {
        "monotonic_time": 48337.377487540245,
        "horizontal_accuracy": 2.2060229632675643,
        "speed": 22.433927811335778,
        "course": 78.5902099609375,
        "synthetic": false
      },
      "geometry": {
        "type": "Point",
        "coordinates": [
          30.397131688140888,
          59.8176586076617
        ]
      }
    },
    {
      "type": "Feature",
      "properties": {
        "monotonic_time": 48338.377504229546,
        "horizontal_accuracy": 2.193274763618678,
        "speed": 22.65660444902775,
        "course": 78.5902099609375,
        "synthetic": false
      },
      "geometry": {
        "type": "Point",
        "coordinates": [
          30.397527052907343,
          59.817698804359885
        ]
      }
    },
    {
      "type": "Feature",
      "properties": {
        "monotonic_time": 48339.37752056122,
        "horizontal_accuracy": 2.2114013446342016,
        "speed": 23.072824087030238,
        "course": 78.5902099609375,
        "synthetic": false
      },
      "geometry": {
        "type": "Point",
        "coordinates": [
          30.397930367535754,
          59.81774146535038
        ]
      }
    },
    {
      "type": "Feature",
      "properties": {
        "monotonic_time": 48340.37753736973,
        "horizontal_accuracy": 3.0121205003413376,
        "speed": 23.475289908206946,
        "course": 78.5902099609375,
        "synthetic": false
      },
      "geometry": {
        "type": "Point",
        "coordinates": [
          30.398343069752958,
          59.81778559933173
        ]
      }
    },
    {
      "type": "Feature",
      "properties": {
        "monotonic_time": 48341.37755322456,
        "horizontal_accuracy": 2.611065655331036,
        "speed": 23.77740665948587,
        "course": 78.53502655029297,
        "synthetic": false
      },
      "geometry": {
        "type": "Point",
        "coordinates": [
          30.398761193441086,
          59.81783107969051
        ]
      }
    },
    {
      "type": "Feature",
      "properties": {
        "monotonic_time": 48342.37757027149,
        "horizontal_accuracy": 2.3176201687225624,
        "speed": 23.827428429345673,
        "course": 78.63519287109375,
        "synthetic": false
      },
      "geometry": {
        "type": "Point",
        "coordinates": [
          30.399179187783616,
          59.81787771780827
        ]
      }
    },
    {
      "type": "Feature",
      "properties": {
        "monotonic_time": 48343.37758612633,
        "horizontal_accuracy": 2.338132452205047,
        "speed": 24.28429741409205,
        "course": 78.63519287109375,
        "synthetic": false
      },
      "geometry": {
        "type": "Point",
        "coordinates": [
          30.39961116820525,
          59.817926252191384
        ]
      }
    },
    {
      "type": "Feature",
      "properties": {
        "monotonic_time": 48344.377603173256,
        "horizontal_accuracy": 2.367874800854079,
        "speed": 24.44319801602442,
        "course": 74.64524841308594,
        "synthetic": false
      },
      "geometry": {
        "type": "Point",
        "coordinates": [
          30.400045416557994,
          59.81797605295596
        ]
      }
    },
    {
      "type": "Feature",
      "properties": {
        "monotonic_time": 48345.37761938572,
        "horizontal_accuracy": 2.352052530069981,
        "speed": 24.640832859431935,
        "course": 74.61968231201172,
        "synthetic": false
      },
      "geometry": {
        "type": "Point",
        "coordinates": [
          30.400482836288027,
          59.818026469922884
        ]
      }
    },
    {
      "type": "Feature",
      "properties": {
        "monotonic_time": 48346.37763547897,
        "horizontal_accuracy": 2.4079904717659084,
        "speed": 24.794279722737617,
        "course": 74.61968231201172,
        "synthetic": false
      },
      "geometry": {
        "type": "Point",
        "coordinates": [
          30.400918152406167,
          59.818079091480165
        ]
      }
    },
    {
      "type": "Feature",
      "properties": {
        "monotonic_time": 48347.377652168274,
        "horizontal_accuracy": 2.4770955409841005,
        "speed": 24.835485821730362,
        "course": 74.59668731689453,
        "synthetic": false
      },
      "geometry": {
        "type": "Point",
        "coordinates": [
          30.40134428501422,
          59.81813800373622
        ]
      }
    },
    {
      "type": "Feature",
      "properties": {
        "monotonic_time": 48348.37766838074,
        "horizontal_accuracy": 2.554019981261558,
        "speed": 25.036927832189964,
        "course": 74.59668731689453,
        "synthetic": false
      },
      "geometry": {
        "type": "Point",
        "coordinates": [
          30.401779399712566,
          59.81819875665409
        ]
      }
    },
    {
      "type": "Feature",
      "properties": {
        "monotonic_time": 48349.37768471241,
        "horizontal_accuracy": 2.5946678778369803,
        "speed": 24.881662411339185,
        "course": 74.59668731689453,
        "synthetic": false
      },
      "geometry": {
        "type": "Point",
        "coordinates": [
          30.402211086601103,
          59.81826306937089
        ]
      }
    },
    {
      "type": "Feature",
      "properties": {
        "monotonic_time": 48350.377700805664,
        "horizontal_accuracy": 2.7597847092150696,
        "speed": 24.79034544391958,
        "course": 74.59668731689453,
        "synthetic": false
      },
      "geometry": {
        "type": "Point",
        "coordinates": [
          30.402634154124705,
          59.81833081412038
        ]
      }
    },
    {
      "type": "Feature",
      "properties": {
        "monotonic_time": 48351.37771785259,
        "horizontal_accuracy": 3.0081357375030398,
        "speed": 25.00803612986057,
        "course": 74.59668731689453,
        "synthetic": false
      },
      "geometry": {
        "type": "Point",
        "coordinates": [
          30.403056185679116,
          59.8184049001253
        ]
      }
    },
    {
      "type": "Feature",
      "properties": {
        "monotonic_time": 48352.37773311138,
        "horizontal_accuracy": 3.293959286327042,
        "speed": 25.19404058970365,
        "course": 71.69010925292969,
        "synthetic": false
      },
      "geometry": {
        "type": "Point",
        "coordinates": [
          30.403481936050827,
          59.81848351395297
        ]
      }
    },
    {
      "type": "Feature",
      "properties": {
        "monotonic_time": 48353.37774991989,
        "horizontal_accuracy": 3.5230584053108105,
        "speed": 25.68680898651762,
        "course": 71.69010925292969,
        "synthetic": false
      },
      "geometry": {
        "type": "Point",
        "coordinates": [
          30.403919601551166,
          59.81856499196711
        ]
      }
    },
    {
      "type": "Feature",
      "properties": {
        "monotonic_time": 48354.3777667284,
        "horizontal_accuracy": 4.211217502567338,
        "speed": 25.559901821048108,
        "course": 71.60008239746094,
        "synthetic": false
      },
      "geometry": {
        "type": "Point",
        "coordinates": [
          30.404354048005953,
          59.818641612072405
        ]
      }
    },
    {
      "type": "Feature",
      "properties": {
        "monotonic_time": 48355.37778317928,
        "horizontal_accuracy": 3.7329083727011887,
        "speed": 25.583345914465706,
        "course": 71.59551239013672,
        "synthetic": false
      },
      "geometry": {
        "type": "Point",
        "coordinates": [
          30.404792069118475,
          59.818721326398226
        ]
      }
    },
    {
      "type": "Feature",
      "properties": {
        "monotonic_time": 48356.37779927254,
        "horizontal_accuracy": 3.8919882974901046,
        "speed": 25.565963760614846,
        "course": 71.59551239013672,
        "synthetic": false
      },
      "geometry": {
        "type": "Point",
        "coordinates": [
          30.405228832854135,
          59.818798585860144
        ]
      }
    },
    {
      "type": "Feature",
      "properties": {
        "monotonic_time": 48357.37781572342,
        "horizontal_accuracy": 3.7312090508141162,
        "speed": 25.949345635191964,
        "course": 68.80522918701172,
        "synthetic": false
      },
      "geometry": {
        "type": "Point",
        "coordinates": [
          30.40567774584762,
          59.81887342649585
        ]
      }
    },
    {
      "type": "Feature",
      "properties": {
        "monotonic_time": 48358.37783253193,
        "horizontal_accuracy": 3.4763673869959377,
        "speed": 26.371202870640037,
        "course": 68.80522918701172,
        "synthetic": false
      },
      "geometry": {
        "type": "Point",
        "coordinates": [
          30.406129063866462,
          59.81895354127477
        ]
      }
    },
    {
      "type": "Feature",
      "properties": {
        "monotonic_time": 48359.37784802914,
        "horizontal_accuracy": 3.216619897956394,
        "speed": 26.61439784088218,
        "course": 68.77779388427734,
        "synthetic": false
      },
      "geometry": {
        "type": "Point",
        "coordinates": [
          30.40658267654683,
          59.81903298991787
        ]
      }
    },
    {
      "type": "Feature",
      "properties": {
        "monotonic_time": 48360.37786471844,
        "horizontal_accuracy": 3.0926866353554567,
        "speed": 27.11414961423096,
        "course": 68.78018188476562,
        "synthetic": false
      },
      "geometry": {
        "type": "Point",
        "coordinates": [
          30.40703269638013,
          59.819126827625716
        ]
      }
    },
    {
      "type": "Feature",
      "properties": {
        "monotonic_time": 48361.37788105011,
        "horizontal_accuracy": 2.9819633128947074,
        "speed": 27.539545188905837,
        "course": 68.78018188476562,
        "synthetic": false
      },
      "geometry": {
        "type": "Point",
        "coordinates": [
          30.407480052341842,
          59.819227887328935
        ]
      }
    },
    {
      "type": "Feature",
      "properties": {
        "monotonic_time": 48362.37789809704,
        "horizontal_accuracy": 3.0377083637967424,
        "speed": 27.826080979008385,
        "course": 68.73603820800781,
        "synthetic": false
      },
      "geometry": {
        "type": "Point",
        "coordinates": [
          30.407934697070964,
          59.81932833752552
        ]
      }
    },
    {
      "type": "Feature",
      "properties": {
        "monotonic_time": 48363.37791407108,
        "horizontal_accuracy": 2.840568238289866,
        "speed": 28.22435577179445,
        "course": 68.70507049560547,
        "synthetic": false
      },
      "geometry": {
        "type": "Point",
        "coordinates": [
          30.408393941328075,
          59.81943125925678
        ]
      }
    },
    {
      "type": "Feature",
      "properties": {
        "monotonic_time": 48364.377930521965,
        "horizontal_accuracy": 2.7701074399037666,
        "speed": 28.33200894424692,
        "course": 67.06261444091797,
        "synthetic": false
      },
      "geometry": {
        "type": "Point",
        "coordinates": [
          30.40885487991846,
          59.819532417171565
        ]
      }
    },
    {
      "type": "Feature",
      "properties": {
        "monotonic_time": 48365.37794661522,
        "horizontal_accuracy": 2.7185576956445603,
        "speed": 28.905908225669712,
        "course": 66.97635650634766,
        "synthetic": false
      },
      "geometry": {
        "type": "Point",
        "coordinates": [
          30.40934697932447,
          59.819623692169294
        ]
      }
    },
    {
      "type": "Feature",
      "properties": {
        "monotonic_time": 48366.37796354294,
        "horizontal_accuracy": 2.700137261655024,
        "speed": 29.374932838602128,
        "course": 66.97635650634766,
        "synthetic": false
      },
      "geometry": {
        "type": "Point",
        "coordinates": [
          30.409828941759333,
          59.81972683457176
        ]
      }
    },
    {
      "type": "Feature",
      "properties": {
        "monotonic_time": 48367.377980709076,
        "horizontal_accuracy": 2.4442602185206814,
        "speed": 29.779875345184884,
        "course": 66.97635650634766,
        "synthetic": false
      },
      "geometry": {
        "type": "Point",
        "coordinates": [
          30.410319171142383,
          59.8198363340075
        ]
      }
    },
    {
      "type": "Feature",
      "properties": {
        "monotonic_time": 48368.37799561024,
        "horizontal_accuracy": 2.4436194569243708,
        "speed": 30.09006617029379,
        "course": 66.97635650634766,
        "synthetic": false
      },
      "geometry": {
        "type": "Point",
        "coordinates": [
          30.410803139700118,
          59.819948342508226
        ]
      }
    },
    {
      "type": "Feature",
      "properties": {
        "monotonic_time": 48369.37801241875,
        "horizontal_accuracy": 2.311575010002901,
        "speed": 30.36330093463174,
        "course": 66.97635650634766,
        "synthetic": false
      },
      "geometry": {
        "type": "Point",
        "coordinates": [
          30.411309311295067,
          59.82004575278481
        ]
      }
    },
    {
      "type": "Feature",
      "properties": {
        "monotonic_time": 48370.37802875042,
        "horizontal_accuracy": 2.367883823855258,
        "speed": 30.33400117384899,
        "course": 65.82972012628423,
        "synthetic": false
      },
      "geometry": {
        "type": "Point",
        "coordinates": [
          30.411800210893112,
          59.820158490430345
        ]
      }
    },
    {
      "type": "Feature",
      "properties": {
        "monotonic_time": 48371.378044843674,
        "horizontal_accuracy": 2.547611534195056,
        "speed": 30.220428411556544,
        "course": 65.70230329607932,
        "synthetic": false
      },
      "geometry": {
        "type": "Point",
        "coordinates": [
          30.412289377314497,
          59.82027357713429
        ]
      }
    },
    {
      "type": "Feature",
      "properties": {
        "monotonic_time": 48372.37806212902,
        "horizontal_accuracy": 2.4391614347946957,
        "speed": 30.408562389234284,
        "course": 65.72201908874393,
        "synthetic": false
      },
      "geometry": {
        "type": "Point",
        "coordinates": [
          30.412779656460792,
          59.82038536981681
        ]
      }
    },
    {
      "type": "Feature",
      "properties": {
        "monotonic_time": 48373.37807846069,
        "horizontal_accuracy": 2.4841152662108934,
        "speed": 30.323967078805875,
        "course": 65.6290378397154,
        "synthetic": false
      },
      "geometry": {
        "type": "Point",
        "coordinates": [
          30.413265080431547,
          59.820497201137435
        ]
      }
    },
    {
      "type": "Feature",
      "properties": {
        "monotonic_time": 48374.37809383869,
        "horizontal_accuracy": 2.95533642710355,
        "speed": 30.225468191997127,
        "course": 65.56326881097917,
        "synthetic": false
      },
      "geometry": {
        "type": "Point",
        "coordinates": [
          30.413751810811643,
          59.82061023656774
        ]
      }
    },
    {
      "type": "Feature",
      "properties": {
        "monotonic_time": 48375.37811076641,
        "horizontal_accuracy": 2.5614641153361246,
        "speed": 30.189673243226967,
        "course": 65.59018101044796,
        "synthetic": false
      },
      "geometry": {
        "type": "Point",
        "coordinates": [
          30.414239308544456,
          59.82072216000882
        ]
      }
    },
    {
      "type": "Feature",
      "properties": {
        "monotonic_time": 48376.3781273365,
        "horizontal_accuracy": 2.5546011227004657,
        "speed": 30.14381468938459,
        "course": 65.38882894653375,
        "synthetic": false
      },
      "geometry": {
        "type": "Point",
        "coordinates": [
          30.4147237548201,
          59.82083706658518
        ]
      }
    },
    {
      "type": "Feature",
      "properties": {
        "monotonic_time": 48377.37814295292,
        "horizontal_accuracy": 2.584295930384555,
        "speed": 30.08427171585904,
        "course": 65.3424589396539,
        "synthetic": false
      },
      "geometry": {
        "type": "Point",
        "coordinates": [
          30.415206663305636,
          59.820947931412626
        ]
      }
    },
    {
      "type": "Feature",
      "properties": {
        "monotonic_time": 48378.37815988064,
        "horizontal_accuracy": 2.5975543937121457,
        "speed": 29.996101855462488,
        "course": 65.48603426076781,
        "synthetic": false
      },
      "geometry": {
        "type": "Point",
        "coordinates": [
          30.41568849905232,
          59.8210572482634
        ]
      }
    },
    {
      "type": "Feature",
      "properties": {
        "monotonic_time": 48379.37817645073,
        "horizontal_accuracy": 2.6593298775608334,
        "speed": 29.888929583247542,
        "course": 65.6564792627143,
        "synthetic": false
      },
      "geometry": {
        "type": "Point",
        "coordinates": [
          30.416168147113137,
          59.8211653271136
        ]
      }
    },
    {
      "type": "Feature",
      "properties": {
        "monotonic_time": 48380.37819325924,
        "horizontal_accuracy": 3.0897334993208863,
        "speed": 29.858871996605515,
        "course": 65.57237134431247,
        "synthetic": false
      },
      "geometry": {
        "type": "Point",
        "coordinates": [
          30.41664626991291,
          59.821275844712126
        ]
      }
    },
    {
      "type": "Feature",
      "properties": {
        "monotonic_time": 48381.37820994854,
        "horizontal_accuracy": 2.946535038885493,
        "speed": 30.097600035907302,
        "course": 65.59080564865388,
        "synthetic": false
      },
      "geometry": {
        "type": "Point",
        "coordinates": [
          30.417134363608945,
          59.821385913973096
        ]
      }
    },
    {
      "type": "Feature",
      "properties": {
        "monotonic_time": 48382.378226041794,
        "horizontal_accuracy": 2.701818608554496,
        "speed": 30.21474247273827,
        "course": 65.68571203263585,
        "synthetic": false
      },
      "geometry": {
        "type": "Point",
        "coordinates": [
          30.41761820336777,
          59.82149820366685
        ]
      }
    },
    {
      "type": "Feature",
      "properties": {
        "monotonic_time": 48383.37824201584,
        "horizontal_accuracy": 2.668201011139113,
        "speed": 30.312845862779657,
        "course": 65.81551785022978,
        "synthetic": false
      },
      "geometry": {
        "type": "Point",
        "coordinates": [
          30.418108808019515,
          59.821609171819624
        ]
      }
    },
    {
      "type": "Feature",
      "properties": {
        "monotonic_time": 48384.37825798988,
        "horizontal_accuracy": 2.6297830354375007,
        "speed": 30.42192300871685,
        "course": 66.01668077835207,
        "synthetic": false
      },
      "geometry": {
        "type": "Point",
        "coordinates": [
          30.41860020613615,
          59.82172051770704
        ]
      }
    },
    {
      "type": "Feature",
      "properties": {
        "monotonic_time": 48385.37827479839,
        "horizontal_accuracy": 2.5894661091237228,
        "speed": 30.54346981532413,
        "course": 66.03023973288443,
        "synthetic": false
      },
      "geometry": {
        "type": "Point",
        "coordinates": [
          30.419094508969405,
          59.82183333735232
        ]
      }
    },
    {
      "type": "Feature",
      "properties": {
        "monotonic_time": 48386.378291487694,
        "horizontal_accuracy": 2.5629538914584638,
        "speed": 30.579566235204783,
        "course": 66.0435919833309,
        "synthetic": false
      },
      "geometry": {
        "type": "Point",
        "coordinates": [
          30.419589679707983,
          59.82194595901637
        ]
      }
    },
    {
      "type": "Feature",
      "properties": {
        "monotonic_time": 48387.37830734253,
        "horizontal_accuracy": 2.5569047796985855,
        "speed": 30.56912674752318,
        "course": 65.84620654738964,
        "synthetic": false
      },
      "geometry": {
        "type": "Point",
        "coordinates": [
          30.420083651627426,
          59.8220555811357
        ]
      }
    },
    {
      "type": "Feature",
      "properties": {
        "monotonic_time": 48388.37832355499,
        "horizontal_accuracy": 2.5421016215610863,
        "speed": 30.570114259414957,
        "course": 65.65690881588866,
        "synthetic": false
      },
      "geometry": {
        "type": "Point",
        "coordinates": [
          30.420576554224983,
          59.82216829633227
        ]
      }
    },
    {
      "type": "Feature",
      "properties": {
        "monotonic_time": 48389.37834048271,
        "horizontal_accuracy": 2.548705772753597,
        "speed": 30.539802061641026,
        "course": 65.91897426453464,
        "synthetic": false
      },
      "geometry": {
        "type": "Point",
        "coordinates": [
          30.421070986866614,
          59.82227780281664
        ]
      }
    },
    {
      "type": "Feature",
      "properties": {
        "monotonic_time": 48390.378356695175,
        "horizontal_accuracy": 2.5670863815306046,
        "speed": 30.511970474754985,
        "course": 65.71213289548271,
        "synthetic": false
      },
      "geometry": {
        "type": "Point",
        "coordinates": [
          30.4215624458315,
          59.822393917373574
        ]
      }
    },
    {
      "type": "Feature",
      "properties": {
        "monotonic_time": 48391.37837231159,
        "horizontal_accuracy": 2.564617006598454,
        "speed": 30.49418754349419,
        "course": 65.779168012494,
        "synthetic": false
      },
      "geometry": {
        "type": "Point",
        "coordinates": [
          30.422056540752674,
          59.82250726768395
        ]
      }
    },
    {
      "type": "Feature",
      "properties": {
        "monotonic_time": 48392.37838935852,
        "horizontal_accuracy": 2.573690227404895,
        "speed": 30.51242657894352,
        "course": 65.62657935999202,
        "synthetic": false
      },
      "geometry": {
        "type": "Point",
        "coordinates": [
          30.422548889010276,
          59.82262194906333
        ]
      }
    },
    {
      "type": "Feature",
      "properties": {
        "monotonic_time": 48393.37840569019,
        "horizontal_accuracy": 2.560265309662902,
        "speed": 30.614811685165414,
        "course": 65.63547653952061,
        "synthetic": false
      },
      "geometry": {
        "type": "Point",
        "coordinates": [
          30.423044820644566,
          59.82273335804128
        ]
      }
    },
    {
      "type": "Feature",
      "properties": {
        "monotonic_time": 48394.378422141075,
        "horizontal_accuracy": 2.5845593389257986,
        "speed": 30.832663575320986,
        "course": 65.64840790736652,
        "synthetic": false
      },
      "geometry": {
        "type": "Point",
        "coordinates": [
          30.42354477091095,
          59.822847821543675
        ]
      }
    },
    {
      "type": "Feature",
      "properties": {
        "monotonic_time": 48395.378438830376,
        "horizontal_accuracy": 2.5956877154493334,
        "speed": 31.062334198167004,
        "course": 65.85659225729837,
        "synthetic": false
      },
      "geometry": {
        "type": "Point",
        "coordinates": [
          30.424043658013577,
          59.82296285400865
        ]
      }
    },
    {
      "type": "Feature",
      "properties": {
        "monotonic_time": 48396.37845540047,
        "horizontal_accuracy": 2.588478944484075,
        "speed": 31.29484854608033,
        "course": 65.82705957622473,
        "synthetic": false
      },
      "geometry": {
        "type": "Point",
        "coordinates": [
          30.42454593677788,
          59.82307658499548
        ]
      }
    },
    {
      "type": "Feature",
      "properties": {
        "monotonic_time": 48397.37847208977,
        "horizontal_accuracy": 2.6046717029211943,
        "speed": 31.520794022836363,
        "course": 66.12121497747789,
        "synthetic": false
      },
      "geometry": {
        "type": "Point",
        "coordinates": [
          30.425059030942453,
          59.82319094459043
        ]
      }
    },
    {
      "type": "Feature",
      "properties": {
        "monotonic_time": 48398.37848842144,
        "horizontal_accuracy": 2.628970797740163,
        "speed": 31.689863198012542,
        "course": 66.1867857649575,
        "synthetic": false
      },
      "geometry": {
        "type": "Point",
        "coordinates": [
          30.425568777613634,
          59.82330410400635
        ]
      }
    },
    {
      "type": "Feature",
      "properties": {
        "monotonic_time": 48399.378504157066,
        "horizontal_accuracy": 2.6425655848431946,
        "speed": 31.941483548396697,
        "course": 66.00466470120303,
        "synthetic": false
      },
      "geometry": {
        "type": "Point",
        "coordinates": [
          30.42608357104978,
          59.82342076249916
        ]
      }
    },
    {
      "type": "Feature",
      "properties": {
        "monotonic_time": 48400.37852084637,
        "horizontal_accuracy": 2.8015126848075593,
        "speed": 32.1356400034659,
        "course": 66.00126540321033,
        "synthetic": false
      },
      "geometry": {
        "type": "Point",
        "coordinates": [
          30.426599962368048,
          59.823537747312656
        ]
      }
    },
    {
      "type": "Feature",
      "properties": {
        "monotonic_time": 48401.37853682041,
        "horizontal_accuracy": 2.8943520358935166,
        "speed": 32.27337919280573,
        "course": 66.02334379971879,
        "synthetic": false
      },
      "geometry": {
        "type": "Point",
        "coordinates": [
          30.42711468108434,
          59.823654671498566
        ]
      }
    },
    {
      "type": "Feature",
      "properties": {
        "monotonic_time": 48402.37855422497,
        "horizontal_accuracy": 2.622004090127257,
        "speed": 32.41088079294401,
        "course": 66.02552300865659,
        "synthetic": false
      },
      "geometry": {
        "type": "Point",
        "coordinates": [
          30.42763586685967,
          59.82377262081785
        ]
      }
    },
    {
      "type": "Feature",
      "properties": {
        "monotonic_time": 48403.37856948376,
        "horizontal_accuracy": 2.6323231173008126,
        "speed": 32.52904810229358,
        "course": 66.01060016068965,
        "synthetic": false
      },
      "geometry": {
        "type": "Point",
        "coordinates": [
          30.42816064113256,
          59.823890709539036
        ]
      }
    },
    {
      "type": "Feature",
      "properties": {
        "monotonic_time": 48404.37858617306,
        "horizontal_accuracy": 2.6595985781532043,
        "speed": 32.686271536497244,
        "course": 66.02519321578089,
        "synthetic": false
      },
      "geometry": {
        "type": "Point",
        "coordinates": [
          30.428685544424095,
          59.82400922721022
        ]
      }
    },
    {
      "type": "Feature",
      "properties": {
        "monotonic_time": 48405.37860298157,
        "horizontal_accuracy": 2.725214372692393,
        "speed": 32.81261386125517,
        "course": 65.90776049535036,
        "synthetic": false
      },
      "geometry": {
        "type": "Point",
        "coordinates": [
          30.429216403421755,
          59.82412764823349
        ]
      }
    },
    {
      "type": "Feature",
      "properties": {
        "monotonic_time": 48406.378618597984,
        "horizontal_accuracy": 4.428692407814368,
        "speed": 32.83001096181743,
        "course": 65.46258827905706,
        "synthetic": false
      },
      "geometry": {
        "type": "Point",
        "coordinates": [
          30.42974066775659,
          59.824248606907446
        ]
      }
    },
    {
      "type": "Feature",
      "properties": {
        "monotonic_time": 48407.37863588333,
        "horizontal_accuracy": 3.419512093339308,
        "speed": 32.90066390434931,
        "course": 65.27283902527508,
        "synthetic": false
      },
      "geometry": {
        "type": "Point",
        "coordinates": [
          30.430272233240714,
          59.82437024218237
        ]
      }
    },
    {
      "type": "Feature",
      "properties": {
        "monotonic_time": 48408.37865126133,
        "horizontal_accuracy": 2.8854255746700197,
        "speed": 32.83612832932236,
        "course": 65.3195249641425,
        "synthetic": false
      },
      "geometry": {
        "type": "Point",
        "coordinates": [
          30.4307965503346,
          59.82449224159597
        ]
      }
    },
    {
      "type": "Feature",
      "properties": {
        "monotonic_time": 48409.37866854668,
        "horizontal_accuracy": 2.877004965536392,
        "speed": 32.61471398550524,
        "course": 64.9758139444603,
        "synthetic": false
      },
      "geometry": {
        "type": "Point",
        "coordinates": [
          30.43131839438334,
          59.82461770148503
        ]
      }
    },
    {
      "type": "Feature",
      "properties": {
        "monotonic_time": 48410.37868440151,
        "horizontal_accuracy": 2.8658164205089536,
        "speed": 32.25829997836142,
        "course": 64.08686753293672,
        "synthetic": false
      },
      "geometry": {
        "type": "Point",
        "coordinates": [
          30.431831454331782,
          59.8247449014472
        ]
      }
    },
    {
      "type": "Feature",
      "properties": {
        "monotonic_time": 48411.378700733185,
        "horizontal_accuracy": 2.9266587298628544,
        "speed": 32.148284117667785,
        "course": 62.304769308737214,
        "synthetic": false
      },
      "geometry": {
        "type": "Point",
        "coordinates": [
          30.432338293617654,
          59.82487934077763
        ]
      }
    },
    {
      "type": "Feature",
      "properties": {
        "monotonic_time": 48412.378717303276,
        "horizontal_accuracy": 2.9392949586016295,
        "speed": 31.983722218149417,
        "course": 60.01265572697029,
        "synthetic": false
      },
      "geometry": {
        "type": "Point",
        "coordinates": [
          30.432828642476213,
          59.82502003032285
        ]
      }
    },
    {
      "type": "Feature",
      "properties": {
        "monotonic_time": 48413.37873351574,
        "horizontal_accuracy": 2.947987276287942,
        "speed": 31.728712620552066,
        "course": 58.102009839035695,
        "synthetic": false
      },
      "geometry": {
        "type": "Point",
        "coordinates": [
          30.433307148800036,
          59.82517036021014
        ]
      }
    },
    {
      "type": "Feature",
      "properties": {
        "monotonic_time": 48414.37875032425,
        "horizontal_accuracy": 2.959948234038098,
        "speed": 31.401534213436353,
        "course": 56.22692826202144,
        "synthetic": false
      },
      "geometry": {
        "type": "Point",
        "coordinates": [
          30.433769749798127,
          59.8253261578787
        ]
      }
    },
    {
      "type": "Feature",
      "properties": {
        "monotonic_time": 48415.37876677513,
        "horizontal_accuracy": 3.0139958157800844,
        "speed": 31.08918869306677,
        "course": 54.240391447139174,
        "synthetic": false
      },
      "geometry": {
        "type": "Point",
        "coordinates": [
          30.434219169748875,
          59.82548854127129
        ]
      }
    },
    {
      "type": "Feature",
      "properties": {
        "monotonic_time": 48416.37878322601,
        "horizontal_accuracy": 3.003845524555087,
        "speed": 30.775879742852815,
        "course": 52.6855907813938,
        "synthetic": false
      },
      "geometry": {
        "type": "Point",
        "coordinates": [
          30.43465419369995,
          59.82565914325055
        ]
      }
    },
    {
      "type": "Feature",
      "properties": {
        "monotonic_time": 48417.378799676895,
        "horizontal_accuracy": 2.9825127329097985,
        "speed": 30.41756792441539,
        "course": 51.51666250745321,
        "synthetic": false
      },
      "geometry": {
        "type": "Point",
        "coordinates": [
          30.435074137271126,
          59.8258297470178
        ]
      }
    },
    {
      "type": "Feature",
      "properties": {
        "monotonic_time": 48418.3788151741,
        "horizontal_accuracy": 2.9925861752891945,
        "speed": 30.21095934211421,
        "course": 49.75997073950024,
        "synthetic": false
      },
      "geometry": {
        "type": "Point",
        "coordinates": [
          30.435489766942528,
          59.826006606794365
        ]
      }
    },
    {
      "type": "Feature",
      "properties": {
        "monotonic_time": 48419.37883222103,
        "horizontal_accuracy": 2.999163017706048,
        "speed": 30.300935609702645,
        "course": 47.845735093688035,
        "synthetic": false
      },
      "geometry": {
        "type": "Point",
        "coordinates": [
          30.435890962990552,
          59.826190201816914
        ]
      }
    },
    {
      "type": "Feature",
      "properties": {
        "monotonic_time": 48420.37884807587,
        "horizontal_accuracy": 3.0040886336913983,
        "speed": 30.35653941676863,
        "course": 46.002846736835146,
        "synthetic": false
      },
      "geometry": {
        "type": "Point",
        "coordinates": [
          30.43628230958872,
          59.82637958568681
        ]
      }
    },
    {
      "type": "Feature",
      "properties": {
        "monotonic_time": 48421.378865122795,
        "horizontal_accuracy": 3.010374590653927,
        "speed": 30.46769128130929,
        "course": 43.82668790072888,
        "synthetic": false
      },
      "geometry": {
        "type": "Point",
        "coordinates": [
          30.436658475325412,
          59.826578959816366
        ]
      }
    },
    {
      "type": "Feature",
      "properties": {
        "monotonic_time": 48422.37888133526,
        "horizontal_accuracy": 2.9937033130133286,
        "speed": 30.56478301283544,
        "course": 42.366741512778304,
        "synthetic": false
      },
      "geometry": {
        "type": "Point",
        "coordinates": [
          30.437028684201653,
          59.82678185689645
        ]
      }
    },
    {
      "type": "Feature",
      "properties": {
        "monotonic_time": 48423.37889790535,
        "horizontal_accuracy": 2.9885170649650976,
        "speed": 30.708420967089236,
        "course": 40.502104774661035,
        "synthetic": false
      },
      "geometry": {
        "type": "Point",
        "coordinates": [
          30.437386849625057,
          59.82699284096068
        ]
      }
    },
    {
      "type": "Feature",
      "properties": {
        "monotonic_time": 48424.37891411781,
        "horizontal_accuracy": 3.044116012018552,
        "speed": 30.753786399861244,
        "course": 39.02057870911566,
        "synthetic": false
      },
      "geometry": {
        "type": "Point",
        "coordinates": [
          30.437732469274568,
          59.82720835934683
        ]
      }
    },
    {
      "type": "Feature",
      "properties": {
        "monotonic_time": 48425.378930568695,
        "horizontal_accuracy": 3.1312301206045605,
        "speed": 31.041798504082774,
        "course": 36.91925606330839,
        "synthetic": false
      },
      "geometry": {
        "type": "Point",
        "coordinates": [
          30.43806233353018,
          59.82743070501336
        ]
      }
    },
    {
      "type": "Feature",
      "properties": {
        "monotonic_time": 48426.37894666195,
        "horizontal_accuracy": 3.1369625031164783,
        "speed": 31.47560844814082,
        "course": 35.171985948926306,
        "synthetic": false
      },
      "geometry": {
        "type": "Point",
        "coordinates": [
          30.438387290302625,
          59.82766414156141
        ]
      }
    },
    {
      "type": "Feature",
      "properties": {
        "monotonic_time": 48427.37896347046,
        "horizontal_accuracy": 3.1947183280075007,
        "speed": 31.798733573844164,
        "course": 34.690946158065714,
        "synthetic": false
      },
      "geometry": {
        "type": "Point",
        "coordinates": [
          30.438708346167335,
          59.82789771761701
        ]
      }
    },
    {
      "type": "Feature",
      "properties": {
        "monotonic_time": 48428.378979206085,
        "horizontal_accuracy": 3.083727368275156,
        "speed": 32.13887212331209,
        "course": 34.58374487107043,
        "synthetic": false
      },
      "geometry": {
        "type": "Point",
        "coordinates": [
          30.439028713287307,
          59.828137475469774
        ]
      }
    },
    {
      "type": "Feature",
      "properties": {
        "monotonic_time": 48429.37899637222,
        "horizontal_accuracy": 2.993865755347574,
        "speed": 32.452062333029524,
        "course": 34.501206011992835,
        "synthetic": false
      },
      "geometry": {
        "type": "Point",
        "coordinates": [
          30.439361627244384,
          59.82838055149529
        ]
      }
    },
    {
      "type": "Feature",
      "properties": {
        "monotonic_time": 48430.379012823105,
        "horizontal_accuracy": 2.9418878707443015,
        "speed": 32.80150471820911,
        "course": 34.33721872159106,
        "synthetic": false
      },
      "geometry": {
        "type": "Point",
        "coordinates": [
          30.43969704590984,
          59.82862679069627
        ]
      }
    },
    {
      "type": "Feature",
      "properties": {
        "monotonic_time": 48431.37902843952,
        "horizontal_accuracy": 3.2020871122310988,
        "speed": 32.82803235129183,
        "course": 34.44928873645464,
        "synthetic": false
      },
      "geometry": {
        "type": "Point",
        "coordinates": [
          30.440025338038595,
          59.82886979856387
        ]
      }
    },
    {
      "type": "Feature",
      "properties": {
        "monotonic_time": 48432.37904500961,
        "horizontal_accuracy": 2.954959716720767,
        "speed": 32.867797282682055,
        "course": 34.86196505486931,
        "synthetic": false
      },
      "geometry": {
        "type": "Point",
        "coordinates": [
          30.44036236777156,
          59.829113929518705
        ]
      }
    },
    {
      "type": "Feature",
      "properties": {
        "monotonic_time": 48433.379061460495,
        "horizontal_accuracy": 3.158884856319638,
        "speed": 32.99686551197581,
        "course": 34.981112975630126,
        "synthetic": false
      },
      "geometry": {
        "type": "Point",
        "coordinates": [
          30.440700503670918,
          59.82935820067474
        ]
      }
    },
    {
      "type": "Feature",
      "properties": {
        "monotonic_time": 48434.379078269005,
        "horizontal_accuracy": 3.2943448054076767,
        "speed": 33.03830821689041,
        "course": 34.67716311781407,
        "synthetic": false
      },
      "geometry": {
        "type": "Point",
        "coordinates": [
          30.441032581105315,
          59.82960137456122
        ]
      }
    },
    {
      "type": "Feature",
      "properties": {
        "monotonic_time": 48435.37909424305,
        "horizontal_accuracy": 3.4952644143155287,
        "speed": 33.08110078160954,
        "course": 34.67923641996078,
        "synthetic": false
      },
      "geometry": {
        "type": "Point",
        "coordinates": [
          30.44136607142941,
          59.82984672353881
        ]
      }
    },
    {
      "type": "Feature",
      "properties": {
        "monotonic_time": 48436.37911069393,
        "horizontal_accuracy": 3.6058904063184194,
        "speed": 33.242001636313944,
        "course": 34.63342247190981,
        "synthetic": false
      },
      "geometry": {
        "type": "Point",
        "coordinates": [
          30.441703758512006,
          59.83009466246729
        ]
      }
    },
    {
      "type": "Feature",
      "properties": {
        "monotonic_time": 48437.37912762165,
        "horizontal_accuracy": 3.6537518997334306,
        "speed": 33.07034760948311,
        "course": 34.53774020359951,
        "synthetic": false
      },
      "geometry": {
        "type": "Point",
        "coordinates": [
          30.44203640556953,
          59.8303391994445
        ]
      }
    },
    {
      "type": "Feature",
      "properties": {
        "monotonic_time": 48438.37914395332,
        "horizontal_accuracy": 3.8727863929899944,
        "speed": 32.87598176890534,
        "course": 34.46569090458334,
        "synthetic": false
      },
      "geometry": {
        "type": "Point",
        "coordinates": [
          30.442369540386622,
          59.830583353089324
        ]
      }
    },
    {
      "type": "Feature",
      "properties": {
        "monotonic_time": 48439.37915980816,
        "horizontal_accuracy": 4.1804316006105235,
        "speed": 32.669321578020046,
        "course": 34.250858306884766,
        "synthetic": false
      },
      "geometry": {
        "type": "Point",
        "coordinates": [
          30.442697995901646,
          59.83082581145126
        ]
      }
    },
    {
      "type": "Feature",
      "properties": {
        "monotonic_time": 48440.379175662994,
        "horizontal_accuracy": 4.465808890011384,
        "speed": 32.60079442014078,
        "course": 34.17852020263672,
        "synthetic": false
      },
      "geometry": {
        "type": "Point",
        "coordinates": [
          30.443027727976578,
          59.83107083603111
        ]
      }
    },
    {
      "type": "Feature",
      "properties": {
        "monotonic_time": 48441.379192352295,
        "horizontal_accuracy": 4.869264622919742,
        "speed": 32.57464360526924,
        "course": 34.116451263427734,
        "synthetic": false
      },
      "geometry": {
        "type": "Point",
        "coordinates": [
          30.443356062572008,
          59.83131279682269
        ]
      }
    },
    {
      "type": "Feature",
      "properties": {
        "monotonic_time": 48442.379209041595,
        "horizontal_accuracy": 5.251464430596826,
        "speed": 32.66269406583959,
        "course": 34.49829864501953,
        "synthetic": false
      },
      "geometry": {
        "type": "Point",
        "coordinates": [
          30.4436890339468,
          59.83155387004658
        ]
      }
    },
    {
      "type": "Feature",
      "properties": {
        "monotonic_time": 48443.37922644615,
        "horizontal_accuracy": 5.656524064227486,
        "speed": 32.88770489472676,
        "course": 34.49829864501953,
        "synthetic": false
      },
      "geometry": {
        "type": "Point",
        "coordinates": [
          30.444022456065618,
          59.83179781681586
        ]
      }
    },
    {
      "type": "Feature",
      "properties": {
        "monotonic_time": 48444.37924146652,
        "horizontal_accuracy": 6.1259701153978865,
        "speed": 33.030680023734966,
        "course": 34.49829864501953,
        "synthetic": false
      },
      "geometry": {
        "type": "Point",
        "coordinates": [
          30.44435206526267,
          59.832044984426986
        ]
      }
    },
    {
      "type": "Feature",
      "properties": {
        "monotonic_time": 48445.37925803661,
        "horizontal_accuracy": 6.635953023488751,
        "speed": 32.80602446976786,
        "course": 34.48207092285156,
        "synthetic": false
      },
      "geometry": {
        "type": "Point",
        "coordinates": [
          30.444678597748084,
          59.83229029614033
        ]
      }
    },
    {
      "type": "Feature",
      "properties": {
        "monotonic_time": 48446.37927508354,
        "horizontal_accuracy": 7.112699661195993,
        "speed": 33.026797519575815,
        "course": 34.48207092285156,
        "synthetic": false
      },
      "geometry": {
        "type": "Point",
        "coordinates": [
          30.445009955377266,
          59.832542562943495
        ]
      }
    },
    {
      "type": "Feature",
      "properties": {
        "monotonic_time": 48447.379291176796,
        "horizontal_accuracy": 7.507785339943286,
        "speed": 33.18509499436907,
        "course": 34.48207092285156,
        "synthetic": false
      },
      "geometry": {
        "type": "Point",
        "coordinates": [
          30.445344807771047,
          59.83279416020931
        ]
      }
    },
    {
      "type": "Feature",
      "properties": {
        "monotonic_time": 48448.37930703163,
        "horizontal_accuracy": 8.037760014052903,
        "speed": 33.352740013515934,
        "course": 34.479007720947266,
        "synthetic": false
      },
      "geometry": {
        "type": "Point",
        "coordinates": [
          30.445681904822393,
          59.83304052767297
        ]
      }
    },
    {
      "type": "Feature",
      "properties": {
        "monotonic_time": 48449.37932372093,
        "horizontal_accuracy": 8.660539860310685,
        "speed": 33.50574877289208,
        "course": 34.479007720947266,
        "synthetic": false
      },
      "geometry": {
        "type": "Point",
        "coordinates": [
          30.446033382343693,
          59.83328733226783
        ]
      }
    },
    {
      "type": "Feature",
      "properties": {
        "monotonic_time": 48450.379339814186,
        "horizontal_accuracy": 9.595203546066088,
        "speed": 33.27164765598635,
        "course": 34.479007720947266,
        "synthetic": false
      },
      "geometry": {
        "type": "Point",
        "coordinates": [
          30.446381677886126,
          59.8335341896778
        ]
      }
    },
    {
      "type": "Feature",
      "properties": {
        "monotonic_time": 48451.37935650349,
        "horizontal_accuracy": 13.46125684086865,
        "speed": 32.750825435198664,
        "course": 34.47500228881836,
        "synthetic": false
      },
      "geometry": {
        "type": "Point",
        "coordinates": [
          30.446714810710453,
          59.83377553703164
        ]
      }
    },
    {
      "type": "Feature",
      "properties": {
        "monotonic_time": 48452.37937295437,
        "horizontal_accuracy": 11.748056993849211,
        "speed": 32.29362490668113,
        "course": 34.4915657043457,
        "synthetic": false
      },
      "geometry": {
        "type": "Point",
        "coordinates": [
          30.44704185520289,
          59.83401825589159
        ]
      }
    },
    {
      "type": "Feature",
      "properties": {
        "monotonic_time": 48453.37938940525,
        "horizontal_accuracy": 12.8682193926453,
        "speed": 31.75626185251382,
        "course": 34.45404052734375,
        "synthetic": false
      },
      "geometry": {
        "type": "Point",
        "coordinates": [
          30.44735704895101,
          59.834250561267666
        ]
      }
    },
    {
      "type": "Feature",
      "properties": {
        "monotonic_time": 48454.37940573692,
        "horizontal_accuracy": 14.052033188363461,
        "speed": 31.3380645596557,
        "course": 34.94020462036133,
        "synthetic": false
      },
      "geometry": {
        "type": "Point",
        "coordinates": [
          30.447669923814093,
          59.834485498773205
        ]
      }
    },
    {
      "type": "Feature",
      "properties": {
        "monotonic_time": 48455.379422068596,
        "horizontal_accuracy": 15.526082280251112,
        "speed": 31.08288870532478,
        "course": 34.94020462036133,
        "synthetic": false
      },
      "geometry": {
        "type": "Point",
        "coordinates": [
          30.447990251242345,
          59.83472469739193
        ]
      }
    },
    {
      "type": "Feature",
      "properties": {
        "monotonic_time": 48456.37943828106,
        "horizontal_accuracy": 17.131402065960536,
        "speed": 30.549321985466907,
        "course": 34.94020462036133,
        "synthetic": false
      },
      "geometry": {
        "type": "Point",
        "coordinates": [
          30.448293154836648,
          59.83494714299324
        ]
      }
    },
    {
      "type": "Feature",
      "properties": {
        "monotonic_time": 48457.37945461273,
        "horizontal_accuracy": 18.87651895118498,
        "speed": 29.936982791799945,
        "course": 34.94020462036133,
        "synthetic": false
      },
      "geometry": {
        "type": "Point",
        "coordinates": [
          30.448592100939617,
          59.83516893796336
        ]
      }
    },
    {
      "type": "Feature",
      "properties": {
        "monotonic_time": 48458.37947154045,
        "horizontal_accuracy": 20.741797180811044,
        "speed": 29.258923190042662,
        "course": 34.91568374633789,
        "synthetic": false
      },
      "geometry": {
        "type": "Point",
        "coordinates": [
          30.448887606257497,
          59.835385359264656
        ]
      }
    },
    {
      "type": "Feature",
      "properties": {
        "monotonic_time": 48459.37948834896,
        "horizontal_accuracy": 22.72153596416152,
        "speed": 28.70502676389381,
        "course": 34.93557357788086,
        "synthetic": false
      },
      "geometry": {
        "type": "Point",
        "coordinates": [
          30.449173051029565,
          59.83559621456206
        ]
      }
    },
    {
      "type": "Feature",
      "properties": {
        "monotonic_time": 48460.37950491905,
        "horizontal_accuracy": 22.91560448300303,
        "speed": 28.737752621675984,
        "course": 34.93557357788086,
        "synthetic": false
      },
      "geometry": {
        "type": "Point",
        "coordinates": [
          30.449498747854406,
          59.835826680699
        ]
      }
    },
    {
      "type": "Feature",
      "properties": {
        "monotonic_time": 48461.37952041626,
        "horizontal_accuracy": 140.3638169985736,
        "speed": 32.31787490803351,
        "course": 34.93557357788086,
        "synthetic": false
      },
      "geometry": {
        "type": "Point",
        "coordinates": [
          30.44998536942619,
          59.836152709366814
        ]
      }
    },
    {
      "type": "Feature",
      "properties": {
        "monotonic_time": 48462.379536390305,
        "horizontal_accuracy": 132.10561071295226,
        "speed": 30.867012023565326,
        "course": 34.93557357788086,
        "synthetic": false
      },
      "geometry": {
        "type": "Point",
        "coordinates": [
          30.450312912921998,
          59.83633430474994
        ]
      }
    },
    {
      "type": "Feature",
      "properties": {
        "monotonic_time": 48463.379553198814,
        "horizontal_accuracy": 23.904053945695313,
        "speed": 27.746518722284176,
        "course": 31.163576126098633,
        "synthetic": false
      },
      "geometry": {
        "type": "Point",
        "coordinates": [
          30.45040454262708,
          59.83648645499229
        ]
      }
    },
    {
      "type": "Feature",
      "properties": {
        "monotonic_time": 48464.379569649696,
        "horizontal_accuracy": 23.215339811644327,
        "speed": 28.082024282230492,
        "course": 31.163576126098633,
        "synthetic": false
      },
      "geometry": {
        "type": "Point",
        "coordinates": [
          30.450722409276143,
          59.83675102763198
        ]
      }
    },
    {
      "type": "Feature",
      "properties": {
        "monotonic_time": 48465.379586577415,
        "horizontal_accuracy": 21.884730814001255,
        "speed": 28.345092870596204,
        "course": 31.163576126098633,
        "synthetic": false
      },
      "geometry": {
        "type": "Point",
        "coordinates": [
          30.451010246583248,
          59.836990605750316
        ]
      }
    },
    {
      "type": "Feature",
      "properties": {
        "monotonic_time": 48466.37960267067,
        "horizontal_accuracy": 23.44001820167623,
        "speed": 28.739663442031265,
        "course": 31.163576126098633,
        "synthetic": false
      },
      "geometry": {
        "type": "Point",
        "coordinates": [
          30.451278519225305,
          59.83721389941982
        ]
      }
    },
    {
      "type": "Feature",
      "properties": {
        "monotonic_time": 48467.37961947918,
        "horizontal_accuracy": 25.079970004611248,
        "speed": 29.141785281120658,
        "course": 30.279497146606445,
        "synthetic": false
      },
      "geometry": {
        "type": "Point",
        "coordinates": [
          30.451547339757713,
          59.83744121159541
        ]
      }
    },
    {
      "type": "Feature",
      "properties": {
        "monotonic_time": 48468.379635095596,
        "horizontal_accuracy": 26.80059533410287,
        "speed": 29.42854144738479,
        "course": 30.185827255249023,
        "synthetic": false
      },
      "geometry": {
        "type": "Point",
        "coordinates": [
          30.451814896806354,
          59.83767186129166
        ]
      }
    },
    {
      "type": "Feature",
      "properties": {
        "monotonic_time": 48469.37965273857,
        "horizontal_accuracy": 27.64144312296961,
        "speed": 29.707715615520154,
        "course": 28.99148941040039,
        "synthetic": false
      },
      "geometry": {
        "type": "Point",
        "coordinates": [
          30.45207772984469,
          59.83790569219484
        ]
      }
    },
    {
      "type": "Feature",
      "properties": {
        "monotonic_time": 48470.3796684742,
        "horizontal_accuracy": 28.194949460275293,
        "speed": 30.121740516815926,
        "course": 28.99148941040039,
        "synthetic": false
      },
      "geometry": {
        "type": "Point",
        "coordinates": [
          30.452346627928495,
          59.8381499597965
        ]
      }
    },
    {
      "type": "Feature",
      "properties": {
        "monotonic_time": 48471.37968480587,
        "horizontal_accuracy": 28.3174776681015,
        "speed": 30.795475785906024,
        "course": 28.99148941040039,
        "synthetic": false
      },
      "geometry": {
        "type": "Point",
        "coordinates": [
          30.45261317887619,
          59.838417351403855
        ]
      }
    },
    {
      "type": "Feature",
      "properties": {
        "monotonic_time": 48472.379700660706,
        "horizontal_accuracy": 29.2400112394088,
        "speed": 31.17503841186259,
        "course": 27.127830505371094,
        "synthetic": false
      },
      "geometry": {
        "type": "Point",
        "coordinates": [
          30.45289313638703,
          59.838655815834336
        ]
      }
    },
    {
      "type": "Feature",
      "properties": {
        "monotonic_time": 48473.379717588425,
        "horizontal_accuracy": 30.55544030991463,
        "speed": 31.49284720410503,
        "course": 27.12416648864746,
        "synthetic": false
      },
      "geometry": {
        "type": "Point",
        "coordinates": [
          30.453121894639366,
          59.83891190023109
        ]
      }
    },
    {
      "type": "Feature",
      "properties": {
        "monotonic_time": 48474.37973320484,
        "horizontal_accuracy": 31.950488792664814,
        "speed": 32.00324088466201,
        "course": 27.12416648864746,
        "synthetic": false
      },
      "geometry": {
        "type": "Point",
        "coordinates": [
          30.45340719921899,
          59.83917847232442
        ]
      }
    },
    {
      "type": "Feature",
      "properties": {
        "monotonic_time": 48475.37975049019,
        "horizontal_accuracy": 163.06821006819732,
        "speed": 31.265871047598882,
        "course": 24.753629684448242,
        "synthetic": false
      },
      "geometry": {
        "type": "Point",
        "coordinates": [
          30.45378639537532,
          59.83945826119958
        ]
      }
    },
    {
      "type": "Feature",
      "properties": {
        "monotonic_time": 48476.379766345024,
        "horizontal_accuracy": 174.05993292649708,
        "speed": 31.29801368675787,
        "course": 24.848262786865234,
        "synthetic": false
      },
      "geometry": {
        "type": "Point",
        "coordinates": [
          30.45405356386184,
          59.83970611592646
        ]
      }
    },
    {
      "type": "Feature",
      "properties": {
        "monotonic_time": 48477.51572215557,
        "horizontal_accuracy": 182.8479513435732,
        "speed": 31.265871047490005,
        "course": 24.770689010620117,
        "synthetic": false
      },
      "geometry": {
        "type": "Point",
        "coordinates": [
          30.45423507046443,
          59.839987674321435
        ]
      }
    },
    {
      "type": "Feature",
      "properties": {
        "monotonic_time": 48488.40469801426,
        "horizontal_accuracy": 127.34535602246783,
        "speed": -1,
        "course": -1,
        "synthetic": false
      },
      "geometry": {
        "type": "Point",
        "coordinates": [
          30.45603388181935,
          59.84255358422176
        ]
      }
    },
    {
      "type": "Feature",
      "properties": {
        "monotonic_time": 48488.435593008995,
        "horizontal_accuracy": 127.3466681392524,
        "speed": -1,
        "course": -1,
        "synthetic": false
      },
      "geometry": {
        "type": "Point",
        "coordinates": [
          30.45603752673067,
          59.8425596719469
        ]
      }
    },
    {
      "type": "Feature",
      "properties": {
        "monotonic_time": 48489.96288406849,
        "horizontal_accuracy": 131.30563895052046,
        "speed": -1,
        "course": -1,
        "synthetic": false
      },
      "geometry": {
        "type": "Point",
        "coordinates": [
          30.456249259015827,
          59.84288109875616
        ]
      }
    },
    {
      "type": "Feature",
      "properties": {
        "monotonic_time": 48489.97243499756,
        "horizontal_accuracy": 131.30580064091907,
        "speed": -1,
        "course": -1,
        "synthetic": false
      },
      "geometry": {
        "type": "Point",
        "coordinates": [
          30.45625056818642,
          59.84288308297957
        ]
      }
    },
    {
      "type": "Feature",
      "properties": {
        "monotonic_time": 48490.57084298134,
        "horizontal_accuracy": 131.9485010422607,
        "speed": -1,
        "course": -1,
        "synthetic": false
      },
      "geometry": {
        "type": "Point",
        "coordinates": [
          30.45633365397128,
          59.84300721886567
        ]
      }
    },
    {
      "type": "Feature",
      "properties": {
        "monotonic_time": 48490.58164906502,
        "horizontal_accuracy": 131.94860479386537,
        "speed": -1,
        "course": -1,
        "synthetic": false
      },
      "geometry": {
        "type": "Point",
        "coordinates": [
          30.456334680594903,
          59.843008774851306
        ]
      }
    },
    {
      "type": "Feature",
      "properties": {
        "monotonic_time": 48494.2112749815,
        "horizontal_accuracy": 154.83256567740034,
        "speed": -1,
        "course": -1,
        "synthetic": false
      },
      "geometry": {
        "type": "Point",
        "coordinates": [
          30.456798590600997,
          59.84374795899254
        ]
      }
    },
    {
      "type": "Feature",
      "properties": {
        "monotonic_time": 48494.22025799751,
        "horizontal_accuracy": 154.8326910192724,
        "speed": -1,
        "course": -1,
        "synthetic": false
      },
      "geometry": {
        "type": "Point",
        "coordinates": [
          30.456799625135055,
          59.843749612276106
        ]
      }
    },
    {
      "type": "Feature",
      "properties": {
        "monotonic_time": 48498.60213804245,
        "horizontal_accuracy": 187.2697285463622,
        "speed": -1,
        "course": -1,
        "synthetic": false
      },
      "geometry": {
        "type": "Point",
        "coordinates": [
          30.457356431908764,
          59.84457448490774
        ]
      }
    },
    {
      "type": "Feature",
      "properties": {
        "monotonic_time": 48498.6180460453,
        "horizontal_accuracy": 187.2697733824427,
        "speed": -1,
        "course": -1,
        "synthetic": false
      },
      "geometry": {
        "type": "Point",
        "coordinates": [
          30.457357142625515,
          59.84457539866273
        ]
      }
    },
    {
      "type": "Feature",
      "properties": {
        "monotonic_time": 48499.461866021156,
        "horizontal_accuracy": 188.48854460348866,
        "speed": -1,
        "course": -1,
        "synthetic": false
      },
      "geometry": {
        "type": "Point",
        "coordinates": [
          30.457450556072608,
          59.844731098752874
        ]
      }
    },
    {
      "type": "Feature",
      "properties": {
        "monotonic_time": 48500.84052300453,
        "horizontal_accuracy": 191.80089000931284,
        "speed": -1,
        "course": -1,
        "synthetic": false
      },
      "geometry": {
        "type": "Point",
        "coordinates": [
          30.457644111333668,
          59.844971146236006
        ]
      }
    },
    {
      "type": "Feature",
      "properties": {
        "monotonic_time": 48502.2537330389,
        "horizontal_accuracy": 195.31631480395086,
        "speed": -1,
        "course": -1,
        "synthetic": false
      },
      "geometry": {
        "type": "Point",
        "coordinates": [
          30.45785303095834,
          59.84520839047263
        ]
      }
    },
    {
      "type": "Feature",
      "properties": {
        "monotonic_time": 48503.58583807945,
        "horizontal_accuracy": 198.49950730568997,
        "speed": -1,
        "course": -1,
        "synthetic": false
      },
      "geometry": {
        "type": "Point",
        "coordinates": [
          30.458064467883858,
          59.84542405527824
        ]
      }
    },
    {
      "type": "Feature",
      "properties": {
        "monotonic_time": 48521.57288098335,
        "horizontal_accuracy": 534.0784762289277,
        "speed": -1,
        "course": 45.866448314495635,
        "synthetic": false
      },
      "geometry": {
        "type": "Point",
        "coordinates": [
          30.460210004238057,
          59.847440529269626
        ]
      }
    },
    {
      "type": "Feature",
      "properties": {
        "monotonic_time": 48521.58206808567,
        "horizontal_accuracy": 534.0787003848906,
        "speed": -1,
        "course": 45.866448314495635,
        "synthetic": false
      },
      "geometry": {
        "type": "Point",
        "coordinates": [
          30.460210004238125,
          59.847440529269655
        ]
      }
    },
    {
      "type": "Feature",
      "properties": {
        "monotonic_time": 48523.125415086746,
        "horizontal_accuracy": 541.9117068202182,
        "speed": -1,
        "course": 45.71858154915403,
        "synthetic": false
      },
      "geometry": {
        "type": "Point",
        "coordinates": [
          30.460220175793665,
          59.84744079513778
        ]
      }
    },
    {
      "type": "Feature",
      "properties": {
        "monotonic_time": 48523.13437306881,
        "horizontal_accuracy": 541.9119734666772,
        "speed": -1,
        "course": 45.71858154915403,
        "synthetic": false
      },
      "geometry": {
        "type": "Point",
        "coordinates": [
          30.460220175793673,
          59.84744079513778
        ]
      }
    },
    {
      "type": "Feature",
      "properties": {
        "monotonic_time": 48535.5519040823,
        "horizontal_accuracy": 882.049761630349,
        "speed": -1,
        "course": 49.25401382205227,
        "synthetic": false
      },
      "geometry": {
        "type": "Point",
        "coordinates": [
          30.46029500131827,
          59.84745117608158
        ]
      }
    },
    {
      "type": "Feature",
      "properties": {
        "monotonic_time": 48535.56311607361,
        "horizontal_accuracy": 882.0499585186869,
        "speed": -1,
        "course": 49.25401382205227,
        "synthetic": false
      },
      "geometry": {
        "type": "Point",
        "coordinates": [
          30.460295001318357,
          59.84745117608158
        ]
      }
    },
    {
      "type": "Feature",
      "properties": {
        "monotonic_time": 48549.49607002735,
        "horizontal_accuracy": 1173.8625375687157,
        "speed": -1,
        "course": 60.637688621132014,
        "synthetic": false
      },
      "geometry": {
        "type": "Point",
        "coordinates": [
          30.460914143153627,
          59.84759241578375
        ]
      }
    },
    {
      "type": "Feature",
      "properties": {
        "monotonic_time": 48549.50370502472,
        "horizontal_accuracy": 1173.8625965513304,
        "speed": -1,
        "course": 60.637688621132014,
        "synthetic": false
      },
      "geometry": {
        "type": "Point",
        "coordinates": [
          30.460914143154014,
          59.84759241578385
        ]
      }
    },
    {
      "type": "Feature",
      "properties": {
        "monotonic_time": 48555.63681805134,
        "horizontal_accuracy": 1226.550834135696,
        "speed": -1,
        "course": 63.043506643053114,
        "synthetic": false
      },
      "geometry": {
        "type": "Point",
        "coordinates": [
          30.461054883652217,
          59.84761165539668
        ]
      }
    },
    {
      "type": "Feature",
      "properties": {
        "monotonic_time": 48555.64655601978,
        "horizontal_accuracy": 1226.5509701701671,
        "speed": -1,
        "course": 63.043506643053114,
        "synthetic": false
      },
      "geometry": {
        "type": "Point",
        "coordinates": [
          30.461054883652384,
          59.8476116553967
        ]
      }
    },
    {
      "type": "Feature",
      "properties": {
        "monotonic_time": 48557.52520298958,
        "horizontal_accuracy": 1230.6195919149181,
        "speed": -1,
        "course": 62.77088647252123,
        "synthetic": false
      },
      "geometry": {
        "type": "Point",
        "coordinates": [
          30.461592712180146,
          59.84774738509226
        ]
      }
    },
    {
      "type": "Feature",
      "properties": {
        "monotonic_time": 48557.53672003746,
        "horizontal_accuracy": 1230.619781503254,
        "speed": -1,
        "course": 62.77088647252123,
        "synthetic": false
      },
      "geometry": {
        "type": "Point",
        "coordinates": [
          30.46159271218157,
          59.847747385092596
        ]
      }
    },
    {
      "type": "Feature",
      "properties": {
        "monotonic_time": 48564.924494981766,
        "horizontal_accuracy": 1302.26048809533,
        "speed": -1,
        "course": -1,
        "synthetic": false
      },
      "geometry": {
        "type": "Point",
        "coordinates": [
          30.46159228116413,
          59.84774435105192
        ]
      }
    },
    {
      "type": "Feature",
      "properties": {
        "monotonic_time": 48564.93881607056,
        "horizontal_accuracy": 1302.260537669318,
        "speed": -1,
        "course": -1,
        "synthetic": false
      },
      "geometry": {
        "type": "Point",
        "coordinates": [
          30.46159228116413,
          59.84774435105193
        ]
      }
    },
    {
      "type": "Feature",
      "properties": {
        "monotonic_time": 48565.37501204014,
        "horizontal_accuracy": 1302.5201608996113,
        "speed": -1,
        "course": 64.77420144665348,
        "synthetic": false
      },
      "geometry": {
        "type": "Point",
        "coordinates": [
          30.462343622655986,
          59.84791576938132
        ]
      }
    },
    {
      "type": "Feature",
      "properties": {
        "monotonic_time": 48565.3839700222,
        "horizontal_accuracy": 1302.5202706150153,
        "speed": -1,
        "course": 64.77420144665348,
        "synthetic": false
      },
      "geometry": {
        "type": "Point",
        "coordinates": [
          30.462343622656952,
          59.84791576938154
        ]
      }
    },
    {
      "type": "Feature",
      "properties": {
        "monotonic_time": 48582.38080608845,
        "horizontal_accuracy": 131.14576913495137,
        "speed": 31.510469436645508,
        "course": 359.7573567545061,
        "synthetic": false
      },
      "geometry": {
        "type": "Point",
        "coordinates": [
          30.375798829292844,
          59.78228105117263
        ]
      }
    },
    {
      "type": "Feature",
      "properties": {
        "monotonic_time": 48583.380821704865,
        "horizontal_accuracy": 131.14576914053185,
        "speed": 31.51046943626159,
        "course": 359.75735470147646,
        "synthetic": false
      },
      "geometry": {
        "type": "Point",
        "coordinates": [
          30.37579645343236,
          59.78256388132655
        ]
      }
    },
    {
      "type": "Feature",
      "properties": {
        "monotonic_time": 48584.38083863258,
        "horizontal_accuracy": 118.7708495553198,
        "speed": 31.51046943626159,
        "course": 1.1436296654401075,
        "synthetic": false
      },
      "geometry": {
        "type": "Point",
        "coordinates": [
          30.375741115146997,
          59.78269959473161
        ]
      }
    },
    {
      "type": "Feature",
      "properties": {
        "monotonic_time": 48585.38085615635,
        "horizontal_accuracy": 114.67418361671926,
        "speed": 31.252717971427177,
        "course": 2.0739436106874063,
        "synthetic": false
      },
      "geometry": {
        "type": "Point",
        "coordinates": [
          30.375819357685142,
          59.782929821407926
        ]
      }
    },
    {
      "type": "Feature",
      "properties": {
        "monotonic_time": 48586.380871891975,
        "horizontal_accuracy": 117.67067716950362,
        "speed": 31.252717971427188,
        "course": 2.8675833324649367,
        "synthetic": false
      },
      "geometry": {
        "type": "Point",
        "coordinates": [
          30.37586916373171,
          59.783252262689714
        ]
      }
    },
    {
      "type": "Feature",
      "properties": {
        "monotonic_time": 48587.38088810444,
        "horizontal_accuracy": 122.15298250658591,
        "speed": 32.58011627154829,
        "course": 3.666995902660178,
        "synthetic": false
      },
      "geometry": {
        "type": "Point",
        "coordinates": [
          30.3759210884553,
          59.78362840376974
        ]
      }
    },
    {
      "type": "Feature",
      "properties": {
        "monotonic_time": 48588.38090443611,
        "horizontal_accuracy": 135.16335390635595,
        "speed": 33.58473205519922,
        "course": 0.7347430298990961,
        "synthetic": false
      },
      "geometry": {
        "type": "Point",
        "coordinates": [
          30.375797205522325,
          59.78398791325288
        ]
      }
    },
    {
      "type": "Feature",
      "properties": {
        "monotonic_time": 48589.38092017174,
        "horizontal_accuracy": 160.9717553598794,
        "speed": 33.58432388259181,
        "course": 0.7340053297815027,
        "synthetic": false
      },
      "geometry": {
        "type": "Point",
        "coordinates": [
          30.37580463416245,
          59.78428920620163
        ]
      }
    },
    {
      "type": "Feature",
      "properties": {
        "monotonic_time": 48590.38093662262,
        "horizontal_accuracy": 180.21423910353798,
        "speed": 33.58473205519924,
        "course": 6.448298552587999,
        "synthetic": false
      },
      "geometry": {
        "type": "Point",
        "coordinates": [
          30.376177615702332,
          59.784645902811555
        ]
      }
    },
    {
      "type": "Feature",
      "properties": {
        "monotonic_time": 48591.380954027176,
        "horizontal_accuracy": 178.9226633611004,
        "speed": 35.944995879557155,
        "course": 12.847217446762834,
        "synthetic": false
      },
      "geometry": {
        "type": "Point",
        "coordinates": [
          30.37679123859103,
          59.78506002470821
        ]
      }
    },
    {
      "type": "Feature",
      "properties": {
        "monotonic_time": 48592.38097059727,
        "horizontal_accuracy": 158.16661112010246,
        "speed": 35.94499587955727,
        "course": 339.9836587088765,
        "synthetic": false
      },
      "geometry": {
        "type": "Point",
        "coordinates": [
          30.37547477851217,
          59.78496556135464
        ]
      }
    },
    {
      "type": "Feature",
      "properties": {
        "monotonic_time": 48593.65067601204,
        "horizontal_accuracy": 20338,
        "speed": -1,
        "course": -1,
        "synthetic": false
      },
      "geometry": {
        "type": "Point",
        "coordinates": [
          30.51451301,
          59.85352706
        ]
      }
    },
    {
      "type": "Feature",
      "properties": {
        "monotonic_time": 48593.661267995834,
        "horizontal_accuracy": 20338,
        "speed": -1,
        "course": -1,
        "synthetic": false
      },
      "geometry": {
        "type": "Point",
        "coordinates": [
          30.514513009999995,
          59.85352705999999
        ]
      }
    },
    {
      "type": "Feature",
      "properties": {
        "monotonic_time": 48596.38103747368,
        "horizontal_accuracy": 140.1591396324207,
        "speed": 32.59151840209961,
        "course": 314.4525217623051,
        "synthetic": false
      },
      "geometry": {
        "type": "Point",
        "coordinates": [
          30.373178816563637,
          59.78528682537268
        ]
      }
    },
    {
      "type": "Feature",
      "properties": {
        "monotonic_time": 48597.38105249405,
        "horizontal_accuracy": 140.1591396317252,
        "speed": 32.591518401675536,
        "course": 314.4521637887781,
        "synthetic": false
      },
      "geometry": {
        "type": "Point",
        "coordinates": [
          30.372764565593503,
          59.78549169460223
        ]
      }
    },
    {
      "type": "Feature",
      "properties": {
        "monotonic_time": 48598.38106870651,
        "horizontal_accuracy": 138.2189710011525,
        "speed": 32.591518401675586,
        "course": 312.32503512908386,
        "synthetic": false
      },
      "geometry": {
        "type": "Point",
        "coordinates": [
          30.372153013403164,
          59.78560425471146
        ]
      }
    },
    {
      "type": "Feature",
      "properties": {
        "monotonic_time": 48599.38108623028,
        "horizontal_accuracy": 138.34027381660079,
        "speed": 32.18767929036304,
        "course": 311.7178047743438,
        "synthetic": false
      },
      "geometry": {
        "type": "Point",
        "coordinates": [
          30.371557226546724,
          59.78576709438768
        ]
      }
    },
    {
      "type": "Feature",
      "properties": {
        "monotonic_time": 48600.381101965904,
        "horizontal_accuracy": 137.25702072509478,
        "speed": 32.18767929036304,
        "course": 311.9047556485864,
        "synthetic": false
      },
      "geometry": {
        "type": "Point",
        "coordinates": [
          30.370987892079736,
          59.78600792537835
        ]
      }
    },
    {
      "type": "Feature",
      "properties": {
        "monotonic_time": 48601.38111913204,
        "horizontal_accuracy": 140.65179480368133,
        "speed": 33.27071762039849,
        "course": 313.4027019246635,
        "synthetic": false
      },
      "geometry": {
        "type": "Point",
        "coordinates": [
          30.370513618939313,
          59.78626923116096
        ]
      }
    },
    {
      "type": "Feature",
      "properties": {
        "monotonic_time": 48602.38113498688,
        "horizontal_accuracy": 138.38300210164684,
        "speed": 33.31007766678357,
        "course": 314.68889826423333,
        "synthetic": false
      },
      "geometry": {
        "type": "Point",
        "coordinates": [
          30.37007113330699,
          59.78651380761245
        ]
      }
    },
    {
      "type": "Feature",
      "properties": {
        "monotonic_time": 48603.38115167618,
        "horizontal_accuracy": 132.51106225044433,
        "speed": 33.31007766678356,
        "course": 315.1586194691092,
        "synthetic": false
      },
      "geometry": {
        "type": "Point",
        "coordinates": [
          30.369340986256923,
          59.786726047109525
        ]
      }
    },
    {
      "type": "Feature",
      "properties": {
        "monotonic_time": 48604.38116765022,
        "horizontal_accuracy": 127.67220174807211,
        "speed": 33.310077666783535,
        "course": 315.95949072630697,
        "synthetic": false
      },
      "geometry": {
        "type": "Point",
        "coordinates": [
          30.368604906650663,
          59.786990851653634
        ]
      }
    },
    {
      "type": "Feature",
      "properties": {
        "monotonic_time": 48605.381184101105,
        "horizontal_accuracy": 121.38577665656987,
        "speed": 33.58622741652811,
        "course": 313.63740729295176,
        "synthetic": false
      },
      "geometry": {
        "type": "Point",
        "coordinates": [
          30.367858539340542,
          59.78713052098466
        ]
      }
    },
    {
      "type": "Feature",
      "properties": {
        "monotonic_time": 48606.38119995594,
        "horizontal_accuracy": 120.741521019376,
        "speed": 33.65569305373227,
        "course": 313.2207921908086,
        "synthetic": false
      },
      "geometry": {
        "type": "Point",
        "coordinates": [
          30.3672074901266,
          59.78729193670046
        ]
      }
    },
    {
      "type": "Feature",
      "properties": {
        "monotonic_time": 48607.38121664524,
        "horizontal_accuracy": 127.36703093373397,
        "speed": 33.65504074049987,
        "course": 313.21747455243184,
        "synthetic": false
      },
      "geometry": {
        "type": "Point",
        "coordinates": [
          30.366770636457435,
          59.78749866390453
        ]
      }
    },
    {
      "type": "Feature",
      "properties": {
        "monotonic_time": 48608.38123393059,
        "horizontal_accuracy": 139.2132233860134,
        "speed": 33.65504074049988,
        "course": 313.21513354291267,
        "synthetic": false
      },
      "geometry": {
        "type": "Point",
        "coordinates": [
          30.366333800857355,
          59.787705424723654
        ]
      }
    },
    {
      "type": "Feature",
      "properties": {
        "monotonic_time": 48609.38124990463,
        "horizontal_accuracy": 156.93443546147705,
        "speed": 33.65442275954286,
        "course": 313.2136984438388,
        "synthetic": false
      },
      "geometry": {
        "type": "Point",
        "coordinates": [
          30.365896999989147,
          59.78791221440357
        ]
      }
    },
    {
      "type": "Feature",
      "properties": {
        "monotonic_time": 48610.51551640034,
        "horizontal_accuracy": 180.39615527342076,
        "speed": 33.65442275940909,
        "course": 313.2123957194261,
        "synthetic": false
      },
      "geometry": {
        "type": "Point",
        "coordinates": [
          30.365401549842566,
          59.78814677673936
        ]
      }
    },
    {
      "type": "Feature",
      "properties": {
        "monotonic_time": 48621.05984401703,
        "horizontal_accuracy": 127.41136380165825,
        "speed": -1,
        "course": -1,
        "synthetic": false
      },
      "geometry": {
        "type": "Point",
        "coordinates": [
          30.36121586444739,
          59.78984581985451
        ]
      }
    },
    {
      "type": "Feature",
      "properties": {
        "monotonic_time": 48621.12601208687,
        "horizontal_accuracy": 127.41831951206873,
        "speed": -1,
        "course": -1,
        "synthetic": false
      },
      "geometry": {
        "type": "Point",
        "coordinates": [
          30.361190447341976,
          59.7898552647899
        ]
      }
    },
    {
      "type": "Feature",
      "properties": {
        "monotonic_time": 48621.38144719601,
        "horizontal_accuracy": 266.1818260378221,
        "speed": 33.448482513427734,
        "course": 313.4740871695015,
        "synthetic": false
      },
      "geometry": {
        "type": "Point",
        "coordinates": [
          30.360283741175742,
          59.79023466285127
        ]
      }
    },
    {
      "type": "Feature",
      "properties": {
        "monotonic_time": 48622.38146352768,
        "horizontal_accuracy": 266.1818260366509,
        "speed": 33.44848251296935,
        "course": 313.47371360771285,
        "synthetic": false
      },
      "geometry": {
        "type": "Point",
        "coordinates": [
          30.359851473035665,
          59.790441228649854
        ]
      }
    },
    {
      "type": "Feature",
      "properties": {
        "monotonic_time": 48623.38147974014,
        "horizontal_accuracy": 235.82218138704405,
        "speed": 33.110008239746094,
        "course": 316.6341656432853,
        "synthetic": false
      },
      "geometry": {
        "type": "Point",
        "coordinates": [
          30.35951363806023,
          59.7905647512882
        ]
      }
    },
    {
      "type": "Feature",
      "properties": {
        "monotonic_time": 48624.381496071815,
        "horizontal_accuracy": 243.5406233476931,
        "speed": 33.10871124267578,
        "course": 316.63190495684773,
        "synthetic": false
      },
      "geometry": {
        "type": "Point",
        "coordinates": [
          30.359108699913048,
          59.79078064676225
        ]
      }
    },
    {
      "type": "Feature",
      "properties": {
        "monotonic_time": 48625.3815125227,
        "horizontal_accuracy": 243.5406233462593,
        "speed": 33.10871124223114,
        "course": 316.63155505549196,
        "synthetic": false
      },
      "geometry": {
        "type": "Point",
        "coordinates": [
          30.358703812779552,
          59.79099668378033
        ]
      }
    },
    {
      "type": "Feature",
      "properties": {
        "monotonic_time": 48626.38152861595,
        "horizontal_accuracy": 254.87214205069947,
        "speed": 33.107769012006564,
        "course": 316.6306658414527,
        "synthetic": false
      },
      "geometry": {
        "type": "Point",
        "coordinates": [
          30.358298917486245,
          59.79121266474035
        ]
      }
    },
    {
      "type": "Feature",
      "properties": {
        "monotonic_time": 48627.381544947624,
        "horizontal_accuracy": 270.4259180533292,
        "speed": 33.10776901200658,
        "course": 316.6300195247302,
        "synthetic": false
      },
      "geometry": {
        "type": "Point",
        "coordinates": [
          30.357894015069228,
          59.79142866691706
        ]
      }
    },
    {
      "type": "Feature",
      "properties": {
        "monotonic_time": 48646.80619800091,
        "horizontal_accuracy": 246.28549788808385,
        "speed": -1,
        "course": 310.016549067976,
        "synthetic": false
      },
      "geometry": {
        "type": "Point",
        "coordinates": [
          30.351775440251014,
          59.79412992999645
        ]
      }
    },
    {
      "type": "Feature",
      "properties": {
        "monotonic_time": 48646.85157704353,
        "horizontal_accuracy": 246.28560382728526,
        "speed": -1,
        "course": 310.016549067976,
        "synthetic": false
      },
      "geometry": {
        "type": "Point",
        "coordinates": [
          30.351775440251014,
          59.79412992999645
        ]
      }
    },
    {
      "type": "Feature",
      "properties": {
        "monotonic_time": 48647.78353905678,
        "horizontal_accuracy": 252.48215404613603,
        "speed": -1,
        "course": 309.70869878170515,
        "synthetic": false
      },
      "geometry": {
        "type": "Point",
        "coordinates": [
          30.351798069521887,
          59.794137886238616
        ]
      }
    },
    {
      "type": "Feature",
      "properties": {
        "monotonic_time": 48647.79410505295,
        "horizontal_accuracy": 252.48264875685658,
        "speed": -1,
        "course": 309.70869878170515,
        "synthetic": false
      },
      "geometry": {
        "type": "Point",
        "coordinates": [
          30.351798069521898,
          59.794137886238616
        ]
      }
    },
    {
      "type": "Feature",
      "properties": {
        "monotonic_time": 48648.867371082306,
        "horizontal_accuracy": 260.4823448101704,
        "speed": -1,
        "course": 310.05763948602277,
        "synthetic": false
      },
      "geometry": {
        "type": "Point",
        "coordinates": [
          30.351798374142366,
          59.79413873589363
        ]
      }
    },
    {
      "type": "Feature",
      "properties": {
        "monotonic_time": 48648.87122309208,
        "horizontal_accuracy": 260.4824253449014,
        "speed": -1,
        "course": 310.05763948602277,
        "synthetic": false
      },
      "geometry": {
        "type": "Point",
        "coordinates": [
          30.351798374142373,
          59.79413873589365
        ]
      }
    },
    {
      "type": "Feature",
      "properties": {
        "monotonic_time": 48650.820038080215,
        "horizontal_accuracy": 284.9865990415616,
        "speed": -1,
        "course": 308.5376765088848,
        "synthetic": false
      },
      "geometry": {
        "type": "Point",
        "coordinates": [
          30.351827200199796,
          59.79414887074542
        ]
      }
    },
    {
      "type": "Feature",
      "properties": {
        "monotonic_time": 48650.83167207241,
        "horizontal_accuracy": 284.98743623851345,
        "speed": -1,
        "course": 308.5376765088848,
        "synthetic": false
      },
      "geometry": {
        "type": "Point",
        "coordinates": [
          30.35182720019983,
          59.79414887074542
        ]
      }
    },
    {
      "type": "Feature",
      "properties": {
        "monotonic_time": 48653.9714820385,
        "horizontal_accuracy": 339.84701796645885,
        "speed": -1,
        "course": 307.5233934171379,
        "synthetic": false
      },
      "geometry": {
        "type": "Point",
        "coordinates": [
          30.351827203070368,
          59.79414887175466
        ]
      }
    },
    {
      "type": "Feature",
      "properties": {
        "monotonic_time": 48653.98473405838,
        "horizontal_accuracy": 339.8478633504919,
        "speed": -1,
        "course": 307.5233934171379,
        "synthetic": false
      },
      "geometry": {
        "type": "Point",
        "coordinates": [
          30.351827203070414,
          59.79414887175467
        ]
      }
    },
    {
      "type": "Feature",
      "properties": {
        "monotonic_time": 48654.82597708702,
        "horizontal_accuracy": 343.54545829154125,
        "speed": -1,
        "course": 308.3724678932405,
        "synthetic": false
      },
      "geometry": {
        "type": "Point",
        "coordinates": [
          30.351830376528138,
          59.79415167293364
        ]
      }
    },
    {
      "type": "Feature",
      "properties": {
        "monotonic_time": 48654.834903001785,
        "horizontal_accuracy": 343.54582067070265,
        "speed": -1,
        "course": 308.3724678932405,
        "synthetic": false
      },
      "geometry": {
        "type": "Point",
        "coordinates": [
          30.35183037652816,
          59.79415167293364
        ]
      }
    },
    {
      "type": "Feature",
      "properties": {
        "monotonic_time": 48657.21303808689,
        "horizontal_accuracy": 371.3789098901937,
        "speed": -1,
        "course": 307.0027144363295,
        "synthetic": false
      },
      "geometry": {
        "type": "Point",
        "coordinates": [
          30.351831609598822,
          59.79415220190367
        ]
      }
    },
    {
      "type": "Feature",
      "properties": {
        "monotonic_time": 48657.22167909145,
        "horizontal_accuracy": 371.37926702344623,
        "speed": -1,
        "course": 307.0027144363295,
        "synthetic": false
      },
      "geometry": {
        "type": "Point",
        "coordinates": [
          30.351831609598815,
          59.794152201903664
        ]
      }
    },
    {
      "type": "Feature",
      "properties": {
        "monotonic_time": 48674.87114298344,
        "horizontal_accuracy": 623.4039071964419,
        "speed": -1,
        "course": -1,
        "synthetic": false
      },
      "geometry": {
        "type": "Point",
        "coordinates": [
          30.352083983932065,
          59.79425458840532
        ]
      }
    },
    {
      "type": "Feature",
      "properties": {
        "monotonic_time": 48674.93619406223,
        "horizontal_accuracy": 623.4039081991467,
        "speed": -1,
        "course": -1,
        "synthetic": false
      },
      "geometry": {
        "type": "Point",
        "coordinates": [
          30.352083983932072,
          59.79425458840534
        ]
      }
    },
    {
      "type": "Feature",
      "properties": {
        "monotonic_time": 48688.15668404102,
        "horizontal_accuracy": 779.6018243303706,
        "speed": -1,
        "course": -1,
        "synthetic": false
      },
      "geometry": {
        "type": "Point",
        "coordinates": [
          30.352089410618614,
          59.79425691653876
        ]
      }
    },
    {
      "type": "Feature",
      "properties": {
        "monotonic_time": 48688.172876000404,
        "horizontal_accuracy": 779.6018316406313,
        "speed": -1,
        "course": -1,
        "synthetic": false
      },
      "geometry": {
        "type": "Point",
        "coordinates": [
          30.352089410618614,
          59.79425691653876
        ]
      }
    },
    {
      "type": "Feature",
      "properties": {
        "monotonic_time": 48688.96440601349,
        "horizontal_accuracy": 781.0214419334347,
        "speed": -1,
        "course": 270.66381310830053,
        "synthetic": false
      },
      "geometry": {
        "type": "Point",
        "coordinates": [
          30.352484692442996,
          59.794417279344245
        ]
      }
    },
    {
      "type": "Feature",
      "properties": {
        "monotonic_time": 48688.97292304039,
        "horizontal_accuracy": 781.0216114281369,
        "speed": -1,
        "course": 270.66381310830053,
        "synthetic": false
      },
      "geometry": {
        "type": "Point",
        "coordinates": [
          30.35248469244335,
          59.79441727934438
        ]
      }
    },
    {
      "type": "Feature",
      "properties": {
        "monotonic_time": 48692.84233498573,
        "horizontal_accuracy": 813.4391765885571,
        "speed": -1,
        "course": 265.76894437923255,
        "synthetic": false
      },
      "geometry": {
        "type": "Point",
        "coordinates": [
          30.35248469246313,
          59.79441727935287
        ]
      }
    },
    {
      "type": "Feature",
      "properties": {
        "monotonic_time": 48692.84947705269,
        "horizontal_accuracy": 813.4392458277404,
        "speed": -1,
        "course": 265.76894437923255,
        "synthetic": false
      },
      "geometry": {
        "type": "Point",
        "coordinates": [
          30.35248469246313,
          59.79441727935287
        ]
      }
    },
    {
      "type": "Feature",
      "properties": {
        "monotonic_time": 48700.6525580883,
        "horizontal_accuracy": 928.7951679213494,
        "speed": -1,
        "course": -1,
        "synthetic": false
      },
      "geometry": {
        "type": "Point",
        "coordinates": [
          30.35276812385824,
          59.794548936297005
        ]
      }
    },
    {
      "type": "Feature",
      "properties": {
        "monotonic_time": 48700.66182899475,
        "horizontal_accuracy": 928.7952961254831,
        "speed": -1,
        "course": -1,
        "synthetic": false
      },
      "geometry": {
        "type": "Point",
        "coordinates": [
          30.352768123858368,
          59.79454893629707
        ]
      }
    },
    {
      "type": "Feature",
      "properties": {
        "monotonic_time": 48735.90364706516,
        "horizontal_accuracy": 1182.8013177565158,
        "speed": -1,
        "course": -1,
        "synthetic": false
      },
      "geometry": {
        "type": "Point",
        "coordinates": [
          30.35367924403612,
          59.795023455793775
        ]
      }
    },
    {
      "type": "Feature",
      "properties": {
        "monotonic_time": 48735.91250407696,
        "horizontal_accuracy": 1182.8013289992439,
        "speed": -1,
        "course": -1,
        "synthetic": false
      },
      "geometry": {
        "type": "Point",
        "coordinates": [
          30.353679244036787,
          59.795023455794116
        ]
      }
    },
    {
      "type": "Feature",
      "properties": {
        "monotonic_time": 48763.80522406101,
        "horizontal_accuracy": 1458.8914062703698,
        "speed": -1,
        "course": -1,
        "synthetic": false
      },
      "geometry": {
        "type": "Point",
        "coordinates": [
          30.354458667979586,
          59.79545636416898
        ]
      }
    },
    {
      "type": "Feature",
      "properties": {
        "monotonic_time": 48763.81746006012,
        "horizontal_accuracy": 1458.891439026818,
        "speed": -1,
        "course": -1,
        "synthetic": false
      },
      "geometry": {
        "type": "Point",
        "coordinates": [
          30.35445866798044,
          59.79545636416946
        ]
      }
    },
    {
      "type": "Feature",
      "properties": {
        "monotonic_time": 48775.56462109089,
        "horizontal_accuracy": 1486.2349559660463,
        "speed": -1,
        "course": -1,
        "synthetic": false
      },
      "geometry": {
        "type": "Point",
        "coordinates": [
          30.35513411206735,
          59.79586459300366
        ]
      }
    },
    {
      "type": "Feature",
      "properties": {
        "monotonic_time": 48775.572498083115,
        "horizontal_accuracy": 1486.235028328513,
        "speed": -1,
        "course": -1,
        "synthetic": false
      },
      "geometry": {
        "type": "Point",
        "coordinates": [
          30.355134112067617,
          59.79586459300383
        ]
      }
    },
    {
      "type": "Feature",
      "properties": {
        "monotonic_time": 48791.953520059586,
        "horizontal_accuracy": 1520.3712976637908,
        "speed": -1,
        "course": -1,
        "synthetic": false
      },
      "geometry": {
        "type": "Point",
        "coordinates": [
          30.356617571051732,
          59.79663657333295
        ]
      }
    },
    {
      "type": "Feature",
      "properties": {
        "monotonic_time": 48791.963895082474,
        "horizontal_accuracy": 1520.3714089534722,
        "speed": -1,
        "course": -1,
        "synthetic": false
      },
      "geometry": {
        "type": "Point",
        "coordinates": [
          30.356617571053352,
          59.7966365733338
        ]
      }
    },
    {
      "type": "Feature",
      "properties": {
        "monotonic_time": 48805.983937978745,
        "horizontal_accuracy": 1564.9077945834647,
        "speed": -1,
        "course": -1,
        "synthetic": false
      },
      "geometry": {
        "type": "Point",
        "coordinates": [
          30.358627129242034,
          59.797758226272684
        ]
      }
    },
    {
      "type": "Feature",
      "properties": {
        "monotonic_time": 48805.99282205105,
        "horizontal_accuracy": 1564.9078652365795,
        "speed": -1,
        "course": -1,
        "synthetic": false
      },
      "geometry": {
        "type": "Point",
        "coordinates": [
          30.35862712924374,
          59.797758226273636
        ]
      }
    },
    {
      "type": "Feature",
      "properties": {
        "monotonic_time": 48812.71180307865,
        "horizontal_accuracy": 1612.3735198256954,
        "speed": -1,
        "course": -1,
        "synthetic": false
      },
      "geometry": {
        "type": "Point",
        "coordinates": [
          30.360264928606888,
          59.79860989209329
        ]
      }
    },
    {
      "type": "Feature",
      "properties": {
        "monotonic_time": 48812.717612981796,
        "horizontal_accuracy": 1612.3735565841662,
        "speed": -1,
        "course": -1,
        "synthetic": false
      },
      "geometry": {
        "type": "Point",
        "coordinates": [
          30.36026492860752,
          59.79860989209362
        ]
      }
    },
    {
      "type": "Feature",
      "properties": {
        "monotonic_time": 48813.570555090904,
        "horizontal_accuracy": 1611.9083439539108,
        "speed": -1,
        "course": -1,
        "synthetic": false
      },
      "geometry": {
        "type": "Point",
        "coordinates": [
          30.36074384574667,
          59.79894027679787
        ]
      }
    },
    {
      "type": "Feature",
      "properties": {
        "monotonic_time": 48813.59614908695,
        "horizontal_accuracy": 1611.9090216106285,
        "speed": -1,
        "course": -1,
        "synthetic": false
      },
      "geometry": {
        "type": "Point",
        "coordinates": [
          30.36074384576436,
          59.79894027680775
        ]
      }
    },
    {
      "type": "Feature",
      "properties": {
        "monotonic_time": 48814.50997400284,
        "horizontal_accuracy": 1612.8342376669164,
        "speed": -1,
        "course": -1,
        "synthetic": false
      },
      "geometry": {
        "type": "Point",
        "coordinates": [
          30.36236493622182,
          59.7997825761
        ]
      }
    },
    {
      "type": "Feature",
      "properties": {
        "monotonic_time": 48814.52128601074,
        "horizontal_accuracy": 1612.834358863168,
        "speed": -1,
        "course": -1,
        "synthetic": false
      },
      "geometry": {
        "type": "Point",
        "coordinates": [
          30.36236493622387,
          59.799782576101066
        ]
      }
    },
    {
      "type": "Feature",
      "properties": {
        "monotonic_time": 48816.38226902485,
        "horizontal_accuracy": 1616.6276651682106,
        "speed": -1,
        "course": -1,
        "synthetic": false
      },
      "geometry": {
        "type": "Point",
        "coordinates": [
          30.362387059059667,
          59.79979193563167
        ]
      }
    },
    {
      "type": "Feature",
      "properties": {
        "monotonic_time": 48816.42652106285,
        "horizontal_accuracy": 1616.629802158879,
        "speed": -1,
        "course": -1,
        "synthetic": false
      },
      "geometry": {
        "type": "Point",
        "coordinates": [
          30.362387059059667,
          59.79979193563167
        ]
      }
    },
    {
      "type": "Feature",
      "properties": {
        "monotonic_time": 48825.820559978485,
        "horizontal_accuracy": 1702.8337453518989,
        "speed": -1,
        "course": -1,
        "synthetic": false
      },
      "geometry": {
        "type": "Point",
        "coordinates": [
          30.364576537974976,
          59.80127860307191
        ]
      }
    },
    {
      "type": "Feature",
      "properties": {
        "monotonic_time": 48825.831119060516,
        "horizontal_accuracy": 1702.8338756876337,
        "speed": -1,
        "course": -1,
        "synthetic": false
      },
      "geometry": {
        "type": "Point",
        "coordinates": [
          30.364576537979072,
          59.80127860307468
        ]
      }
    },
    {
      "type": "Feature",
      "properties": {
        "monotonic_time": 48845.83926308155,
        "horizontal_accuracy": 2015.045696571467,
        "speed": -1,
        "course": -1,
        "synthetic": false
      },
      "geometry": {
        "type": "Point",
        "coordinates": [
          30.37087627022151,
          59.8044111111142
        ]
      }
    },
    {
      "type": "Feature",
      "properties": {
        "monotonic_time": 48845.847491025925,
        "horizontal_accuracy": 2015.045744315243,
        "speed": -1,
        "course": -1,
        "synthetic": false
      },
      "geometry": {
        "type": "Point",
        "coordinates": [
          30.37087627022802,
          59.804411111117446
        ]
      }
    },
    {
      "type": "Feature",
      "properties": {
        "monotonic_time": 48851.346850037575,
        "horizontal_accuracy": 2040.3807605795682,
        "speed": -1,
        "course": -1,
        "synthetic": false
      },
      "geometry": {
        "type": "Point",
        "coordinates": [
          30.37094386359202,
          59.80444017151793
        ]
      }
    },
    {
      "type": "Feature",
      "properties": {
        "monotonic_time": 48851.3578029871,
        "horizontal_accuracy": 2040.3808186071624,
        "speed": -1,
        "course": -1,
        "synthetic": false
      },
      "geometry": {
        "type": "Point",
        "coordinates": [
          30.370943863592025,
          59.80444017151793
        ]
      }
    },
    {
      "type": "Feature",
      "properties": {
        "monotonic_time": 48854.00092303753,
        "horizontal_accuracy": 2046.3235015633945,
        "speed": -1,
        "course": -1,
        "synthetic": false
      },
      "geometry": {
        "type": "Point",
        "coordinates": [
          30.377296397317952,
          59.80759903482223
        ]
      }
    },
    {
      "type": "Feature",
      "properties": {
        "monotonic_time": 48854.008810043335,
        "horizontal_accuracy": 2046.3235513775755,
        "speed": -1,
        "course": -1,
        "synthetic": false
      },
      "geometry": {
        "type": "Point",
        "coordinates": [
          30.377296397324905,
          59.80759903482568
        ]
      }
    },
    {
      "type": "Feature",
      "properties": {
        "monotonic_time": 48854.71436500549,
        "horizontal_accuracy": 2046.7649558342591,
        "speed": -1,
        "course": -1,
        "synthetic": false
      },
      "geometry": {
        "type": "Point",
        "coordinates": [
          30.377296397442343,
          59.80759903487602
        ]
      }
    },
    {
      "type": "Feature",
      "properties": {
        "monotonic_time": 48854.72738409042,
        "horizontal_accuracy": 2046.7650750182972,
        "speed": -1,
        "course": -1,
        "synthetic": false
      },
      "geometry": {
        "type": "Point",
        "coordinates": [
          30.377296397442343,
          59.80759903487602
        ]
      }
    },
    {
      "type": "Feature",
      "properties": {
        "monotonic_time": 48855.44123709202,
        "horizontal_accuracy": 2047.203536604002,
        "speed": -1,
        "course": -1,
        "synthetic": false
      },
      "geometry": {
        "type": "Point",
        "coordinates": [
          30.377296645518527,
          59.80759915823448
        ]
      }
    },
    {
      "type": "Feature",
      "properties": {
        "monotonic_time": 48855.452831983566,
        "horizontal_accuracy": 2047.2036531089018,
        "speed": -1,
        "course": -1,
        "synthetic": false
      },
      "geometry": {
        "type": "Point",
        "coordinates": [
          30.377296645534813,
          59.80759915824259
        ]
      }
    },
    {
      "type": "Feature",
      "properties": {
        "monotonic_time": 48888.38650619984,
        "horizontal_accuracy": 15.647559494829203,
        "speed": 33.46250915527344,
        "course": 22.175394893624546,
        "synthetic": false
      },
      "geometry": {
        "type": "Point",
        "coordinates": [
          30.53568609124638,
          59.93004621430781
        ]
      }
    },
    {
      "type": "Feature",
      "properties": {
        "monotonic_time": 48889.38652300835,
        "horizontal_accuracy": 15.64755949517223,
        "speed": 33.46250915481389,
        "course": 22.175590366621794,
        "synthetic": false
      },
      "geometry": {
        "type": "Point",
        "coordinates": [
          30.535911963089347,
          59.93032434843223
        ]
      }
    },
    {
      "type": "Feature",
      "properties": {
        "monotonic_time": 48890.38653862476,
        "horizontal_accuracy": 11.659599966574397,
        "speed": 33.46250915481388,
        "course": 21.268980250078815,
        "synthetic": false
      },
      "geometry": {
        "type": "Point",
        "coordinates": [
          30.536126207647502,
          59.930596767610616
        ]
      }
    },
    {
      "type": "Feature",
      "properties": {
        "monotonic_time": 48891.38655543327,
        "horizontal_accuracy": 9.371175672883805,
        "speed": 33.26304626419702,
        "course": 20.46729232437978,
        "synthetic": false
      },
      "geometry": {
        "type": "Point",
        "coordinates": [
          30.53633684334392,
          59.930875601461416
        ]
      }
    },
    {
      "type": "Feature",
      "properties": {
        "monotonic_time": 48892.386571764946,
        "horizontal_accuracy": 7.974821339690199,
        "speed": 32.95464706377,
        "course": 19.280856032131126,
        "synthetic": false
      },
      "geometry": {
        "type": "Point",
        "coordinates": [
          30.536525547027445,
          59.93115684487589
        ]
      }
    },
    {
      "type": "Feature",
      "properties": {
        "monotonic_time": 48893.38658821583,
        "horizontal_accuracy": 6.885886737979131,
        "speed": 32.841392516655354,
        "course": 14.68040657043457,
        "synthetic": false
      },
      "geometry": {
        "type": "Point",
        "coordinates": [
          30.536719649682865,
          59.93143397556957
        ]
      }
    },
    {
      "type": "Feature",
      "properties": {
        "monotonic_time": 48894.386603951454,
        "horizontal_accuracy": 6.162949521253725,
        "speed": 32.84139251665534,
        "course": 14.79837417602539,
        "synthetic": false
      },
      "geometry": {
        "type": "Point",
        "coordinates": [
          30.53690668264957,
          59.931719216604975
        ]
      }
    },
    {
      "type": "Feature",
      "properties": {
        "monotonic_time": 48895.386620402336,
        "horizontal_accuracy": 5.474306662765636,
        "speed": 32.775592803523175,
        "course": 14.777800559997559,
        "synthetic": false
      },
      "geometry": {
        "type": "Point",
        "coordinates": [
          30.537082582120643,
          59.932001291016896
        ]
      }
    },
    {
      "type": "Feature",
      "properties": {
        "monotonic_time": 48896.386637210846,
        "horizontal_accuracy": 21.83402663116305,
        "speed": 32.77559280352319,
        "course": 14.595573425292969,
        "synthetic": false
      },
      "geometry": {
        "type": "Point",
        "coordinates": [
          30.53726510353058,
          59.932281808461596
        ]
      }
    },
    {
      "type": "Feature",
      "properties": {
        "monotonic_time": 48897.386654019356,
        "horizontal_accuracy": 14,
        "speed": 32.48268508869088,
        "course": 14.731657981872559,
        "synthetic": false
      },
      "geometry": {
        "type": "Point",
        "coordinates": [
          30.537408859051308,
          59.932566900189855
        ]
      }
    },
    {
      "type": "Feature",
      "properties": {
        "monotonic_time": 48898.38667011261,
        "horizontal_accuracy": 6.389361063095439,
        "speed": 32.54069900470424,
        "course": 13.891092300415039,
        "synthetic": false
      },
      "geometry": {
        "type": "Point",
        "coordinates": [
          30.537552549779573,
          59.93285440972665
        ]
      }
    },
    {
      "type": "Feature",
      "properties": {
        "monotonic_time": 48899.38668692112,
        "horizontal_accuracy": 6.064901382899588,
        "speed": 32.54069900470423,
        "course": 12.339988708496094,
        "synthetic": false
      },
      "geometry": {
        "type": "Point",
        "coordinates": [
          30.53768917166728,
          59.933140024030806
        ]
      }
    },
    {
      "type": "Feature",
      "properties": {
        "monotonic_time": 48900.386703014374,
        "horizontal_accuracy": 5.527713832941049,
        "speed": 32.54069900470422,
        "course": 12.28597640991211,
        "synthetic": false
      },
      "geometry": {
        "type": "Point",
        "coordinates": [
          30.53782171790682,
          59.93342511128067
        ]
      }
    },
    {
      "type": "Feature",
      "properties": {
        "monotonic_time": 48901.38671934605,
        "horizontal_accuracy": 4.77782247912998,
        "speed": 32.791767119928714,
        "course": 12.372506141662598,
        "synthetic": false
      },
      "geometry": {
        "type": "Point",
        "coordinates": [
          30.53793672102336,
          59.93371621600935
        ]
      }
    },
    {
      "type": "Feature",
      "properties": {
        "monotonic_time": 48902.38673603535,
        "horizontal_accuracy": 4.748651530363006,
        "speed": 33.226215362098785,
        "course": 10.533089637756348,
        "synthetic": false
      },
      "geometry": {
        "type": "Point",
        "coordinates": [
          30.538033858604297,
          59.934014756824354
        ]
      }
    },
    {
      "type": "Feature",
      "properties": {
        "monotonic_time": 48903.386751651764,
        "horizontal_accuracy": 4.7486515303882175,
        "speed": 33.226215362098785,
        "course": 10.347326278686523,
        "synthetic": false
      },
      "geometry": {
        "type": "Point",
        "coordinates": [
          30.538149061633806,
          59.934309834511915
        ]
      }
    },
    {
      "type": "Feature",
      "properties": {
        "monotonic_time": 48904.3867688179,
        "horizontal_accuracy": 4.748651530412854,
        "speed": 33.23669815018429,
        "course": 10.566306114196777,
        "synthetic": false
      },
      "geometry": {
        "type": "Point",
        "coordinates": [
          30.538245759803665,
          59.93460795694248
        ]
      }
    },
    {
      "type": "Feature",
      "properties": {
        "monotonic_time": 48905.386785030365,
        "horizontal_accuracy": 4.748651530444405,
        "speed": 33.75345230055357,
        "course": 8.202095985412598,
        "synthetic": false
      },
      "geometry": {
        "type": "Point",
        "coordinates": [
          30.538340761281034,
          59.9349123178105
        ]
      }
    },
    {
      "type": "Feature",
      "properties": {
        "monotonic_time": 48906.386801838875,
        "horizontal_accuracy": 4.748651530469474,
        "speed": 34.32995986888835,
        "course": 8.111315727233887,
        "synthetic": false
      },
      "geometry": {
        "type": "Point",
        "coordinates": [
          30.53844634638981,
          59.93522090941312
        ]
      }
    },
    {
      "type": "Feature",
      "properties": {
        "monotonic_time": 48907.38681805134,
        "horizontal_accuracy": 4.748651530493985,
        "speed": 33.93759536695204,
        "course": 8.289142608642578,
        "synthetic": false
      },
      "geometry": {
        "type": "Point",
        "coordinates": [
          30.538513687204556,
          59.935519684251126
        ]
      }
    },
    {
      "type": "Feature",
      "properties": {
        "monotonic_time": 48908.38683497906,
        "horizontal_accuracy": 4.74865153048358,
        "speed": 34.05379486035529,
        "course": 4.718969345092773,
        "synthetic": false
      },
      "geometry": {
        "type": "Point",
        "coordinates": [
          30.538573955913694,
          59.93582578794248
        ]
      }
    },
    {
      "type": "Feature",
      "properties": {
        "monotonic_time": 48909.386850476265,
        "horizontal_accuracy": 4.74865153050982,
        "speed": 33.83135223341159,
        "course": 4.527904510498047,
        "synthetic": false
      },
      "geometry": {
        "type": "Point",
        "coordinates": [
          30.538627853150015,
          59.93612747380818
        ]
      }
    },
    {
      "type": "Feature",
      "properties": {
        "monotonic_time": 48910.38686680794,
        "horizontal_accuracy": 4.748651530525994,
        "speed": 33.83135223341159,
        "course": 4.634362697601318,
        "synthetic": false
      },
      "geometry": {
        "type": "Point",
        "coordinates": [
          30.538671445305404,
          59.9364258472909
        ]
      }
    },
    {
      "type": "Feature",
      "properties": {
        "monotonic_time": 48911.38688361645,
        "horizontal_accuracy": 3.3743215106193363,
        "speed": 32.40582223986747,
        "course": 4.536732196807861,
        "synthetic": false
      },
      "geometry": {
        "type": "Point",
        "coordinates": [
          30.53870490225902,
          59.93671302052243
        ]
      }
    },
    {
      "type": "Feature",
      "properties": {
        "monotonic_time": 48912.3868997097,
        "horizontal_accuracy": 2.2593078426944637,
        "speed": 32.37612225923197,
        "course": 4.405563831329346,
        "synthetic": false
      },
      "geometry": {
        "type": "Point",
        "coordinates": [
          30.53874268777722,
          59.93700439192635
        ]
      }
    },
    {
      "type": "Feature",
      "properties": {
        "monotonic_time": 48913.386916399,
        "horizontal_accuracy": 2.2225811978115977,
        "speed": 32.494688022366894,
        "course": 4.482827663421631,
        "synthetic": false
      },
      "geometry": {
        "type": "Point",
        "coordinates": [
          30.538784339607382,
          59.937295896965836
        ]
      }
    },
    {
      "type": "Feature",
      "properties": {
        "monotonic_time": 48914.3869330883,
        "horizontal_accuracy": 2.000778331669477,
        "speed": 31.75441172974139,
        "course": 4.51767635345459,
        "synthetic": false
      },
      "geometry": {
        "type": "Point",
        "coordinates": [
          30.538816566970738,
          59.93757282451564
        ]
      }
    },
    {
      "type": "Feature",
      "properties": {
        "monotonic_time": 48915.38694894314,
        "horizontal_accuracy": 2.000031412415805,
        "speed": 31.905555911882704,
        "course": 4.51767635345459,
        "synthetic": false
      },
      "geometry": {
        "type": "Point",
        "coordinates": [
          30.538859692656853,
          59.937860290647414
        ]
      }
    },
    {
      "type": "Feature",
      "properties": {
        "monotonic_time": 48916.386966109276,
        "horizontal_accuracy": 2.0000141211762745,
        "speed": 31.684061975686276,
        "course": 4.526390075683594,
        "synthetic": false
      },
      "geometry": {
        "type": "Point",
        "coordinates": [
          30.53890189591199,
          59.93814260447001
        ]
      }
    },
    {
      "type": "Feature",
      "properties": {
        "monotonic_time": 48917.38698267937,
        "horizontal_accuracy": 1.9999978358322497,
        "speed": 31.843289106891625,
        "course": 4.557770729064941,
        "synthetic": false
      },
      "geometry": {
        "type": "Point",
        "coordinates": [
          30.538944346478107,
          59.938430765488334
        ]
      }
    },
    {
      "type": "Feature",
      "properties": {
        "monotonic_time": 48918.386997938156,
        "horizontal_accuracy": 1.9999975243788344,
        "speed": 31.6383688216598,
        "course": 4.572021961212158,
        "synthetic": false
      },
      "geometry": {
        "type": "Point",
        "coordinates": [
          30.538984548946168,
          59.93871145510556
        ]
      }
    },
    {
      "type": "Feature",
      "properties": {
        "monotonic_time": 48919.38701450825,
        "horizontal_accuracy": 1.9999971386172122,
        "speed": 31.389872289665256,
        "course": 4.562691688537598,
        "synthetic": false
      },
      "geometry": {
        "type": "Point",
        "coordinates": [
          30.53902372205738,
          59.938990561946014
        ]
      }
    },
    {
      "type": "Feature",
      "properties": {
        "monotonic_time": 48920.38703036308,
        "horizontal_accuracy": 1.999997142706914,
        "speed": 31.448182842168823,
        "course": 4.443420886993408,
        "synthetic": false
      },
      "geometry": {
        "type": "Point",
        "coordinates": [
          30.53906680551862,
          59.93927361860094
        ]
      }
    },
    {
      "type": "Feature",
      "properties": {
        "monotonic_time": 48921.38704741001,
        "horizontal_accuracy": 1.9999971356712887,
        "speed": 31.360354973765673,
        "course": 4.615675926208496,
        "synthetic": false
      },
      "geometry": {
        "type": "Point",
        "coordinates": [
          30.53911113662739,
          59.93955514443952
        ]
      }
    },
    {
      "type": "Feature",
      "properties": {
        "monotonic_time": 48922.387063384056,
        "horizontal_accuracy": 1.9999971032988304,
        "speed": 31.501869915295586,
        "course": 4.460498332977295,
        "synthetic": false
      },
      "geometry": {
        "type": "Point",
        "coordinates": [
          30.539164850937564,
          59.93984138842245
        ]
      }
    },
    {
      "type": "Feature",
      "properties": {
        "monotonic_time": 48923.387080192566,
        "horizontal_accuracy": 1.9999965353782527,
        "speed": 30.93038981821458,
        "course": 4.525870323181152,
        "synthetic": false
      },
      "geometry": {
        "type": "Point",
        "coordinates": [
          30.5391940587097,
          59.94011524131079
        ]
      }
    },
    {
      "type": "Feature",
      "properties": {
        "monotonic_time": 48924.38709628582,
        "horizontal_accuracy": 1.9999963336610929,
        "speed": 30.922754603821073,
        "course": 3.858105182647705,
        "synthetic": false
      },
      "geometry": {
        "type": "Point",
        "coordinates": [
          30.539235891623136,
          59.94039319539894
        ]
      }
    },
    {
      "type": "Feature",
      "properties": {
        "monotonic_time": 48925.38711333275,
        "horizontal_accuracy": 1.9999966071665656,
        "speed": 30.1619447142526,
        "course": 3.9075875282287598,
        "synthetic": false
      },
      "geometry": {
        "type": "Point",
        "coordinates": [
          30.539273213044673,
          59.94065753040136
        ]
      }
    },
    {
      "type": "Feature",
      "properties": {
        "monotonic_time": 48926.387129426,
        "horizontal_accuracy": 1.999996695498782,
        "speed": 29.62350122923345,
        "course": 5.229578018188477,
        "synthetic": false
      },
      "geometry": {
        "type": "Point",
        "coordinates": [
          30.539309700810076,
          59.94091850318888
        ]
      }
    },
    {
      "type": "Feature",
      "properties": {
        "monotonic_time": 48927.38714623451,
        "horizontal_accuracy": 1.9999973704657203,
        "speed": 29.72529456625138,
        "course": 5.445700645446777,
        "synthetic": false
      },
      "geometry": {
        "type": "Point",
        "coordinates": [
          30.53938788850851,
          59.94118492364098
        ]
      }
    },
    {
      "type": "Feature",
      "properties": {
        "monotonic_time": 48928.387162446976,
        "horizontal_accuracy": 1.99999734008052,
        "speed": 29.61227591033259,
        "course": 5.391955852508545,
        "synthetic": false
      },
      "geometry": {
        "type": "Point",
        "coordinates": [
          30.53943770035503,
          59.94144723558023
        ]
      }
    },
    {
      "type": "Feature",
      "properties": {
        "monotonic_time": 48929.3871781826,
        "horizontal_accuracy": 1.9999973933119273,
        "speed": 29.595119810972232,
        "course": 5.562782287597656,
        "synthetic": false
      },
      "geometry": {
        "type": "Point",
        "coordinates": [
          30.53948770854337,
          59.941710015459506
        ]
      }
    },
    {
      "type": "Feature",
      "properties": {
        "monotonic_time": 48930.387194633484,
        "horizontal_accuracy": 1.9999973487254235,
        "speed": 29.59611452544685,
        "course": 5.427699089050293,
        "synthetic": false
      },
      "geometry": {
        "type": "Point",
        "coordinates": [
          30.53953789025637,
          59.94197323791493
        ]
      }
    },
    {
      "type": "Feature",
      "properties": {
        "monotonic_time": 48931.387211322784,
        "horizontal_accuracy": 1.9999973373459643,
        "speed": 29.945077569544154,
        "course": 5.427699089050293,
        "synthetic": false
      },
      "geometry": {
        "type": "Point",
        "coordinates": [
          30.5395891343866,
          59.942243826582775
        ]
      }
    },
    {
      "type": "Feature",
      "properties": {
        "monotonic_time": 48932.3872269392,
        "horizontal_accuracy": 1.9999973476966135,
        "speed": 29.822776872928745,
        "course": 6.427243709564209,
        "synthetic": false
      },
      "geometry": {
        "type": "Point",
        "coordinates": [
          30.53964558317649,
          59.94250595906947
        ]
      }
    },
    {
      "type": "Feature",
      "properties": {
        "monotonic_time": 48933.38724374771,
        "horizontal_accuracy": 1.9999972945644284,
        "speed": 30.518486269581455,
        "course": 6.3742828369140625,
        "synthetic": false
      },
      "geometry": {
        "type": "Point",
        "coordinates": [
          30.539707488917433,
          59.942782258904614
        ]
      }
    },
    {
      "type": "Feature",
      "properties": {
        "monotonic_time": 48934.3872603178,
        "horizontal_accuracy": 1.9999972933260441,
        "speed": 31.006894518895667,
        "course": 6.3742828369140625,
        "synthetic": false
      },
      "geometry": {
        "type": "Point",
        "coordinates": [
          30.539769501658235,
          59.94306076579907
        ]
      }
    },
    {
      "type": "Feature",
      "properties": {
        "monotonic_time": 48935.387276887894,
        "horizontal_accuracy": 1.9999972690213947,
        "speed": 31.033130795713998,
        "course": 6.153588771820068,
        "synthetic": false
      },
      "geometry": {
        "type": "Point",
        "coordinates": [
          30.53981860035055,
          59.94333630246725
        ]
      }
    },
    {
      "type": "Feature",
      "properties": {
        "monotonic_time": 48936.387293219566,
        "horizontal_accuracy": 1.9999973093146568,
        "speed": 30.974460114255848,
        "course": 11.231526374816895,
        "synthetic": false
      },
      "geometry": {
        "type": "Point",
        "coordinates": [
          30.539899214200993,
          59.943610982636514
        ]
      }
    },
    {
      "type": "Feature",
      "properties": {
        "monotonic_time": 48937.38730919361,
        "horizontal_accuracy": 1.999997282398368,
        "speed": 31.40585539250831,
        "course": 11.194540023803711,
        "synthetic": false
      },
      "geometry": {
        "type": "Point",
        "coordinates": [
          30.540034359782634,
          59.94388806582485
        ]
      }
    },
    {
      "type": "Feature",
      "properties": {
        "monotonic_time": 48938.38732635975,
        "horizontal_accuracy": 1.9999972498966763,
        "speed": 31.024882869443548,
        "course": 11.194540023803711,
        "synthetic": false
      },
      "geometry": {
        "type": "Point",
        "coordinates": [
          30.540141284988522,
          59.944159142235094
        ]
      }
    },
    {
      "type": "Feature",
      "properties": {
        "monotonic_time": 48939.38734257221,
        "horizontal_accuracy": 1.9999972569670093,
        "speed": 30.741704340019215,
        "course": 11.194540023803711,
        "synthetic": false
      },
      "geometry": {
        "type": "Point",
        "coordinates": [
          30.54022852120933,
          59.94442868473353
        ]
      }
    },
    {
      "type": "Feature",
      "properties": {
        "monotonic_time": 48940.387358784676,
        "horizontal_accuracy": 1.9999972596276885,
        "speed": 30.636919476811105,
        "course": 11.194540023803711,
        "synthetic": false
      },
      "geometry": {
        "type": "Point",
        "coordinates": [
          30.54035177128791,
          59.944695194631244
        ]
      }
    },
    {
      "type": "Feature",
      "properties": {
        "monotonic_time": 48941.387375712395,
        "horizontal_accuracy": 1.999997287708468,
        "speed": 30.366635432325765,
        "course": 12.630160725351152,
        "synthetic": false
      },
      "geometry": {
        "type": "Point",
        "coordinates": [
          30.540471143358477,
          59.94495888309285
        ]
      }
    },
    {
      "type": "Feature",
      "properties": {
        "monotonic_time": 48942.38739109039,
        "horizontal_accuracy": 1.999997346550076,
        "speed": 30.46339403395196,
        "course": 12.858009704054954,
        "synthetic": false
      },
      "geometry": {
        "type": "Point",
        "coordinates": [
          30.540592837255215,
          59.94522701902295
        ]
      }
    },
    {
      "type": "Feature",
      "properties": {
        "monotonic_time": 48943.3874078989,
        "horizontal_accuracy": 1.999996766126985,
        "speed": 30.697305189054408,
        "course": 12.977182799625794,
        "synthetic": false
      },
      "geometry": {
        "type": "Point",
        "coordinates": [
          30.540715115597088,
          59.9454978840119
        ]
      }
    },
    {
      "type": "Feature",
      "properties": {
        "monotonic_time": 48944.3874245882,
        "horizontal_accuracy": 1.9999968254665041,
        "speed": 30.63374578474317,
        "course": 13.56970060010703,
        "synthetic": false
      },
      "geometry": {
        "type": "Point",
        "coordinates": [
          30.540843540500322,
          59.94576378298374
        ]
      }
    },
    {
      "type": "Feature",
      "properties": {
        "monotonic_time": 48945.38744044304,
        "horizontal_accuracy": 1.9999974786497816,
        "speed": 30.702811504634905,
        "course": 14.84093793417421,
        "synthetic": false
      },
      "geometry": {
        "type": "Point",
        "coordinates": [
          30.540985957219295,
          59.94603028364335
        ]
      }
    },
    {
      "type": "Feature",
      "properties": {
        "monotonic_time": 48946.3874566555,
        "horizontal_accuracy": 1.9999968991006443,
        "speed": 30.64404167986314,
        "course": 15.690281193522678,
        "synthetic": false
      },
      "geometry": {
        "type": "Point",
        "coordinates": [
          30.54113169819085,
          59.946293910435074
        ]
      }
    },
    {
      "type": "Feature",
      "properties": {
        "monotonic_time": 48947.38747358322,
        "horizontal_accuracy": 1.9999975139402204,
        "speed": 30.659060908094993,
        "course": 16.943240836977353,
        "synthetic": false
      },
      "geometry": {
        "type": "Point",
        "coordinates": [
          30.541294971975073,
          59.94655647579774
        ]
      }
    },
    {
      "type": "Feature",
      "properties": {
        "monotonic_time": 48948.38748943806,
        "horizontal_accuracy": 1.9999976200415166,
        "speed": 30.65352158570015,
        "course": 17.802756959707246,
        "synthetic": false
      },
      "geometry": {
        "type": "Point",
        "coordinates": [
          30.541464089341286,
          59.946817364036754
        ]
      }
    },
    {
      "type": "Feature",
      "properties": {
        "monotonic_time": 48949.38750565052,
        "horizontal_accuracy": 1.999997619662804,
        "speed": 30.898721793583444,
        "course": 18.71455061400701,
        "synthetic": false
      },
      "geometry": {
        "type": "Point",
        "coordinates": [
          30.541643637028773,
          59.94708211202954
        ]
      }
    },
    {
      "type": "Feature",
      "properties": {
        "monotonic_time": 48950.387523293495,
        "horizontal_accuracy": 1.9999976201453966,
        "speed": 31.291419818250386,
        "course": 18.910178867195164,
        "synthetic": false
      },
      "geometry": {
        "type": "Point",
        "coordinates": [
          30.541824837741984,
          59.94735150266066
        ]
      }
    },
    {
      "type": "Feature",
      "properties": {
        "monotonic_time": 48951.38753902912,
        "horizontal_accuracy": 1.9999974152286697,
        "speed": 31.37695371362068,
        "course": 19.440069359624015,
        "synthetic": false
      },
      "geometry": {
        "type": "Point",
        "coordinates": [
          30.542010770199703,
          59.947614761035815
        ]
      }
    },
    {
      "type": "Feature",
      "properties": {
        "monotonic_time": 48952.38755595684,
        "horizontal_accuracy": 1.9999976149036534,
        "speed": 30.86590528187819,
        "course": 20.24836637260694,
        "synthetic": false
      },
      "geometry": {
        "type": "Point",
        "coordinates": [
          30.54219795975961,
          59.94786845139533
        ]
      }
    },
    {
      "type": "Feature",
      "properties": {
        "monotonic_time": 48953.38757169247,
        "horizontal_accuracy": 1.999997692725386,
        "speed": 31.5961455124946,
        "course": 20.90925158311042,
        "synthetic": false
      },
      "geometry": {
        "type": "Point",
        "coordinates": [
          30.542402324659843,
          59.948138274579755
        ]
      }
    },
    {
      "type": "Feature",
      "properties": {
        "monotonic_time": 48954.38758850098,
        "horizontal_accuracy": 1.9999977530208046,
        "speed": 31.71420839513854,
        "course": 21.62678563820962,
        "synthetic": false
      },
      "geometry": {
        "type": "Point",
        "coordinates": [
          30.54261216709644,
          59.94840157121988
        ]
      }
    },
    {
      "type": "Feature",
      "properties": {
        "monotonic_time": 48955.38760435581,
        "horizontal_accuracy": 1.9999977559760436,
        "speed": 32.044120360621115,
        "course": 22.14548866831203,
        "synthetic": false
      },
      "geometry": {
        "type": "Point",
        "coordinates": [
          30.542830397415322,
          59.94866887461377
        ]
      }
    },
    {
      "type": "Feature",
      "properties": {
        "monotonic_time": 48956.387620449066,
        "horizontal_accuracy": 1.9999977622285003,
        "speed": 32.67237240329571,
        "course": 22.829310651139675,
        "synthetic": false
      },
      "geometry": {
        "type": "Point",
        "coordinates": [
          30.543060112998376,
          59.948942664012826
        ]
      }
    },
    {
      "type": "Feature",
      "properties": {
        "monotonic_time": 48957.38763701916,
        "horizontal_accuracy": 1.99999785699214,
        "speed": 32.85047328444986,
        "course": 23.26487389439139,
        "synthetic": false
      },
      "geometry": {
        "type": "Point",
        "coordinates": [
          30.54329098440834,
          59.9492118226318
        ]
      }
    },
    {
      "type": "Feature",
      "properties": {
        "monotonic_time": 48958.38765323162,
        "horizontal_accuracy": 1.9999979245241493,
        "speed": 33.178495854947144,
        "course": 24.517848374973017,
        "synthetic": false
      },
      "geometry": {
        "type": "Point",
        "coordinates": [
          30.543542245111,
          59.9494819811144
        ]
      }
    },
    {
      "type": "Feature",
      "properties": {
        "monotonic_time": 48959.38766980171,
        "horizontal_accuracy": 1.9999979186402688,
        "speed": 33.629680065199736,
        "course": 25.33990003275617,
        "synthetic": false
      },
      "geometry": {
        "type": "Point",
        "coordinates": [
          30.543806542479118,
          59.949755983293514
        ]
      }
    },
    {
      "type": "Feature",
      "properties": {
        "monotonic_time": 48960.38768649101,
        "horizontal_accuracy": 1.999997986087001,
        "speed": 33.47891947749895,
        "course": 26.179344743021904,
        "synthetic": false
      },
      "geometry": {
        "type": "Point",
        "coordinates": [
          30.544070186547216,
          59.95002381156781
        ]
      }
    },
    {
      "type": "Feature",
      "properties": {
        "monotonic_time": 48961.387702941895,
        "horizontal_accuracy": 1.9999979898855949,
        "speed": 32.87913149152136,
        "course": 26.926736501077738,
        "synthetic": false
      },
      "geometry": {
        "type": "Point",
        "coordinates": [
          30.54433394335994,
          59.95028202116011
        ]
      }
    },
    {
      "type": "Feature",
      "properties": {
        "monotonic_time": 48962.38771939278,
        "horizontal_accuracy": 1.9999974963524259,
        "speed": 32.660426044517365,
        "course": 27.708311801863847,
        "synthetic": false
      },
      "geometry": {
        "type": "Point",
        "coordinates": [
          30.54460861056248,
          59.9505411090553
        ]
      }
    },
    {
      "type": "Feature",
      "properties": {
        "monotonic_time": 48963.38773548603,
        "horizontal_accuracy": 1.9999974496242134,
        "speed": 32.656656452397925,
        "course": 27.90508326964093,
        "synthetic": false
      },
      "geometry": {
        "type": "Point",
        "coordinates": [
          30.54488451439079,
          59.950802253511
        ]
      }
    },
    {
      "type": "Feature",
      "properties": {
        "monotonic_time": 48964.38775205612,
        "horizontal_accuracy": 1.9999973723993985,
        "speed": 32.71500766183982,
        "course": 27.499197658843652,
        "synthetic": false
      },
      "geometry": {
        "type": "Point",
        "coordinates": [
          30.545154755700192,
          59.95106203470388
        ]
      }
    },
    {
      "type": "Feature",
      "properties": {
        "monotonic_time": 48965.387768387794,
        "horizontal_accuracy": 1.9999971079130248,
        "speed": 33.12801493466528,
        "course": 27.639534139137982,
        "synthetic": false
      },
      "geometry": {
        "type": "Point",
        "coordinates": [
          30.545433841401692,
          59.95132729408223
        ]
      }
    },
    {
      "type": "Feature",
      "properties": {
        "monotonic_time": 48966.38778531551,
        "horizontal_accuracy": 1.9999978057938943,
        "speed": 33.46911622642464,
        "course": 27.817573032795313,
        "synthetic": false
      },
      "geometry": {
        "type": "Point",
        "coordinates": [
          30.545715587424993,
          59.95159442929373
        ]
      }
    },
    {
      "type": "Feature",
      "properties": {
        "monotonic_time": 48967.38780093193,
        "horizontal_accuracy": 4.693768987793428,
        "speed": 33.28337122483862,
        "course": 28.012453516602587,
        "synthetic": false
      },
      "geometry": {
        "type": "Point",
        "coordinates": [
          30.545994303514494,
          59.95185346884693
        ]
      }
    },
    {
      "type": "Feature",
      "properties": {
        "monotonic_time": 48968.38781774044,
        "horizontal_accuracy": 4.721207318502267,
        "speed": 33.296768721329194,
        "course": 27.64166647231886,
        "synthetic": false
      },
      "geometry": {
        "type": "Point",
        "coordinates": [
          30.546268776227745,
          59.952117199564725
        ]
      }
    },
    {
      "type": "Feature",
      "properties": {
        "monotonic_time": 48969.387833714485,
        "horizontal_accuracy": 4.748137077343163,
        "speed": 33.40360690049535,
        "course": 27.653518880959442,
        "synthetic": false
      },
      "geometry": {
        "type": "Point",
        "coordinates": [
          30.546546145598462,
          59.95238177780181
        ]
      }
    },
    {
      "type": "Feature",
      "properties": {
        "monotonic_time": 48970.38785028458,
        "horizontal_accuracy": 4.7483914046919,
        "speed": 33.449610764125424,
        "course": 27.40176903755998,
        "synthetic": false
      },
      "geometry": {
        "type": "Point",
        "coordinates": [
          30.54682036763189,
          59.95264824619975
        ]
      }
    },
    {
      "type": "Feature",
      "properties": {
        "monotonic_time": 48971.38786661625,
        "horizontal_accuracy": 4.748643094475443,
        "speed": 33.71082269115644,
        "course": 27.74361729556472,
        "synthetic": false
      },
      "geometry": {
        "type": "Point",
        "coordinates": [
          30.547105694765413,
          59.952916866832076
        ]
      }
    },
    {
      "type": "Feature",
      "properties": {
        "monotonic_time": 48972.38788342476,
        "horizontal_accuracy": 4.748644474785885,
        "speed": 33.91196064387765,
        "course": 28.0267447950838,
        "synthetic": false
      },
      "geometry": {
        "type": "Point",
        "coordinates": [
          30.547390350995016,
          59.953186433508755
        ]
      }
    },
    {
      "type": "Feature",
      "properties": {
        "monotonic_time": 48973.38789951801,
        "horizontal_accuracy": 4.7486457527232755,
        "speed": 33.27395936688204,
        "course": 27.938975068540355,
        "synthetic": false
      },
      "geometry": {
        "type": "Point",
        "coordinates": [
          30.547664026270187,
          59.953445341481114
        ]
      }
    },
    {
      "type": "Feature",
      "properties": {
        "monotonic_time": 48974.387915849686,
        "horizontal_accuracy": 4.748645855857754,
        "speed": 32.64036215769165,
        "course": 27.59456021782733,
        "synthetic": false
      },
      "geometry": {
        "type": "Point",
        "coordinates": [
          30.547930327824712,
          59.953700895828185
        ]
      }
    },
    {
      "type": "Feature",
      "properties": {
        "monotonic_time": 48975.387932777405,
        "horizontal_accuracy": 4.748646068589519,
        "speed": 32.43217688560571,
        "course": 27.351914779560836,
        "synthetic": false
      },
      "geometry": {
        "type": "Point",
        "coordinates": [
          30.54819854127385,
          59.953960165308246
        ]
      }
    },
    {
      "type": "Feature",
      "properties": {
        "monotonic_time": 48976.38794827461,
        "horizontal_accuracy": 4.748646041996003,
        "speed": 33.08940872107039,
        "course": 27.505918224120336,
        "synthetic": false
      },
      "geometry": {
        "type": "Point",
        "coordinates": [
          30.548478174597957,
          59.954227066280964
        ]
      }
    },
    {
      "type": "Feature",
      "properties": {
        "monotonic_time": 48977.38796532154,
        "horizontal_accuracy": 4.748645948109171,
        "speed": 33.38434862934039,
        "course": 27.606702686302803,
        "synthetic": false
      },
      "geometry": {
        "type": "Point",
        "coordinates": [
          30.54875516492329,
          59.9544924332946
        ]
      }
    },
    {
      "type": "Feature",
      "properties": {
        "monotonic_time": 48978.38798189163,
        "horizontal_accuracy": 4.748645879237597,
        "speed": 33.72055898843754,
        "course": 27.683412707169218,
        "synthetic": false
      },
      "geometry": {
        "type": "Point",
        "coordinates": [
          30.549034648792443,
          59.95476094052449
        ]
      }
    },
    {
      "type": "Feature",
      "properties": {
        "monotonic_time": 48979.387997984886,
        "horizontal_accuracy": 4.748645719378504,
        "speed": 33.60876347952334,
        "course": 27.802327333257495,
        "synthetic": false
      },
      "geometry": {
        "type": "Point",
        "coordinates": [
          30.54931186960859,
          59.95502666244317
        ]
      }
    },
    {
      "type": "Feature",
      "properties": {
        "monotonic_time": 48980.38801419735,
        "horizontal_accuracy": 4.748645591995772,
        "speed": 33.700091108036425,
        "course": 27.710052754062,
        "synthetic": false
      },
      "geometry": {
        "type": "Point",
        "coordinates": [
          30.54959396300151,
          59.95529596594754
        ]
      }
    },
    {
      "type": "Feature",
      "properties": {
        "monotonic_time": 48981.38803076744,
        "horizontal_accuracy": 4.748645756899415,
        "speed": 33.28311294351131,
        "course": 28.01957483704539,
        "synthetic": false
      },
      "geometry": {
        "type": "Point",
        "coordinates": [
          30.549874701785267,
          59.955556017142854
        ]
      }
    },
    {
      "type": "Feature",
      "properties": {
        "monotonic_time": 48982.388046622276,
        "horizontal_accuracy": 4.74864422025776,
        "speed": 33.63016236788385,
        "course": 27.724788887310766,
        "synthetic": false
      },
      "geometry": {
        "type": "Point",
        "coordinates": [
          30.55015514663137,
          59.95582711013005
        ]
      }
    },
    {
      "type": "Feature",
      "properties": {
        "monotonic_time": 48983.38806402683,
        "horizontal_accuracy": 4.748644190311063,
        "speed": 33.4417460157196,
        "course": 27.474766028363206,
        "synthetic": false
      },
      "geometry": {
        "type": "Point",
        "coordinates": [
          30.550428172486228,
          59.95609349556409
        ]
      }
    },
    {
      "type": "Feature",
      "properties": {
        "monotonic_time": 48984.388080358505,
        "horizontal_accuracy": 4.748644065756826,
        "speed": 33.21594497293901,
        "course": 27.042670345954917,
        "synthetic": false
      },
      "geometry": {
        "type": "Point",
        "coordinates": [
          30.55069395574506,
          59.95635687938897
        ]
      }
    },
    {
      "type": "Feature",
      "properties": {
        "monotonic_time": 48985.38809645176,
        "horizontal_accuracy": 4.748644080318622,
        "speed": 33.577799192452346,
        "course": 27.59141695808857,
        "synthetic": false
      },
      "geometry": {
        "type": "Point",
        "coordinates": [
          30.55098068927881,
          59.95662565113624
        ]
      }
    },
    {
      "type": "Feature",
      "properties": {
        "monotonic_time": 48986.388112306595,
        "horizontal_accuracy": 4.748645553970404,
        "speed": 33.78022492274915,
        "course": 27.017057249069644,
        "synthetic": false
      },
      "geometry": {
        "type": "Point",
        "coordinates": [
          30.55125239409854,
          59.956897834613905
        ]
      }
    },
    {
      "type": "Feature",
      "properties": {
        "monotonic_time": 48987.38812863827,
        "horizontal_accuracy": 4.74864560752897,
        "speed": 33.2575152183547,
        "course": 25.715759972926083,
        "synthetic": false
      },
      "geometry": {
        "type": "Point",
        "coordinates": [
          30.551503759166962,
          59.95716512191642
        ]
      }
    },
    {
      "type": "Feature",
      "properties": {
        "monotonic_time": 48988.38814520836,
        "horizontal_accuracy": 4.7486455820744995,
        "speed": 33.108957229280605,
        "course": 24.380632602642745,
        "synthetic": false
      },
      "geometry": {
        "type": "Point",
        "coordinates": [
          30.551746084672825,
          59.95743540841735
        ]
      }
    },
    {
      "type": "Feature",
      "properties": {
        "monotonic_time": 48989.38816154003,
        "horizontal_accuracy": 4.748645786678084,
        "speed": 33.00344390730138,
        "course": 23.3701592798607,
        "synthetic": false
      },
      "geometry": {
        "type": "Point",
        "coordinates": [
          30.55197853203836,
          59.957706171882045
        ]
      }
    },
    {
      "type": "Feature",
      "properties": {
        "monotonic_time": 48990.38817834854,
        "horizontal_accuracy": 4.748646042319641,
        "speed": 32.907527946248955,
        "course": 22.04486205848039,
        "synthetic": false
      },
      "geometry": {
        "type": "Point",
        "coordinates": [
          30.552196887012364,
          59.9579814634285
        ]
      }
    },
    {
      "type": "Feature",
      "properties": {
        "monotonic_time": 48991.38819479942,
        "horizontal_accuracy": 4.748646212994499,
        "speed": 33.10698956622021,
        "course": 20.782611588377257,
        "synthetic": false
      },
      "geometry": {
        "type": "Point",
        "coordinates": [
          30.55240636830287,
          59.95826060085058
        ]
      }
    },
    {
      "type": "Feature",
      "properties": {
        "monotonic_time": 48992.388211131096,
        "horizontal_accuracy": 4.748646395225026,
        "speed": 33.07005612286035,
        "course": 19.594695886736808,
        "synthetic": false
      },
      "geometry": {
        "type": "Point",
        "coordinates": [
          30.552599936852406,
          59.95853782613427
        ]
      }
    },
    {
      "type": "Feature",
      "properties": {
        "monotonic_time": 48993.3882278204,
        "horizontal_accuracy": 4.748646216510358,
        "speed": 33.356353506355575,
        "course": 18.655711468407485,
        "synthetic": false
      },
      "geometry": {
        "type": "Point",
        "coordinates": [
          30.55279329611166,
          59.95882329542993
        ]
      }
    },
    {
      "type": "Feature",
      "properties": {
        "monotonic_time": 48994.38824403286,
        "horizontal_accuracy": 4.748646500986648,
        "speed": 33.334182245022994,
        "course": 16.99554274998057,
        "synthetic": false
      },
      "geometry": {
        "type": "Point",
        "coordinates": [
          30.55296141668198,
          59.95910893935588
        ]
      }
    },
    {
      "type": "Feature",
      "properties": {
        "monotonic_time": 48995.38826024532,
        "horizontal_accuracy": 4.748646289030174,
        "speed": 33.50519069001512,
        "course": 15.819833202623142,
        "synthetic": false
      },
      "geometry": {
        "type": "Point",
        "coordinates": [
          30.553122888231048,
          59.95939930191637
        ]
      }
    },
    {
      "type": "Feature",
      "properties": {
        "monotonic_time": 48996.38827645779,
        "horizontal_accuracy": 4.748646285597912,
        "speed": 33.70072074449448,
        "course": 14.443596510645706,
        "synthetic": false
      },
      "geometry": {
        "type": "Point",
        "coordinates": [
          30.553271697880422,
          59.95969392246401
        ]
      }
    },
    {
      "type": "Feature",
      "properties": {
        "monotonic_time": 48997.38829243183,
        "horizontal_accuracy": 4.7486462919211645,
        "speed": 33.89271015534717,
        "course": 12.741919527797034,
        "synthetic": false
      },
      "geometry": {
        "type": "Point",
        "coordinates": [
          30.553400873908032,
          59.95999367910838
        ]
      }
    },
    {
      "type": "Feature",
      "properties": {
        "monotonic_time": 48998.38830924034,
        "horizontal_accuracy": 4.748646404036889,
        "speed": 33.30903358488813,
        "course": 12.344715120894127,
        "synthetic": false
      },
      "geometry": {
        "type": "Point",
        "coordinates": [
          30.553529092502583,
          59.96027951113126
        ]
      }
    },
    {
      "type": "Feature",
      "properties": {
        "monotonic_time": 48999.380145311356,
        "horizontal_accuracy": 4.748645159286606,
        "speed": 33.473715790351335,
        "course": 11.427114536980286,
        "synthetic": false
      },
      "geometry": {
        "type": "Point",
        "coordinates": [
          30.553646504370285,
          59.96057579249688
        ]
      }
    },
    {
      "type": "Feature",
      "properties": {
        "monotonic_time": 49000.38016140461,
        "horizontal_accuracy": 4.7486449563274284,
        "speed": 33.46618451665065,
        "course": 10.180091450821237,
        "synthetic": false
      },
      "geometry": {
        "type": "Point",
        "coordinates": [
          30.55374991442805,
          59.96087200305346
        ]
      }
    },
    {
      "type": "Feature",
      "properties": {
        "monotonic_time": 49001.38017785549,
        "horizontal_accuracy": 4.748644801594078,
        "speed": 33.43969888168345,
        "course": 8.94353434203465,
        "synthetic": false
      },
      "geometry": {
        "type": "Point",
        "coordinates": [
          30.553840414138705,
          59.96116980598957
        ]
      }
    },
    {
      "type": "Feature",
      "properties": {
        "monotonic_time": 49002.38019430637,
        "horizontal_accuracy": 4.748644671634808,
        "speed": 33.39364558990894,
        "course": 6.946431327216978,
        "synthetic": false
      },
      "geometry": {
        "type": "Point",
        "coordinates": [
          30.553904128376256,
          59.96146800765631
        ]
      }
    },
    {
      "type": "Feature",
      "properties": {
        "monotonic_time": 49003.38021051884,
        "horizontal_accuracy": 4.748644443899199,
        "speed": 33.610420340252276,
        "course": 5.356109086574161,
        "synthetic": false
      },
      "geometry": {
        "type": "Point",
        "coordinates": [
          30.55395804535348,
          59.9617711822687
        ]
      }
    },
    {
      "type": "Feature",
      "properties": {
        "monotonic_time": 49004.38022720814,
        "horizontal_accuracy": 4.748644260691934,
        "speed": 33.73638374974566,
        "course": 3.73027858075014,
        "synthetic": false
      },
      "geometry": {
        "type": "Point",
        "coordinates": [
          30.553992497450658,
          59.96207482858503
        ]
      }
    },
    {
      "type": "Feature",
      "properties": {
        "monotonic_time": 49005.38024318218,
        "horizontal_accuracy": 4.748645749874296,
        "speed": 33.164275668830065,
        "course": 3.0194295254615655,
        "synthetic": false
      },
      "geometry": {
        "type": "Point",
        "coordinates": [
          30.554021193407543,
          59.962366191064284
        ]
      }
    },
    {
      "type": "Feature",
      "properties": {
        "monotonic_time": 49006.38025975227,
        "horizontal_accuracy": 4.748645834333459,
        "speed": 33.08777012393495,
        "course": 0.7759981155395508,
        "synthetic": false
      },
      "geometry": {
        "type": "Point",
        "coordinates": [
          30.55409032693275,
          59.962663724319476
        ]
      }
    },
    {
      "type": "Feature",
      "properties": {
        "monotonic_time": 49007.38027584553,
        "horizontal_accuracy": 4.748645891900283,
        "speed": 32.95054651534562,
        "course": 1.2268751859664917,
        "synthetic": false
      },
      "geometry": {
        "type": "Point",
        "coordinates": [
          30.55410269932435,
          59.962959209519944
        ]
      }
    },
    {
      "type": "Feature",
      "properties": {
        "monotonic_time": 49008.38029253483,
        "horizontal_accuracy": 4.748645824348898,
        "speed": 33.19645189529946,
        "course": 357.03216552734375,
        "synthetic": false
      },
      "geometry": {
        "type": "Point",
        "coordinates": [
          30.55408101572099,
          59.96326031513982
        ]
      }
    },
    {
      "type": "Feature",
      "properties": {
        "monotonic_time": 49009.38030850887,
        "horizontal_accuracy": 4.7486458017532485,
        "speed": 33.31076946090086,
        "course": 357.03216552734375,
        "synthetic": false
      },
      "geometry": {
        "type": "Point",
        "coordinates": [
          30.554050207402696,
          59.96355865922181
        ]
      }
    },
    {
      "type": "Feature",
      "properties": {
        "monotonic_time": 49010.38032436371,
        "horizontal_accuracy": 4.748645973316656,
        "speed": 32.80100679781749,
        "course": 353.5570373535156,
        "synthetic": false
      },
      "geometry": {
        "type": "Point",
        "coordinates": [
          30.553976066180503,
          59.96384633594647
        ]
      }
    },
    {
      "type": "Feature",
      "properties": {
        "monotonic_time": 49011.380341529846,
        "horizontal_accuracy": 4.748645790536506,
        "speed": 32.883656871617696,
        "course": 353.5570373535156,
        "synthetic": false
      },
      "geometry": {
        "type": "Point",
        "coordinates": [
          30.553925230841063,
          59.964142405387726
        ]
      }
    },
    {
      "type": "Feature",
      "properties": {
        "monotonic_time": 49012.3803576231,
        "horizontal_accuracy": 4.74864552688948,
        "speed": 32.99177403800358,
        "course": 352.0182800292969,
        "synthetic": false
      },
      "geometry": {
        "type": "Point",
        "coordinates": [
          30.55386751653809,
          59.96443875284648
        ]
      }
    },
    {
      "type": "Feature",
      "properties": {
        "monotonic_time": 49013.380373597145,
        "horizontal_accuracy": 4.74864550510591,
        "speed": 32.97894274707887,
        "course": 350.89599609375,
        "synthetic": false
      },
      "geometry": {
        "type": "Point",
        "coordinates": [
          30.55377934751628,
          59.96473031569252
        ]
      }
    },
    {
      "type": "Feature",
      "properties": {
        "monotonic_time": 49014.380390524864,
        "horizontal_accuracy": 4.74864557543981,
        "speed": 32.992847325332065,
        "course": 350.87823486328125,
        "synthetic": false
      },
      "geometry": {
        "type": "Point",
        "coordinates": [
          30.55369151937815,
          59.9650227780305
        ]
      }
    },
    {
      "type": "Feature",
      "properties": {
        "monotonic_time": 49015.38040626049,
        "horizontal_accuracy": 4.748645756986756,
        "speed": 32.70110240476814,
        "course": 350.87823486328125,
        "synthetic": false
      },
      "geometry": {
        "type": "Point",
        "coordinates": [
          30.55359139191134,
          59.96530970900957
        ]
      }
    },
    {
      "type": "Feature",
      "properties": {
        "monotonic_time": 49016.38042271137,
        "horizontal_accuracy": 4.748645670990001,
        "speed": 32.90168827905471,
        "course": 346.1460266113281,
        "synthetic": false
      },
      "geometry": {
        "type": "Point",
        "coordinates": [
          30.553479064076985,
          59.965602924494334
        ]
      }
    },
    {
      "type": "Feature",
      "properties": {
        "monotonic_time": 49017.380439162254,
        "horizontal_accuracy": 4.748645824784272,
        "speed": 32.86615742108961,
        "course": 345.9877014160156,
        "synthetic": false
      },
      "geometry": {
        "type": "Point",
        "coordinates": [
          30.55335210614932,
          59.965888975679455
        ]
      }
    },
    {
      "type": "Feature",
      "properties": {
        "monotonic_time": 49018.38045525551,
        "horizontal_accuracy": 4.748645824490211,
        "speed": 32.76168725740871,
        "course": 346.1376647949219,
        "synthetic": false
      },
      "geometry": {
        "type": "Point",
        "coordinates": [
          30.553227599022502,
          59.96617446771041
        ]
      }
    },
    {
      "type": "Feature",
      "properties": {
        "monotonic_time": 49019.38047194481,
        "horizontal_accuracy": 4.748644597838011,
        "speed": 32.64013335494881,
        "course": 346.1000671386719,
        "synthetic": false
      },
      "geometry": {
        "type": "Point",
        "coordinates": [
          30.553080214772958,
          59.96645654132073
        ]
      }
    },
    {
      "type": "Feature",
      "properties": {
        "monotonic_time": 49020.37953329086,
        "horizontal_accuracy": 4.748644681217062,
        "speed": 33.059845097439414,
        "course": 345.9909362792969,
        "synthetic": false
      },
      "geometry": {
        "type": "Point",
        "coordinates": [
          30.552921591866202,
          59.96674486103971
        ]
      }
    },
    {
      "type": "Feature",
      "properties": {
        "monotonic_time": 49021.37972009182,
        "horizontal_accuracy": 4.748646290255367,
        "speed": 32.94652350244611,
        "course": 339.860107421875,
        "synthetic": false
      },
      "geometry": {
        "type": "Point",
        "coordinates": [
          30.55274197868535,
          59.96702449506032
        ]
      }
    },
    {
      "type": "Feature",
      "properties": {
        "monotonic_time": 49022.379736185074,
        "horizontal_accuracy": 4.748645117230956,
        "speed": 33.43395416730918,
        "course": 339.7947692871094,
        "synthetic": false
      },
      "geometry": {
        "type": "Point",
        "coordinates": [
          30.552553569346202,
          59.96731439318771
        ]
      }
    },
    {
      "type": "Feature",
      "properties": {
        "monotonic_time": 49023.379866957664,
        "horizontal_accuracy": 4.748646616560961,
        "speed": 33.11716706456804,
        "course": 339.6932373046875,
        "synthetic": false
      },
      "geometry": {
        "type": "Point",
        "coordinates": [
          30.552349447946927,
          59.96758863461682
        ]
      }
    },
    {
      "type": "Feature",
      "properties": {
        "monotonic_time": 49024.37982034683,
        "horizontal_accuracy": 4.7486465526447565,
        "speed": 33.21228802603747,
        "course": 339.76806640625,
        "synthetic": false
      },
      "geometry": {
        "type": "Point",
        "coordinates": [
          30.552138028850024,
          59.96786788199076
        ]
      }
    },
    {
      "type": "Feature",
      "properties": {
        "monotonic_time": 49025.37983608246,
        "horizontal_accuracy": 4.748646552009275,
        "speed": 33.274441472170736,
        "course": 337.2730407714844,
        "synthetic": false
      },
      "geometry": {
        "type": "Point",
        "coordinates": [
          30.55191120447333,
          59.96814336714964
        ]
      }
    },
    {
      "type": "Feature",
      "properties": {
        "monotonic_time": 49026.38021016121,
        "horizontal_accuracy": 4.748646465947811,
        "speed": 33.850314128007746,
        "course": 337.015380859375,
        "synthetic": false
      },
      "geometry": {
        "type": "Point",
        "coordinates": [
          30.55166435840077,
          59.96842492458343
        ]
      }
    },
    {
      "type": "Feature",
      "properties": {
        "monotonic_time": 49027.3799571991,
        "horizontal_accuracy": 4.748646511710603,
        "speed": 33.9642833462043,
        "course": 332.80853271484375,
        "synthetic": false
      },
      "geometry": {
        "type": "Point",
        "coordinates": [
          30.551410591786762,
          59.968700908437604
        ]
      }
    },
    {
      "type": "Feature",
      "properties": {
        "monotonic_time": 49028.379974126816,
        "horizontal_accuracy": 4.748646674409956,
        "speed": 34.13610901264164,
        "course": 333.1756591796875,
        "synthetic": false
      },
      "geometry": {
        "type": "Point",
        "coordinates": [
          30.551141706145195,
          59.96897644552477
        ]
      }
    },
    {
      "type": "Feature",
      "properties": {
        "monotonic_time": 49029.37971699238,
        "horizontal_accuracy": 4.748646789081421,
        "speed": 34.13865840057039,
        "course": 331.6566467285156,
        "synthetic": false
      },
      "geometry": {
        "type": "Point",
        "coordinates": [
          30.550859240459413,
          59.96924766305382
        ]
      }
    },
    {
      "type": "Feature",
      "properties": {
        "monotonic_time": 49030.37979400158,
        "horizontal_accuracy": 4.7486470813913835,
        "speed": 34.241728565435295,
        "course": 331.6566467285156,
        "synthetic": false
      },
      "geometry": {
        "type": "Point",
        "coordinates": [
          30.550559557293074,
          59.9695162105558
        ]
      }
    },
    {
      "type": "Feature",
      "properties": {
        "monotonic_time": 49031.37980949879,
        "horizontal_accuracy": 4.74864720984411,
        "speed": 34.105193926233795,
        "course": 331.6064758300781,
        "synthetic": false
      },
      "geometry": {
        "type": "Point",
        "coordinates": [
          30.55026092886319,
          59.969781493144566
        ]
      }
    },
    {
      "type": "Feature",
      "properties": {
        "monotonic_time": 49032.379556298256,
        "horizontal_accuracy": 4.74864752562065,
        "speed": 34.138081903130775,
        "course": 328.2470703125,
        "synthetic": false
      },
      "geometry": {
        "type": "Point",
        "coordinates": [
          30.549938910236797,
          59.97004176648398
        ]
      }
    },
    {
      "type": "Feature",
      "properties": {
        "monotonic_time": 49033.38006269932,
        "horizontal_accuracy": 4.748647623331976,
        "speed": 34.225671762917884,
        "course": 328.2470703125,
        "synthetic": false
      },
      "geometry": {
        "type": "Point",
        "coordinates": [
          30.549610783239807,
          59.97030200461179
        ]
      }
    },
    {
      "type": "Feature",
      "properties": {
        "monotonic_time": 49034.38007855415,
        "horizontal_accuracy": 4.748647863945503,
        "speed": 34.48290380855761,
        "course": 324.7152404785156,
        "synthetic": false
      },
      "geometry": {
        "type": "Point",
        "coordinates": [
          30.54927733655424,
          59.97056484771949
        ]
      }
    },
    {
      "type": "Feature",
      "properties": {
        "monotonic_time": 49035.380095124245,
        "horizontal_accuracy": 4.748648263209405,
        "speed": 34.404197375370835,
        "course": 324.74554443359375,
        "synthetic": false
      },
      "geometry": {
        "type": "Point",
        "coordinates": [
          30.548919609677693,
          59.97081316257141
        ]
      }
    },
    {
      "type": "Feature",
      "properties": {
        "monotonic_time": 49036.38011085987,
        "horizontal_accuracy": 4.748648600224683,
        "speed": 34.440641005872045,
        "course": 322.8755798339844,
        "synthetic": false
      },
      "geometry": {
        "type": "Point",
        "coordinates": [
          30.54857503175351,
          59.971068375110946
        ]
      }
    },
    {
      "type": "Feature",
      "properties": {
        "monotonic_time": 49037.38012754917,
        "horizontal_accuracy": 4.74864867900407,
        "speed": 34.41920739269511,
        "course": 322.7740783691406,
        "synthetic": false
      },
      "geometry": {
        "type": "Point",
        "coordinates": [
          30.548204480089677,
          59.9713130616896
        ]
      }
    },
    {
      "type": "Feature",
      "properties": {
        "monotonic_time": 49038.380143880844,
        "horizontal_accuracy": 4.748648601681866,
        "speed": 34.38639951684033,
        "course": 319.2240295410156,
        "synthetic": false
      },
      "geometry": {
        "type": "Point",
        "coordinates": [
          30.547779882268394,
          59.971538187913374
        ]
      }
    },
    {
      "type": "Feature",
      "properties": {
        "monotonic_time": 49039.380160450935,
        "horizontal_accuracy": 4.7486486608112655,
        "speed": 34.271655112128904,
        "course": 319.1133117675781,
        "synthetic": false
      },
      "geometry": {
        "type": "Point",
        "coordinates": [
          30.54738218604572,
          59.971772652737904
        ]
      }
    },
    {
      "type": "Feature",
      "properties": {
        "monotonic_time": 49040.38017678261,
        "horizontal_accuracy": 4.74864871171327,
        "speed": 34.27957351981461,
        "course": 319.1200866699219,
        "synthetic": false
      },
      "geometry": {
        "type": "Point",
        "coordinates": [
          30.54697301960753,
          59.972004040703375
        ]
      }
    },
    {
      "type": "Feature",
      "properties": {
        "monotonic_time": 49041.38019311428,
        "horizontal_accuracy": 4.748648808662096,
        "speed": 34.132082448785766,
        "course": 313.3031005859375,
        "synthetic": false
      },
      "geometry": {
        "type": "Point",
        "coordinates": [
          30.54658691886314,
          59.972243461109635
        ]
      }
    },
    {
      "type": "Feature",
      "properties": {
        "monotonic_time": 49042.380208969116,
        "horizontal_accuracy": 4.748648084487027,
        "speed": 33.796498310642086,
        "course": 314.20330810546875,
        "synthetic": false
      },
      "geometry": {
        "type": "Point",
        "coordinates": [
          30.54613994705991,
          59.97244373345638
        ]
      }
    },
    {
      "type": "Feature",
      "properties": {
        "monotonic_time": 49043.380226016045,
        "horizontal_accuracy": 4.74864897681428,
        "speed": 33.79935963475413,
        "course": 313.1589660644531,
        "synthetic": false
      },
      "geometry": {
        "type": "Point",
        "coordinates": [
          30.54570015249457,
          59.9726529834822
        ]
      }
    },
    {
      "type": "Feature",
      "properties": {
        "monotonic_time": 49044.38024175167,
        "horizontal_accuracy": 4.748649028309758,
        "speed": 33.84885018621195,
        "course": 313.1819152832031,
        "synthetic": false
      },
      "geometry": {
        "type": "Point",
        "coordinates": [
          30.545256784161168,
          59.97286223192882
        ]
      }
    },
    {
      "type": "Feature",
      "properties": {
        "monotonic_time": 49045.380257964134,
        "horizontal_accuracy": 4.748648940177321,
        "speed": 33.78141539714624,
        "course": 309.91815185546875,
        "synthetic": false
      },
      "geometry": {
        "type": "Point",
        "coordinates": [
          30.544804127966522,
          59.97306365043308
        ]
      }
    },
    {
      "type": "Feature",
      "properties": {
        "monotonic_time": 49046.38027489185,
        "horizontal_accuracy": 4.748648970989047,
        "speed": 33.745983996966274,
        "course": 309.6908874511719,
        "synthetic": false
      },
      "geometry": {
        "type": "Point",
        "coordinates": [
          30.544342752676492,
          59.97325859481289
        ]
      }
    },
    {
      "type": "Feature",
      "properties": {
        "monotonic_time": 49047.380291342735,
        "horizontal_accuracy": 4.748648919656553,
        "speed": 33.686665489025636,
        "course": 309.68511962890625,
        "synthetic": false
      },
      "geometry": {
        "type": "Point",
        "coordinates": [
          30.5438672979016,
          59.97344207904787
        ]
      }
    },
    {
      "type": "Feature",
      "properties": {
        "monotonic_time": 49048.38030779362,
        "horizontal_accuracy": 4.74864894206193,
        "speed": 33.64906693347898,
        "course": 306.7326354980469,
        "synthetic": false
      },
      "geometry": {
        "type": "Point",
        "coordinates": [
          30.54341297514457,
          59.973642222145166
        ]
      }
    },
    {
      "type": "Feature",
      "properties": {
        "monotonic_time": 49049.38032412529,
        "horizontal_accuracy": 4.74864903478363,
        "speed": 33.5252373936894,
        "course": 307.0765075683594,
        "synthetic": false
      },
      "geometry": {
        "type": "Point",
        "coordinates": [
          30.54293458057454,
          59.97382334773123
        ]
      }
    },
    {
      "type": "Feature",
      "properties": {
        "monotonic_time": 49050.380340218544,
        "horizontal_accuracy": 4.7486490487557855,
        "speed": 33.48099628814857,
        "course": 306.9546813964844,
        "synthetic": false
      },
      "geometry": {
        "type": "Point",
        "coordinates": [
          30.542454843240442,
          59.97400495325232
        ]
      }
    },
    {
      "type": "Feature",
      "properties": {
        "monotonic_time": 49051.38035607338,
        "horizontal_accuracy": 4.748649132064984,
        "speed": 33.57819203272914,
        "course": 307.07562255859375,
        "synthetic": false
      },
      "geometry": {
        "type": "Point",
        "coordinates": [
          30.541972045851324,
          59.97418750187231
        ]
      }
    },
    {
      "type": "Feature",
      "properties": {
        "monotonic_time": 49052.38037323952,
        "horizontal_accuracy": 4.7486489904887765,
        "speed": 33.61602186388369,
        "course": 307.07562255859375,
        "synthetic": false
      },
      "geometry": {
        "type": "Point",
        "coordinates": [
          30.541491068292768,
          59.97436968388611
        ]
      }
    },
    {
      "type": "Feature",
      "properties": {
        "monotonic_time": 49053.38038957119,
        "horizontal_accuracy": 9.482431925748312,
        "speed": 33.58284127477279,
        "course": 307.07562255859375,
        "synthetic": false
      },
      "geometry": {
        "type": "Point",
        "coordinates": [
          30.541013004194212,
          59.9745507626302
        ]
      }
    },
    {
      "type": "Feature",
      "properties": {
        "monotonic_time": 49054.38040590286,
        "horizontal_accuracy": 4.748648748304211,
        "speed": 33.502548407227984,
        "course": 302.06570022663595,
        "synthetic": false
      },
      "geometry": {
        "type": "Point",
        "coordinates": [
          30.540408445135505,
          59.97464638775471
        ]
      }
    },
    {
      "type": "Feature",
      "properties": {
        "monotonic_time": 49055.380422115326,
        "horizontal_accuracy": 4.748648594504241,
        "speed": 33.56501225398869,
        "course": 301.7763140886334,
        "synthetic": false
      },
      "geometry": {
        "type": "Point",
        "coordinates": [
          30.53989273468034,
          59.9748033806192
        ]
      }
    },
    {
      "type": "Feature",
      "properties": {
        "monotonic_time": 49056.38043808937,
        "horizontal_accuracy": 4.748648643154064,
        "speed": 33.34556011198702,
        "course": 301.5309350086174,
        "synthetic": false
      },
      "geometry": {
        "type": "Point",
        "coordinates": [
          30.539385064304657,
          59.97495878188354
        ]
      }
    },
    {
      "type": "Feature",
      "properties": {
        "monotonic_time": 49057.380454301834,
        "horizontal_accuracy": 4.7486485961648,
        "speed": 33.14241870559384,
        "course": 301.6956229707282,
        "synthetic": false
      },
      "geometry": {
        "type": "Point",
        "coordinates": [
          30.538883102362977,
          59.97511489319511
        ]
      }
    },
    {
      "type": "Feature",
      "properties": {
        "monotonic_time": 49058.380470991135,
        "horizontal_accuracy": 4.748648627250073,
        "speed": 32.897279667534086,
        "course": 301.5479750385923,
        "synthetic": false
      },
      "geometry": {
        "type": "Point",
        "coordinates": [
          30.538381085444946,
          59.975269481778305
        ]
      }
    },
    {
      "type": "Feature",
      "properties": {
        "monotonic_time": 49059.38048672676,
        "horizontal_accuracy": 4.748648543046344,
        "speed": 32.59856922317163,
        "course": 301.64291054382073,
        "synthetic": false
      },
      "geometry": {
        "type": "Point",
        "coordinates": [
          30.53788400715333,
          59.97542384052733
        ]
      }
    },
    {
      "type": "Feature",
      "properties": {
        "monotonic_time": 49060.38050329685,
        "horizontal_accuracy": 4.7486485627089525,
        "speed": 32.346181231158454,
        "course": 301.9332741442487,
        "synthetic": false
      },
      "geometry": {
        "type": "Point",
        "coordinates": [
          30.537389214516132,
          59.9755788750026
        ]
      }
    },
    {
      "type": "Feature",
      "properties": {
        "monotonic_time": 49061.380519509315,
        "horizontal_accuracy": 4.748648571638408,
        "speed": 32.35780832152797,
        "course": 302.08857703865317,
        "synthetic": false
      },
      "geometry": {
        "type": "Point",
        "coordinates": [
          30.536895244943686,
          59.975736609403455
        ]
      }
    },
    {
      "type": "Feature",
      "properties": {
        "monotonic_time": 49062.38053584099,
        "horizontal_accuracy": 4.748648601619446,
        "speed": 32.309972351021635,
        "course": 302.0239556990378,
        "synthetic": false
      },
      "geometry": {
        "type": "Point",
        "coordinates": [
          30.536398962915317,
          59.97589185279977
        ]
      }
    },
    {
      "type": "Feature",
      "properties": {
        "monotonic_time": 49063.38055253029,
        "horizontal_accuracy": 4.748648624325723,
        "speed": 32.185132128440216,
        "course": 301.9234349342524,
        "synthetic": false
      },
      "geometry": {
        "type": "Point",
        "coordinates": [
          30.53590733265678,
          59.97604669052218
        ]
      }
    },
    {
      "type": "Feature",
      "properties": {
        "monotonic_time": 49064.38056921959,
        "horizontal_accuracy": 4.748648723852397,
        "speed": 31.97083559538556,
        "course": 301.6037177362772,
        "synthetic": false
      },
      "geometry": {
        "type": "Point",
        "coordinates": [
          30.53541727494373,
          59.976200154329554
        ]
      }
    },
    {
      "type": "Feature",
      "properties": {
        "monotonic_time": 49065.38058555126,
        "horizontal_accuracy": 4.748648779932206,
        "speed": 32.007699837961674,
        "course": 301.313526094248,
        "synthetic": false
      },
      "geometry": {
        "type": "Point",
        "coordinates": [
          30.534927147603902,
          59.97635167922125
        ]
      }
    },
    {
      "type": "Feature",
      "properties": {
        "monotonic_time": 49066.380601763725,
        "horizontal_accuracy": 4.7486488129956905,
        "speed": 32.34880060251256,
        "course": 301.4165948241667,
        "synthetic": false
      },
      "geometry": {
        "type": "Point",
        "coordinates": [
          30.534433898810356,
          59.97650633860419
        ]
      }
    },
    {
      "type": "Feature",
      "properties": {
        "monotonic_time": 49067.38061821461,
        "horizontal_accuracy": 4.748648842901222,
        "speed": 32.68545207983185,
        "course": 301.5764704678221,
        "synthetic": false
      },
      "geometry": {
        "type": "Point",
        "coordinates": [
          30.533935549595718,
          59.97666416513323
        ]
      }
    },
    {
      "type": "Feature",
      "properties": {
        "monotonic_time": 49068.38063395023,
        "horizontal_accuracy": 4.748648804674997,
        "speed": 32.94953934652176,
        "course": 301.79334300571105,
        "synthetic": false
      },
      "geometry": {
        "type": "Point",
        "coordinates": [
          30.533435850427516,
          59.97682144019861
        ]
      }
    },
    {
      "type": "Feature",
      "properties": {
        "monotonic_time": 49069.380650401115,
        "horizontal_accuracy": 4.748648824731345,
        "speed": 33.235526153548875,
        "course": 302.0484096733805,
        "synthetic": false
      },
      "geometry": {
        "type": "Point",
        "coordinates": [
          30.532933228093405,
          59.976984062283165
        ]
      }
    },
    {
      "type": "Feature",
      "properties": {
        "monotonic_time": 49070.38066697121,
        "horizontal_accuracy": 4.748648810535799,
        "speed": 33.48961348066754,
        "course": 301.8484984870785,
        "synthetic": false
      },
      "geometry": {
        "type": "Point",
        "coordinates": [
          30.532423184082862,
          59.97714504654875
        ]
      }
    },
    {
      "type": "Feature",
      "properties": {
        "monotonic_time": 49071.38068294525,
        "horizontal_accuracy": 4.74864878803985,
        "speed": 33.60079499626943,
        "course": 301.8219194011006,
        "synthetic": false
      },
      "geometry": {
        "type": "Point",
        "coordinates": [
          30.531912162955866,
          59.977306018114476
        ]
      }
    },
    {
      "type": "Feature",
      "properties": {
        "monotonic_time": 49072.38069951534,
        "horizontal_accuracy": 4.748648775434172,
        "speed": 33.72022988358089,
        "course": 301.8450869945375,
        "synthetic": false
      },
      "geometry": {
        "type": "Point",
        "coordinates": [
          30.531400393138465,
          59.97746759970173
        ]
      }
    },
    {
      "type": "Feature",
      "properties": {
        "monotonic_time": 49073.380715847015,
        "horizontal_accuracy": 4.748648829222512,
        "speed": 33.758331522943685,
        "course": 301.7337281453208,
        "synthetic": false
      },
      "geometry": {
        "type": "Point",
        "coordinates": [
          30.530880890861678,
          59.97762983549164
        ]
      }
    },
    {
      "type": "Feature",
      "properties": {
        "monotonic_time": 49074.38073194027,
        "horizontal_accuracy": 4.748648875455396,
        "speed": 33.77443271626693,
        "course": 301.7575941663822,
        "synthetic": false
      },
      "geometry": {
        "type": "Point",
        "coordinates": [
          30.53036055090127,
          59.97779078005107
        ]
      }
    },
    {
      "type": "Feature",
      "properties": {
        "monotonic_time": 49075.38074827194,
        "horizontal_accuracy": 4.748648843782779,
        "speed": 33.78823404008185,
        "course": 301.6623146965961,
        "synthetic": false
      },
      "geometry": {
        "type": "Point",
        "coordinates": [
          30.52983610362831,
          59.977952742984854
        ]
      }
    },
    {
      "type": "Feature",
      "properties": {
        "monotonic_time": 49076.380764603615,
        "horizontal_accuracy": 4.748648898770677,
        "speed": 33.31266015097919,
        "course": 301.93023251872984,
        "synthetic": false
      },
      "geometry": {
        "type": "Point",
        "coordinates": [
          30.529324148871645,
          59.97811177850995
        ]
      }
    },
    {
      "type": "Feature",
      "properties": {
        "monotonic_time": 49077.380781292915,
        "horizontal_accuracy": 4.748648941993681,
        "speed": 33.14714196441434,
        "course": 301.8412250096627,
        "synthetic": false
      },
      "geometry": {
        "type": "Point",
        "coordinates": [
          30.52881249192387,
          59.97826985328122
        ]
      }
    },
    {
      "type": "Feature",
      "properties": {
        "monotonic_time": 49078.380797982216,
        "horizontal_accuracy": 4.748648914296682,
        "speed": 32.884518416665536,
        "course": 301.7418552549076,
        "synthetic": false
      },
      "geometry": {
        "type": "Point",
        "coordinates": [
          30.52830530215319,
          59.97842745458726
        ]
      }
    },
    {
      "type": "Feature",
      "properties": {
        "monotonic_time": 49079.38081371784,
        "horizontal_accuracy": 4.748648903609845,
        "speed": 32.56263638556623,
        "course": 301.5091493884531,
        "synthetic": false
      },
      "geometry": {
        "type": "Point",
        "coordinates": [
          30.52780479319223,
          59.978583112036674
        ]
      }
    },
    {
      "type": "Feature",
      "properties": {
        "monotonic_time": 49080.380830168724,
        "horizontal_accuracy": 4.7486488787015615,
        "speed": 32.36800767364584,
        "course": 301.55500210877454,
        "synthetic": false
      },
      "geometry": {
        "type": "Point",
        "coordinates": [
          30.527306134434127,
          59.97873695676334
        ]
      }
    },
    {
      "type": "Feature",
      "properties": {
        "monotonic_time": 49081.380846738815,
        "horizontal_accuracy": 4.748648851748733,
        "speed": 32.392302174624206,
        "course": 301.64053780733707,
        "synthetic": false
      },
      "geometry": {
        "type": "Point",
        "coordinates": [
          30.526805727586677,
          59.9788952618275
        ]
      }
    },
    {
      "type": "Feature",
      "properties": {
        "monotonic_time": 49082.38086307049,
        "horizontal_accuracy": 4.748648906512242,
        "speed": 32.18977188237668,
        "course": 301.6514750705465,
        "synthetic": false
      },
      "geometry": {
        "type": "Point",
        "coordinates": [
          30.5263162373974,
          59.97904843349572
        ]
      }
    },
    {
      "type": "Feature",
      "properties": {
        "monotonic_time": 49083.38087892532,
        "horizontal_accuracy": 4.748648917554633,
        "speed": 32.00277627973676,
        "course": 301.92487546011154,
        "synthetic": false
      },
      "geometry": {
        "type": "Point",
        "coordinates": [
          30.52583030294468,
          59.9791999316418
        ]
      }
    },
    {
      "type": "Feature",
      "properties": {
        "monotonic_time": 49084.38089513779,
        "horizontal_accuracy": 4.748648886114636,
        "speed": 32.03681381645713,
        "course": 301.9848620351508,
        "synthetic": false
      },
      "geometry": {
        "type": "Point",
        "coordinates": [
          30.525342117885955,
          59.97935141266292
        ]
      }
    },
    {
      "type": "Feature",
      "properties": {
        "monotonic_time": 49085.38091146946,
        "horizontal_accuracy": 4.74864888339306,
        "speed": 32.274131462900904,
        "course": 301.7954989524753,
        "synthetic": false
      },
      "geometry": {
        "type": "Point",
        "coordinates": [
          30.524851065869623,
          59.979504093766295
        ]
      }
    },
    {
      "type": "Feature",
      "properties": {
        "monotonic_time": 49086.38092815876,
        "horizontal_accuracy": 4.74864890453859,
        "speed": 32.306667217849274,
        "course": 301.1030408025626,
        "synthetic": false
      },
      "geometry": {
        "type": "Point",
        "coordinates": [
          30.524360539122902,
          59.9796497981784
        ]
      }
    },
    {
      "type": "Feature",
      "properties": {
        "monotonic_time": 49087.38094496727,
        "horizontal_accuracy": 4.748648971421805,
        "speed": 32.447200675663076,
        "course": 300.2016715480077,
        "synthetic": false
      },
      "geometry": {
        "type": "Point",
        "coordinates": [
          30.52386180070392,
          59.97979427331298
        ]
      }
    },
    {
      "type": "Feature",
      "properties": {
        "monotonic_time": 49088.38096117973,
        "horizontal_accuracy": 4.748649046308854,
        "speed": 32.83158691296895,
        "course": 298.73086006990917,
        "synthetic": false
      },
      "geometry": {
        "type": "Point",
        "coordinates": [
          30.523348138791853,
          59.979934968247115
        ]
      }
    },
    {
      "type": "Feature",
      "properties": {
        "monotonic_time": 49089.38097715378,
        "horizontal_accuracy": 4.748649035266743,
        "speed": 33.119984601504335,
        "course": 297.9848091586236,
        "synthetic": false
      },
      "geometry": {
        "type": "Point",
        "coordinates": [
          30.522829465371338,
          59.98007336909227
        ]
      }
    },
    {
      "type": "Feature",
      "properties": {
        "monotonic_time": 49090.38099360466,
        "horizontal_accuracy": 4.7486490443824145,
        "speed": 33.12828780734723,
        "course": 296.9022964998903,
        "synthetic": false
      },
      "geometry": {
        "type": "Point",
        "coordinates": [
          30.522302664264473,
          59.98020647596927
        ]
      }
    },
    {
      "type": "Feature",
      "properties": {
        "monotonic_time": 49091.381009578705,
        "horizontal_accuracy": 4.748649085127119,
        "speed": 33.143269168687304,
        "course": 296.08581367911097,
        "synthetic": false
      },
      "geometry": {
        "type": "Point",
        "coordinates": [
          30.521772608503053,
          59.98033611200535
        ]
      }
    },
    {
      "type": "Feature",
      "properties": {
        "monotonic_time": 49092.38102662563,
        "horizontal_accuracy": 4.7486491704562335,
        "speed": 33.08051510588782,
        "course": 295.105476028833,
        "synthetic": false
      },
      "geometry": {
        "type": "Point",
        "coordinates": [
          30.521240222464574,
          59.98046154501927
        ]
      }
    },
    {
      "type": "Feature",
      "properties": {
        "monotonic_time": 49093.38104212284,
        "horizontal_accuracy": 4.748649236914095,
        "speed": 33.12784200414898,
        "course": 294.38207120284056,
        "synthetic": false
      },
      "geometry": {
        "type": "Point",
        "coordinates": [
          30.520700053295872,
          59.98058480986756
        ]
      }
    },
    {
      "type": "Feature",
      "properties": {
        "monotonic_time": 49094.38105905056,
        "horizontal_accuracy": 4.74864922124249,
        "speed": 33.05124644099764,
        "course": 293.48852660258285,
        "synthetic": false
      },
      "geometry": {
        "type": "Point",
        "coordinates": [
          30.520159152218245,
          59.98070124379889
        ]
      }
    },
    {
      "type": "Feature",
      "properties": {
        "monotonic_time": 49095.38107526302,
        "horizontal_accuracy": 4.748649118037186,
        "speed": 33.01932485883437,
        "course": 292.4306879809428,
        "synthetic": false
      },
      "geometry": {
        "type": "Point",
        "coordinates": [
          30.519611244239492,
          59.98081344383026
        ]
      }
    },
    {
      "type": "Feature",
      "properties": {
        "monotonic_time": 49096.38109123707,
        "horizontal_accuracy": 4.748649045805309,
        "speed": 33.2908433162604,
        "course": 291.5648507948104,
        "synthetic": false
      },
      "geometry": {
        "type": "Point",
        "coordinates": [
          30.519049345056192,
          59.98092413677862
        ]
      }
    },
    {
      "type": "Feature",
      "properties": {
        "monotonic_time": 49097.38110804558,
        "horizontal_accuracy": 4.748648995095042,
        "speed": 33.59122008116259,
        "course": 290.5255987954393,
        "synthetic": false
      },
      "geometry": {
        "type": "Point",
        "coordinates": [
          30.5184874515001,
          59.98102832789028
        ]
      }
    },
    {
      "type": "Feature",
      "properties": {
        "monotonic_time": 49098.38112425804,
        "horizontal_accuracy": 4.748649000808738,
        "speed": 33.902397278733076,
        "course": 289.4221408996922,
        "synthetic": false
      },
      "geometry": {
        "type": "Point",
        "coordinates": [
          30.51791298373806,
          59.98113073786105
        ]
      }
    },
    {
      "type": "Feature",
      "properties": {
        "monotonic_time": 49099.381140232086,
        "horizontal_accuracy": 4.748649020415094,
        "speed": 34.045080393043065,
        "course": 288.73940241788,
        "synthetic": false
      },
      "geometry": {
        "type": "Point",
        "coordinates": [
          30.517333882629952,
          59.98122949822409
        ]
      }
    },
    {
      "type": "Feature",
      "properties": {
        "monotonic_time": 49100.38115680218,
        "horizontal_accuracy": 4.748649092711273,
        "speed": 34.14871257447157,
        "course": 287.765106154586,
        "synthetic": false
      },
      "geometry": {
        "type": "Point",
        "coordinates": [
          30.516746924811194,
          59.98132503525779
        ]
      }
    },
    {
      "type": "Feature",
      "properties": {
        "monotonic_time": 49101.38117313385,
        "horizontal_accuracy": 4.748649172692783,
        "speed": 34.28901791720283,
        "course": 286.47892115276346,
        "synthetic": false
      },
      "geometry": {
        "type": "Point",
        "coordinates": [
          30.516153140929955,
          59.98140955621924
        ]
      }
    },
    {
      "type": "Feature",
      "properties": {
        "monotonic_time": 49102.38118934631,
        "horizontal_accuracy": 4.748649238415421,
        "speed": 34.56714431011109,
        "course": 285.3195342667972,
        "synthetic": false
      },
      "geometry": {
        "type": "Point",
        "coordinates": [
          30.515546635444405,
          59.9814943213176
        ]
      }
    },
    {
      "type": "Feature",
      "properties": {
        "monotonic_time": 49103.38120627403,
        "horizontal_accuracy": 4.74864922523405,
        "speed": 34.95780355564356,
        "course": 284.5194554820674,
        "synthetic": false
      },
      "geometry": {
        "type": "Point",
        "coordinates": [
          30.514932452923713,
          59.981572493549116
        ]
      }
    },
    {
      "type": "Feature",
      "properties": {
        "monotonic_time": 49104.381222724915,
        "horizontal_accuracy": 4.748649269971618,
        "speed": 35.24998997818057,
        "course": 283.5830688402943,
        "synthetic": false
      },
      "geometry": {
        "type": "Point",
        "coordinates": [
          30.514311172684657,
          59.981648907955154
        ]
      }
    },
    {
      "type": "Feature",
      "properties": {
        "monotonic_time": 49105.38123881817,
        "horizontal_accuracy": 4.748649446531315,
        "speed": 35.0617234396808,
        "course": 282.999215210227,
        "synthetic": false
      },
      "geometry": {
        "type": "Point",
        "coordinates": [
          30.513693511013766,
          59.98172231003458
        ]
      }
    },
    {
      "type": "Feature",
      "properties": {
        "monotonic_time": 49106.381254553795,
        "horizontal_accuracy": 4.748649610448548,
        "speed": 35.051712744367364,
        "course": 281.7824971003897,
        "synthetic": false
      },
      "geometry": {
        "type": "Point",
        "coordinates": [
          30.51307514429466,
          59.98178598560099
        ]
      }
    },
    {
      "type": "Feature",
      "properties": {
        "monotonic_time": 49107.38127183914,
        "horizontal_accuracy": 4.748649741643082,
        "speed": 35.23587449856469,
        "course": 281.34063779550377,
        "synthetic": false
      },
      "geometry": {
        "type": "Point",
        "coordinates": [
          30.512457271508755,
          59.981848800578334
        ]
      }
    },
    {
      "type": "Feature",
      "properties": {
        "monotonic_time": 49108.38128757477,
        "horizontal_accuracy": 4.748649913603995,
        "speed": 35.243591106495636,
        "course": 281.1858736946466,
        "synthetic": false
      },
      "geometry": {
        "type": "Point",
        "coordinates": [
          30.511834783141857,
          59.98190741461983
        ]
      }
    },
    {
      "type": "Feature",
      "properties": {
        "monotonic_time": 49109.38130450249,
        "horizontal_accuracy": 4.748650018797758,
        "speed": 35.371426077914016,
        "course": 281.09212907294125,
        "synthetic": false
      },
      "geometry": {
        "type": "Point",
        "coordinates": [
          30.51121618954457,
          59.98196756009619
        ]
      }
    },
    {
      "type": "Feature",
      "properties": {
        "monotonic_time": 49110.381319999695,
        "horizontal_accuracy": 4.7486500714363205,
        "speed": 35.621706082512226,
        "course": 280.83048722110243,
        "synthetic": false
      },
      "geometry": {
        "type": "Point",
        "coordinates": [
          30.510594996070232,
          59.9820216224489
        ]
      }
    },
    {
      "type": "Feature",
      "properties": {
        "monotonic_time": 49111.381336808205,
        "horizontal_accuracy": 4.748650136174547,
        "speed": 36.12782898029907,
        "course": 281.194608615814,
        "synthetic": false
      },
      "geometry": {
        "type": "Point",
        "coordinates": [
          30.509958452770956,
          59.982080232032445
        ]
      }
    },
    {
      "type": "Feature",
      "properties": {
        "monotonic_time": 49112.381353616714,
        "horizontal_accuracy": 4.748650253040266,
        "speed": 36.41367748024895,
        "course": 282.12639353551793,
        "synthetic": false
      },
      "geometry": {
        "type": "Point",
        "coordinates": [
          30.509329855422227,
          59.98214727742466
        ]
      }
    },
    {
      "type": "Feature",
      "properties": {
        "monotonic_time": 49113.3813688755,
        "horizontal_accuracy": 4.748650471223597,
        "speed": 36.5102823587149,
        "course": 282.4462451688423,
        "synthetic": false
      },
      "geometry": {
        "type": "Point",
        "coordinates": [
          30.50869279817632,
          59.98221570037668
        ]
      }
    },
    {
      "type": "Feature",
      "properties": {
        "monotonic_time": 49114.381385326385,
        "horizontal_accuracy": 4.748650602259128,
        "speed": 36.083402354128914,
        "course": 281.65539231491135,
        "synthetic": false
      },
      "geometry": {
        "type": "Point",
        "coordinates": [
          30.50807200447165,
          59.982277656309144
        ]
      }
    },
    {
      "type": "Feature",
      "properties": {
        "monotonic_time": 49115.381402015686,
        "horizontal_accuracy": 4.74865051127331,
        "speed": 35.691754368086606,
        "course": 281.13388745124917,
        "synthetic": false
      },
      "geometry": {
        "type": "Point",
        "coordinates": [
          30.507444122299933,
          59.98234144487699
        ]
      }
    },
    {
      "type": "Feature",
      "properties": {
        "monotonic_time": 49116.38141822815,
        "horizontal_accuracy": 4.748650396208535,
        "speed": 35.482982147523956,
        "course": 280.6412552088723,
        "synthetic": false
      },
      "geometry": {
        "type": "Point",
        "coordinates": [
          30.506821929447284,
          59.982400284120665
        ]
      }
    },
    {
      "type": "Feature",
      "properties": {
        "monotonic_time": 49117.38143479824,
        "horizontal_accuracy": 4.748650252818737,
        "speed": 35.047328960158445,
        "course": 280.972811691385,
        "synthetic": false
      },
      "geometry": {
        "type": "Point",
        "coordinates": [
          30.50620960093983,
          59.982459993017464
        ]
      }
    },
    {
      "type": "Feature",
      "properties": {
        "monotonic_time": 49118.381450653076,
        "horizontal_accuracy": 4.7486502092914105,
        "speed": 34.787493487027234,
        "course": 281.20162355970484,
        "synthetic": false
      },
      "geometry": {
        "type": "Point",
        "coordinates": [
          30.50559692811123,
          59.98251796916366
        ]
      }
    },
    {
      "type": "Feature",
      "properties": {
        "monotonic_time": 49119.38146686554,
        "horizontal_accuracy": 4.748650151172563,
        "speed": 34.62060435125686,
        "course": 281.91750933812403,
        "synthetic": false
      },
      "geometry": {
        "type": "Point",
        "coordinates": [
          30.504992990813168,
          59.98257932037002
        ]
      }
    },
    {
      "type": "Feature",
      "properties": {
        "monotonic_time": 49120.38148367405,
        "horizontal_accuracy": 4.7486501849341165,
        "speed": 34.356654558167406,
        "course": 283.6627502441406,
        "synthetic": false
      },
      "geometry": {
        "type": "Point",
        "coordinates": [
          30.50439764935041,
          59.982646068219694
        ]
      }
    },
    {
      "type": "Feature",
      "properties": {
        "monotonic_time": 49121.38150000572,
        "horizontal_accuracy": 4.7486502410238085,
        "speed": 34.0819101694444,
        "course": 283.6627502441406,
        "synthetic": false
      },
      "geometry": {
        "type": "Point",
        "coordinates": [
          30.503812080869974,
          59.982716409231095
        ]
      }
    },
    {
      "type": "Feature",
      "properties": {
        "monotonic_time": 49122.381516218185,
        "horizontal_accuracy": 4.748650382161673,
        "speed": 33.650776123674575,
        "course": 283.6627502441406,
        "synthetic": false
      },
      "geometry": {
        "type": "Point",
        "coordinates": [
          30.503236255860244,
          59.98278963876906
        ]
      }
    },
    {
      "type": "Feature",
      "properties": {
        "monotonic_time": 49123.381532907486,
        "horizontal_accuracy": 4.748650451383781,
        "speed": 32.83845261890884,
        "course": 283.661376953125,
        "synthetic": false
      },
      "geometry": {
        "type": "Point",
        "coordinates": [
          30.502676648529732,
          59.98286420926832
        ]
      }
    },
    {
      "type": "Feature",
      "properties": {
        "monotonic_time": 49124.38154959679,
        "horizontal_accuracy": 4.748650424279546,
        "speed": 31.42895284851957,
        "course": 283.661376953125,
        "synthetic": false
      },
      "geometry": {
        "type": "Point",
        "coordinates": [
          30.5021472412082,
          59.98294203430494
        ]
      }
    },
    {
      "type": "Feature",
      "properties": {
        "monotonic_time": 49125.38156533241,
        "horizontal_accuracy": 4.748650460052437,
        "speed": 29.55640160286632,
        "course": 286.1105041503906,
        "synthetic": false
      },
      "geometry": {
        "type": "Point",
        "coordinates": [
          30.50165256533218,
          59.98301552566645
        ]
      }
    },
    {
      "type": "Feature",
      "properties": {
        "monotonic_time": 49126.381581544876,
        "horizontal_accuracy": 4.748650650750213,
        "speed": 27.34135163710053,
        "course": 287.842041015625,
        "synthetic": false
      },
      "geometry": {
        "type": "Point",
        "coordinates": [
          30.50118956314877,
          59.98308896829837
        ]
      }
    },
    {
      "type": "Feature",
      "properties": {
        "monotonic_time": 49127.381598353386,
        "horizontal_accuracy": 4.748650646640966,
        "speed": 25.06846882076968,
        "course": 287.842041015625,
        "synthetic": false
      },
      "geometry": {
        "type": "Point",
        "coordinates": [
          30.500771232887956,
          59.983160567532245
        ]
      }
    },
    {
      "type": "Feature",
      "properties": {
        "monotonic_time": 49128.38161468506,
        "horizontal_accuracy": 4.7486503953931605,
        "speed": 24.053637857105226,
        "course": 291.947021484375,
        "synthetic": false
      },
      "geometry": {
        "type": "Point",
        "coordinates": [
          30.50039225152368,
          59.98324172540861
        ]
      }
    },
    {
      "type": "Feature",
      "properties": {
        "monotonic_time": 49129.38163101673,
        "horizontal_accuracy": 4.748650208531612,
        "speed": 24.013755884282578,
        "course": 291.947021484375,
        "synthetic": false
      },
      "geometry": {
        "type": "Point",
        "coordinates": [
          30.500009293665354,
          59.98333086370398
        ]
      }
    },
    {
      "type": "Feature",
      "properties": {
        "monotonic_time": 49130.381647109985,
        "horizontal_accuracy": 4.748650075172688,
        "speed": 24.312261550795608,
        "course": 295.2750549316406,
        "synthetic": false
      },
      "geometry": {
        "type": "Point",
        "coordinates": [
          30.499615679323558,
          59.98342399445237
        ]
      }
    },
    {
      "type": "Feature",
      "properties": {
        "monotonic_time": 49131.38166332245,
        "horizontal_accuracy": 4.748650017945648,
        "speed": 24.527289397477443,
        "course": 295.2800598144531,
        "synthetic": false
      },
      "geometry": {
        "type": "Point",
        "coordinates": [
          30.499221549440982,
          59.98351438542334
        ]
      }
    },
    {
      "type": "Feature",
      "properties": {
        "monotonic_time": 49132.38168025017,
        "horizontal_accuracy": 4.748649944439656,
        "speed": 24.95592682280664,
        "course": 295.2800598144531,
        "synthetic": false
      },
      "geometry": {
        "type": "Point",
        "coordinates": [
          30.498814650916664,
          59.98360712717482
        ]
      }
    },
    {
      "type": "Feature",
      "properties": {
        "monotonic_time": 49133.38169658184,
        "horizontal_accuracy": 3.374324703888835,
        "speed": 25.396371790702293,
        "course": 295.2800598144531,
        "synthetic": false
      },
      "geometry": {
        "type": "Point",
        "coordinates": [
          30.49840534983158,
          59.983705766246416
        ]
      }
    },
    {
      "type": "Feature",
      "properties": {
        "monotonic_time": 49134.38171219826,
        "horizontal_accuracy": 2.3390215823469074,
        "speed": 26.102538555522944,
        "course": 299.2424011230469,
        "synthetic": false
      },
      "geometry": {
        "type": "Point",
        "coordinates": [
          30.49798621241048,
          59.98381186782173
        ]
      }
    },
    {
      "type": "Feature",
      "properties": {
        "monotonic_time": 49135.38172864914,
        "horizontal_accuracy": 2.2992478641348884,
        "speed": 26.815647492194845,
        "course": 299.1219482421875,
        "synthetic": false
      },
      "geometry": {
        "type": "Point",
        "coordinates": [
          30.497563761513298,
          59.983928832169404
        ]
      }
    },
    {
      "type": "Feature",
      "properties": {
        "monotonic_time": 49136.38174521923,
        "horizontal_accuracy": 2.891597363349461,
        "speed": 27.51213120114138,
        "course": 299.1219482421875,
        "synthetic": false
      },
      "geometry": {
        "type": "Point",
        "coordinates": [
          30.49713509423561,
          59.98405369302744
        ]
      }
    },
    {
      "type": "Feature",
      "properties": {
        "monotonic_time": 49137.381761312485,
        "horizontal_accuracy": 2.790061472382525,
        "speed": 28.084526034172196,
        "course": 303.93890380859375,
        "synthetic": false
      },
      "geometry": {
        "type": "Point",
        "coordinates": [
          30.496698229175077,
          59.98418564733571
        ]
      }
    },
    {
      "type": "Feature",
      "properties": {
        "monotonic_time": 49138.38177776337,
        "horizontal_accuracy": 2.560017819172827,
        "speed": 28.58722507359104,
        "course": 303.8370361328125,
        "synthetic": false
      },
      "geometry": {
        "type": "Point",
        "coordinates": [
          30.4962595538019,
          59.984323051770986
        ]
      }
    },
    {
      "type": "Feature",
      "properties": {
        "monotonic_time": 49139.38179457188,
        "horizontal_accuracy": 3.2352224233585436,
        "speed": 28.795190789239875,
        "course": 303.8370361328125,
        "synthetic": false
      },
      "geometry": {
        "type": "Point",
        "coordinates": [
          30.495823045980938,
          59.98446808015852
        ]
      }
    },
    {
      "type": "Feature",
      "properties": {
        "monotonic_time": 49140.38181090355,
        "horizontal_accuracy": 3.383629547328547,
        "speed": 29.00756965384522,
        "course": 303.8370361328125,
        "synthetic": false
      },
      "geometry": {
        "type": "Point",
        "coordinates": [
          30.495384913546584,
          59.984616216020505
        ]
      }
    },
    {
      "type": "Feature",
      "properties": {
        "monotonic_time": 49141.38182723522,
        "horizontal_accuracy": 3.1231204769841883,
        "speed": 28.669199470434112,
        "course": 303.8370361328125,
        "synthetic": false
      },
      "geometry": {
        "type": "Point",
        "coordinates": [
          30.494960322593325,
          59.98476412865617
        ]
      }
    },
    {
      "type": "Feature",
      "properties": {
        "monotonic_time": 49142.38184297085,
        "horizontal_accuracy": 3.208846297473709,
        "speed": 28.201092964627783,
        "course": 308.008056640625,
        "synthetic": false
      },
      "geometry": {
        "type": "Point",
        "coordinates": [
          30.49454833814053,
          59.98491292796365
        ]
      }
    },
    {
      "type": "Feature",
      "properties": {
        "monotonic_time": 49143.38186001778,
        "horizontal_accuracy": 3.1063464786994124,
        "speed": 27.85346748359068,
        "course": 308.0499267578125,
        "synthetic": false
      },
      "geometry": {
        "type": "Point",
        "coordinates": [
          30.49414216943579,
          59.98506343910995
        ]
      }
    },
    {
      "type": "Feature",
      "properties": {
        "monotonic_time": 49144.38187599182,
        "horizontal_accuracy": 2.4745124526438462,
        "speed": 27.689876695713345,
        "course": 308.0499267578125,
        "synthetic": false
      },
      "geometry": {
        "type": "Point",
        "coordinates": [
          30.493746091496202,
          59.98521419589643
        ]
      }
    },
    {
      "type": "Feature",
      "properties": {
        "monotonic_time": 49145.38189256191,
        "horizontal_accuracy": 3.587997216985564,
        "speed": 27.627845598068088,
        "course": 308.0499267578125,
        "synthetic": false
      },
      "geometry": {
        "type": "Point",
        "coordinates": [
          30.49334922902987,
          59.98536622291198
        ]
      }
    },
    {
      "type": "Feature",
      "properties": {
        "monotonic_time": 49146.38042628765,
        "horizontal_accuracy": 3.062557587454291,
        "speed": 27.289661339037785,
        "course": 308.0499267578125,
        "synthetic": false
      },
      "geometry": {
        "type": "Point",
        "coordinates": [
          30.49296394608391,
          59.98551720532649
        ]
      }
    },
    {
      "type": "Feature",
      "properties": {
        "monotonic_time": 49147.37985646725,
        "horizontal_accuracy": 3.2832934236199756,
        "speed": 26.85620869056998,
        "course": 308.0499267578125,
        "synthetic": false
      },
      "geometry": {
        "type": "Point",
        "coordinates": [
          30.492588879223508,
          59.985667783595545
        ]
      }
    },
    {
      "type": "Feature",
      "properties": {
        "monotonic_time": 49148.37987291813,
        "horizontal_accuracy": 3.413933202866395,
        "speed": 26.612603979960706,
        "course": 308.0499267578125,
        "synthetic": false
      },
      "geometry": {
        "type": "Point",
        "coordinates": [
          30.492223950922178,
          59.98581631863714
        ]
      }
    },
    {
      "type": "Feature",
      "properties": {
        "monotonic_time": 49149.380210995674,
        "horizontal_accuracy": 3.373285957322451,
        "speed": 26.40261221779777,
        "course": 310.3892517089844,
        "synthetic": false
      },
      "geometry": {
        "type": "Point",
        "coordinates": [
          30.491862930634145,
          59.98596681336552
        ]
      }
    },
    {
      "type": "Feature",
      "properties": {
        "monotonic_time": 49150.38079857826,
        "horizontal_accuracy": 3.3058384414987656,
        "speed": 26.113918017183135,
        "course": 310.2701110839844,
        "synthetic": false
      },
      "geometry": {
        "type": "Point",
        "coordinates": [
          30.491493176220793,
          59.98611819849379
        ]
      }
    },
    {
      "type": "Feature",
      "properties": {
        "monotonic_time": 49151.38081514835,
        "horizontal_accuracy": 3.16646297587253,
        "speed": 25.716678765578894,
        "course": 309.9433898925781,
        "synthetic": false
      },
      "geometry": {
        "type": "Point",
        "coordinates": [
          30.491144702066517,
          59.98627145237885
        ]
      }
    },
    {
      "type": "Feature",
      "properties": {
        "monotonic_time": 49152.37983810902,
        "horizontal_accuracy": 3.075901270131515,
        "speed": 25.416889685191215,
        "course": 309.7144470214844,
        "synthetic": false
      },
      "geometry": {
        "type": "Point",
        "coordinates": [
          30.490817686095838,
          59.98642907184939
        ]
      }
    },
    {
      "type": "Feature",
      "properties": {
        "monotonic_time": 49153.38016486168,
        "horizontal_accuracy": 2.999347097321421,
        "speed": 25.020297111423243,
        "course": 309.52978515625,
        "synthetic": false
      },
      "geometry": {
        "type": "Point",
        "coordinates": [
          30.49049462121849,
          59.98658392904858
        ]
      }
    },
    {
      "type": "Feature",
      "properties": {
        "monotonic_time": 49154.38018131256,
        "horizontal_accuracy": 2.9177794454227715,
        "speed": 24.527434674600535,
        "course": 307.6451110839844,
        "synthetic": false
      },
      "geometry": {
        "type": "Point",
        "coordinates": [
          30.4901775097598,
          59.98673281457274
        ]
      }
    },
    {
      "type": "Feature",
      "properties": {
        "monotonic_time": 49155.38061988354,
        "horizontal_accuracy": 2.8676617479618756,
        "speed": 24.060674416752935,
        "course": 312.61566719154104,
        "synthetic": false
      },
      "geometry": {
        "type": "Point",
        "coordinates": [
          30.48985998488025,
          59.986877452508175
        ]
      }
    },
    {
      "type": "Feature",
      "properties": {
        "monotonic_time": 49156.38001155853,
        "horizontal_accuracy": 2.9138188658330124,
        "speed": 23.680795169077697,
        "course": 312.79834724951195,
        "synthetic": false
      },
      "geometry": {
        "type": "Point",
        "coordinates": [
          30.489548327779435,
          59.9870219747837
        ]
      }
    },
    {
      "type": "Feature",
      "properties": {
        "monotonic_time": 49157.380028009415,
        "horizontal_accuracy": 2.7635467736749515,
        "speed": 23.196975565601722,
        "course": 312.96611896662637,
        "synthetic": false
      },
      "geometry": {
        "type": "Point",
        "coordinates": [
          30.489244424511796,
          59.98716405717644
        ]
      }
    },
    {
      "type": "Feature",
      "properties": {
        "monotonic_time": 49158.37985610962,
        "horizontal_accuracy": 2.767496161884273,
        "speed": 22.667518755503984,
        "course": 313.4305125054345,
        "synthetic": false
      },
      "geometry": {
        "type": "Point",
        "coordinates": [
          30.48894928847067,
          59.987305442858386
        ]
      }
    },
    {
      "type": "Feature",
      "properties": {
        "monotonic_time": 49159.3803075552,
        "horizontal_accuracy": 2.8007370295375926,
        "speed": 22.14604290822981,
        "course": 314.87548622171295,
        "synthetic": false
      },
      "geometry": {
        "type": "Point",
        "coordinates": [
          30.488664698000246,
          59.98744542703035
        ]
      }
    },
    {
      "type": "Feature",
      "properties": {
        "monotonic_time": 49160.380323171616,
        "horizontal_accuracy": 2.817898538722724,
        "speed": 21.632280219190413,
        "course": 317.35557106754356,
        "synthetic": false
      },
      "geometry": {
        "type": "Point",
        "coordinates": [
          30.488403155427168,
          59.98758903398142
        ]
      }
    },
    {
      "type": "Feature",
      "properties": {
        "monotonic_time": 49161.38033938408,
        "horizontal_accuracy": 2.894502618807659,
        "speed": 21.013308138835562,
        "course": 322.22606380823197,
        "synthetic": false
      },
      "geometry": {
        "type": "Point",
        "coordinates": [
          30.48816826656074,
          59.98773972976383
        ]
      }
    },
    {
      "type": "Feature",
      "properties": {
        "monotonic_time": 49162.38035655022,
        "horizontal_accuracy": 2.9604989178767878,
        "speed": 20.40621867170191,
        "course": 328.5880126953125,
        "synthetic": false
      },
      "geometry": {
        "type": "Point",
        "coordinates": [
          30.48797302705053,
          59.98790006915685
        ]
      }
    },
    {
      "type": "Feature",
      "properties": {
        "monotonic_time": 49163.38037288189,
        "horizontal_accuracy": 3.013361538313159,
        "speed": 19.848055506784586,
        "course": 340.22076416015625,
        "synthetic": false
      },
      "geometry": {
        "type": "Point",
        "coordinates": [
          30.48782459963397,
          59.988068079483554
        ]
      }
    },
    {
      "type": "Feature",
      "properties": {
        "monotonic_time": 49164.38038909435,
        "horizontal_accuracy": 3.1371495280900525,
        "speed": 19.348458258797667,
        "course": 340.22076416015625,
        "synthetic": false
      },
      "geometry": {
        "type": "Point",
        "coordinates": [
          30.487733774632137,
          59.98824098699318
        ]
      }
    },
    {
      "type": "Feature",
      "properties": {
        "monotonic_time": 49165.38040518761,
        "horizontal_accuracy": 2.8191225169126644,
        "speed": 19.471596005104505,
        "course": 356.06256103515625,
        "synthetic": false
      },
      "geometry": {
        "type": "Point",
        "coordinates": [
          30.48768653478684,
          59.988422297498595
        ]
      }
    },
    {
      "type": "Feature",
      "properties": {
        "monotonic_time": 49166.38042151928,
        "horizontal_accuracy": 3.151890165074999,
        "speed": 19.545637260937674,
        "course": 7.204748153686523,
        "synthetic": false
      },
      "geometry": {
        "type": "Point",
        "coordinates": [
          30.48769133345108,
          59.98860080616939
        ]
      }
    },
    {
      "type": "Feature",
      "properties": {
        "monotonic_time": 49167.38043785095,
        "horizontal_accuracy": 2.618964776337604,
        "speed": 19.742228234309213,
        "course": 7.204748153686523,
        "synthetic": false
      },
      "geometry": {
        "type": "Point",
        "coordinates": [
          30.487728777069556,
          59.98878348378597
        ]
      }
    },
    {
      "type": "Feature",
      "properties": {
        "monotonic_time": 49168.380453825,
        "horizontal_accuracy": 2.523778472349419,
        "speed": 19.820339368777557,
        "course": 6.958259582519531,
        "synthetic": false
      },
      "geometry": {
        "type": "Point",
        "coordinates": [
          30.48778821077317,
          59.98896081327374
        ]
      }
    },
    {
      "type": "Feature",
      "properties": {
        "monotonic_time": 49169.38047063351,
        "horizontal_accuracy": 2.4318997829793867,
        "speed": 20.02084173298414,
        "course": 7.556801795959473,
        "synthetic": false
      },
      "geometry": {
        "type": "Point",
        "coordinates": [
          30.487844573855057,
          59.9891433581535
        ]
      }
    },
    {
      "type": "Feature",
      "properties": {
        "monotonic_time": 49170.38048708439,
        "horizontal_accuracy": 2.3597836990920302,
        "speed": 19.903996096497693,
        "course": 7.077178001403809,
        "synthetic": false
      },
      "geometry": {
        "type": "Point",
        "coordinates": [
          30.487885603524532,
          59.989326192685866
        ]
      }
    },
    {
      "type": "Feature",
      "properties": {
        "monotonic_time": 49171.380502820015,
        "horizontal_accuracy": 2.337606954040898,
        "speed": 19.757691156466077,
        "course": 358.71563720703125,
        "synthetic": false
      },
      "geometry": {
        "type": "Point",
        "coordinates": [
          30.48789724566327,
          59.98950524094226
        ]
      }
    },
    {
      "type": "Feature",
      "properties": {
        "monotonic_time": 49172.3805192709,
        "horizontal_accuracy": 2.332100793315382,
        "speed": 19.979404150085347,
        "course": 358.71563720703125,
        "synthetic": false
      },
      "geometry": {
        "type": "Point",
        "coordinates": [
          30.487885618354188,
          59.98968865026021
        ]
      }
    },
    {
      "type": "Feature",
      "properties": {
        "monotonic_time": 49173.38053584099,
        "horizontal_accuracy": 2.3062991432520534,
        "speed": 20.075475124024038,
        "course": 350.0511779785156,
        "synthetic": false
      },
      "geometry": {
        "type": "Point",
        "coordinates": [
          30.48783193973834,
          59.98987155789809
        ]
      }
    },
    {
      "type": "Feature",
      "properties": {
        "monotonic_time": 49174.380551576614,
        "horizontal_accuracy": 2.498235845790024,
        "speed": 20.126181782419895,
        "course": 339.4473876953125,
        "synthetic": false
      },
      "geometry": {
        "type": "Point",
        "coordinates": [
          30.4877384492965,
          59.99004769992107
        ]
      }
    },
    {
      "type": "Feature",
      "properties": {
        "monotonic_time": 49175.38056850433,
        "horizontal_accuracy": 2.6375444027221935,
        "speed": 20.153791984530226,
        "course": 328.0978088378906,
        "synthetic": false
      },
      "geometry": {
        "type": "Point",
        "coordinates": [
          30.48757456991053,
          59.99021063305138
        ]
      }
    },
    {
      "type": "Feature",
      "properties": {
        "monotonic_time": 49176.38058435917,
        "horizontal_accuracy": 2.8395580118042063,
        "speed": 20.281822651658466,
        "course": 327.4554138183594,
        "synthetic": false
      },
      "geometry": {
        "type": "Point",
        "coordinates": [
          30.487365982801663,
          59.99036320542271
        ]
      }
    },
    {
      "type": "Feature",
      "properties": {
        "monotonic_time": 49177.38060104847,
        "horizontal_accuracy": 3.153442419611553,
        "speed": 20.267360403971878,
        "course": 318.0291748046875,
        "synthetic": false
      },
      "geometry": {
        "type": "Point",
        "coordinates": [
          30.48711380219729,
          59.99049728743524
        ]
      }
    },
    {
      "type": "Feature",
      "properties": {
        "monotonic_time": 49178.38061726093,
        "horizontal_accuracy": 3.077176025023253,
        "speed": 20.17744340989368,
        "course": 304.24444580078125,
        "synthetic": false
      },
      "geometry": {
        "type": "Point",
        "coordinates": [
          30.486832022836342,
          59.99061453526493
        ]
      }
    },
    {
      "type": "Feature",
      "properties": {
        "monotonic_time": 49179.380633711815,
        "horizontal_accuracy": 2.9809425048294145,
        "speed": 19.795664770290042,
        "course": 298.4239807128906,
        "synthetic": false
      },
      "geometry": {
        "type": "Point",
        "coordinates": [
          30.48652329165663,
          59.99070092611318
        ]
      }
    },
    {
      "type": "Feature",
      "properties": {
        "monotonic_time": 49180.38065004349,
        "horizontal_accuracy": 2.834906172912395,
        "speed": 19.585262998663076,
        "course": 287.29473876953125,
        "synthetic": false
      },
      "geometry": {
        "type": "Point",
        "coordinates": [
          30.48619845892589,
          59.9907704163585
        ]
      }
    },
    {
      "type": "Feature",
      "properties": {
        "monotonic_time": 49181.38066649437,
        "horizontal_accuracy": 2.817465375705462,
        "speed": 19.44542639402514,
        "course": 281.5074462890625,
        "synthetic": false
      },
      "geometry": {
        "type": "Point",
        "coordinates": [
          30.485852866510683,
          59.99081483208998
        ]
      }
    },
    {
      "type": "Feature",
      "properties": {
        "monotonic_time": 49182.38068258762,
        "horizontal_accuracy": 2.7360508720430405,
        "speed": 19.42820538361261,
        "course": 271.6568908691406,
        "synthetic": false
      },
      "geometry": {
        "type": "Point",
        "coordinates": [
          30.485500208066753,
          59.990841906068916
        ]
      }
    },
    {
      "type": "Feature",
      "properties": {
        "monotonic_time": 49183.380699276924,
        "horizontal_accuracy": 2.689807641472583,
        "speed": 19.236961871062473,
        "course": 270,
        "synthetic": false
      },
      "geometry": {
        "type": "Point",
        "coordinates": [
          30.485155031613658,
          59.990842999782664
        ]
      }
    },
    {
      "type": "Feature",
      "properties": {
        "monotonic_time": 49184.38071525097,
        "horizontal_accuracy": 2.626446085957986,
        "speed": 19.105349842096725,
        "course": 258.4080810546875,
        "synthetic": false
      },
      "geometry": {
        "type": "Point",
        "coordinates": [
          30.484814604656908,
          59.99081798876031
        ]
      }
    },
    {
      "type": "Feature",
      "properties": {
        "monotonic_time": 49185.38073134422,
        "horizontal_accuracy": 2.6031625077850347,
        "speed": 19.049818197625633,
        "course": 244.62368774414062,
        "synthetic": false
      },
      "geometry": {
        "type": "Point",
        "coordinates": [
          30.484487448883858,
          59.99076361458784
        ]
      }
    },
    {
      "type": "Feature",
      "properties": {
        "monotonic_time": 49186.38074862957,
        "horizontal_accuracy": 2.5762464602664497,
        "speed": 19.221413316893063,
        "course": 244.70875549316406,
        "synthetic": false
      },
      "geometry": {
        "type": "Point",
        "coordinates": [
          30.484167996031644,
          59.990692597790876
        ]
      }
    },
    {
      "type": "Feature",
      "properties": {
        "monotonic_time": 49187.38076400757,
        "horizontal_accuracy": 2.582011628665054,
        "speed": 19.63380762831078,
        "course": 237.48338317871094,
        "synthetic": false
      },
      "geometry": {
        "type": "Point",
        "coordinates": [
          30.483862617686974,
          59.9906020583984
        ]
      }
    },
    {
      "type": "Feature",
      "properties": {
        "monotonic_time": 49188.38078081608,
        "horizontal_accuracy": 2.588239348500401,
        "speed": 20.239590987147523,
        "course": 233.76593017578125,
        "synthetic": false
      },
      "geometry": {
        "type": "Point",
        "coordinates": [
          30.48356469000246,
          59.99049144404919
        ]
      }
    },
    {
      "type": "Feature",
      "properties": {
        "monotonic_time": 49189.38079690933,
        "horizontal_accuracy": 2.604455331696892,
        "speed": 20.73032107937906,
        "course": 233.48587036132812,
        "synthetic": false
      },
      "geometry": {
        "type": "Point",
        "coordinates": [
          30.48327868508689,
          59.990371225625545
        ]
      }
    },
    {
      "type": "Feature",
      "properties": {
        "monotonic_time": 49190.38081383705,
        "horizontal_accuracy": 2.6857991238968286,
        "speed": 21.397076962462776,
        "course": 233.71151733398438,
        "synthetic": false
      },
      "geometry": {
        "type": "Point",
        "coordinates": [
          30.482966075014065,
          59.9902503556809
        ]
      }
    },
    {
      "type": "Feature",
      "properties": {
        "monotonic_time": 49191.38083028793,
        "horizontal_accuracy": 2.7107431349607944,
        "speed": 22.198770844467873,
        "course": 236.5836639404297,
        "synthetic": false
      },
      "geometry": {
        "type": "Point",
        "coordinates": [
          30.48263691436237,
          59.99012681383757
        ]
      }
    },
    {
      "type": "Feature",
      "properties": {
        "monotonic_time": 49192.380846619606,
        "horizontal_accuracy": 2.7674270255727205,
        "speed": 22.798133424673637,
        "course": 237.0260009765625,
        "synthetic": false
      },
      "geometry": {
        "type": "Point",
        "coordinates": [
          30.482299209201695,
          59.99000857612197
        ]
      }
    },
    {
      "type": "Feature",
      "properties": {
        "monotonic_time": 49193.38086259365,
        "horizontal_accuracy": 2.778885454583285,
        "speed": 23.502708076148235,
        "course": 233.4670867919922,
        "synthetic": false
      },
      "geometry": {
        "type": "Point",
        "coordinates": [
          30.481955678716854,
          59.98988092522625
        ]
      }
    },
    {
      "type": "Feature",
      "properties": {
        "monotonic_time": 49194.380878686905,
        "horizontal_accuracy": 2.773678443616998,
        "speed": 23.94674728617467,
        "course": 233.56570434570312,
        "synthetic": false
      },
      "geometry": {
        "type": "Point",
        "coordinates": [
          30.481619788613422,
          59.98975190660226
        ]
      }
    },
    {
      "type": "Feature",
      "properties": {
        "monotonic_time": 49195.38089489937,
        "horizontal_accuracy": 2.8201911560477826,
        "speed": 24.542804304778805,
        "course": 233.5489501953125,
        "synthetic": false
      },
      "geometry": {
        "type": "Point",
        "coordinates": [
          30.48126823757659,
          59.98961787564774
        ]
      }
    },
    {
      "type": "Feature",
      "properties": {
        "monotonic_time": 49196.3809119463,
        "horizontal_accuracy": 2.831882686903304,
        "speed": 25.238815895652372,
        "course": 233.5362091064453,
        "synthetic": false
      },
      "geometry": {
        "type": "Point",
        "coordinates": [
          30.48089809823865,
          59.98948216055954
        ]
      }
    },
    {
      "type": "Feature",
      "properties": {
        "monotonic_time": 49197.38092827797,
        "horizontal_accuracy": 2.8714678611401876,
        "speed": 25.752403137731097,
        "course": 233.59951782226562,
        "synthetic": false
      },
      "geometry": {
        "type": "Point",
        "coordinates": [
          30.48053037691586,
          59.98934561018425
        ]
      }
    },
    {
      "type": "Feature",
      "properties": {
        "monotonic_time": 49198.380944252014,
        "horizontal_accuracy": 2.878920278122102,
        "speed": 25.772336538038815,
        "course": 233.72608947753906,
        "synthetic": false
      },
      "geometry": {
        "type": "Point",
        "coordinates": [
          30.480155665286585,
          59.98920755605596
        ]
      }
    },
    {
      "type": "Feature",
      "properties": {
        "monotonic_time": 49199.38096034527,
        "horizontal_accuracy": 2.833793505621136,
        "speed": 25.479565123793776,
        "course": 233.80563354492188,
        "synthetic": false
      },
      "geometry": {
        "type": "Point",
        "coordinates": [
          30.479782492801373,
          59.98907084740976
        ]
      }
    },
    {
      "type": "Feature",
      "properties": {
        "monotonic_time": 49200.3809773922,
        "horizontal_accuracy": 2.8558161512289053,
        "speed": 25.40797723444389,
        "course": 236.4778289794922,
        "synthetic": false
      },
      "geometry": {
        "type": "Point",
        "coordinates": [
          30.47941507304541,
          59.98893983233182
        ]
      }
    },
    {
      "type": "Feature",
      "properties": {
        "monotonic_time": 49201.38099300861,
        "horizontal_accuracy": 2.8409902444672657,
        "speed": 25.18976610351127,
        "course": 236.4863739013672,
        "synthetic": false
      },
      "geometry": {
        "type": "Point",
        "coordinates": [
          30.479040861950082,
          59.988812766620065
        ]
      }
    },
    {
      "type": "Feature",
      "properties": {
        "monotonic_time": 49202.38100981712,
        "horizontal_accuracy": 2.833494307432844,
        "speed": 24.260538465214957,
        "course": 236.36419677734375,
        "synthetic": false
      },
      "geometry": {
        "type": "Point",
        "coordinates": [
          30.478676955099573,
          59.98870115253172
        ]
      }
    },
    {
      "type": "Feature",
      "properties": {
        "monotonic_time": 49203.38102579117,
        "horizontal_accuracy": 2.7579233054573824,
        "speed": 24.13350049164635,
        "course": 246.94595336914062,
        "synthetic": false
      },
      "geometry": {
        "type": "Point",
        "coordinates": [
          30.478306808612466,
          59.98859846204003
        ]
      }
    },
    {
      "type": "Feature",
      "properties": {
        "monotonic_time": 49204.38104224205,
        "horizontal_accuracy": 2.685828500737896,
        "speed": 24.608964476371508,
        "course": 246.8571014404297,
        "synthetic": false
      },
      "geometry": {
        "type": "Point",
        "coordinates": [
          30.47790694590209,
          59.98850230860094
        ]
      }
    },
    {
      "type": "Feature",
      "properties": {
        "monotonic_time": 49205.381058335304,
        "horizontal_accuracy": 2.646606464393147,
        "speed": 24.91537523954587,
        "course": 246.9117889404297,
        "synthetic": false
      },
      "geometry": {
        "type": "Point",
        "coordinates": [
          30.47749809850016,
          59.9884123684673
        ]
      }
    },
    {
      "type": "Feature",
      "properties": {
        "monotonic_time": 49206.381075143814,
        "horizontal_accuracy": 2.6218327614165506,
        "speed": 25.193188149392657,
        "course": 252.04310607910156,
        "synthetic": false
      },
      "geometry": {
        "type": "Point",
        "coordinates": [
          30.477080326641037,
          59.988330053135236
        ]
      }
    },
    {
      "type": "Feature",
      "properties": {
        "monotonic_time": 49207.381091713905,
        "horizontal_accuracy": 2.5959804282977514,
        "speed": 25.395900441319345,
        "course": 252.0609130859375,
        "synthetic": false
      },
      "geometry": {
        "type": "Point",
        "coordinates": [
          30.476658994358854,
          59.98825686451174
        ]
      }
    },
    {
      "type": "Feature",
      "properties": {
        "monotonic_time": 49208.38110768795,
        "horizontal_accuracy": 2.5807257180718914,
        "speed": 25.74964724630103,
        "course": 257.8431701660156,
        "synthetic": false
      },
      "geometry": {
        "type": "Point",
        "coordinates": [
          30.47621491974764,
          59.988186472802084
        ]
      }
    },
    {
      "type": "Feature",
      "properties": {
        "monotonic_time": 49209.381123423576,
        "horizontal_accuracy": 2.56479999445599,
        "speed": 25.560333817546255,
        "course": 258.19940185546875,
        "synthetic": false
      },
      "geometry": {
        "type": "Point",
        "coordinates": [
          30.475772207053065,
          59.98812583512163
        ]
      }
    },
    {
      "type": "Feature",
      "properties": {
        "monotonic_time": 49210.38114011288,
        "horizontal_accuracy": 2.5396954158066665,
        "speed": 25.202519286804957,
        "course": 258.2933349609375,
        "synthetic": false
      },
      "geometry": {
        "type": "Point",
        "coordinates": [
          30.475336525262172,
          59.988068739803445
        ]
      }
    },
    {
      "type": "Feature",
      "properties": {
        "monotonic_time": 49211.38115656376,
        "horizontal_accuracy": 2.5236746804629338,
        "speed": 24.720341623537873,
        "course": 261.2691955566406,
        "synthetic": false
      },
      "geometry": {
        "type": "Point",
        "coordinates": [
          30.474907130886056,
          59.9880404222008
        ]
      }
    },
    {
      "type": "Feature",
      "properties": {
        "monotonic_time": 49212.381172537804,
        "horizontal_accuracy": 2.4954768092352055,
        "speed": 24.505056306375955,
        "course": 260.7529602050781,
        "synthetic": false
      },
      "geometry": {
        "type": "Point",
        "coordinates": [
          30.474473529089835,
          59.98800627296866
        ]
      }
    },
    {
      "type": "Feature",
      "properties": {
        "monotonic_time": 49213.381188869476,
        "horizontal_accuracy": 2.4457026785701212,
        "speed": 24.39806500713097,
        "course": 262.3204650878906,
        "synthetic": false
      },
      "geometry": {
        "type": "Point",
        "coordinates": [
          30.474038732137622,
          59.98797482007868
        ]
      }
    },
    {
      "type": "Feature",
      "properties": {
        "monotonic_time": 49214.381206035614,
        "horizontal_accuracy": 2.369708167482839,
        "speed": 22.55894493431865,
        "course": 265.4113464355469,
        "synthetic": false
      },
      "geometry": {
        "type": "Point",
        "coordinates": [
          30.473649923642267,
          59.98793943256329
        ]
      }
    },
    {
      "type": "Feature",
      "properties": {
        "monotonic_time": 49215.38122165203,
        "horizontal_accuracy": 2.18837330197096,
        "speed": 19.48436500350919,
        "course": 265.4113464355469,
        "synthetic": false
      },
      "geometry": {
        "type": "Point",
        "coordinates": [
          30.47332052216435,
          59.987930314372036
        ]
      }
    },
    {
      "type": "Feature",
      "properties": {
        "monotonic_time": 49216.38123810291,
        "horizontal_accuracy": 2.1052802492429894,
        "speed": 17.91924059360109,
        "course": 265.4113464355469,
        "synthetic": false
      },
      "geometry": {
        "type": "Point",
        "coordinates": [
          30.473012102863557,
          59.987920490811156
        ]
      }
    },
    {
      "type": "Feature",
      "properties": {
        "monotonic_time": 49217.381254673004,
        "horizontal_accuracy": 2.0444438046247067,
        "speed": 17.170425752930583,
        "course": 269.326904296875,
        "synthetic": false
      },
      "geometry": {
        "type": "Point",
        "coordinates": [
          30.472711456730757,
          59.987913208703766
        ]
      }
    },
    {
      "type": "Feature",
      "properties": {
        "monotonic_time": 49218.38127088547,
        "horizontal_accuracy": 2.0000014573250313,
        "speed": 16.863529450680574,
        "course": 269.5226745605469,
        "synthetic": false
      },
      "geometry": {
        "type": "Point",
        "coordinates": [
          30.47241276635893,
          59.98791298062295
        ]
      }
    },
    {
      "type": "Feature",
      "properties": {
        "monotonic_time": 49219.38128697872,
        "horizontal_accuracy": 2.0000005010751924,
        "speed": 16.57187966439733,
        "course": 274.84210205078125,
        "synthetic": false
      },
      "geometry": {
        "type": "Point",
        "coordinates": [
          30.472113160878965,
          59.987918750100675
        ]
      }
    },
    {
      "type": "Feature",
      "properties": {
        "monotonic_time": 49220.38130366802,
        "horizontal_accuracy": 2.0000001419745357,
        "speed": 15.311518085818768,
        "course": 274.744873046875,
        "synthetic": false
      },
      "geometry": {
        "type": "Point",
        "coordinates": [
          30.471839676437636,
          59.987926307833995
        ]
      }
    },
    {
      "type": "Feature",
      "properties": {
        "monotonic_time": 49221.381319761276,
        "horizontal_accuracy": 2.0191535063616604,
        "speed": 14.582919145520103,
        "course": 273.8664245605469,
        "synthetic": false
      },
      "geometry": {
        "type": "Point",
        "coordinates": [
          30.471578633790287,
          59.98793307182909
        ]
      }
    },
    {
      "type": "Feature",
      "properties": {
        "monotonic_time": 49222.38133609295,
        "horizontal_accuracy": 1.9999998916339432,
        "speed": 14.385670967101925,
        "course": 273.683837890625,
        "synthetic": false
      },
      "geometry": {
        "type": "Point",
        "coordinates": [
          30.47132587549243,
          59.98795620918877
        ]
      }
    },
    {
      "type": "Feature",
      "properties": {
        "monotonic_time": 49223.38135266304,
        "horizontal_accuracy": 1.9999998456645391,
        "speed": 14.255274143604648,
        "course": 274.6026306152344,
        "synthetic": false
      },
      "geometry": {
        "type": "Point",
        "coordinates": [
          30.471067602466363,
          59.98796471788156
        ]
      }
    },
    {
      "type": "Feature",
      "properties": {
        "monotonic_time": 49224.38136911392,
        "horizontal_accuracy": 1.999999838635093,
        "speed": 13.927904928885846,
        "course": 274.6695556640625,
        "synthetic": false
      },
      "geometry": {
        "type": "Point",
        "coordinates": [
          30.470818959918116,
          59.9879748856586
        ]
      }
    },
    {
      "type": "Feature",
      "properties": {
        "monotonic_time": 49225.381385445595,
        "horizontal_accuracy": 1.9999998539165316,
        "speed": 13.584881744982766,
        "course": 273.9761657714844,
        "synthetic": false
      },
      "geometry": {
        "type": "Point",
        "coordinates": [
          30.470575628539805,
          59.98798847774721
        ]
      }
    },
    {
      "type": "Feature",
      "properties": {
        "monotonic_time": 49226.38140130043,
        "horizontal_accuracy": 1.9999998674833075,
        "speed": 13.23470394755687,
        "course": 278.87884521484375,
        "synthetic": false
      },
      "geometry": {
        "type": "Point",
        "coordinates": [
          30.470332881939044,
          59.98800147896233
        ]
      }
    },
    {
      "type": "Feature",
      "properties": {
        "monotonic_time": 49227.38141822815,
        "horizontal_accuracy": 1.9999998983092873,
        "speed": 13.105095746896836,
        "course": 278.87884521484375,
        "synthetic": false
      },
      "geometry": {
        "type": "Point",
        "coordinates": [
          30.470085290303558,
          59.98801537548825
        ]
      }
    },
    {
      "type": "Feature",
      "properties": {
        "monotonic_time": 49228.38143444061,
        "horizontal_accuracy": 1.9999999054234965,
        "speed": 12.749994893247186,
        "course": 278.87884521484375,
        "synthetic": false
      },
      "geometry": {
        "type": "Point",
        "coordinates": [
          30.46986078456792,
          59.98803441715684
        ]
      }
    },
    {
      "type": "Feature",
      "properties": {
        "monotonic_time": 49229.38145029545,
        "horizontal_accuracy": 1.99999992727366,
        "speed": 12.520322518317514,
        "course": 278.87884521484375,
        "synthetic": false
      },
      "geometry": {
        "type": "Point",
        "coordinates": [
          30.46964138306026,
          59.98805389662499
        ]
      }
    },
    {
      "type": "Feature",
      "properties": {
        "monotonic_time": 49230.38146674633,
        "horizontal_accuracy": 1.999999937457662,
        "speed": 12.642085780028477,
        "course": 278.9258728027344,
        "synthetic": false
      },
      "geometry": {
        "type": "Point",
        "coordinates": [
          30.469412897457087,
          59.9880733169892
        ]
      }
    },
    {
      "type": "Feature",
      "properties": {
        "monotonic_time": 49231.381482958794,
        "horizontal_accuracy": 1.9999999355068538,
        "speed": 12.345073853001614,
        "course": 278.9258728027344,
        "synthetic": false
      },
      "geometry": {
        "type": "Point",
        "coordinates": [
          30.46919954776418,
          59.988092137459205
        ]
      }
    },
    {
      "type": "Feature",
      "properties": {
        "monotonic_time": 49232.38150024414,
        "horizontal_accuracy": 1.9999999512491635,
        "speed": 12.119836374424201,
        "course": 278.88153076171875,
        "synthetic": false
      },
      "geometry": {
        "type": "Point",
        "coordinates": [
          30.468984716767274,
          59.98811164587522
        ]
      }
    },
    {
      "type": "Feature",
      "properties": {
        "monotonic_time": 49233.381516456604,
        "horizontal_accuracy": 1.9999999624275622,
        "speed": 11.75402255439856,
        "course": 278.88153076171875,
        "synthetic": false
      },
      "geometry": {
        "type": "Point",
        "coordinates": [
          30.468780784206007,
          59.98812574355735
        ]
      }
    },
    {
      "type": "Feature",
      "properties": {
        "monotonic_time": 49234.38153219223,
        "horizontal_accuracy": 1.9999999831667326,
        "speed": 11.522738124333188,
        "course": 278.88153076171875,
        "synthetic": false
      },
      "geometry": {
        "type": "Point",
        "coordinates": [
          30.468575666839694,
          59.98813950418359
        ]
      }
    },
    {
      "type": "Feature",
      "properties": {
        "monotonic_time": 49235.38154888153,
        "horizontal_accuracy": 1.9999999871110323,
        "speed": 11.290698559905204,
        "course": 278.8167724609375,
        "synthetic": false
      },
      "geometry": {
        "type": "Point",
        "coordinates": [
          30.468377433679535,
          59.98815309684855
        ]
      }
    },
    {
      "type": "Feature",
      "properties": {
        "monotonic_time": 49236.381565093994,
        "horizontal_accuracy": 1.9999999944104996,
        "speed": 10.961184877717068,
        "course": 278.8167724609375,
        "synthetic": false
      },
      "geometry": {
        "type": "Point",
        "coordinates": [
          30.468190346264482,
          59.988168621636376
        ]
      }
    },
    {
      "type": "Feature",
      "properties": {
        "monotonic_time": 49237.38158118725,
        "horizontal_accuracy": 2.0000000074764115,
        "speed": 10.641242913651999,
        "course": 277.7085876464844,
        "synthetic": false
      },
      "geometry": {
        "type": "Point",
        "coordinates": [
          30.468006178478298,
          59.98818170431796
        ]
      }
    },
    {
      "type": "Feature",
      "properties": {
        "monotonic_time": 49238.38159751892,
        "horizontal_accuracy": 2.2068372543961634,
        "speed": 10.478704797690744,
        "course": 277.7085876464844,
        "synthetic": false
      },
      "geometry": {
        "type": "Point",
        "coordinates": [
          30.46781594462564,
          59.988195060781315
        ]
      }
    },
    {
      "type": "Feature",
      "properties": {
        "monotonic_time": 49239.38161456585,
        "horizontal_accuracy": 2.115981250680571,
        "speed": 10.283845637975945,
        "course": 277.7085876464844,
        "synthetic": false
      },
      "geometry": {
        "type": "Point",
        "coordinates": [
          30.467635009028157,
          59.98820847021718
        ]
      }
    },
    {
      "type": "Feature",
      "properties": {
        "monotonic_time": 49240.381630182266,
        "horizontal_accuracy": 2.2442914019863394,
        "speed": 10.138367482700748,
        "course": 277.7085876464844,
        "synthetic": false
      },
      "geometry": {
        "type": "Point",
        "coordinates": [
          30.467457877812848,
          59.98822146098697
        ]
      }
    },
    {
      "type": "Feature",
      "properties": {
        "monotonic_time": 49241.381647229195,
        "horizontal_accuracy": 2.157592956274319,
        "speed": 9.991080438193201,
        "course": 277.7085876464844,
        "synthetic": false
      },
      "geometry": {
        "type": "Point",
        "coordinates": [
          30.467285603383704,
          59.98823616374528
        ]
      }
    },
    {
      "type": "Feature",
      "properties": {
        "monotonic_time": 49242.38166296482,
        "horizontal_accuracy": 2.0901657930872686,
        "speed": 10.191315734346624,
        "course": 277.7085876464844,
        "synthetic": false
      },
      "geometry": {
        "type": "Point",
        "coordinates": [
          30.467105480960498,
          59.988250040452506
        ]
      }
    },
    {
      "type": "Feature",
      "properties": {
        "monotonic_time": 49243.38167965412,
        "horizontal_accuracy": 2.051472322829576,
        "speed": 10.631126737967092,
        "course": 279.71957509187786,
        "synthetic": false
      },
      "geometry": {
        "type": "Point",
        "coordinates": [
          30.466922617236854,
          59.98826663249443
        ]
      }
    },
    {
      "type": "Feature",
      "properties": {
        "monotonic_time": 49244.381695866585,
        "horizontal_accuracy": 2.0290190363185236,
        "speed": 10.662763241062315,
        "course": 280.05338279006907,
        "synthetic": false
      },
      "geometry": {
        "type": "Point",
        "coordinates": [
          30.46673979487623,
          59.988283314455465
        ]
      }
    },
    {
      "type": "Feature",
      "properties": {
        "monotonic_time": 49245.38171231747,
        "horizontal_accuracy": 2.1198121201107436,
        "speed": 10.759067198612241,
        "course": 279.8248946501212,
        "synthetic": false
      },
      "geometry": {
        "type": "Point",
        "coordinates": [
          30.466550958258523,
          59.98829911952801
        ]
      }
    },
    {
      "type": "Feature",
      "properties": {
        "monotonic_time": 49246.38172888756,
        "horizontal_accuracy": 2.0660318930864787,
        "speed": 10.876182843283381,
        "course": 279.2794105443801,
        "synthetic": false
      },
      "geometry": {
        "type": "Point",
        "coordinates": [
          30.466357339490674,
          59.98831441820762
        ]
      }
    },
    {
      "type": "Feature",
      "properties": {
        "monotonic_time": 49247.3817448616,
        "horizontal_accuracy": 2.036065588949788,
        "speed": 11.196201999248967,
        "course": 278.169349057378,
        "synthetic": false
      },
      "geometry": {
        "type": "Point",
        "coordinates": [
          30.466156241604818,
          59.9883278426591
        ]
      }
    },
    {
      "type": "Feature",
      "properties": {
        "monotonic_time": 49248.38176071644,
        "horizontal_accuracy": 2.38657836067165,
        "speed": 11.509070660261543,
        "course": 277.8075116895884,
        "synthetic": false
      },
      "geometry": {
        "type": "Point",
        "coordinates": [
          30.4659518701313,
          59.9883419159167
        ]
      }
    },
    {
      "type": "Feature",
      "properties": {
        "monotonic_time": 49249.38177752495,
        "horizontal_accuracy": 2.205603362275021,
        "speed": 11.827080155614562,
        "course": 278.20374078009405,
        "synthetic": false
      },
      "geometry": {
        "type": "Point",
        "coordinates": [
          30.465739937305734,
          59.98835818526187
        ]
      }
    },
    {
      "type": "Feature",
      "properties": {
        "monotonic_time": 49250.38179433346,
        "horizontal_accuracy": 2.1886512644906664,
        "speed": 12.098113203674128,
        "course": 278.57156049056624,
        "synthetic": false
      },
      "geometry": {
        "type": "Point",
        "coordinates": [
          30.465523012017695,
          59.98837400712226
        ]
      }
    },
    {
      "type": "Feature",
      "properties": {
        "monotonic_time": 49251.38181042671,
        "horizontal_accuracy": 2.0981386829664883,
        "speed": 12.136760834388497,
        "course": 278.99285966540253,
        "synthetic": false
      },
      "geometry": {
        "type": "Point",
        "coordinates": [
          30.465306877920412,
          59.98839128117665
        ]
      }
    },
    {
      "type": "Feature",
      "properties": {
        "monotonic_time": 49252.381826639175,
        "horizontal_accuracy": 2.4972299756491685,
        "speed": 11.62464105886301,
        "course": 279.31830202653447,
        "synthetic": false
      },
      "geometry": {
        "type": "Point",
        "coordinates": [
          30.465100093449635,
          59.988406800899206
        ]
      }
    },
    {
      "type": "Feature",
      "properties": {
        "monotonic_time": 49253.3818423748,
        "horizontal_accuracy": 2.2659033277582314,
        "speed": 11.191644239596922,
        "course": 279.5512594168112,
        "synthetic": false
      },
      "geometry": {
        "type": "Point",
        "coordinates": [
          30.46490402297329,
          59.988423597484825
        ]
      }
    },
    {
      "type": "Feature",
      "properties": {
        "monotonic_time": 49254.3818590641,
        "horizontal_accuracy": 2.3987242341904125,
        "speed": 11.120303431258607,
        "course": 279.2322571407436,
        "synthetic": false
      },
      "geometry": {
        "type": "Point",
        "coordinates": [
          30.464705309157164,
          59.98843985156796
        ]
      }
    },
    {
      "type": "Feature",
      "properties": {
        "monotonic_time": 49255.381875276566,
        "horizontal_accuracy": 2.2175505900209544,
        "speed": 11.194699664867578,
        "course": 278.7889966034784,
        "synthetic": false
      },
      "geometry": {
        "type": "Point",
        "coordinates": [
          30.46450773114465,
          59.98845520196196
        ]
      }
    },
    {
      "type": "Feature",
      "properties": {
        "monotonic_time": 49256.38189172745,
        "horizontal_accuracy": 2.1181327816634954,
        "speed": 11.304961538826435,
        "course": 278.3573968885043,
        "synthetic": false
      },
      "geometry": {
        "type": "Point",
        "coordinates": [
          30.464307537216634,
          59.988469810519994
        ]
      }
    },
    {
      "type": "Feature",
      "properties": {
        "monotonic_time": 49257.381908774376,
        "horizontal_accuracy": 2.063743230860643,
        "speed": 11.394704230828866,
        "course": 278.04948666008534,
        "synthetic": false
      },
      "geometry": {
        "type": "Point",
        "coordinates": [
          30.464105127822062,
          59.9884839543971
        ]
      }
    },
    {
      "type": "Feature",
      "properties": {
        "monotonic_time": 49258.38192474842,
        "horizontal_accuracy": 2.034245281496665,
        "speed": 11.346848807648692,
        "course": 277.97514031402636,
        "synthetic": false
      },
      "geometry": {
        "type": "Point",
        "coordinates": [
          30.463902443112598,
          59.98849741605512
        ]
      }
    },
    {
      "type": "Feature",
      "properties": {
        "monotonic_time": 49259.38194131851,
        "horizontal_accuracy": 2.0183533780867227,
        "speed": 11.052494071080497,
        "course": 278.41340622777943,
        "synthetic": false
      },
      "geometry": {
        "type": "Point",
        "coordinates": [
          30.463703815713895,
          59.98851307150708
        ]
      }
    },
    {
      "type": "Feature",
      "properties": {
        "monotonic_time": 49260.38195729256,
        "horizontal_accuracy": 2.010048978629554,
        "speed": 10.475719380576857,
        "course": 278.86814445784603,
        "synthetic": false
      },
      "geometry": {
        "type": "Point",
        "coordinates": [
          30.463518045768136,
          59.98852878429565
        ]
      }
    },
    {
      "type": "Feature",
      "properties": {
        "monotonic_time": 49261.38197410107,
        "horizontal_accuracy": 2.3088736035426565,
        "speed": 9.305337137759711,
        "course": 279.0731778271985,
        "synthetic": false
      },
      "geometry": {
        "type": "Point",
        "coordinates": [
          30.463352653022543,
          59.98854260928912
        ]
      }
    },
    {
      "type": "Feature",
      "properties": {
        "monotonic_time": 49262.38199007511,
        "horizontal_accuracy": 2.3622824918013214,
        "speed": 8.804343988579948,
        "course": 278.933687241115,
        "synthetic": false
      },
      "geometry": {
        "type": "Point",
        "coordinates": [
          30.4631901495431,
          59.988554610952754
        ]
      }
    },
    {
      "type": "Feature",
      "properties": {
        "monotonic_time": 49263.382006287575,
        "horizontal_accuracy": 2.286194576696922,
        "speed": 8.734474827195527,
        "course": 278.8009750878159,
        "synthetic": false
      },
      "geometry": {
        "type": "Point",
        "coordinates": [
          30.463034486062977,
          59.988566607287005
        ]
      }
    },
    {
      "type": "Feature",
      "properties": {
        "monotonic_time": 49264.382022976875,
        "horizontal_accuracy": 2.170708665494994,
        "speed": 8.999096048642363,
        "course": 278.51706089501795,
        "synthetic": false
      },
      "geometry": {
        "type": "Point",
        "coordinates": [
          30.462871536310644,
          59.98857846841884
        ]
      }
    },
    {
      "type": "Feature",
      "properties": {
        "monotonic_time": 49265.38203942776,
        "horizontal_accuracy": 2.100756443184682,
        "speed": 9.12121129998888,
        "course": 278.552504462985,
        "synthetic": false
      },
      "geometry": {
        "type": "Point",
        "coordinates": [
          30.46270584866835,
          59.98859026364389
        ]
      }
    },
    {
      "type": "Feature",
      "properties": {
        "monotonic_time": 49266.38205528259,
        "horizontal_accuracy": 2.059367031489316,
        "speed": 8.992742057579788,
        "course": 278.99084960208154,
        "synthetic": false
      },
      "geometry": {
        "type": "Point",
        "coordinates": [
          30.46254411154587,
          59.98860277287759
        ]
      }
    },
    {
      "type": "Feature",
      "properties": {
        "monotonic_time": 49267.382071852684,
        "horizontal_accuracy": 2.0352836732326436,
        "speed": 8.926163715223367,
        "course": 279.25018779007615,
        "synthetic": false
      },
      "geometry": {
        "type": "Point",
        "coordinates": [
          30.4623857671588,
          59.9886158592154
        ]
      }
    },
    {
      "type": "Feature",
      "properties": {
        "monotonic_time": 49268.38208806515,
        "horizontal_accuracy": 2.0210377209098693,
        "speed": 9.174272746722714,
        "course": 279.1576252429021,
        "synthetic": false
      },
      "geometry": {
        "type": "Point",
        "coordinates": [
          30.462222476254833,
          59.98862806948815
        ]
      }
    },
    {
      "type": "Feature",
      "properties": {
        "monotonic_time": 49269.38210463524,
        "horizontal_accuracy": 2.0286828675802573,
        "speed": 9.296115574868766,
        "course": 278.94694128629976,
        "synthetic": false
      },
      "geometry": {
        "type": "Point",
        "coordinates": [
          30.462062579751684,
          59.98864006955705
        ]
      }
    },
    {
      "type": "Feature",
      "properties": {
        "monotonic_time": 49270.38212096691,
        "horizontal_accuracy": 2.0166552852671145,
        "speed": 9.639989314519724,
        "course": 278.87322166650205,
        "synthetic": false
      },
      "geometry": {
        "type": "Point",
        "coordinates": [
          30.461886568298866,
          59.98865354209172
        ]
      }
    },
    {
      "type": "Feature",
      "properties": {
        "monotonic_time": 49271.38213741779,
        "horizontal_accuracy": 2.009656100962078,
        "speed": 9.909378548189967,
        "course": 278.7749190067073,
        "synthetic": false
      },
      "geometry": {
        "type": "Point",
        "coordinates": [
          30.461711202142084,
          59.988666808745464
        ]
      }
    },
    {
      "type": "Feature",
      "properties": {
        "monotonic_time": 49272.38069176674,
        "horizontal_accuracy": 2.00547952658829,
        "speed": 10.218075969404303,
        "course": 278.6377316015193,
        "synthetic": false
      },
      "geometry": {
        "type": "Point",
        "coordinates": [
          30.46152592597372,
          59.98868008336821
        ]
      }
    },
    {
      "type": "Feature",
      "properties": {
        "monotonic_time": 49273.37988066673,
        "horizontal_accuracy": 2.00313406380003,
        "speed": 9.972901048421097,
        "course": 278.6325489552665,
        "synthetic": false
      },
      "geometry": {
        "type": "Point",
        "coordinates": [
          30.46135272353761,
          59.98869273773318
        ]
      }
    },
    {
      "type": "Feature",
      "properties": {
        "monotonic_time": 49274.379896879196,
        "horizontal_accuracy": 2.0017967629090787,
        "speed": 9.647384411913304,
        "course": 278.5866985718527,
        "synthetic": false
      },
      "geometry": {
        "type": "Point",
        "coordinates": [
          30.461182283315445,
          59.98870457492278
        ]
      }
    },
    {
      "type": "Feature",
      "properties": {
        "monotonic_time": 49275.380747914314,
        "horizontal_accuracy": 2.0010451165469085,
        "speed": 9.286625559480207,
        "course": 278.8785708316783,
        "synthetic": false
      },
      "geometry": {
        "type": "Point",
        "coordinates": [
          30.461018982131048,
          59.98871831166034
        ]
      }
    },
    {
      "type": "Feature",
      "properties": {
        "monotonic_time": 49276.37969863415,
        "horizontal_accuracy": 2.000624366866891,
        "speed": 8.816405883851104,
        "course": 278.84083286578124,
        "synthetic": false
      },
      "geometry": {
        "type": "Point",
        "coordinates": [
          30.460868708588308,
          59.9887294045673
        ]
      }
    },
    {
      "type": "Feature",
      "properties": {
        "monotonic_time": 49277.37971520424,
        "horizontal_accuracy": 2.000377092976544,
        "speed": 8.73507933970315,
        "course": 278.54128356110897,
        "synthetic": false
      },
      "geometry": {
        "type": "Point",
        "coordinates": [
          30.460717437861426,
          59.98874070021157
        ]
      }
    },
    {
      "type": "Feature",
      "properties": {
        "monotonic_time": 49278.380053162575,
        "horizontal_accuracy": 2.000248069193878,
        "speed": 8.909024376657284,
        "course": 278.1037192427742,
        "synthetic": false
      },
      "geometry": {
        "type": "Point",
        "coordinates": [
          30.460562491509634,
          59.98875113382762
        ]
      }
    },
    {
      "type": "Feature",
      "properties": {
        "monotonic_time": 49279.380392313,
        "horizontal_accuracy": 2.000162208279081,
        "speed": 8.683869088957962,
        "course": 278.0307381336803,
        "synthetic": false
      },
      "geometry": {
        "type": "Point",
        "coordinates": [
          30.46041129705603,
          59.9887612982037
        ]
      }
    },
    {
      "type": "Feature",
      "properties": {
        "monotonic_time": 49280.380409002304,
        "horizontal_accuracy": 2.000107364774116,
        "speed": 8.296294060747488,
        "course": 278.2593331428164,
        "synthetic": false
      },
      "geometry": {
        "type": "Point",
        "coordinates": [
          30.46026770010367,
          59.988772366784936
        ]
      }
    },
    {
      "type": "Feature",
      "properties": {
        "monotonic_time": 49281.38008975983,
        "horizontal_accuracy": 2.0000720588406784,
        "speed": 8.620003052225844,
        "course": 278.3835955838217,
        "synthetic": false
      },
      "geometry": {
        "type": "Point",
        "coordinates": [
          30.46011742230934,
          59.98878285377764
        ]
      }
    },
    {
      "type": "Feature",
      "properties": {
        "monotonic_time": 49282.379732847214,
        "horizontal_accuracy": 2.000047466132372,
        "speed": 9.204980758409496,
        "course": 278.5577619357239,
        "synthetic": false
      },
      "geometry": {
        "type": "Point",
        "coordinates": [
          30.459956791163517,
          59.98879505469886
        ]
      }
    },
    {
      "type": "Feature",
      "properties": {
        "monotonic_time": 49283.37974977493,
        "horizontal_accuracy": 2.0000299401145054,
        "speed": 9.873655285697808,
        "course": 278.6492241183468,
        "synthetic": false
      },
      "geometry": {
        "type": "Point",
        "coordinates": [
          30.459780949087705,
          59.98880928918447
        ]
      }
    },
    {
      "type": "Feature",
      "properties": {
        "monotonic_time": 49284.38039588928,
        "horizontal_accuracy": 2.000018131961637,
        "speed": 10.793552710889161,
        "course": 278.8839193784787,
        "synthetic": false
      },
      "geometry": {
        "type": "Point",
        "coordinates": [
          30.45958809003135,
          59.98882455273522
        ]
      }
    },
    {
      "type": "Feature",
      "properties": {
        "monotonic_time": 49285.37995219231,
        "horizontal_accuracy": 2.000010446373798,
        "speed": 11.467159545040682,
        "course": 279.1655875715392,
        "synthetic": false
      },
      "geometry": {
        "type": "Point",
        "coordinates": [
          30.45938600809249,
          59.98884125888334
        ]
      }
    },
    {
      "type": "Feature",
      "properties": {
        "monotonic_time": 49286.379969239235,
        "horizontal_accuracy": 2.000005610812626,
        "speed": 11.91709920591961,
        "course": 279.1470583537056,
        "synthetic": false
      },
      "geometry": {
        "type": "Point",
        "coordinates": [
          30.459177896005553,
          59.98885808738875
        ]
      }
    },
    {
      "type": "Feature",
      "properties": {
        "monotonic_time": 49287.3799854517,
        "horizontal_accuracy": 2.0000029088384363,
        "speed": 12.406365702869014,
        "course": 279.24906357692697,
        "synthetic": false
      },
      "geometry": {
        "type": "Point",
        "coordinates": [
          30.45895565901176,
          59.98887615023614
        ]
      }
    },
    {
      "type": "Feature",
      "properties": {
        "monotonic_time": 49288.38000226021,
        "horizontal_accuracy": 2.000001466588705,
        "speed": 12.303947430402824,
        "course": 279.0529894322592,
        "synthetic": false
      },
      "geometry": {
        "type": "Point",
        "coordinates": [
          30.458734619775417,
          59.98889425533801
        ]
      }
    },
    {
      "type": "Feature",
      "properties": {
        "monotonic_time": 49289.380018115044,
        "horizontal_accuracy": 2.0000007364875456,
        "speed": 12.003829683583351,
        "course": 278.90906584016034,
        "synthetic": false
      },
      "geometry": {
        "type": "Point",
        "coordinates": [
          30.458518376430376,
          59.98891071384308
        ]
      }
    },
    {
      "type": "Feature",
      "properties": {
        "monotonic_time": 49290.380034446716,
        "horizontal_accuracy": 2.000000367687435,
        "speed": 11.726797431262959,
        "course": 278.7484156351657,
        "synthetic": false
      },
      "geometry": {
        "type": "Point",
        "coordinates": [
          30.458303035453923,
          59.98892672236974
        ]
      }
    },
    {
      "type": "Feature",
      "properties": {
        "monotonic_time": 49291.38005065918,
        "horizontal_accuracy": 2.000000187153679,
        "speed": 11.396557677110104,
        "course": 278.2818971800091,
        "synthetic": false
      },
      "geometry": {
        "type": "Point",
        "coordinates": [
          30.4580965941691,
          59.98894135279796
        ]
      }
    },
    {
      "type": "Feature",
      "properties": {
        "monotonic_time": 49292.38006734848,
        "horizontal_accuracy": 2.1007682731524344,
        "speed": 11.070523327907665,
        "course": 277.829892170385,
        "synthetic": false
      },
      "geometry": {
        "type": "Point",
        "coordinates": [
          30.457897872836867,
          59.988955091105396
        ]
      }
    },
    {
      "type": "Feature",
      "properties": {
        "monotonic_time": 49293.38008356094,
        "horizontal_accuracy": 2.0551007853769145,
        "speed": 10.690109067422005,
        "course": 277.62225011648513,
        "synthetic": false
      },
      "geometry": {
        "type": "Point",
        "coordinates": [
          30.457707643799093,
          59.98896878470196
        ]
      }
    },
    {
      "type": "Feature",
      "properties": {
        "monotonic_time": 49294.380100011826,
        "horizontal_accuracy": 2.030137339217516,
        "speed": 10.390272040094176,
        "course": 278.23150634765625,
        "synthetic": false
      },
      "geometry": {
        "type": "Point",
        "coordinates": [
          30.457517962379516,
          59.98898384287875
        ]
      }
    },
    {
      "type": "Feature",
      "properties": {
        "monotonic_time": 49295.38011574745,
        "horizontal_accuracy": 2.016962305297717,
        "speed": 10.191351371748933,
        "course": 278.2221374511719,
        "synthetic": false
      },
      "geometry": {
        "type": "Point",
        "coordinates": [
          30.457337220597235,
          59.98899699907541
        ]
      }
    },
    {
      "type": "Feature",
      "properties": {
        "monotonic_time": 49296.380132079124,
        "horizontal_accuracy": 2.0096317890472624,
        "speed": 10.012901832707199,
        "course": 278.442626953125,
        "synthetic": false
      },
      "geometry": {
        "type": "Point",
        "coordinates": [
          30.45716018655652,
          59.98901025538698
        ]
      }
    },
    {
      "type": "Feature",
      "properties": {
        "monotonic_time": 49297.38014817238,
        "horizontal_accuracy": 2.005537788610936,
        "speed": 9.130931479425135,
        "course": 278.442626953125,
        "synthetic": false
      },
      "geometry": {
        "type": "Point",
        "coordinates": [
          30.456999780150934,
          59.98902286796564
        ]
      }
    },
    {
      "type": "Feature",
      "properties": {
        "monotonic_time": 49298.38016474247,
        "horizontal_accuracy": 2.2757937774283072,
        "speed": 8.523371355770289,
        "course": 278.442626953125,
        "synthetic": false
      },
      "geometry": {
        "type": "Point",
        "coordinates": [
          30.45685031500979,
          59.989033720219346
        ]
      }
    },
    {
      "type": "Feature",
      "properties": {
        "monotonic_time": 49299.38018119335,
        "horizontal_accuracy": 2.1682433532107783,
        "speed": 8.2321689619129,
        "course": 278.442626953125,
        "synthetic": false
      },
      "geometry": {
        "type": "Point",
        "coordinates": [
          30.45670690490778,
          59.98904481853289
        ]
      }
    },
    {
      "type": "Feature",
      "properties": {
        "monotonic_time": 49300.380197405815,
        "horizontal_accuracy": 2.111661993528428,
        "speed": 8.435120683251434,
        "course": 278.3039245605469,
        "synthetic": false
      },
      "geometry": {
        "type": "Point",
        "coordinates": [
          30.456555460216183,
          59.9890581677489
        ]
      }
    },
    {
      "type": "Feature",
      "properties": {
        "monotonic_time": 49301.38021361828,
        "horizontal_accuracy": 2.0754597715463383,
        "speed": 8.530370772271223,
        "course": 278.3039245605469,
        "synthetic": false
      },
      "geometry": {
        "type": "Point",
        "coordinates": [
          30.456410987938344,
          59.9890685763255
        ]
      }
    },
    {
      "type": "Feature",
      "properties": {
        "monotonic_time": 49302.38023030758,
        "horizontal_accuracy": 2.2453702351721194,
        "speed": 9.00152840646239,
        "course": 278.3039245605469,
        "synthetic": false
      },
      "geometry": {
        "type": "Point",
        "coordinates": [
          30.456247001087505,
          59.98908117288816
        ]
      }
    },
    {
      "type": "Feature",
      "properties": {
        "monotonic_time": 49303.38024687767,
        "horizontal_accuracy": 2.158031128137762,
        "speed": 8.683155158553475,
        "course": 278.16693115234375,
        "synthetic": false
      },
      "geometry": {
        "type": "Point",
        "coordinates": [
          30.456092376873034,
          59.9890925227562
        ]
      }
    },
    {
      "type": "Feature",
      "properties": {
        "monotonic_time": 49304.380262970924,
        "horizontal_accuracy": 2.1035191088083605,
        "speed": 8.298672035074421,
        "course": 278.09234619140625,
        "synthetic": false
      },
      "geometry": {
        "type": "Point",
        "coordinates": [
          30.455945701227417,
          59.989103937840895
        ]
      }
    },
    {
      "type": "Feature",
      "properties": {
        "monotonic_time": 49305.380279660225,
        "horizontal_accuracy": 2.1051767929588467,
        "speed": 8.320162657900239,
        "course": 278.393798828125,
        "synthetic": false
      },
      "geometry": {
        "type": "Point",
        "coordinates": [
          30.45579958319035,
          59.98911512734827
        ]
      }
    },
    {
      "type": "Feature",
      "properties": {
        "monotonic_time": 49306.38029611111,
        "horizontal_accuracy": 2.1430853753882335,
        "speed": 8.504684431441934,
        "course": 278.46319580078125,
        "synthetic": false
      },
      "geometry": {
        "type": "Point",
        "coordinates": [
          30.455647039486358,
          59.989127564120764
        ]
      }
    },
    {
      "type": "Feature",
      "properties": {
        "monotonic_time": 49307.38031208515,
        "horizontal_accuracy": 2.2133266866479455,
        "speed": 8.639772582312823,
        "course": 278.46319580078125,
        "synthetic": false
      },
      "geometry": {
        "type": "Point",
        "coordinates": [
          30.455494274297397,
          59.98913879638968
        ]
      }
    },
    {
      "type": "Feature",
      "properties": {
        "monotonic_time": 49308.38032793999,
        "horizontal_accuracy": 2.2219788764139663,
        "speed": 8.78075688632704,
        "course": 278.46319580078125,
        "synthetic": false
      },
      "geometry": {
        "type": "Point",
        "coordinates": [
          30.455337208104797,
          59.989150806793695
        ]
      }
    },
    {
      "type": "Feature",
      "properties": {
        "monotonic_time": 49309.380344986916,
        "horizontal_accuracy": 2.2565389789686705,
        "speed": 9.078895705336866,
        "course": 277.563232421875,
        "synthetic": false
      },
      "geometry": {
        "type": "Point",
        "coordinates": [
          30.455176987090518,
          59.989161311747715
        ]
      }
    },
    {
      "type": "Feature",
      "properties": {
        "monotonic_time": 49310.38036155701,
        "horizontal_accuracy": 2.2386916965767694,
        "speed": 8.926649888936259,
        "course": 277.563232421875,
        "synthetic": false
      },
      "geometry": {
        "type": "Point",
        "coordinates": [
          30.45501985411772,
          59.989168115201025
        ]
      }
    },
    {
      "type": "Feature",
      "properties": {
        "monotonic_time": 49311.380377054214,
        "horizontal_accuracy": 2.2658236182293376,
        "speed": 8.212169098370513,
        "course": 277.563232421875,
        "synthetic": false
      },
      "geometry": {
        "type": "Point",
        "coordinates": [
          30.45487033741704,
          59.989179538879426
        ]
      }
    },
    {
      "type": "Feature",
      "properties": {
        "monotonic_time": 49312.38039398193,
        "horizontal_accuracy": 2.275613258764421,
        "speed": 7.784379618418167,
        "course": 277.563232421875,
        "synthetic": false
      },
      "geometry": {
        "type": "Point",
        "coordinates": [
          30.454733113053727,
          59.98919199454663
        ]
      }
    },
    {
      "type": "Feature",
      "properties": {
        "monotonic_time": 49313.380410313606,
        "horizontal_accuracy": 2.3150443747619156,
        "speed": 8.084511556035265,
        "course": 277.563232421875,
        "synthetic": false
      },
      "geometry": {
        "type": "Point",
        "coordinates": [
          30.454583370573182,
          59.989202110828344
        ]
      }
    },
    {
      "type": "Feature",
      "properties": {
        "monotonic_time": 49314.38042593002,
        "horizontal_accuracy": 2.320054948008756,
        "speed": 8.555119997710989,
        "course": 277.563232421875,
        "synthetic": false
      },
      "geometry": {
        "type": "Point",
        "coordinates": [
          30.454428859793175,
          59.989213458207175
        ]
      }
    },
    {
      "type": "Feature",
      "properties": {
        "monotonic_time": 49315.380442261696,
        "horizontal_accuracy": 2.4025099298210453,
        "speed": 9.306774770576661,
        "course": 277.563232421875,
        "synthetic": false
      },
      "geometry": {
        "type": "Point",
        "coordinates": [
          30.454258278000715,
          59.98922411648004
        ]
      }
    },
    {
      "type": "Feature",
      "properties": {
        "monotonic_time": 49316.380459189415,
        "horizontal_accuracy": 2.409227205787126,
        "speed": 10.268224468804208,
        "course": 277.37249755859375,
        "synthetic": false
      },
      "geometry": {
        "type": "Point",
        "coordinates": [
          30.454074130041327,
          59.98923526107101
        ]
      }
    },
    {
      "type": "Feature",
      "properties": {
        "monotonic_time": 49317.380475997925,
        "horizontal_accuracy": 2.449388831167774,
        "speed": 11.204646206866729,
        "course": 271.5498962402344,
        "synthetic": false
      },
      "geometry": {
        "type": "Point",
        "coordinates": [
          30.45387506326616,
          59.98924839029525
        ]
      }
    },
    {
      "type": "Feature",
      "properties": {
        "monotonic_time": 49318.38049197197,
        "horizontal_accuracy": 2.524523229839131,
        "speed": 12.200960413184424,
        "course": 271.65411376953125,
        "synthetic": false
      },
      "geometry": {
        "type": "Point",
        "coordinates": [
          30.453654344564573,
          59.98926208921496
        ]
      }
    },
    {
      "type": "Feature",
      "properties": {
        "monotonic_time": 49319.38050866127,
        "horizontal_accuracy": 2.6214568389878115,
        "speed": 13.056020838260588,
        "course": 277.0029296875,
        "synthetic": false
      },
      "geometry": {
        "type": "Point",
        "coordinates": [
          30.45342731375222,
          59.98927857787622
        ]
      }
    },
    {
      "type": "Feature",
      "properties": {
        "monotonic_time": 49320.380524754524,
        "horizontal_accuracy": 2.6763981888229407,
        "speed": 13.879698380351094,
        "course": 278.15509033203125,
        "synthetic": false
      },
      "geometry": {
        "type": "Point",
        "coordinates": [
          30.45317842025825,
          59.98929447128129
        ]
      }
    },
    {
      "type": "Feature",
      "properties": {
        "monotonic_time": 49321.38054049015,
        "horizontal_accuracy": 2.7128057837301682,
        "speed": 14.569444398397279,
        "course": 278.3774108886719,
        "synthetic": false
      },
      "geometry": {
        "type": "Point",
        "coordinates": [
          30.452911652744795,
          59.98930778977226
        ]
      }
    },
    {
      "type": "Feature",
      "properties": {
        "monotonic_time": 49322.38055765629,
        "horizontal_accuracy": 2.7833829547704836,
        "speed": 15.239501725706036,
        "course": 278.177001953125,
        "synthetic": false
      },
      "geometry": {
        "type": "Point",
        "coordinates": [
          30.452635618803566,
          59.989316579878896
        ]
      }
    },
    {
      "type": "Feature",
      "properties": {
        "monotonic_time": 49323.38057363033,
        "horizontal_accuracy": 2.898473497727512,
        "speed": 15.886102841830779,
        "course": 278.177001953125,
        "synthetic": false
      },
      "geometry": {
        "type": "Point",
        "coordinates": [
          30.452356505753528,
          59.989332456327425
        ]
      }
    },
    {
      "type": "Feature",
      "properties": {
        "monotonic_time": 49324.380590200424,
        "horizontal_accuracy": 3.0059866570323988,
        "speed": 16.435931506478212,
        "course": 278.4945068359375,
        "synthetic": false
      },
      "geometry": {
        "type": "Point",
        "coordinates": [
          30.45206587180678,
          59.989350261126184
        ]
      }
    },
    {
      "type": "Feature",
      "properties": {
        "monotonic_time": 49325.38060581684,
        "horizontal_accuracy": 3.142480732594772,
        "speed": 16.910486270133777,
        "course": 279.5113830566406,
        "synthetic": false
      },
      "geometry": {
        "type": "Point",
        "coordinates": [
          30.451758378650815,
          59.98937470248057
        ]
      }
    },
    {
      "type": "Feature",
      "properties": {
        "monotonic_time": 49326.380622029305,
        "horizontal_accuracy": 3.2132264738437297,
        "speed": 17.283365194803885,
        "course": 279.5113830566406,
        "synthetic": false
      },
      "geometry": {
        "type": "Point",
        "coordinates": [
          30.45145134406695,
          59.98940065282592
        ]
      }
    },
    {
      "type": "Feature",
      "properties": {
        "monotonic_time": 49327.38063931465,
        "horizontal_accuracy": 3.270617171703902,
        "speed": 17.58944273769973,
        "course": 279.55718994140625,
        "synthetic": false
      },
      "geometry": {
        "type": "Point",
        "coordinates": [
          30.451143531528,
          59.989427183344
        ]
      }
    },
    {
      "type": "Feature",
      "properties": {
        "monotonic_time": 49328.380655646324,
        "horizontal_accuracy": 3.3660042232671405,
        "speed": 17.888692275743708,
        "course": 279.55718994140625,
        "synthetic": false
      },
      "geometry": {
        "type": "Point",
        "coordinates": [
          30.45083021894125,
          59.98945256284516
        ]
      }
    },
    {
      "type": "Feature",
      "properties": {
        "monotonic_time": 49329.38067114353,
        "horizontal_accuracy": 3.3782312413157016,
        "speed": 18.20656479197304,
        "course": 278.69317626953125,
        "synthetic": false
      },
      "geometry": {
        "type": "Point",
        "coordinates": [
          30.4505081840752,
          59.9894768131851
        ]
      }
    },
    {
      "type": "Feature",
      "properties": {
        "monotonic_time": 49330.38068783283,
        "horizontal_accuracy": 3.6548766249032667,
        "speed": 18.66614198008123,
        "course": 278.728515625,
        "synthetic": false
      },
      "geometry": {
        "type": "Point",
        "coordinates": [
          30.450172247811036,
          59.989499709638515
        ]
      }
    },
    {
      "type": "Feature",
      "properties": {
        "monotonic_time": 49331.38070368767,
        "horizontal_accuracy": 3.6709592428365507,
        "speed": 19.046993687934187,
        "course": 278.728515625,
        "synthetic": false
      },
      "geometry": {
        "type": "Point",
        "coordinates": [
          30.449829881897422,
          59.98952560167394
        ]
      }
    },
    {
      "type": "Feature",
      "properties": {
        "monotonic_time": 49332.38072037697,
        "horizontal_accuracy": 3.745036277655909,
        "speed": 19.35031835047434,
        "course": 278.9390869140625,
        "synthetic": false
      },
      "geometry": {
        "type": "Point",
        "coordinates": [
          30.449484092393945,
          59.989559310331984
        ]
      }
    },
    {
      "type": "Feature",
      "properties": {
        "monotonic_time": 49333.38073706627,
        "horizontal_accuracy": 3.794073941691961,
        "speed": 19.513650198792945,
        "course": 278.58551025390625,
        "synthetic": false
      },
      "geometry": {
        "type": "Point",
        "coordinates": [
          30.44914253021872,
          59.98958760166473
        ]
      }
    },
    {
      "type": "Feature",
      "properties": {
        "monotonic_time": 49334.38075327873,
        "horizontal_accuracy": 3.9124501589162306,
        "speed": 20.090041792436175,
        "course": 281.3598937988281,
        "synthetic": false
      },
      "geometry": {
        "type": "Point",
        "coordinates": [
          30.44878335915331,
          59.989617975366045
        ]
      }
    },
    {
      "type": "Feature",
      "properties": {
        "monotonic_time": 49335.38076913357,
        "horizontal_accuracy": 3.996406090517626,
        "speed": 20.487673420866333,
        "course": 281.3598937988281,
        "synthetic": false
      },
      "geometry": {
        "type": "Point",
        "coordinates": [
          30.448424575013572,
          59.98964550833386
        ]
      }
    },
    {
      "type": "Feature",
      "properties": {
        "monotonic_time": 49336.38078582287,
        "horizontal_accuracy": 4.140338611193484,
        "speed": 20.964711277017187,
        "course": 281.4216613769531,
        "synthetic": false
      },
      "geometry": {
        "type": "Point",
        "coordinates": [
          30.448048056295868,
          59.98967896174205
        ]
      }
    },
    {
      "type": "Feature",
      "properties": {
        "monotonic_time": 49337.38080263138,
        "horizontal_accuracy": 4.236589389738982,
        "speed": 21.16088945241208,
        "course": 281.4216613769531,
        "synthetic": false
      },
      "geometry": {
        "type": "Point",
        "coordinates": [
          30.44768021117681,
          59.98971667610839
        ]
      }
    },
    {
      "type": "Feature",
      "properties": {
        "monotonic_time": 49338.38081860542,
        "horizontal_accuracy": 4.1685314444679324,
        "speed": 21.28451820402184,
        "course": 284.1167907714844,
        "synthetic": false
      },
      "geometry": {
        "type": "Point",
        "coordinates": [
          30.447314032701748,
          59.98975478632524
        ]
      }
    },
    {
      "type": "Feature",
      "properties": {
        "monotonic_time": 49339.380835175514,
        "horizontal_accuracy": 4.203633284913351,
        "speed": 21.330880008287988,
        "course": 284.1167907714844,
        "synthetic": false
      },
      "geometry": {
        "type": "Point",
        "coordinates": [
          30.446950301987364,
          59.9898109865826
        ]
      }
    },
    {
      "type": "Feature",
      "properties": {
        "monotonic_time": 49340.38085103035,
        "horizontal_accuracy": 4.280724507218823,
        "speed": 21.047070540513197,
        "course": 284.166259765625,
        "synthetic": false
      },
      "geometry": {
        "type": "Point",
        "coordinates": [
          30.44658028749748,
          59.989858268378384
        ]
      }
    },
    {
      "type": "Feature",
      "properties": {
        "monotonic_time": 49341.38086748123,
        "horizontal_accuracy": 4.355794788975224,
        "speed": 21.32736697109125,
        "course": 284.1768798828125,
        "synthetic": false
      },
      "geometry": {
        "type": "Point",
        "coordinates": [
          30.446208158207728,
          59.98990535287281
        ]
      }
    },
    {
      "type": "Feature",
      "properties": {
        "monotonic_time": 49342.380883812904,
        "horizontal_accuracy": 4.394240958017322,
        "speed": 21.60244227499253,
        "course": 284.1712951660156,
        "synthetic": false
      },
      "geometry": {
        "type": "Point",
        "coordinates": [
          30.445837015985024,
          59.98995232441247
        ]
      }
    },
    {
      "type": "Feature",
      "properties": {
        "monotonic_time": 49343.380900382996,
        "horizontal_accuracy": 4.551297345872344,
        "speed": 21.83284431406488,
        "course": 284.1712951660156,
        "synthetic": false
      },
      "geometry": {
        "type": "Point",
        "coordinates": [
          30.445453790124613,
          59.99000080726809
        ]
      }
    },
    {
      "type": "Feature",
      "properties": {
        "monotonic_time": 49344.38091635704,
        "horizontal_accuracy": 4.942366753826802,
        "speed": 21.850709939821012,
        "course": 284.1434020996094,
        "synthetic": false
      },
      "geometry": {
        "type": "Point",
        "coordinates": [
          30.445074125386295,
          59.990048778152065
        ]
      }
    },
    {
      "type": "Feature",
      "properties": {
        "monotonic_time": 49345.38093352318,
        "horizontal_accuracy": 5.427619335737035,
        "speed": 21.658208463288307,
        "course": 283.5599365234375,
        "synthetic": false
      },
      "geometry": {
        "type": "Point",
        "coordinates": [
          30.444695888489957,
          59.99009627974477
        ]
      }
    },
    {
      "type": "Feature",
      "properties": {
        "monotonic_time": 49346.38094961643,
        "horizontal_accuracy": 6.011457016730473,
        "speed": 21.150203019534928,
        "course": 283.3694152832031,
        "synthetic": false
      },
      "geometry": {
        "type": "Point",
        "coordinates": [
          30.44432670499734,
          59.9901408631106
        ]
      }
    },
    {
      "type": "Feature",
      "properties": {
        "monotonic_time": 49347.380965709686,
        "horizontal_accuracy": 6.704261252428055,
        "speed": 20.800738138191726,
        "course": 283.3694152832031,
        "synthetic": false
      },
      "geometry": {
        "type": "Point",
        "coordinates": [
          30.443963300996412,
          59.99018413687973
        ]
      }
    },
    {
      "type": "Feature",
      "properties": {
        "monotonic_time": 49348.38098192215,
        "horizontal_accuracy": 16.205624219435183,
        "speed": 21.816419601313406,
        "course": 283.45233154296875,
        "synthetic": false
      },
      "geometry": {
        "type": "Point",
        "coordinates": [
          30.443558018957173,
          59.990250603848054
        ]
      }
    },
    {
      "type": "Feature",
      "properties": {
        "monotonic_time": 49349.38099825382,
        "horizontal_accuracy": 20.133897014991266,
        "speed": 21.60744285571156,
        "course": 283.45233154296875,
        "synthetic": false
      },
      "geometry": {
        "type": "Point",
        "coordinates": [
          30.443187629685944,
          59.99029948144258
        ]
      }
    },
    {
      "type": "Feature",
      "properties": {
        "monotonic_time": 49350.38101518154,
        "horizontal_accuracy": 13.625506417407056,
        "speed": 20.032867431542286,
        "course": 283.4834899902344,
        "synthetic": false
      },
      "geometry": {
        "type": "Point",
        "coordinates": [
          30.442874824339896,
          59.99034615888087
        ]
      }
    },
    {
      "type": "Feature",
      "properties": {
        "monotonic_time": 49360.38117825985,
        "horizontal_accuracy": 144.7769944803334,
        "speed": 18.901918411254883,
        "course": 283.74801564234394,
        "synthetic": false
      },
      "geometry": {
        "type": "Point",
        "coordinates": [
          30.43949474007995,
          59.990804930697486
        ]
      }
    },
    {
      "type": "Feature",
      "properties": {
        "monotonic_time": 49361.381194233894,
        "horizontal_accuracy": 144.77699448008215,
        "speed": 18.901918411172282,
        "course": 283.7477307934916,
        "synthetic": false
      },
      "geometry": {
        "type": "Point",
        "coordinates": [
          30.439165794540887,
          59.99084524947293
        ]
      }
    },
    {
      "type": "Feature",
      "properties": {
        "monotonic_time": 49364.3812431097,
        "horizontal_accuracy": 69.43244991531412,
        "speed": 17.018198013305664,
        "course": 283.9611169749628,
        "synthetic": false
      },
      "geometry": {
        "type": "Point",
        "coordinates": [
          30.43846369061365,
          59.9908657070455
        ]
      }
    },
    {
      "type": "Feature",
      "properties": {
        "monotonic_time": 49365.381259441376,
        "horizontal_accuracy": 69.43244991522377,
        "speed": 17.018198013245375,
        "course": 283.9608607480708,
        "synthetic": false
      },
      "geometry": {
        "type": "Point",
        "coordinates": [
          30.438167798099887,
          59.99090255936996
        ]
      }
    },
    {
      "type": "Feature",
      "properties": {
        "monotonic_time": 49366.381276488304,
        "horizontal_accuracy": 41.671801342472506,
        "speed": 17.018198013245375,
        "course": 285.47930908203125,
        "synthetic": false
      },
      "geometry": {
        "type": "Point",
        "coordinates": [
          30.438058859345993,
          59.99092902651901
        ]
      }
    },
    {
      "type": "Feature",
      "properties": {
        "monotonic_time": 49367.38129281998,
        "horizontal_accuracy": 31.829863306120895,
        "speed": 17.01819801324537,
        "course": 285.47930908203125,
        "synthetic": false
      },
      "geometry": {
        "type": "Point",
        "coordinates": [
          30.43787219467048,
          59.99096280600773
        ]
      }
    },
    {
      "type": "Feature",
      "properties": {
        "monotonic_time": 49368.38130939007,
        "horizontal_accuracy": 25.089737005887294,
        "speed": 17.94369316094007,
        "course": 285.47930908203125,
        "synthetic": false
      },
      "geometry": {
        "type": "Point",
        "coordinates": [
          30.437593986040838,
          59.99101291621963
        ]
      }
    },
    {
      "type": "Feature",
      "properties": {
        "monotonic_time": 49369.38132548332,
        "horizontal_accuracy": 19.58269020361408,
        "speed": 19.482307433991576,
        "course": 285.47930908203125,
        "synthetic": false
      },
      "geometry": {
        "type": "Point",
        "coordinates": [
          30.437263748996315,
          59.99105831100115
        ]
      }
    },
    {
      "type": "Feature",
      "properties": {
        "monotonic_time": 49370.381341576576,
        "horizontal_accuracy": 16.30434806417516,
        "speed": 19.48230743399158,
        "course": 285.47930908203125,
        "synthetic": false
      },
      "geometry": {
        "type": "Point",
        "coordinates": [
          30.43693223686519,
          59.9911034948985
        ]
      }
    },
    {
      "type": "Feature",
      "properties": {
        "monotonic_time": 49371.38135743141,
        "horizontal_accuracy": 13.989409557578044,
        "speed": 19.482307433991576,
        "course": 285.5450439453125,
        "synthetic": false
      },
      "geometry": {
        "type": "Point",
        "coordinates": [
          30.436589912674727,
          59.991149512090445
        ]
      }
    },
    {
      "type": "Feature",
      "properties": {
        "monotonic_time": 49372.38137423992,
        "horizontal_accuracy": 9.829915681852656,
        "speed": 19.653465386073457,
        "course": 288.9013671875,
        "synthetic": false
      },
      "geometry": {
        "type": "Point",
        "coordinates": [
          30.436305558597674,
          59.991179776597676
        ]
      }
    },
    {
      "type": "Feature",
      "properties": {
        "monotonic_time": 49373.381390571594,
        "horizontal_accuracy": 7.7645035785425325,
        "speed": 19.408084702420304,
        "course": 288.9013671875,
        "synthetic": false
      },
      "geometry": {
        "type": "Point",
        "coordinates": [
          30.435956698023173,
          59.9912356486492
        ]
      }
    },
    {
      "type": "Feature",
      "properties": {
        "monotonic_time": 49374.38140690327,
        "horizontal_accuracy": 6.882652478398051,
        "speed": 18.68872483068273,
        "course": 288.22125244140625,
        "synthetic": false
      },
      "geometry": {
        "type": "Point",
        "coordinates": [
          30.435631595714142,
          59.991286278230504
        ]
      }
    },
    {
      "type": "Feature",
      "properties": {
        "monotonic_time": 49375.38142299652,
        "horizontal_accuracy": 6.4366046007158575,
        "speed": 18.034571874957557,
        "course": 288.22125244140625,
        "synthetic": false
      },
      "geometry": {
        "type": "Point",
        "coordinates": [
          30.43532501775298,
          59.99133392609176
        ]
      }
    },
    {
      "type": "Feature",
      "properties": {
        "monotonic_time": 49376.38143956661,
        "horizontal_accuracy": 5.962460475549303,
        "speed": 18.10480625839328,
        "course": 289.35931396484375,
        "synthetic": false
      },
      "geometry": {
        "type": "Point",
        "coordinates": [
          30.43501943059313,
          59.991383156754424
        ]
      }
    },
    {
      "type": "Feature",
      "properties": {
        "monotonic_time": 49377.381456017494,
        "horizontal_accuracy": 5.556714559670995,
        "speed": 18.163909318190857,
        "course": 289.35931396484375,
        "synthetic": false
      },
      "geometry": {
        "type": "Point",
        "coordinates": [
          30.434715920131836,
          59.991432301326356
        ]
      }
    },
    {
      "type": "Feature",
      "properties": {
        "monotonic_time": 49378.38147211075,
        "horizontal_accuracy": 3.82573354107405,
        "speed": 18.102667539232538,
        "course": 288.1651306152344,
        "synthetic": false
      },
      "geometry": {
        "type": "Point",
        "coordinates": [
          30.43442943670738,
          59.99151440829365
        ]
      }
    },
    {
      "type": "Feature",
      "properties": {
        "monotonic_time": 49379.38148903847,
        "horizontal_accuracy": 3.9023442816782086,
        "speed": 18.298198264279552,
        "course": 288.1949157714844,
        "synthetic": false
      },
      "geometry": {
        "type": "Point",
        "coordinates": [
          30.43411753358915,
          59.991569202588856
        ]
      }
    },
    {
      "type": "Feature",
      "properties": {
        "monotonic_time": 49380.38150513172,
        "horizontal_accuracy": 4.186680103419243,
        "speed": 18.355903970739902,
        "course": 293.201171875,
        "synthetic": false
      },
      "geometry": {
        "type": "Point",
        "coordinates": [
          30.433815290495687,
          59.991630217603145
        ]
      }
    },
    {
      "type": "Feature",
      "properties": {
        "monotonic_time": 49381.381521105766,
        "horizontal_accuracy": 4.487868006979731,
        "speed": 18.574785014995182,
        "course": 293.0897521972656,
        "synthetic": false
      },
      "geometry": {
        "type": "Point",
        "coordinates": [
          30.433505744843,
          59.99169366511132
        ]
      }
    },
    {
      "type": "Feature",
      "properties": {
        "monotonic_time": 49382.381537914276,
        "horizontal_accuracy": 5.2355277119615256,
        "speed": 19.054591620471015,
        "course": 293.8304138183594,
        "synthetic": false
      },
      "geometry": {
        "type": "Point",
        "coordinates": [
          30.433190864982986,
          59.99176166255523
        ]
      }
    },
    {
      "type": "Feature",
      "properties": {
        "monotonic_time": 49383.38155400753,
        "horizontal_accuracy": 6.293065843911451,
        "speed": 19.454099578238704,
        "course": 293.86077880859375,
        "synthetic": false
      },
      "geometry": {
        "type": "Point",
        "coordinates": [
          30.432870104766558,
          59.99183302019715
        ]
      }
    },
    {
      "type": "Feature",
      "properties": {
        "monotonic_time": 49384.38156974316,
        "horizontal_accuracy": 7.668053599601891,
        "speed": 19.574112784127703,
        "course": 293.86077880859375,
        "synthetic": false
      },
      "geometry": {
        "type": "Point",
        "coordinates": [
          30.4325500109561,
          59.99190638613505
        ]
      }
    },
    {
      "type": "Feature",
      "properties": {
        "monotonic_time": 49385.381586790085,
        "horizontal_accuracy": 9.303596217576665,
        "speed": 19.333073984818597,
        "course": 296.029296875,
        "synthetic": false
      },
      "geometry": {
        "type": "Point",
        "coordinates": [
          30.432237996042026,
          59.99198093026955
        ]
      }
    },
    {
      "type": "Feature",
      "properties": {
        "monotonic_time": 49387.3816190958,
        "horizontal_accuracy": 70.19293573252406,
        "speed": 18.571584701538086,
        "course": 294.62215159544223,
        "synthetic": false
      },
      "geometry": {
        "type": "Point",
        "coordinates": [
          30.431549033894083,
          59.99211915612862
        ]
      }
    },
    {
      "type": "Feature",
      "properties": {
        "monotonic_time": 49388.381635427475,
        "horizontal_accuracy": 70.19293573248027,
        "speed": 18.571584701459713,
        "course": 294.6218896536942,
        "synthetic": false
      },
      "geometry": {
        "type": "Point",
        "coordinates": [
          30.43124654569844,
          59.99218860471784
        ]
      }
    },
    {
      "type": "Feature",
      "properties": {
        "monotonic_time": 49389.3816524744,
        "horizontal_accuracy": 64.54515348714668,
        "speed": 20.230598449605704,
        "course": 295.925537109375,
        "synthetic": false
      },
      "geometry": {
        "type": "Point",
        "coordinates": [
          30.430920614198165,
          59.99228929578996
        ]
      }
    },
    {
      "type": "Feature",
      "properties": {
        "monotonic_time": 49390.3816678524,
        "horizontal_accuracy": 55.459019314139624,
        "speed": 20.230598449605704,
        "course": 298.6963195800781,
        "synthetic": false
      },
      "geometry": {
        "type": "Point",
        "coordinates": [
          30.43062730550907,
          59.992367870641885
        ]
      }
    },
    {
      "type": "Feature",
      "properties": {
        "monotonic_time": 49391.3816845417,
        "horizontal_accuracy": 7.6803372333897135,
        "speed": 19.46887567938542,
        "course": 298.64031982421875,
        "synthetic": false
      },
      "geometry": {
        "type": "Point",
        "coordinates": [
          30.430313271129563,
          59.99246140382846
        ]
      }
    },
    {
      "type": "Feature",
      "properties": {
        "monotonic_time": 49392.38170039654,
        "horizontal_accuracy": 6.479026274737343,
        "speed": 20.12886075397531,
        "course": 298.60491943359375,
        "synthetic": false
      },
      "geometry": {
        "type": "Point",
        "coordinates": [
          30.430008074982915,
          59.992536923399676
        ]
      }
    },
    {
      "type": "Feature",
      "properties": {
        "monotonic_time": 49393.38171708584,
        "horizontal_accuracy": 5.7068558000547895,
        "speed": 20.87504807610803,
        "course": 298.77899169921875,
        "synthetic": false
      },
      "geometry": {
        "type": "Point",
        "coordinates": [
          30.429677197735305,
          59.99262723909862
        ]
      }
    },
    {
      "type": "Feature",
      "properties": {
        "monotonic_time": 49394.38173401356,
        "horizontal_accuracy": 4.888518957610845,
        "speed": 21.005329214918067,
        "course": 298.67376708984375,
        "synthetic": false
      },
      "geometry": {
        "type": "Point",
        "coordinates": [
          30.42935293176491,
          59.99271886920677
        ]
      }
    },
    {
      "type": "Feature",
      "properties": {
        "monotonic_time": 49395.38175010681,
        "horizontal_accuracy": 4.387197654465233,
        "speed": 21.000718926523234,
        "course": 298.67376708984375,
        "synthetic": false
      },
      "geometry": {
        "type": "Point",
        "coordinates": [
          30.429036080042103,
          59.99280421544596
        ]
      }
    },
    {
      "type": "Feature",
      "properties": {
        "monotonic_time": 49396.38176655769,
        "horizontal_accuracy": 4.07165766809675,
        "speed": 20.93643571270499,
        "course": 298.8909606933594,
        "synthetic": false
      },
      "geometry": {
        "type": "Point",
        "coordinates": [
          30.428711271689828,
          59.99289291044493
        ]
      }
    },
    {
      "type": "Feature",
      "properties": {
        "monotonic_time": 49397.381783127785,
        "horizontal_accuracy": 3.8258332982361525,
        "speed": 20.729863294352693,
        "course": 298.70330810546875,
        "synthetic": false
      },
      "geometry": {
        "type": "Point",
        "coordinates": [
          30.428389319248947,
          59.99298058770483
        ]
      }
    },
    {
      "type": "Feature",
      "properties": {
        "monotonic_time": 49398.380150437355,
        "horizontal_accuracy": 3.6122753903358027,
        "speed": 20.39864224884854,
        "course": 297.0924072265625,
        "synthetic": false
      },
      "geometry": {
        "type": "Point",
        "coordinates": [
          30.42807278461201,
          59.9930669969334
        ]
      }
    },
    {
      "type": "Feature",
      "properties": {
        "monotonic_time": 49399.380284547806,
        "horizontal_accuracy": 3.4582579202105284,
        "speed": 19.968522976012697,
        "course": 296.8726501464844,
        "synthetic": false
      },
      "geometry": {
        "type": "Point",
        "coordinates": [
          30.42775779594375,
          59.993150412975965
        ]
      }
    },
    {
      "type": "Feature",
      "properties": {
        "monotonic_time": 49400.38030099869,
        "horizontal_accuracy": 3.333138111631489,
        "speed": 19.87075572787111,
        "course": 297.33990478515625,
        "synthetic": false
      },
      "geometry": {
        "type": "Point",
        "coordinates": [
          30.427438483606608,
          59.99322973257932
        ]
      }
    },
    {
      "type": "Feature",
      "properties": {
        "monotonic_time": 49401.379979372025,
        "horizontal_accuracy": 3.21432880523148,
        "speed": 19.761170826379434,
        "course": 294.6986083984375,
        "synthetic": false
      },
      "geometry": {
        "type": "Point",
        "coordinates": [
          30.427121939530956,
          59.993303549317304
        ]
      }
    },
    {
      "type": "Feature",
      "properties": {
        "monotonic_time": 49402.38030600548,
        "horizontal_accuracy": 3.1568060815652084,
        "speed": 19.87700752975846,
        "course": 292.49884033203125,
        "synthetic": false
      },
      "geometry": {
        "type": "Point",
        "coordinates": [
          30.426795329669737,
          59.993376881939504
        ]
      }
    },
    {
      "type": "Feature",
      "properties": {
        "monotonic_time": 49403.38032186031,
        "horizontal_accuracy": 3.1263559845263433,
        "speed": 19.710410853427238,
        "course": 288.1619567871094,
        "synthetic": false
      },
      "geometry": {
        "type": "Point",
        "coordinates": [
          30.426469263641195,
          59.993445938489465
        ]
      }
    },
    {
      "type": "Feature",
      "properties": {
        "monotonic_time": 49404.380121707916,
        "horizontal_accuracy": 2.995167660491542,
        "speed": 19.516473749130018,
        "course": 287.8607482910156,
        "synthetic": false
      },
      "geometry": {
        "type": "Point",
        "coordinates": [
          30.426140009656603,
          59.993509724098544
        ]
      }
    },
    {
      "type": "Feature",
      "properties": {
        "monotonic_time": 49405.3796826601,
        "horizontal_accuracy": 2.9580985813926337,
        "speed": 19.230044924438605,
        "course": 289.5351257324219,
        "synthetic": false
      },
      "geometry": {
        "type": "Point",
        "coordinates": [
          30.425814785902972,
          59.99356797185302
        ]
      }
    },
    {
      "type": "Feature",
      "properties": {
        "monotonic_time": 49406.379698872566,
        "horizontal_accuracy": 2.9349802334621784,
        "speed": 18.970322072720457,
        "course": 289.6000671386719,
        "synthetic": false
      },
      "geometry": {
        "type": "Point",
        "coordinates": [
          30.425489747873492,
          59.993624536326465
        ]
      }
    },
    {
      "type": "Feature",
      "properties": {
        "monotonic_time": 49407.38064646721,
        "horizontal_accuracy": 2.881188305252862,
        "speed": 18.558927807436316,
        "course": 287.7375183105469,
        "synthetic": false
      },
      "geometry": {
        "type": "Point",
        "coordinates": [
          30.425173743671838,
          59.99367342451517
        ]
      }
    },
    {
      "type": "Feature",
      "properties": {
        "monotonic_time": 49408.38055098057,
        "horizontal_accuracy": 2.818966721784146,
        "speed": 18.477565433650913,
        "course": 285.90057373046875,
        "synthetic": false
      },
      "geometry": {
        "type": "Point",
        "coordinates": [
          30.42485531798127,
          59.9937176891784
        ]
      }
    },
    {
      "type": "Feature",
      "properties": {
        "monotonic_time": 49409.380566596985,
        "horizontal_accuracy": 2.7795761932015766,
        "speed": 18.816708663446764,
        "course": 285.1326599121094,
        "synthetic": false
      },
      "geometry": {
        "type": "Point",
        "coordinates": [
          30.42452697921354,
          59.99376406271341
        ]
      }
    },
    {
      "type": "Feature",
      "properties": {
        "monotonic_time": 49410.38025724888,
        "horizontal_accuracy": 2.7464767524097966,
        "speed": 18.752713821551747,
        "course": 285.17852783203125,
        "synthetic": false
      },
      "geometry": {
        "type": "Point",
        "coordinates": [
          30.424203059052875,
          59.99380409994477
        ]
      }
    },
    {
      "type": "Feature",
      "properties": {
        "monotonic_time": 49411.38048636913,
        "horizontal_accuracy": 2.6958277374980018,
        "speed": 18.253176249503195,
        "course": 280.28570556640625,
        "synthetic": false
      },
      "geometry": {
        "type": "Point",
        "coordinates": [
          30.423877717550678,
          59.99384035747808
        ]
      }
    },
    {
      "type": "Feature",
      "properties": {
        "monotonic_time": 49412.38050198555,
        "horizontal_accuracy": 2.625887333985243,
        "speed": 17.62778319348563,
        "course": 280.4544372558594,
        "synthetic": false
      },
      "geometry": {
        "type": "Point",
        "coordinates": [
          30.42356304898476,
          59.99386700483347
        ]
      }
    },
    {
      "type": "Feature",
      "properties": {
        "monotonic_time": 49413.38051879406,
        "horizontal_accuracy": 2.5609815129695788,
        "speed": 15.91720727703102,
        "course": 277.6480712890625,
        "synthetic": false
      },
      "geometry": {
        "type": "Point",
        "coordinates": [
          30.42327670885801,
          59.993888528720476
        ]
      }
    },
    {
      "type": "Feature",
      "properties": {
        "monotonic_time": 49414.38053524494,
        "horizontal_accuracy": 2.5202151065630165,
        "speed": 14.133804277585034,
        "course": 277.6480712890625,
        "synthetic": false
      },
      "geometry": {
        "type": "Point",
        "coordinates": [
          30.42302596913976,
          59.99390799887555
        ]
      }
    },
    {
      "type": "Feature",
      "properties": {
        "monotonic_time": 49415.38055074215,
        "horizontal_accuracy": 2.4587643848939513,
        "speed": 13.823025187854066,
        "course": 277.6498107910156,
        "synthetic": false
      },
      "geometry": {
        "type": "Point",
        "coordinates": [
          30.42277544836891,
          59.99392525815881
        ]
      }
    },
    {
      "type": "Feature",
      "properties": {
        "monotonic_time": 49416.38056743145,
        "horizontal_accuracy": 2.4202541594327873,
        "speed": 13.45879846544465,
        "course": 277.84356689453125,
        "synthetic": false
      },
      "geometry": {
        "type": "Point",
        "coordinates": [
          30.422532052116576,
          59.99394336770674
        ]
      }
    },
    {
      "type": "Feature",
      "properties": {
        "monotonic_time": 49417.38058423996,
        "horizontal_accuracy": 2.385904975476616,
        "speed": 12.930513985931082,
        "course": 277.51715087890625,
        "synthetic": false
      },
      "geometry": {
        "type": "Point",
        "coordinates": [
          30.42229921352953,
          59.99395984360062
        ]
      }
    },
    {
      "type": "Feature",
      "properties": {
        "monotonic_time": 49418.380600333214,
        "horizontal_accuracy": 2.353527230023877,
        "speed": 12.879228276922673,
        "course": 277.76263427734375,
        "synthetic": false
      },
      "geometry": {
        "type": "Point",
        "coordinates": [
          30.422068853425724,
          59.9939758525085
        ]
      }
    },
    {
      "type": "Feature",
      "properties": {
        "monotonic_time": 49419.380616784096,
        "horizontal_accuracy": 2.3403023995271637,
        "speed": 13.008489106827842,
        "course": 278.0425109863281,
        "synthetic": false
      },
      "geometry": {
        "type": "Point",
        "coordinates": [
          30.421838133435852,
          59.993991927354635
        ]
      }
    },
    {
      "type": "Feature",
      "properties": {
        "monotonic_time": 49420.38063323498,
        "horizontal_accuracy": 2.3272229517437264,
        "speed": 12.157761697971566,
        "course": 277.6655578613281,
        "synthetic": false
      },
      "geometry": {
        "type": "Point",
        "coordinates": [
          30.42162043810807,
          59.99400745502584
        ]
      }
    },
    {
      "type": "Feature",
      "properties": {
        "monotonic_time": 49421.38064956665,
        "horizontal_accuracy": 2.3094608166173676,
        "speed": 10.768319693909415,
        "course": 277.6655578613281,
        "synthetic": false
      },
      "geometry": {
        "type": "Point",
        "coordinates": [
          30.42143084321272,
          59.99402479211249
        ]
      }
    },
    {
      "type": "Feature",
      "properties": {
        "monotonic_time": 49422.38066613674,
        "horizontal_accuracy": 2.314296919673076,
        "speed": 10.393051779921933,
        "course": 277.65911865234375,
        "synthetic": false
      },
      "geometry": {
        "type": "Point",
        "coordinates": [
          30.42123763857971,
          59.99403936320954
        ]
      }
    },
    {
      "type": "Feature",
      "properties": {
        "monotonic_time": 49423.38068199158,
        "horizontal_accuracy": 2.2933730886954815,
        "speed": 9.987907064171486,
        "course": 277.7348937988281,
        "synthetic": false
      },
      "geometry": {
        "type": "Point",
        "coordinates": [
          30.421060772606708,
          59.99405132298989
        ]
      }
    },
    {
      "type": "Feature",
      "properties": {
        "monotonic_time": 49424.38069868088,
        "horizontal_accuracy": 2.2676535362154535,
        "speed": 9.658517071739423,
        "course": 277.7348937988281,
        "synthetic": false
      },
      "geometry": {
        "type": "Point",
        "coordinates": [
          30.42088855146197,
          59.99406282270174
        ]
      }
    },
    {
      "type": "Feature",
      "properties": {
        "monotonic_time": 49425.38071453571,
        "horizontal_accuracy": 2.406635695616282,
        "speed": 8.501590306636178,
        "course": 277.6663818359375,
        "synthetic": false
      },
      "geometry": {
        "type": "Point",
        "coordinates": [
          30.42073379564975,
          59.99407416556743
        ]
      }
    },
    {
      "type": "Feature",
      "properties": {
        "monotonic_time": 49426.38073158264,
        "horizontal_accuracy": 2.5262854606118266,
        "speed": 7.040829811254396,
        "course": 278.4862976074219,
        "synthetic": false
      },
      "geometry": {
        "type": "Point",
        "coordinates": [
          30.420610761973766,
          59.99408280241919
        ]
      }
    },
    {
      "type": "Feature",
      "properties": {
        "monotonic_time": 49427.38074707985,
        "horizontal_accuracy": 2.615774377838823,
        "speed": 6.6486325083176805,
        "course": 278.4862976074219,
        "synthetic": false
      },
      "geometry": {
        "type": "Point",
        "coordinates": [
          30.420494787751792,
          59.99409048060054
        ]
      }
    },
    {
      "type": "Feature",
      "properties": {
        "monotonic_time": 49428.38076376915,
        "horizontal_accuracy": 2.590883155628025,
        "speed": 6.967774666425041,
        "course": 278.4862976074219,
        "synthetic": false
      },
      "geometry": {
        "type": "Point",
        "coordinates": [
          30.420372386318114,
          59.994096794863495
        ]
      }
    },
    {
      "type": "Feature",
      "properties": {
        "monotonic_time": 49429.38077998161,
        "horizontal_accuracy": 2.6418335917593754,
        "speed": 8.319680190325203,
        "course": 278.4862976074219,
        "synthetic": false
      },
      "geometry": {
        "type": "Point",
        "coordinates": [
          30.420221252981115,
          59.994101174585474
        ]
      }
    },
    {
      "type": "Feature",
      "properties": {
        "monotonic_time": 49430.38079619408,
        "horizontal_accuracy": 2.837217747824892,
        "speed": 10.297238612292379,
        "course": 278.5759582519531,
        "synthetic": false
      },
      "geometry": {
        "type": "Point",
        "coordinates": [
          30.420036156435962,
          59.99410351730047
        ]
      }
    },
    {
      "type": "Feature",
      "properties": {
        "monotonic_time": 49431.38081264496,
        "horizontal_accuracy": 2.982554479710131,
        "speed": 11.5924424415822,
        "course": 278.5759582519531,
        "synthetic": false
      },
      "geometry": {
        "type": "Point",
        "coordinates": [
          30.419833389915652,
          59.99410633199875
        ]
      }
    },
    {
      "type": "Feature",
      "properties": {
        "monotonic_time": 49432.38082897663,
        "horizontal_accuracy": 3.004099335678443,
        "speed": 13.129657559693834,
        "course": 278.7518005371094,
        "synthetic": false
      },
      "geometry": {
        "type": "Point",
        "coordinates": [
          30.419599252559674,
          59.99412426828862
        ]
      }
    },
    {
      "type": "Feature",
      "properties": {
        "monotonic_time": 49433.380845189095,
        "horizontal_accuracy": 2.9516467551864056,
        "speed": 14.280630515253895,
        "course": 279.1138610839844,
        "synthetic": false
      },
      "geometry": {
        "type": "Point",
        "coordinates": [
          30.419338550337603,
          59.99414360923832
        ]
      }
    },
    {
      "type": "Feature",
      "properties": {
        "monotonic_time": 49434.38086163998,
        "horizontal_accuracy": 2.9180338121573146,
        "speed": 15.05938971793266,
        "course": 279.0679931640625,
        "synthetic": false
      },
      "geometry": {
        "type": "Point",
        "coordinates": [
          30.419064274251365,
          59.99416474591298
        ]
      }
    },
    {
      "type": "Feature",
      "properties": {
        "monotonic_time": 49435.38087785244,
        "horizontal_accuracy": 2.8313805352478076,
        "speed": 15.57773978047168,
        "course": 278.9051513671875,
        "synthetic": false
      },
      "geometry": {
        "type": "Point",
        "coordinates": [
          30.418774383904907,
          59.99418633016053
        ]
      }
    },
    {
      "type": "Feature",
      "properties": {
        "monotonic_time": 49436.38089454174,
        "horizontal_accuracy": 2.7543795933747903,
        "speed": 15.532505798474379,
        "course": 278.6104736328125,
        "synthetic": false
      },
      "geometry": {
        "type": "Point",
        "coordinates": [
          30.418486409047496,
          59.99420703355861
        ]
      }
    },
    {
      "type": "Feature",
      "properties": {
        "monotonic_time": 49437.38091027737,
        "horizontal_accuracy": 2.6855583377563823,
        "speed": 15.45828774390189,
        "course": 278.5124816894531,
        "synthetic": false
      },
      "geometry": {
        "type": "Point",
        "coordinates": [
          30.41820400577678,
          59.99422994179522
        ]
      }
    },
    {
      "type": "Feature",
      "properties": {
        "monotonic_time": 49438.38092708588,
        "horizontal_accuracy": 2.6273440658580003,
        "speed": 15.578431441407943,
        "course": 279.13568115234375,
        "synthetic": false
      },
      "geometry": {
        "type": "Point",
        "coordinates": [
          30.417920500743676,
          59.99425580418085
        ]
      }
    },
    {
      "type": "Feature",
      "properties": {
        "monotonic_time": 49439.38094341755,
        "horizontal_accuracy": 2.592768795008433,
        "speed": 16.30376063677436,
        "course": 278.7480163574219,
        "synthetic": false
      },
      "geometry": {
        "type": "Point",
        "coordinates": [
          30.4176281943083,
          59.99428236715998
        ]
      }
    },
    {
      "type": "Feature",
      "properties": {
        "monotonic_time": 49440.3809595108,
        "horizontal_accuracy": 2.5868832172221103,
        "speed": 17.01243059778182,
        "course": 278.68572998046875,
        "synthetic": false
      },
      "geometry": {
        "type": "Point",
        "coordinates": [
          30.41732761568834,
          59.994314166350904
        ]
      }
    },
    {
      "type": "Feature",
      "properties": {
        "monotonic_time": 49441.380975842476,
        "horizontal_accuracy": 2.572666095335819,
        "speed": 17.359568108429894,
        "course": 278.6351318359375,
        "synthetic": false
      },
      "geometry": {
        "type": "Point",
        "coordinates": [
          30.417017330143473,
          59.99434644167997
        ]
      }
    },
    {
      "type": "Feature",
      "properties": {
        "monotonic_time": 49442.38099241257,
        "horizontal_accuracy": 2.5526318496110876,
        "speed": 17.362763497181824,
        "course": 278.6351318359375,
        "synthetic": false
      },
      "geometry": {
        "type": "Point",
        "coordinates": [
          30.416709635873207,
          59.994372182036685
        ]
      }
    },
    {
      "type": "Feature",
      "properties": {
        "monotonic_time": 49443.38100862503,
        "horizontal_accuracy": 2.5188749914079396,
        "speed": 17.879183035630057,
        "course": 278.6351318359375,
        "synthetic": false
      },
      "geometry": {
        "type": "Point",
        "coordinates": [
          30.416392294129622,
          59.99439490277114
        ]
      }
    },
    {
      "type": "Feature",
      "properties": {
        "monotonic_time": 49444.381024837494,
        "horizontal_accuracy": 2.4566789990622757,
        "speed": 18.608280360357526,
        "course": 277.7789306640625,
        "synthetic": false
      },
      "geometry": {
        "type": "Point",
        "coordinates": [
          30.416059738728105,
          59.99441784167048
        ]
      }
    },
    {
      "type": "Feature",
      "properties": {
        "monotonic_time": 49445.381041407585,
        "horizontal_accuracy": 2.387506967170605,
        "speed": 18.646460689979776,
        "course": 277.5013122558594,
        "synthetic": false
      },
      "geometry": {
        "type": "Point",
        "coordinates": [
          30.41572721859163,
          59.99444184831149
        ]
      }
    },
    {
      "type": "Feature",
      "properties": {
        "monotonic_time": 49446.38105762005,
        "horizontal_accuracy": 2.362363652652557,
        "speed": 18.707868125475848,
        "course": 278.2951965332031,
        "synthetic": false
      },
      "geometry": {
        "type": "Point",
        "coordinates": [
          30.415394723576913,
          59.99446574533512
        ]
      }
    },
    {
      "type": "Feature",
      "properties": {
        "monotonic_time": 49447.38107430935,
        "horizontal_accuracy": 2.3133524340808886,
        "speed": 18.79133931183109,
        "course": 279.0921325683594,
        "synthetic": false
      },
      "geometry": {
        "type": "Point",
        "coordinates": [
          30.41506300832895,
          59.994493508898636
        ]
      }
    },
    {
      "type": "Feature",
      "properties": {
        "monotonic_time": 49448.38109052181,
        "horizontal_accuracy": 2.278785102494734,
        "speed": 18.826319865581844,
        "course": 278.7431640625,
        "synthetic": false
      },
      "geometry": {
        "type": "Point",
        "coordinates": [
          30.414731094066962,
          59.99451973391943
        ]
      }
    },
    {
      "type": "Feature",
      "properties": {
        "monotonic_time": 49449.381106972694,
        "horizontal_accuracy": 2.261928819131394,
        "speed": 18.691640882143727,
        "course": 278.85491943359375,
        "synthetic": false
      },
      "geometry": {
        "type": "Point",
        "coordinates": [
          30.41439869959611,
          59.99454528647031
        ]
      }
    },
    {
      "type": "Feature",
      "properties": {
        "monotonic_time": 49450.381123781204,
        "horizontal_accuracy": 2.27607324822638,
        "speed": 17.882924540460696,
        "course": 278.85491943359375,
        "synthetic": false
      },
      "geometry": {
        "type": "Point",
        "coordinates": [
          30.41408100620418,
          59.99456826161381
        ]
      }
    },
    {
      "type": "Feature",
      "properties": {
        "monotonic_time": 49451.38113975525,
        "horizontal_accuracy": 2.2988374928995285,
        "speed": 17.41159922308354,
        "course": 278.7987060546875,
        "synthetic": false
      },
      "geometry": {
        "type": "Point",
        "coordinates": [
          30.413772384874743,
          59.99458845069892
        ]
      }
    },
    {
      "type": "Feature",
      "properties": {
        "monotonic_time": 49452.381155610085,
        "horizontal_accuracy": 2.3102189046501826,
        "speed": 17.127764708760672,
        "course": 278.7987060546875,
        "synthetic": false
      },
      "geometry": {
        "type": "Point",
        "coordinates": [
          30.413467529726038,
          59.99460937604693
        ]
      }
    },
    {
      "type": "Feature",
      "properties": {
        "monotonic_time": 49453.381172180176,
        "horizontal_accuracy": 2.3422146867886884,
        "speed": 16.28477803981162,
        "course": 278.7987060546875,
        "synthetic": false
      },
      "geometry": {
        "type": "Point",
        "coordinates": [
          30.413177631105903,
          59.99462956574476
        ]
      }
    },
    {
      "type": "Feature",
      "properties": {
        "monotonic_time": 49454.38118875027,
        "horizontal_accuracy": 2.3676624963430797,
        "speed": 15.830308412205595,
        "course": 276.6470031738281,
        "synthetic": false
      },
      "geometry": {
        "type": "Point",
        "coordinates": [
          30.41289650262119,
          59.99464978287654
        ]
      }
    },
    {
      "type": "Feature",
      "properties": {
        "monotonic_time": 49455.38120520115,
        "horizontal_accuracy": 2.3789511469365863,
        "speed": 15.194407827482488,
        "course": 277.3493957519531,
        "synthetic": false
      },
      "geometry": {
        "type": "Point",
        "coordinates": [
          30.41262469182485,
          59.99466699169111
        ]
      }
    },
    {
      "type": "Feature",
      "properties": {
        "monotonic_time": 49456.381220817566,
        "horizontal_accuracy": 2.38763988351837,
        "speed": 14.869710188951021,
        "course": 277.0845642089844,
        "synthetic": false
      },
      "geometry": {
        "type": "Point",
        "coordinates": [
          30.41236014488005,
          59.99468372314409
        ]
      }
    },
    {
      "type": "Feature",
      "properties": {
        "monotonic_time": 49457.38123750687,
        "horizontal_accuracy": 2.450744382737973,
        "speed": 14.558352685829663,
        "course": 277.2857360839844,
        "synthetic": false
      },
      "geometry": {
        "type": "Point",
        "coordinates": [
          30.41210171009346,
          59.99469987188388
        ]
      }
    },
    {
      "type": "Feature",
      "properties": {
        "monotonic_time": 49458.3812533617,
        "horizontal_accuracy": 2.4749165656837215,
        "speed": 14.392972511695172,
        "course": 277.2857360839844,
        "synthetic": false
      },
      "geometry": {
        "type": "Point",
        "coordinates": [
          30.41184559772219,
          59.994713776097356
        ]
      }
    },
    {
      "type": "Feature",
      "properties": {
        "monotonic_time": 49459.38127040863,
        "horizontal_accuracy": 2.458858653342458,
        "speed": 14.476265422391322,
        "course": 277.3346862792969,
        "synthetic": false
      },
      "geometry": {
        "type": "Point",
        "coordinates": [
          30.411586009876686,
          59.99472957626177
        ]
      }
    },
    {
      "type": "Feature",
      "properties": {
        "monotonic_time": 49460.3812867403,
        "horizontal_accuracy": 2.441726538162874,
        "speed": 14.27936739788636,
        "course": 277.3346862792969,
        "synthetic": false
      },
      "geometry": {
        "type": "Point",
        "coordinates": [
          30.41133425786314,
          59.99474436487895
        ]
      }
    },
    {
      "type": "Feature",
      "properties": {
        "monotonic_time": 49461.38130235672,
        "horizontal_accuracy": 2.415718075275875,
        "speed": 14.049694568015743,
        "course": 276.98675537109375,
        "synthetic": false
      },
      "geometry": {
        "type": "Point",
        "coordinates": [
          30.411082245512876,
          59.994762646915085
        ]
      }
    },
    {
      "type": "Feature",
      "properties": {
        "monotonic_time": 49462.38131964207,
        "horizontal_accuracy": 2.398079281031455,
        "speed": 13.978552594437401,
        "course": 277.373779296875,
        "synthetic": false
      },
      "geometry": {
        "type": "Point",
        "coordinates": [
          30.41083163524112,
          59.99477602607784
        ]
      }
    },
    {
      "type": "Feature",
      "properties": {
        "monotonic_time": 49463.381335139275,
        "horizontal_accuracy": 2.444612779104305,
        "speed": 13.42698803419747,
        "course": 277.6466064453125,
        "synthetic": false
      },
      "geometry": {
        "type": "Point",
        "coordinates": [
          30.410598018142146,
          59.99479156031702
        ]
      }
    },
    {
      "type": "Feature",
      "properties": {
        "monotonic_time": 49464.381351828575,
        "horizontal_accuracy": 2.51111853454277,
        "speed": 12.868159760529833,
        "course": 275.9864501953125,
        "synthetic": false
      },
      "geometry": {
        "type": "Point",
        "coordinates": [
          30.41036656429087,
          59.99480411117429
        ]
      }
    },
    {
      "type": "Feature",
      "properties": {
        "monotonic_time": 49465.38136804104,
        "horizontal_accuracy": 2.8260791803832084,
        "speed": 12.695095634021698,
        "course": 276.04730224609375,
        "synthetic": false
      },
      "geometry": {
        "type": "Point",
        "coordinates": [
          30.41013734468948,
          59.994815703645656
        ]
      }
    },
    {
      "type": "Feature",
      "properties": {
        "monotonic_time": 49466.38138413429,
        "horizontal_accuracy": 2.6362604533040837,
        "speed": 12.558361044944885,
        "course": 276.04730224609375,
        "synthetic": false
      },
      "geometry": {
        "type": "Point",
        "coordinates": [
          30.409913903488047,
          59.99482809315624
        ]
      }
    },
    {
      "type": "Feature",
      "properties": {
        "monotonic_time": 49467.38140106201,
        "horizontal_accuracy": 2.7378988001225535,
        "speed": 12.216577430724797,
        "course": 276.2082824707031,
        "synthetic": false
      },
      "geometry": {
        "type": "Point",
        "coordinates": [
          30.40969306447486,
          59.99483934580935
        ]
      }
    },
    {
      "type": "Feature",
      "properties": {
        "monotonic_time": 49468.38141691685,
        "horizontal_accuracy": 2.7798774564426347,
        "speed": 10.925708583477515,
        "course": 276.2082824707031,
        "synthetic": false
      },
      "geometry": {
        "type": "Point",
        "coordinates": [
          30.40949911771983,
          59.9948510029231
        ]
      }
    },
    {
      "type": "Feature",
      "properties": {
        "monotonic_time": 49469.38143348694,
        "horizontal_accuracy": 2.6951503503878507,
        "speed": 9.35601582304275,
        "course": 276.2082824707031,
        "synthetic": false
      },
      "geometry": {
        "type": "Point",
        "coordinates": [
          30.409336894054423,
          59.99485921890695
        ]
      }
    },
    {
      "type": "Feature",
      "properties": {
        "monotonic_time": 49470.38144946098,
        "horizontal_accuracy": 2.5946343372935945,
        "speed": 7.538572815995772,
        "course": 276.3740539550781,
        "synthetic": false
      },
      "geometry": {
        "type": "Point",
        "coordinates": [
          30.409199903976113,
          59.994866283279904
        ]
      }
    },
    {
      "type": "Feature",
      "properties": {
        "monotonic_time": 49471.3814663887,
        "horizontal_accuracy": 2.523795139142967,
        "speed": 5.902168404685824,
        "course": 276.3740539550781,
        "synthetic": false
      },
      "geometry": {
        "type": "Point",
        "coordinates": [
          30.409098879716087,
          59.994871563641155
        ]
      }
    },
    {
      "type": "Feature",
      "properties": {
        "monotonic_time": 49472.381482601166,
        "horizontal_accuracy": 2.476922179663189,
        "speed": 5.929897814954503,
        "course": 276.3740539550781,
        "synthetic": false
      },
      "geometry": {
        "type": "Point",
        "coordinates": [
          30.4089985619275,
          59.99487642804759
        ]
      }
    },
    {
      "type": "Feature",
      "properties": {
        "monotonic_time": 49473.38149893284,
        "horizontal_accuracy": 2.430248393866703,
        "speed": 6.356063686887621,
        "course": 276.3740539550781,
        "synthetic": false
      },
      "geometry": {
        "type": "Point",
        "coordinates": [
          30.4088850288219,
          59.994882648333835
        ]
      }
    },
    {
      "type": "Feature",
      "properties": {
        "monotonic_time": 49474.38151502609,
        "horizontal_accuracy": 2.396789087280348,
        "speed": 6.072407087663277,
        "course": 276.3740539550781,
        "synthetic": false
      },
      "geometry": {
        "type": "Point",
        "coordinates": [
          30.4087790541882,
          59.99488708756863
        ]
      }
    },
    {
      "type": "Feature",
      "properties": {
        "monotonic_time": 49475.381531596184,
        "horizontal_accuracy": 2.377281497213505,
        "speed": 4.417613581484886,
        "course": 276.16046142578125,
        "synthetic": false
      },
      "geometry": {
        "type": "Point",
        "coordinates": [
          30.408705709476617,
          59.99489016867561
        ]
      }
    },
    {
      "type": "Feature",
      "properties": {
        "monotonic_time": 49476.38154792786,
        "horizontal_accuracy": 2.358015991771553,
        "speed": 3.596162699665597,
        "course": 276.16046142578125,
        "synthetic": false
      },
      "geometry": {
        "type": "Point",
        "coordinates": [
          30.40864589352401,
          59.99489305141175
        ]
      }
    },
    {
      "type": "Feature",
      "properties": {
        "monotonic_time": 49477.38156437874,
        "horizontal_accuracy": 2.3365297047820235,
        "speed": 2.840352965179213,
        "course": 276.16046142578125,
        "synthetic": false
      },
      "geometry": {
        "type": "Point",
        "coordinates": [
          30.40860046122649,
          59.99489512076083
        ]
      }
    },
    {
      "type": "Feature",
      "properties": {
        "monotonic_time": 49478.38158094883,
        "horizontal_accuracy": 2.296753609164576,
        "speed": 2.6216316924101,
        "course": 276.16046142578125,
        "synthetic": false
      },
      "geometry": {
        "type": "Point",
        "coordinates": [
          30.40855632431223,
          59.99489781684456
        ]
      }
    },
    {
      "type": "Feature",
      "properties": {
        "monotonic_time": 49479.381596803665,
        "horizontal_accuracy": 2.26583589000247,
        "speed": 2.307122987788361,
        "course": 276.24835205078125,
        "synthetic": false
      },
      "geometry": {
        "type": "Point",
        "coordinates": [
          30.408518412848228,
          59.99489872186395
        ]
      }
    },
    {
      "type": "Feature",
      "properties": {
        "monotonic_time": 49480.38161301613,
        "horizontal_accuracy": 2.220213230137341,
        "speed": 2.055873595980994,
        "course": 276.24835205078125,
        "synthetic": false
      },
      "geometry": {
        "type": "Point",
        "coordinates": [
          30.408484626213156,
          59.99489974587443
        ]
      }
    },
    {
      "type": "Feature",
      "properties": {
        "monotonic_time": 49481.38162970543,
        "horizontal_accuracy": 2.192488895453371,
        "speed": 1.6768777732647986,
        "course": 276.24835205078125,
        "synthetic": false
      },
      "geometry": {
        "type": "Point",
        "coordinates": [
          30.408456298159827,
          59.99490039536383
        ]
      }
    },
    {
      "type": "Feature",
      "properties": {
        "monotonic_time": 49482.381645679474,
        "horizontal_accuracy": 2.1929176022629067,
        "speed": 1.161636762865997,
        "course": 276.24835205078125,
        "synthetic": false
      },
      "geometry": {
        "type": "Point",
        "coordinates": [
          30.4084316927903,
          59.994900389084464
        ]
      }
    },
    {
      "type": "Feature",
      "properties": {
        "monotonic_time": 49483.381662249565,
        "horizontal_accuracy": 2.2463336218965595,
        "speed": 0.40762783925776097,
        "course": 276.24835205078125,
        "synthetic": false
      },
      "geometry": {
        "type": "Point",
        "coordinates": [
          30.40842835020149,
          59.9949020425221
        ]
      }
    },
    {
      "type": "Feature",
      "properties": {
        "monotonic_time": 49484.38167822361,
        "horizontal_accuracy": 2.2371842388075414,
        "speed": 0.034500991502162424,
        "course": 276.24835205078125,
        "synthetic": false
      },
      "geometry": {
        "type": "Point",
        "coordinates": [
          30.40842646336035,
          59.99490258021866
        ]
      }
    },
    {
      "type": "Feature",
      "properties": {
        "monotonic_time": 49485.38169515133,
        "horizontal_accuracy": 2.241935040287846,
        "speed": 0.2854719197416246,
        "course": 276.24835205078125,
        "synthetic": false
      },
      "geometry": {
        "type": "Point",
        "coordinates": [
          30.408424658910544,
          59.99490266036273
        ]
      }
    },
    {
      "type": "Feature",
      "properties": {
        "monotonic_time": 49486.38171124458,
        "horizontal_accuracy": 2.2426887121712102,
        "speed": 1.5347436604152591,
        "course": 276.24835205078125,
        "synthetic": false
      },
      "geometry": {
        "type": "Point",
        "coordinates": [
          30.408398412416513,
          59.99490472021624
        ]
      }
    },
    {
      "type": "Feature",
      "properties": {
        "monotonic_time": 49487.38172745705,
        "horizontal_accuracy": 2.1872611673749867,
        "speed": 2.8942391936217797,
        "course": 276.24835205078125,
        "synthetic": false
      },
      "geometry": {
        "type": "Point",
        "coordinates": [
          30.4083423356197,
          59.99491065699836
        ]
      }
    },
    {
      "type": "Feature",
      "properties": {
        "monotonic_time": 49488.381744265556,
        "horizontal_accuracy": 2.1441797659141897,
        "speed": 4.290343346036799,
        "course": 276.24835205078125,
        "synthetic": false
      },
      "geometry": {
        "type": "Point",
        "coordinates": [
          30.408261674873316,
          59.99491794000144
        ]
      }
    },
    {
      "type": "Feature",
      "properties": {
        "monotonic_time": 49489.38176047802,
        "horizontal_accuracy": 2.0561974287518128,
        "speed": 5.252742466485494,
        "course": 276.243408203125,
        "synthetic": false
      },
      "geometry": {
        "type": "Point",
        "coordinates": [
          30.408172209550433,
          59.99493281937916
        ]
      }
    },
    {
      "type": "Feature",
      "properties": {
        "monotonic_time": 49490.381776213646,
        "horizontal_accuracy": 2.028774487375951,
        "speed": 6.502727365266287,
        "course": 276.243408203125,
        "synthetic": false
      },
      "geometry": {
        "type": "Point",
        "coordinates": [
          30.408045722920008,
          59.99494110519573
        ]
      }
    },
    {
      "type": "Feature",
      "properties": {
        "monotonic_time": 49491.38179266453,
        "horizontal_accuracy": 2.025477043436327,
        "speed": 7.2251485037421554,
        "course": 276.243408203125,
        "synthetic": false
      },
      "geometry": {
        "type": "Point",
        "coordinates": [
          30.40791029926964,
          59.994949217155195
        ]
      }
    },
    {
      "type": "Feature",
      "properties": {
        "monotonic_time": 49492.38180947304,
        "horizontal_accuracy": 2.0206276268921566,
        "speed": 7.827677041738806,
        "course": 276.243408203125,
        "synthetic": false
      },
      "geometry": {
        "type": "Point",
        "coordinates": [
          30.407765225738796,
          59.99495755314942
        ]
      }
    },
    {
      "type": "Feature",
      "properties": {
        "monotonic_time": 49493.38182592392,
        "horizontal_accuracy": 2.0397563433476495,
        "speed": 8.147100122237571,
        "course": 276.243408203125,
        "synthetic": false
      },
      "geometry": {
        "type": "Point",
        "coordinates": [
          30.407620007201164,
          59.99496346862592
        ]
      }
    },
    {
      "type": "Feature",
      "properties": {
        "monotonic_time": 49494.381841659546,
        "horizontal_accuracy": 2.0573349791908333,
        "speed": 8.726981258949689,
        "course": 276.0906982421875,
        "synthetic": false
      },
      "geometry": {
        "type": "Point",
        "coordinates": [
          30.407464925125765,
          59.994971608645535
        ]
      }
    },
    {
      "type": "Feature",
      "properties": {
        "monotonic_time": 49495.38185799122,
        "horizontal_accuracy": 2.0455420462868266,
        "speed": 9.38752814611341,
        "course": 276.0906982421875,
        "synthetic": false
      },
      "geometry": {
        "type": "Point",
        "coordinates": [
          30.40729468156343,
          59.99497997831863
        ]
      }
    },
    {
      "type": "Feature",
      "properties": {
        "monotonic_time": 49496.38187456131,
        "horizontal_accuracy": 2.0184684022535277,
        "speed": 10.22429863642021,
        "course": 276.0906982421875,
        "synthetic": false
      },
      "geometry": {
        "type": "Point",
        "coordinates": [
          30.40711177176061,
          59.99498955602433
        ]
      }
    },
    {
      "type": "Feature",
      "properties": {
        "monotonic_time": 49497.3818911314,
        "horizontal_accuracy": 2.4262759123886464,
        "speed": 10.924867689060694,
        "course": 274.3980407714844,
        "synthetic": false
      },
      "geometry": {
        "type": "Point",
        "coordinates": [
          30.406916905407705,
          59.99499833882883
        ]
      }
    },
    {
      "type": "Feature",
      "properties": {
        "monotonic_time": 49498.38190686703,
        "horizontal_accuracy": 2.4279941224921058,
        "speed": 11.576819125297863,
        "course": 274.3980407714844,
        "synthetic": false
      },
      "geometry": {
        "type": "Point",
        "coordinates": [
          30.406711829280376,
          59.99500610351592
        ]
      }
    },
    {
      "type": "Feature",
      "properties": {
        "monotonic_time": 49499.381923913956,
        "horizontal_accuracy": 2.438238924418615,
        "speed": 12.186695864993075,
        "course": 271.9306335449219,
        "synthetic": false
      },
      "geometry": {
        "type": "Point",
        "coordinates": [
          30.406493341634953,
          59.995013265022095
        ]
      }
    },
    {
      "type": "Feature",
      "properties": {
        "monotonic_time": 49500.38194036484,
        "horizontal_accuracy": 2.4686003624900517,
        "speed": 12.819833658766338,
        "course": 270.5970153808594,
        "synthetic": false
      },
      "geometry": {
        "type": "Point",
        "coordinates": [
          30.406264477523692,
          59.995016376364646
        ]
      }
    },
    {
      "type": "Feature",
      "properties": {
        "monotonic_time": 49501.38195621967,
        "horizontal_accuracy": 2.526648537155519,
        "speed": 13.554463319598725,
        "course": 267.1321716308594,
        "synthetic": false
      },
      "geometry": {
        "type": "Point",
        "coordinates": [
          30.406021669617218,
          59.99501533958096
        ]
      }
    },
    {
      "type": "Feature",
      "properties": {
        "monotonic_time": 49502.3819732666,
        "horizontal_accuracy": 2.517913424548181,
        "speed": 14.096207082091816,
        "course": 267.8624267578125,
        "synthetic": false
      },
      "geometry": {
        "type": "Point",
        "coordinates": [
          30.405770019656305,
          59.9950132699623
        ]
      }
    },
    {
      "type": "Feature",
      "properties": {
        "monotonic_time": 49503.38198912144,
        "horizontal_accuracy": 2.494331849081922,
        "speed": 14.692018507153078,
        "course": 267.88043212890625,
        "synthetic": false
      },
      "geometry": {
        "type": "Point",
        "coordinates": [
          30.405506442239087,
          59.99500888843151
        ]
      }
    },
    {
      "type": "Feature",
      "properties": {
        "monotonic_time": 49504.38200521469,
        "horizontal_accuracy": 2.4823940959612387,
        "speed": 15.001924719583664,
        "course": 267.37164306640625,
        "synthetic": false
      },
      "geometry": {
        "type": "Point",
        "coordinates": [
          30.405237410571374,
          59.99500179663229
        ]
      }
    },
    {
      "type": "Feature",
      "properties": {
        "monotonic_time": 49505.382021427155,
        "horizontal_accuracy": 2.4745374457134073,
        "speed": 14.846482296762517,
        "course": 266.93798828125,
        "synthetic": false
      },
      "geometry": {
        "type": "Point",
        "coordinates": [
          30.404970234085983,
          59.99499582364435
        ]
      }
    },
    {
      "type": "Feature",
      "properties": {
        "monotonic_time": 49506.38203847408,
        "horizontal_accuracy": 2.457668699349635,
        "speed": 14.63293859640117,
        "course": 267.19488525390625,
        "synthetic": false
      },
      "geometry": {
        "type": "Point",
        "coordinates": [
          30.404708800779627,
          59.99498874216308
        ]
      }
    },
    {
      "type": "Feature",
      "properties": {
        "monotonic_time": 49507.38205456734,
        "horizontal_accuracy": 2.439364916861233,
        "speed": 14.626131853451442,
        "course": 267.2880554199219,
        "synthetic": false
      },
      "geometry": {
        "type": "Point",
        "coordinates": [
          30.404444441752215,
          59.99498346339593
        ]
      }
    },
    {
      "type": "Feature",
      "properties": {
        "monotonic_time": 49508.38207066059,
        "horizontal_accuracy": 2.4575739260316176,
        "speed": 14.622787271465377,
        "course": 267.0267028808594,
        "synthetic": false
      },
      "geometry": {
        "type": "Point",
        "coordinates": [
          30.404184688080242,
          59.99497799598814
        ]
      }
    },
    {
      "type": "Feature",
      "properties": {
        "monotonic_time": 49509.38208758831,
        "horizontal_accuracy": 2.4558295671519685,
        "speed": 14.70381849065059,
        "course": 267.3582458496094,
        "synthetic": false
      },
      "geometry": {
        "type": "Point",
        "coordinates": [
          30.403923716908885,
          59.9949722430749
        ]
      }
    },
    {
      "type": "Feature",
      "properties": {
        "monotonic_time": 49510.382103443146,
        "horizontal_accuracy": 2.467934806460322,
        "speed": 14.709989865171128,
        "course": 267.3379211425781,
        "synthetic": false
      },
      "geometry": {
        "type": "Point",
        "coordinates": [
          30.403657684747188,
          59.99496569776141
        ]
      }
    },
    {
      "type": "Feature",
      "properties": {
        "monotonic_time": 49511.38211977482,
        "horizontal_accuracy": 2.480106591772893,
        "speed": 14.571523285148116,
        "course": 267.3379211425781,
        "synthetic": false
      },
      "geometry": {
        "type": "Point",
        "coordinates": [
          30.403398622613782,
          59.99495952059313
        ]
      }
    },
    {
      "type": "Feature",
      "properties": {
        "monotonic_time": 49512.38213610649,
        "horizontal_accuracy": 2.4996642929925668,
        "speed": 14.44230958804287,
        "course": 267.1756591796875,
        "synthetic": false
      },
      "geometry": {
        "type": "Point",
        "coordinates": [
          30.403141044921476,
          59.99495270614396
        ]
      }
    },
    {
      "type": "Feature",
      "properties": {
        "monotonic_time": 49513.382152199745,
        "horizontal_accuracy": 2.517763726631019,
        "speed": 14.094563868715282,
        "course": 267.1756591796875,
        "synthetic": false
      },
      "geometry": {
        "type": "Point",
        "coordinates": [
          30.402891768053504,
          59.994943178026894
        ]
      }
    },
    {
      "type": "Feature",
      "properties": {
        "monotonic_time": 49514.382169008255,
        "horizontal_accuracy": 2.5395853459490927,
        "speed": 13.827847503776912,
        "course": 267.0256652832031,
        "synthetic": false
      },
      "geometry": {
        "type": "Point",
        "coordinates": [
          30.402642264931533,
          59.994938484675906
        ]
      }
    },
    {
      "type": "Feature",
      "properties": {
        "monotonic_time": 49515.382185578346,
        "horizontal_accuracy": 2.558091814365663,
        "speed": 13.704444083561395,
        "course": 267.0256652832031,
        "synthetic": false
      },
      "geometry": {
        "type": "Point",
        "coordinates": [
          30.402395249423503,
          59.99493275713721
        ]
      }
    },
    {
      "type": "Feature",
      "properties": {
        "monotonic_time": 49516.382201075554,
        "horizontal_accuracy": 2.5785711810973506,
        "speed": 13.409665002625914,
        "course": 267.4247131347656,
        "synthetic": false
      },
      "geometry": {
        "type": "Point",
        "coordinates": [
          30.402157784977884,
          59.99492565845971
        ]
      }
    },
    {
      "type": "Feature",
      "properties": {
        "monotonic_time": 49517.382217645645,
        "horizontal_accuracy": 2.5887785783938617,
        "speed": 13.173866188310132,
        "course": 267.4247131347656,
        "synthetic": false
      },
      "geometry": {
        "type": "Point",
        "coordinates": [
          30.401919350338005,
          59.994919318971625
        ]
      }
    },
    {
      "type": "Feature",
      "properties": {
        "monotonic_time": 49518.38223409653,
        "horizontal_accuracy": 2.5900252975298996,
        "speed": 13.081197085238228,
        "course": 267.8141784667969,
        "synthetic": false
      },
      "geometry": {
        "type": "Point",
        "coordinates": [
          30.401683750497295,
          59.99491363114635
        ]
      }
    },
    {
      "type": "Feature",
      "properties": {
        "monotonic_time": 49519.38225030899,
        "horizontal_accuracy": 2.5998554832929126,
        "speed": 13.121870059999669,
        "course": 267.3213195800781,
        "synthetic": false
      },
      "geometry": {
        "type": "Point",
        "coordinates": [
          30.401444914368984,
          59.99490784767688
        ]
      }
    },
    {
      "type": "Feature",
      "properties": {
        "monotonic_time": 49520.38226747513,
        "horizontal_accuracy": 2.599390938814872,
        "speed": 12.590846607655363,
        "course": 267.294921875,
        "synthetic": false
      },
      "geometry": {
        "type": "Point",
        "coordinates": [
          30.40121514358798,
          59.99490182282434
        ]
      }
    },
    {
      "type": "Feature",
      "properties": {
        "monotonic_time": 49521.38228344917,
        "horizontal_accuracy": 2.614773922110191,
        "speed": 11.583874112963384,
        "course": 267.1069030761719,
        "synthetic": false
      },
      "geometry": {
        "type": "Point",
        "coordinates": [
          30.401001463675833,
          59.99489397621838
        ]
      }
    },
    {
      "type": "Feature",
      "properties": {
        "monotonic_time": 49522.382300019264,
        "horizontal_accuracy": 2.5963240028624317,
        "speed": 10.217947838517677,
        "course": 267.3155517578125,
        "synthetic": false
      },
      "geometry": {
        "type": "Point",
        "coordinates": [
          30.40081708141823,
          59.99489030139512
        ]
      }
    },
    {
      "type": "Feature",
      "properties": {
        "monotonic_time": 49523.38231611252,
        "horizontal_accuracy": 2.619399900243376,
        "speed": 9.151326757579923,
        "course": 267.14166259765625,
        "synthetic": false
      },
      "geometry": {
        "type": "Point",
        "coordinates": [
          30.400656663353388,
          59.99488541794782
        ]
      }
    },
    {
      "type": "Feature",
      "properties": {
        "monotonic_time": 49524.379336476326,
        "horizontal_accuracy": 2.603568904108811,
        "speed": 8.822849373065466,
        "course": 266.9097595214844,
        "synthetic": false
      },
      "geometry": {
        "type": "Point",
        "coordinates": [
          30.40049701622215,
          59.99488131637674
        ]
      }
    },
    {
      "type": "Feature",
      "properties": {
        "monotonic_time": 49525.37975227833,
        "horizontal_accuracy": 2.569420060776479,
        "speed": 8.730144579174397,
        "course": 267.2291259765625,
        "synthetic": false
      },
      "geometry": {
        "type": "Point",
        "coordinates": [
          30.400341213646506,
          59.99487689802435
        ]
      }
    },
    {
      "type": "Feature",
      "properties": {
        "monotonic_time": 49526.37976861,
        "horizontal_accuracy": 2.5563173388538587,
        "speed": 8.939749276224735,
        "course": 267.23834228515625,
        "synthetic": false
      },
      "geometry": {
        "type": "Point",
        "coordinates": [
          30.40018025814701,
          59.99487077989121
        ]
      }
    },
    {
      "type": "Feature",
      "properties": {
        "monotonic_time": 49527.37926661968,
        "horizontal_accuracy": 2.5729602376719307,
        "speed": 9.470833275254854,
        "course": 267.2057800292969,
        "synthetic": false
      },
      "geometry": {
        "type": "Point",
        "coordinates": [
          30.400014719354292,
          59.994869753459476
        ]
      }
    },
    {
      "type": "Feature",
      "properties": {
        "monotonic_time": 49528.378984093666,
        "horizontal_accuracy": 2.6135368716853007,
        "speed": 10.187679252758203,
        "course": 267.2233581542969,
        "synthetic": false
      },
      "geometry": {
        "type": "Point",
        "coordinates": [
          30.399829356066395,
          59.99486476081032
        ]
      }
    },
    {
      "type": "Feature",
      "properties": {
        "monotonic_time": 49529.37900066376,
        "horizontal_accuracy": 2.601687106483666,
        "speed": 10.836813900857113,
        "course": 267.2233581542969,
        "synthetic": false
      },
      "geometry": {
        "type": "Point",
        "coordinates": [
          30.3996331796185,
          59.99486038126772
        ]
      }
    },
    {
      "type": "Feature",
      "properties": {
        "monotonic_time": 49530.379754424095,
        "horizontal_accuracy": 2.605981724742743,
        "speed": 11.779589745711188,
        "course": 267.36090087890625,
        "synthetic": false
      },
      "geometry": {
        "type": "Point",
        "coordinates": [
          30.399418927604383,
          59.99485487048511
        ]
      }
    },
    {
      "type": "Feature",
      "properties": {
        "monotonic_time": 49531.37990915775,
        "horizontal_accuracy": 2.597176083721129,
        "speed": 12.744646878102149,
        "course": 268.49542236328125,
        "synthetic": false
      },
      "geometry": {
        "type": "Point",
        "coordinates": [
          30.399184514505503,
          59.99485241570087
        ]
      }
    },
    {
      "type": "Feature",
      "properties": {
        "monotonic_time": 49532.379925489426,
        "horizontal_accuracy": 2.580646056803375,
        "speed": 13.421489374544343,
        "course": 267.5340576171875,
        "synthetic": false
      },
      "geometry": {
        "type": "Point",
        "coordinates": [
          30.398939225267462,
          59.99484348756278
        ]
      }
    },
    {
      "type": "Feature",
      "properties": {
        "monotonic_time": 49533.37910139561,
        "horizontal_accuracy": 2.579599415362012,
        "speed": 14.081060769361972,
        "course": 267.7533264160156,
        "synthetic": false
      },
      "geometry": {
        "type": "Point",
        "coordinates": [
          30.398682540222115,
          59.99483493147497
        ]
      }
    },
    {
      "type": "Feature",
      "properties": {
        "monotonic_time": 49534.379247665405,
        "horizontal_accuracy": 2.5896423503054984,
        "speed": 14.690907073463476,
        "course": 267.78668212890625,
        "synthetic": false
      },
      "geometry": {
        "type": "Point",
        "coordinates": [
          30.398417273666908,
          59.99482849440144
        ]
      }
    },
    {
      "type": "Feature",
      "properties": {
        "monotonic_time": 49535.3792642355,
        "horizontal_accuracy": 2.6035591646439067,
        "speed": 15.287687128994593,
        "course": 267.64361572265625,
        "synthetic": false
      },
      "geometry": {
        "type": "Point",
        "coordinates": [
          30.398141639144747,
          59.9948211632217
        ]
      }
    },
    {
      "type": "Feature",
      "properties": {
        "monotonic_time": 49536.379638552666,
        "horizontal_accuracy": 2.6115513342051666,
        "speed": 15.833257184338635,
        "course": 267.7437744140625,
        "synthetic": false
      },
      "geometry": {
        "type": "Point",
        "coordinates": [
          30.39785570433504,
          59.99481377996411
        ]
      }
    },
    {
      "type": "Feature",
      "properties": {
        "monotonic_time": 49537.379093647,
        "horizontal_accuracy": 2.5930018002241213,
        "speed": 16.322039727303213,
        "course": 267.51287841796875,
        "synthetic": false
      },
      "geometry": {
        "type": "Point",
        "coordinates": [
          30.397564154106053,
          59.9948072318914
        ]
      }
    },
    {
      "type": "Feature",
      "properties": {
        "monotonic_time": 49538.379110097885,
        "horizontal_accuracy": 2.5815609852307833,
        "speed": 16.852470746873276,
        "course": 267.5516052246094,
        "synthetic": false
      },
      "geometry": {
        "type": "Point",
        "coordinates": [
          30.39726216960187,
          59.99479959197326
        ]
      }
    },
    {
      "type": "Feature",
      "properties": {
        "monotonic_time": 49539.37912619114,
        "horizontal_accuracy": 2.617613774808777,
        "speed": 16.7816416443361,
        "course": 267.5594787597656,
        "synthetic": false
      },
      "geometry": {
        "type": "Point",
        "coordinates": [
          30.396959789552476,
          59.994791941209
        ]
      }
    },
    {
      "type": "Feature",
      "properties": {
        "monotonic_time": 49540.37914228439,
        "horizontal_accuracy": 2.64677225215368,
        "speed": 15.910151864473042,
        "course": 267.63409423828125,
        "synthetic": false
      },
      "geometry": {
        "type": "Point",
        "coordinates": [
          30.39667479085523,
          59.99478446839098
        ]
      }
    },
    {
      "type": "Feature",
      "properties": {
        "monotonic_time": 49541.379158973694,
        "horizontal_accuracy": 2.695594745142194,
        "speed": 15.467710761644467,
        "course": 267.4013977050781,
        "synthetic": false
      },
      "geometry": {
        "type": "Point",
        "coordinates": [
          30.39639983749514,
          59.99477710362994
        ]
      }
    },
    {
      "type": "Feature",
      "properties": {
        "monotonic_time": 49542.379175662994,
        "horizontal_accuracy": 2.713722880957146,
        "speed": 15.108590894447929,
        "course": 267.3318786621094,
        "synthetic": false
      },
      "geometry": {
        "type": "Point",
        "coordinates": [
          30.39612983899815,
          59.99477163739543
        ]
      }
    },
    {
      "type": "Feature",
      "properties": {
        "monotonic_time": 49543.37919151783,
        "horizontal_accuracy": 2.7643415927402835,
        "speed": 14.086179561348056,
        "course": 267.50494384765625,
        "synthetic": false
      },
      "geometry": {
        "type": "Point",
        "coordinates": [
          30.395876370410935,
          59.994766005472705
        ]
      }
    },
    {
      "type": "Feature",
      "properties": {
        "monotonic_time": 49544.37920856476,
        "horizontal_accuracy": 2.7565021887966092,
        "speed": 13.292836443665811,
        "course": 267.6636047363281,
        "synthetic": false
      },
      "geometry": {
        "type": "Point",
        "coordinates": [
          30.395640393968055,
          59.99475946529653
        ]
      }
    },
    {
      "type": "Feature",
      "properties": {
        "monotonic_time": 49545.379224181175,
        "horizontal_accuracy": 2.755221515711513,
        "speed": 12.582400083919998,
        "course": 267.55804443359375,
        "synthetic": false
      },
      "geometry": {
        "type": "Point",
        "coordinates": [
          30.395417237086477,
          59.99475357661684
        ]
      }
    },
    {
      "type": "Feature",
      "properties": {
        "monotonic_time": 49546.37924051285,
        "horizontal_accuracy": 2.7834649259720794,
        "speed": 11.69406242220312,
        "course": 267.4315185546875,
        "synthetic": false
      },
      "geometry": {
        "type": "Point",
        "coordinates": [
          30.3952079546254,
          59.99474946833115
        ]
      }
    },
    {
      "type": "Feature",
      "properties": {
        "monotonic_time": 49547.37925720215,
        "horizontal_accuracy": 2.8545002021447297,
        "speed": 11.018146247384122,
        "course": 267.4315185546875,
        "synthetic": false
      },
      "geometry": {
        "type": "Point",
        "coordinates": [
          30.395010390558472,
          59.99474427730348
        ]
      }
    },
    {
      "type": "Feature",
      "properties": {
        "monotonic_time": 49548.37927353382,
        "horizontal_accuracy": 2.892747338953866,
        "speed": 10.374996722253497,
        "course": 267.4315185546875,
        "synthetic": false
      },
      "geometry": {
        "type": "Point",
        "coordinates": [
          30.394831633246852,
          59.99473828400729
        ]
      }
    },
    {
      "type": "Feature",
      "properties": {
        "monotonic_time": 49549.37928938866,
        "horizontal_accuracy": 2.9447607713249604,
        "speed": 10.375346659351887,
        "course": 267.6759033203125,
        "synthetic": false
      },
      "geometry": {
        "type": "Point",
        "coordinates": [
          30.394655592446934,
          59.99473450976638
        ]
      }
    },
    {
      "type": "Feature",
      "properties": {
        "monotonic_time": 49550.37930619717,
        "horizontal_accuracy": 3.035510168480702,
        "speed": 10.837039794521445,
        "course": 267.4966735839844,
        "synthetic": false
      },
      "geometry": {
        "type": "Point",
        "coordinates": [
          30.394463517781308,
          59.994731425414685
        ]
      }
    },
    {
      "type": "Feature",
      "properties": {
        "monotonic_time": 49551.37932217121,
        "horizontal_accuracy": 3.131540609194744,
        "speed": 11.28578375770116,
        "course": 267.4557800292969,
        "synthetic": false
      },
      "geometry": {
        "type": "Point",
        "coordinates": [
          30.394264987673186,
          59.99472703446481
        ]
      }
    },
    {
      "type": "Feature",
      "properties": {
        "monotonic_time": 49552.37933862209,
        "horizontal_accuracy": 3.225878088146977,
        "speed": 11.185315150562449,
        "course": 267.6011047363281,
        "synthetic": false
      },
      "geometry": {
        "type": "Point",
        "coordinates": [
          30.39406380903723,
          59.994722643284526
        ]
      }
    },
    {
      "type": "Feature",
      "properties": {
        "monotonic_time": 49553.37935471535,
        "horizontal_accuracy": 3.330753145939818,
        "speed": 10.197203661298174,
        "course": 267.3105163574219,
        "synthetic": false
      },
      "geometry": {
        "type": "Point",
        "coordinates": [
          30.393877144900415,
          59.994716903127006
        ]
      }
    },
    {
      "type": "Feature",
      "properties": {
        "monotonic_time": 49554.37937140465,
        "horizontal_accuracy": 3.391138067164806,
        "speed": 8.163807022663976,
        "course": 267.3105163574219,
        "synthetic": false
      },
      "geometry": {
        "type": "Point",
        "coordinates": [
          30.39372083880204,
          59.994711588773924
        ]
      }
    },
    {
      "type": "Feature",
      "properties": {
        "monotonic_time": 49555.37938773632,
        "horizontal_accuracy": 3.4938500253167706,
        "speed": 6.791486934451839,
        "course": 267.9096984863281,
        "synthetic": false
      },
      "geometry": {
        "type": "Point",
        "coordinates": [
          30.393597218036938,
          59.99470946127123
        ]
      }
    },
    {
      "type": "Feature",
      "properties": {
        "monotonic_time": 49556.379403591156,
        "horizontal_accuracy": 3.6335563597987828,
        "speed": 6.902619825016735,
        "course": 267.72735595703125,
        "synthetic": false
      },
      "geometry": {
        "type": "Point",
        "coordinates": [
          30.393472616859547,
          59.99470837278152
        ]
      }
    },
    {
      "type": "Feature",
      "properties": {
        "monotonic_time": 49557.379420638084,
        "horizontal_accuracy": 3.6842152102006813,
        "speed": 6.737212409337192,
        "course": 267.2764587402344,
        "synthetic": false
      },
      "geometry": {
        "type": "Point",
        "coordinates": [
          30.39336117850246,
          59.99470675213104
        ]
      }
    },
    {
      "type": "Feature",
      "properties": {
        "monotonic_time": 49558.37943685055,
        "horizontal_accuracy": 3.6725191077098343,
        "speed": 6.788249792891852,
        "course": 267.2764587402344,
        "synthetic": false
      },
      "geometry": {
        "type": "Point",
        "coordinates": [
          30.39324299268915,
          59.99470535416567
        ]
      }
    },
    {
      "type": "Feature",
      "properties": {
        "monotonic_time": 49559.37945282459,
        "horizontal_accuracy": 3.633414026809535,
        "speed": 7.070780539015492,
        "course": 267.49908447265625,
        "synthetic": false
      },
      "geometry": {
        "type": "Point",
        "coordinates": [
          30.393124089139178,
          59.994703709799644
        ]
      }
    },
    {
      "type": "Feature",
      "properties": {
        "monotonic_time": 49560.37946975231,
        "horizontal_accuracy": 3.5854983815228882,
        "speed": 7.825306092216674,
        "course": 267.6277160644531,
        "synthetic": false
      },
      "geometry": {
        "type": "Point",
        "coordinates": [
          30.392987020502666,
          59.994699546482536
        ]
      }
    },
    {
      "type": "Feature",
      "properties": {
        "monotonic_time": 49561.37948560715,
        "horizontal_accuracy": 3.457611738575078,
        "speed": 8.667711971425925,
        "course": 267.7329406738281,
        "synthetic": false
      },
      "geometry": {
        "type": "Point",
        "coordinates": [
          30.392823635584634,
          59.99469324364669
        ]
      }
    },
    {
      "type": "Feature",
      "properties": {
        "monotonic_time": 49562.37950181961,
        "horizontal_accuracy": 3.3522958964892293,
        "speed": 9.327507555566422,
        "course": 267.2607727050781,
        "synthetic": false
      },
      "geometry": {
        "type": "Point",
        "coordinates": [
          30.392653673206883,
          59.994690408866795
        ]
      }
    },
    {
      "type": "Feature",
      "properties": {
        "monotonic_time": 49563.37951850891,
        "horizontal_accuracy": 3.279840555935917,
        "speed": 10.064439718988798,
        "course": 270,
        "synthetic": false
      },
      "geometry": {
        "type": "Point",
        "coordinates": [
          30.39246824284557,
          59.99468896749052
        ]
      }
    },
    {
      "type": "Feature",
      "properties": {
        "monotonic_time": 49564.379534482956,
        "horizontal_accuracy": 3.216522778931111,
        "speed": 11.020319016454978,
        "course": 273.9962158203125,
        "synthetic": false
      },
      "geometry": {
        "type": "Point",
        "coordinates": [
          30.392265953453666,
          59.99468926807272
        ]
      }
    },
    {
      "type": "Feature",
      "properties": {
        "monotonic_time": 49565.37955081463,
        "horizontal_accuracy": 3.195499037565752,
        "speed": 11.597482500150365,
        "course": 276.1778869628906,
        "synthetic": false
      },
      "geometry": {
        "type": "Point",
        "coordinates": [
          30.39206001698181,
          59.994694917136066
        ]
      }
    },
    {
      "type": "Feature",
      "properties": {
        "monotonic_time": 49566.37956750393,
        "horizontal_accuracy": 3.283877248705274,
        "speed": 11.982348973275846,
        "course": 281.5186462402344,
        "synthetic": false
      },
      "geometry": {
        "type": "Point",
        "coordinates": [
          30.391843631239322,
          59.994708336931055
        ]
      }
    },
    {
      "type": "Feature",
      "properties": {
        "monotonic_time": 49567.379583358765,
        "horizontal_accuracy": 3.4074814470244004,
        "speed": 12.12103089100285,
        "course": 280.8585205078125,
        "synthetic": false
      },
      "geometry": {
        "type": "Point",
        "coordinates": [
          30.391630948104453,
          59.99472851540188
        ]
      }
    },
    {
      "type": "Feature",
      "properties": {
        "monotonic_time": 49568.379599928856,
        "horizontal_accuracy": 3.647049051441064,
        "speed": 12.228923755267726,
        "course": 280.8585205078125,
        "synthetic": false
      },
      "geometry": {
        "type": "Point",
        "coordinates": [
          30.391419153950753,
          59.99475593055736
        ]
      }
    },
    {
      "type": "Feature",
      "properties": {
        "monotonic_time": 49569.37961637974,
        "horizontal_accuracy": 4.02703530789393,
        "speed": 12.310658812303805,
        "course": 284.43817138671875,
        "synthetic": false
      },
      "geometry": {
        "type": "Point",
        "coordinates": [
          30.391206980240415,
          59.99478526432844
        ]
      }
    },
    {
      "type": "Feature",
      "properties": {
        "monotonic_time": 49570.3796325922,
        "horizontal_accuracy": 4.344763006151163,
        "speed": 12.222207528045884,
        "course": 284.7348937988281,
        "synthetic": false
      },
      "geometry": {
        "type": "Point",
        "coordinates": [
          30.390995407700547,
          59.99481480222966
        ]
      }
    },
    {
      "type": "Feature",
      "properties": {
        "monotonic_time": 49571.37964951992,
        "horizontal_accuracy": 4.7548162491210615,
        "speed": 12.293017205898135,
        "course": 284.3039245605469,
        "synthetic": false
      },
      "geometry": {
        "type": "Point",
        "coordinates": [
          30.390781013757795,
          59.99484586271796
        ]
      }
    },
    {
      "type": "Feature",
      "properties": {
        "monotonic_time": 49572.379665374756,
        "horizontal_accuracy": 5.104062697976743,
        "speed": 12.492543618888044,
        "course": 284.4630432128906,
        "synthetic": false
      },
      "geometry": {
        "type": "Point",
        "coordinates": [
          30.390560417531997,
          59.99487805635925
        ]
      }
    },
    {
      "type": "Feature",
      "properties": {
        "monotonic_time": 49573.379682183266,
        "horizontal_accuracy": 5.201460459958315,
        "speed": 12.845597664960637,
        "course": 284.4630432128906,
        "synthetic": false
      },
      "geometry": {
        "type": "Point",
        "coordinates": [
          30.390313988401953,
          59.99490642255055
        ]
      }
    },
    {
      "type": "Feature",
      "properties": {
        "monotonic_time": 49574.3796980381,
        "horizontal_accuracy": 5.185690740879234,
        "speed": 13.038645431427796,
        "course": 284.5634765625,
        "synthetic": false
      },
      "geometry": {
        "type": "Point",
        "coordinates": [
          30.39006807726437,
          59.99493501890701
        ]
      }
    },
    {
      "type": "Feature",
      "properties": {
        "monotonic_time": 49575.37971460819,
        "horizontal_accuracy": 5.218643667318759,
        "speed": 13.256153379213576,
        "course": 284.5634765625,
        "synthetic": false
      },
      "geometry": {
        "type": "Point",
        "coordinates": [
          30.389817883438877,
          59.99496617815292
        ]
      }
    },
    {
      "type": "Feature",
      "properties": {
        "monotonic_time": 49576.379731178284,
        "horizontal_accuracy": 5.345420924747212,
        "speed": 13.498413024600058,
        "course": 284.5634765625,
        "synthetic": false
      },
      "geometry": {
        "type": "Point",
        "coordinates": [
          30.38956171631607,
          59.99499647874179
        ]
      }
    },
    {
      "type": "Feature",
      "properties": {
        "monotonic_time": 49577.37974715233,
        "horizontal_accuracy": 5.383929921248519,
        "speed": 13.909013213491246,
        "course": 284.6097106933594,
        "synthetic": false
      },
      "geometry": {
        "type": "Point",
        "coordinates": [
          30.389303317404156,
          59.99503691828462
        ]
      }
    },
    {
      "type": "Feature",
      "properties": {
        "monotonic_time": 49578.37976372242,
        "horizontal_accuracy": 5.643811549108048,
        "speed": 14.35331316410451,
        "course": 284.6097106933594,
        "synthetic": false
      },
      "geometry": {
        "type": "Point",
        "coordinates": [
          30.389056829590917,
          59.9950608421935
        ]
      }
    },
    {
      "type": "Feature",
      "properties": {
        "monotonic_time": 49579.379779815674,
        "horizontal_accuracy": 5.766988268966527,
        "speed": 14.870136116943522,
        "course": 284.6097106933594,
        "synthetic": false
      },
      "geometry": {
        "type": "Point",
        "coordinates": [
          30.38878339162883,
          59.995098610948986
        ]
      }
    },
    {
      "type": "Feature",
      "properties": {
        "monotonic_time": 49580.37979578972,
        "horizontal_accuracy": 5.927361519340015,
        "speed": 15.36121862807911,
        "course": 284.57318115234375,
        "synthetic": false
      },
      "geometry": {
        "type": "Point",
        "coordinates": [
          30.388505897270026,
          59.9951358187314
        ]
      }
    },
    {
      "type": "Feature",
      "properties": {
        "monotonic_time": 49581.37981235981,
        "horizontal_accuracy": 6.414671975202445,
        "speed": 15.494741827242251,
        "course": 284.57318115234375,
        "synthetic": false
      },
      "geometry": {
        "type": "Point",
        "coordinates": [
          30.388237156438286,
          59.995174253736714
        ]
      }
    },
    {
      "type": "Feature",
      "properties": {
        "monotonic_time": 49582.37982928753,
        "horizontal_accuracy": 6.9588669123990154,
        "speed": 14.799011947737501,
        "course": 284.5235595703125,
        "synthetic": false
      },
      "geometry": {
        "type": "Point",
        "coordinates": [
          30.387980373383666,
          59.99521123694808
        ]
      }
    },
    {
      "type": "Feature",
      "properties": {
        "monotonic_time": 49583.37984549999,
        "horizontal_accuracy": 7.5919099321188215,
        "speed": 13.320625838726343,
        "course": 284.5235595703125,
        "synthetic": false
      },
      "geometry": {
        "type": "Point",
        "coordinates": [
          30.387738621312096,
          59.995222948952325
        ]
      }
    },
    {
      "type": "Feature",
      "properties": {
        "monotonic_time": 49584.37986147404,
        "horizontal_accuracy": 8.251148799728377,
        "speed": 11.946693854905647,
        "course": 284.6186828613281,
        "synthetic": false
      },
      "geometry": {
        "type": "Point",
        "coordinates": [
          30.38752982352893,
          59.995253741892256
        ]
      }
    },
    {
      "type": "Feature",
      "properties": {
        "monotonic_time": 49585.3798776865,
        "horizontal_accuracy": 8.95650478232235,
        "speed": 11.319916134751017,
        "course": 284.6186828613281,
        "synthetic": false
      },
      "geometry": {
        "type": "Point",
        "coordinates": [
          30.387334810009403,
          59.99528224249736
        ]
      }
    },
    {
      "type": "Feature",
      "properties": {
        "monotonic_time": 49586.3798943758,
        "horizontal_accuracy": 9.712889286616265,
        "speed": 10.829203235937529,
        "course": 284.6186828613281,
        "synthetic": false
      },
      "geometry": {
        "type": "Point",
        "coordinates": [
          30.38714801410018,
          59.995309391646515
        ]
      }
    },
    {
      "type": "Feature",
      "properties": {
        "monotonic_time": 49587.37991011143,
        "horizontal_accuracy": 7.796320419853524,
        "speed": 10.429296211315853,
        "course": 284.6186828613281,
        "synthetic": false
      },
      "geometry": {
        "type": "Point",
        "coordinates": [
          30.38695287894101,
          59.995330108007316
        ]
      }
    },
    {
      "type": "Feature",
      "properties": {
        "monotonic_time": 49588.37992703915,
        "horizontal_accuracy": 7.037063997919374,
        "speed": 9.993995966637572,
        "course": 284.6186828613281,
        "synthetic": false
      },
      "geometry": {
        "type": "Point",
        "coordinates": [
          30.38679159090035,
          59.99535413701318
        ]
      }
    },
    {
      "type": "Feature",
      "properties": {
        "monotonic_time": 49589.37994349003,
        "horizontal_accuracy": 6.237596758875427,
        "speed": 10.041450815060259,
        "course": 284.6186828613281,
        "synthetic": false
      },
      "geometry": {
        "type": "Point",
        "coordinates": [
          30.38660549718316,
          59.99538472303842
        ]
      }
    },
    {
      "type": "Feature",
      "properties": {
        "monotonic_time": 49590.379959344864,
        "horizontal_accuracy": 5.9326476152574745,
        "speed": 10.128249948468202,
        "course": 284.6186828613281,
        "synthetic": false
      },
      "geometry": {
        "type": "Point",
        "coordinates": [
          30.3864294670115,
          59.99541183414906
        ]
      }
    },
    {
      "type": "Feature",
      "properties": {
        "monotonic_time": 49591.37997627258,
        "horizontal_accuracy": 5.667169006232613,
        "speed": 9.195494443444161,
        "course": 284.57305908203125,
        "synthetic": false
      },
      "geometry": {
        "type": "Point",
        "coordinates": [
          30.3862673712994,
          59.995437339518624
        ]
      }
    },
    {
      "type": "Feature",
      "properties": {
        "monotonic_time": 49592.379992604256,
        "horizontal_accuracy": 5.456684382675209,
        "speed": 7.583160225807787,
        "course": 284.57305908203125,
        "synthetic": false
      },
      "geometry": {
        "type": "Point",
        "coordinates": [
          30.386131461263258,
          59.9954565477391
        ]
      }
    },
    {
      "type": "Feature",
      "properties": {
        "monotonic_time": 49593.38000869751,
        "horizontal_accuracy": 5.304714305061793,
        "speed": 6.467351528097791,
        "course": 284.57305908203125,
        "synthetic": false
      },
      "geometry": {
        "type": "Point",
        "coordinates": [
          30.38601244913026,
          59.9954715768299
        ]
      }
    },
    {
      "type": "Feature",
      "properties": {
        "monotonic_time": 49594.38002490997,
        "horizontal_accuracy": 5.167782077975206,
        "speed": 5.776179517772462,
        "course": 284.57305908203125,
        "synthetic": false
      },
      "geometry": {
        "type": "Point",
        "coordinates": [
          30.38591010014226,
          59.99548408275829
        ]
      }
    },
    {
      "type": "Feature",
      "properties": {
        "monotonic_time": 49595.38004183769,
        "horizontal_accuracy": 4.962320180643495,
        "speed": 5.4367069295298815,
        "course": 284.57305908203125,
        "synthetic": false
      },
      "geometry": {
        "type": "Point",
        "coordinates": [
          30.385815670564146,
          59.9954954095602
        ]
      }
    },
    {
      "type": "Feature",
      "properties": {
        "monotonic_time": 49596.380058169365,
        "horizontal_accuracy": 4.802236928926351,
        "speed": 5.091775033524321,
        "course": 284.57305908203125,
        "synthetic": false
      },
      "geometry": {
        "type": "Point",
        "coordinates": [
          30.38572976961575,
          59.99550604985199
        ]
      }
    },
    {
      "type": "Feature",
      "properties": {
        "monotonic_time": 49597.38007462025,
        "horizontal_accuracy": 4.71863452627092,
        "speed": 5.024351815795929,
        "course": 284.57305908203125,
        "synthetic": false
      },
      "geometry": {
        "type": "Point",
        "coordinates": [
          30.38564345263698,
          59.995521183234295
        ]
      }
    },
    {
      "type": "Feature",
      "properties": {
        "monotonic_time": 49598.380090236664,
        "horizontal_accuracy": 4.646102592015878,
        "speed": 4.869138387814836,
        "course": 284.57305908203125,
        "synthetic": false
      },
      "geometry": {
        "type": "Point",
        "coordinates": [
          30.38555757800906,
          59.99553184583904
        ]
      }
    },
    {
      "type": "Feature",
      "properties": {
        "monotonic_time": 49599.38010632992,
        "horizontal_accuracy": 4.581245397394551,
        "speed": 5.472855067204339,
        "course": 284.57305908203125,
        "synthetic": false
      },
      "geometry": {
        "type": "Point",
        "coordinates": [
          30.385460205889466,
          59.995544776135134
        ]
      }
    },
    {
      "type": "Feature",
      "properties": {
        "monotonic_time": 49600.38012325764,
        "horizontal_accuracy": 4.467261239694637,
        "speed": 6.180948130587528,
        "course": 284.57305908203125,
        "synthetic": false
      },
      "geometry": {
        "type": "Point",
        "coordinates": [
          30.385360698882426,
          59.995562679534046
        ]
      }
    },
    {
      "type": "Feature",
      "properties": {
        "monotonic_time": 49601.380138874054,
        "horizontal_accuracy": 4.366303639249959,
        "speed": 6.181130490559375,
        "course": 284.57305908203125,
        "synthetic": false
      },
      "geometry": {
        "type": "Point",
        "coordinates": [
          30.385246916668464,
          59.9955803176924
        ]
      }
    },
    {
      "type": "Feature",
      "properties": {
        "monotonic_time": 49602.38015604019,
        "horizontal_accuracy": 4.375165848770243,
        "speed": 5.7225241067568025,
        "course": 284.57305908203125,
        "synthetic": false
      },
      "geometry": {
        "type": "Point",
        "coordinates": [
          30.385138937844005,
          59.99559505815823
        ]
      }
    },
    {
      "type": "Feature",
      "properties": {
        "monotonic_time": 49603.38017189503,
        "horizontal_accuracy": 4.357752090889505,
        "speed": 5.077276169496632,
        "course": 284.58917236328125,
        "synthetic": false
      },
      "geometry": {
        "type": "Point",
        "coordinates": [
          30.38504851089053,
          59.995606402935515
        ]
      }
    },
    {
      "type": "Feature",
      "properties": {
        "monotonic_time": 49604.38018846512,
        "horizontal_accuracy": 4.251625824482014,
        "speed": 3.418644890718748,
        "course": 284.58917236328125,
        "synthetic": false
      },
      "geometry": {
        "type": "Point",
        "coordinates": [
          30.384986443343575,
          59.99561355328184
        ]
      }
    },
    {
      "type": "Feature",
      "properties": {
        "monotonic_time": 49605.38020503521,
        "horizontal_accuracy": 4.092336012704615,
        "speed": 3.3020099046089566,
        "course": 284.58917236328125,
        "synthetic": false
      },
      "geometry": {
        "type": "Point",
        "coordinates": [
          30.384922317634665,
          59.99562312800019
        ]
      }
    },
    {
      "type": "Feature",
      "properties": {
        "monotonic_time": 49606.38022053242,
        "horizontal_accuracy": 3.847364708279874,
        "speed": 2.394389710534811,
        "course": 284.58917236328125,
        "synthetic": false
      },
      "geometry": {
        "type": "Point",
        "coordinates": [
          30.384874107314552,
          59.99563370148766
        ]
      }
    },
    {
      "type": "Feature",
      "properties": {
        "monotonic_time": 49607.380237817764,
        "horizontal_accuracy": 3.866298732484014,
        "speed": 3.6669876004391155,
        "course": 284.58917236328125,
        "synthetic": false
      },
      "geometry": {
        "type": "Point",
        "coordinates": [
          30.38481095479618,
          59.99563895388523
        ]
      }
    },
    {
      "type": "Feature",
      "properties": {
        "monotonic_time": 49608.38025414944,
        "horizontal_accuracy": 4.097297116483918,
        "speed": 4.464736229022482,
        "course": 284.58917236328125,
        "synthetic": false
      },
      "geometry": {
        "type": "Point",
        "coordinates": [
          30.38473195654641,
          59.99564946321309
        ]
      }
    },
    {
      "type": "Feature",
      "properties": {
        "monotonic_time": 49609.380271434784,
        "horizontal_accuracy": 4.2340695006194435,
        "speed": 4.097850301499175,
        "course": 284.58917236328125,
        "synthetic": false
      },
      "geometry": {
        "type": "Point",
        "coordinates": [
          30.384668654268925,
          59.9956551403089
        ]
      }
    },
    {
      "type": "Feature",
      "properties": {
        "monotonic_time": 49610.38028597832,
        "horizontal_accuracy": 4.352526923612721,
        "speed": 3.6986558729815098,
        "course": 284.58917236328125,
        "synthetic": false
      },
      "geometry": {
        "type": "Point",
        "coordinates": [
          30.384602618387998,
          59.9956649759581
        ]
      }
    },
    {
      "type": "Feature",
      "properties": {
        "monotonic_time": 49611.38030230999,
        "horizontal_accuracy": 4.299162063359675,
        "speed": 3.6023602506591823,
        "course": 284.58917236328125,
        "synthetic": false
      },
      "geometry": {
        "type": "Point",
        "coordinates": [
          30.384523617696086,
          59.99567109977599
        ]
      }
    },
    {
      "type": "Feature",
      "properties": {
        "monotonic_time": 49612.38031864166,
        "horizontal_accuracy": 4.173516935909104,
        "speed": 3.4446334315264435,
        "course": 284.58917236328125,
        "synthetic": false
      },
      "geometry": {
        "type": "Point",
        "coordinates": [
          30.384455275291046,
          59.99567799322323
        ]
      }
    },
    {
      "type": "Feature",
      "properties": {
        "monotonic_time": 49613.3803358078,
        "horizontal_accuracy": 4.090916512078624,
        "speed": 2.5721635007184225,
        "course": 284.58917236328125,
        "synthetic": false
      },
      "geometry": {
        "type": "Point",
        "coordinates": [
          30.384407626861236,
          59.99568310379282
        ]
      }
    },
    {
      "type": "Feature",
      "properties": {
        "monotonic_time": 49614.380352020264,
        "horizontal_accuracy": 4.017074102400138,
        "speed": 2.6242773444814453,
        "course": 284.58917236328125,
        "synthetic": false
      },
      "geometry": {
        "type": "Point",
        "coordinates": [
          30.384361356820765,
          59.995689598714684
        ]
      }
    },
    {
      "type": "Feature",
      "properties": {
        "monotonic_time": 49615.38036811352,
        "horizontal_accuracy": 3.9566453111013486,
        "speed": 2.4899408272841583,
        "course": 284.58917236328125,
        "synthetic": false
      },
      "geometry": {
        "type": "Point",
        "coordinates": [
          30.384322798733166,
          59.99569720674968
        ]
      }
    },
    {
      "type": "Feature",
      "properties": {
        "monotonic_time": 49616.38038408756,
        "horizontal_accuracy": 3.681671311411553,
        "speed": 2.181766724848451,
        "course": 284.58917236328125,
        "synthetic": false
      },
      "geometry": {
        "type": "Point",
        "coordinates": [
          30.384284486870328,
          59.99569671850333
        ]
      }
    },
    {
      "type": "Feature",
      "properties": {
        "monotonic_time": 49617.3804012537,
        "horizontal_accuracy": 3.696778241920669,
        "speed": 0.11097456077440793,
        "course": 284.58917236328125,
        "synthetic": false
      },
      "geometry": {
        "type": "Point",
        "coordinates": [
          30.384269733444455,
          59.99569189638413
        ]
      }
    },
    {
      "type": "Feature",
      "properties": {
        "monotonic_time": 49618.38041698933,
        "horizontal_accuracy": 3.723039805910078,
        "speed": 0.13957824338155655,
        "course": 284.58917236328125,
        "synthetic": false
      },
      "geometry": {
        "type": "Point",
        "coordinates": [
          30.384260777579357,
          59.99568942466697
        ]
      }
    },
    {
      "type": "Feature",
      "properties": {
        "monotonic_time": 49619.380433321,
        "horizontal_accuracy": 3.71178567561279,
        "speed": 0,
        "course": 284.58917236328125,
        "synthetic": false
      },
      "geometry": {
        "type": "Point",
        "coordinates": [
          30.38426229583797,
          59.99568898047931
        ]
      }
    },
    {
      "type": "Feature",
      "properties": {
        "monotonic_time": 49620.38044977188,
        "horizontal_accuracy": 3.806037742842721,
        "speed": 0.16372194926407613,
        "course": 284.58917236328125,
        "synthetic": false
      },
      "geometry": {
        "type": "Point",
        "coordinates": [
          30.3842608993095,
          59.99568561883838
        ]
      }
    },
    {
      "type": "Feature",
      "properties": {
        "monotonic_time": 49621.380465984344,
        "horizontal_accuracy": 3.9551526431148525,
        "speed": 0,
        "course": 284.58917236328125,
        "synthetic": false
      },
      "geometry": {
        "type": "Point",
        "coordinates": [
          30.384263664205008,
          59.99568450092496
        ]
      }
    },
    {
      "type": "Feature",
      "properties": {
        "monotonic_time": 49622.380482554436,
        "horizontal_accuracy": 3.9850962687729714,
        "speed": 0,
        "course": 284.58917236328125,
        "synthetic": false
      },
      "geometry": {
        "type": "Point",
        "coordinates": [
          30.384263664205008,
          59.99568450092496
        ]
      }
    },
    {
      "type": "Feature",
      "properties": {
        "monotonic_time": 49623.38049840927,
        "horizontal_accuracy": 4.023151625744601,
        "speed": 0,
        "course": 284.58917236328125,
        "synthetic": false
      },
      "geometry": {
        "type": "Point",
        "coordinates": [
          30.384263664205008,
          59.99568450092496
        ]
      }
    },
    {
      "type": "Feature",
      "properties": {
        "monotonic_time": 49624.38051509857,
        "horizontal_accuracy": 4.0388651801385125,
        "speed": 0,
        "course": 284.58917236328125,
        "synthetic": false
      },
      "geometry": {
        "type": "Point",
        "coordinates": [
          30.384263664205008,
          59.99568450092496
        ]
      }
    },
    {
      "type": "Feature",
      "properties": {
        "monotonic_time": 49625.38053190708,
        "horizontal_accuracy": 4.084196516536136,
        "speed": 0.8040582474797857,
        "course": 284.58917236328125,
        "synthetic": false
      },
      "geometry": {
        "type": "Point",
        "coordinates": [
          30.38425675816145,
          59.99571429881745
        ]
      }
    },
    {
      "type": "Feature",
      "properties": {
        "monotonic_time": 49626.380548119545,
        "horizontal_accuracy": 4.033624462538703,
        "speed": 1.3040785902633971,
        "course": 284.58917236328125,
        "synthetic": false
      },
      "geometry": {
        "type": "Point",
        "coordinates": [
          30.38422949439216,
          59.99572096015218
        ]
      }
    },
    {
      "type": "Feature",
      "properties": {
        "monotonic_time": 49627.38056409359,
        "horizontal_accuracy": 3.928205986717911,
        "speed": 1.6335596488013397,
        "course": 284.58917236328125,
        "synthetic": false
      },
      "geometry": {
        "type": "Point",
        "coordinates": [
          30.3841910218787,
          59.9957270026225
        ]
      }
    },
    {
      "type": "Feature",
      "properties": {
        "monotonic_time": 49628.38058054447,
        "horizontal_accuracy": 3.857516509279604,
        "speed": 1.4768078022232118,
        "course": 284.58917236328125,
        "synthetic": false
      },
      "geometry": {
        "type": "Point",
        "coordinates": [
          30.384162363910757,
          59.99572494555916
        ]
      }
    },
    {
      "type": "Feature",
      "properties": {
        "monotonic_time": 49629.3805962801,
        "horizontal_accuracy": 3.7403902869193155,
        "speed": 1.1638965958179737,
        "course": 284.58917236328125,
        "synthetic": false
      },
      "geometry": {
        "type": "Point",
        "coordinates": [
          30.384141662699648,
          59.99572964483922
        ]
      }
    },
    {
      "type": "Feature",
      "properties": {
        "monotonic_time": 49630.38061320782,
        "horizontal_accuracy": 3.677703338453537,
        "speed": 0.535156565347927,
        "course": 284.58917236328125,
        "synthetic": false
      },
      "geometry": {
        "type": "Point",
        "coordinates": [
          30.38413221861394,
          59.99572409162596
        ]
      }
    },
    {
      "type": "Feature",
      "properties": {
        "monotonic_time": 49631.38062953949,
        "horizontal_accuracy": 3.6045064842157624,
        "speed": 0.0643347198253902,
        "course": 284.58917236328125,
        "synthetic": false
      },
      "geometry": {
        "type": "Point",
        "coordinates": [
          30.384131560905434,
          59.99572014939899
        ]
      }
    },
    {
      "type": "Feature",
      "properties": {
        "monotonic_time": 49632.38064610958,
        "horizontal_accuracy": 3.581892716760573,
        "speed": 0.1284979857486302,
        "course": 284.58917236328125,
        "synthetic": false
      },
      "geometry": {
        "type": "Point",
        "coordinates": [
          30.384125291174794,
          59.995716884221785
        ]
      }
    },
    {
      "type": "Feature",
      "properties": {
        "monotonic_time": 49633.380662441254,
        "horizontal_accuracy": 3.571922842313668,
        "speed": 0,
        "course": 284.58917236328125,
        "synthetic": false
      },
      "geometry": {
        "type": "Point",
        "coordinates": [
          30.384125778668608,
          59.995716509490286
        ]
      }
    },
    {
      "type": "Feature",
      "properties": {
        "monotonic_time": 49634.3806784153,
        "horizontal_accuracy": 3.584916370345859,
        "speed": 0,
        "course": 284.58917236328125,
        "synthetic": false
      },
      "geometry": {
        "type": "Point",
        "coordinates": [
          30.384125778668608,
          59.995716509490286
        ]
      }
    },
    {
      "type": "Feature",
      "properties": {
        "monotonic_time": 49635.38069498539,
        "horizontal_accuracy": 3.5709124384632998,
        "speed": 0,
        "course": 284.58917236328125,
        "synthetic": false
      },
      "geometry": {
        "type": "Point",
        "coordinates": [
          30.384125778668608,
          59.995716509490286
        ]
      }
    },
    {
      "type": "Feature",
      "properties": {
        "monotonic_time": 49636.38071131706,
        "horizontal_accuracy": 3.580290783300584,
        "speed": 0,
        "course": 284.58917236328125,
        "synthetic": false
      },
      "geometry": {
        "type": "Point",
        "coordinates": [
          30.384125778668608,
          59.995716509490286
        ]
      }
    },
    {
      "type": "Feature",
      "properties": {
        "monotonic_time": 49637.380727767944,
        "horizontal_accuracy": 3.583300257128606,
        "speed": 0.1827110698205628,
        "course": 284.58917236328125,
        "synthetic": false
      },
      "geometry": {
        "type": "Point",
        "coordinates": [
          30.38411495092848,
          59.99570606157208
        ]
      }
    },
    {
      "type": "Feature",
      "properties": {
        "monotonic_time": 49638.380744218826,
        "horizontal_accuracy": 3.554367325593058,
        "speed": 0.5279312648616875,
        "course": 284.58917236328125,
        "synthetic": false
      },
      "geometry": {
        "type": "Point",
        "coordinates": [
          30.38410074966768,
          59.99569727231891
        ]
      }
    },
    {
      "type": "Feature",
      "properties": {
        "monotonic_time": 49639.38076007366,
        "horizontal_accuracy": 3.6403022974976125,
        "speed": 0.16856454867396922,
        "course": 284.58917236328125,
        "synthetic": false
      },
      "geometry": {
        "type": "Point",
        "coordinates": [
          30.384106934151752,
          59.99569736625086
        ]
      }
    },
    {
      "type": "Feature",
      "properties": {
        "monotonic_time": 49640.380776405334,
        "horizontal_accuracy": 3.6155427365679484,
        "speed": 0,
        "course": 284.58917236328125,
        "synthetic": false
      },
      "geometry": {
        "type": "Point",
        "coordinates": [
          30.384108478508164,
          59.995700230360875
        ]
      }
    },
    {
      "type": "Feature",
      "properties": {
        "monotonic_time": 49641.380792975426,
        "horizontal_accuracy": 3.477406922613793,
        "speed": 0,
        "course": 284.58917236328125,
        "synthetic": false
      },
      "geometry": {
        "type": "Point",
        "coordinates": [
          30.384108478508164,
          59.995700230360875
        ]
      }
    },
    {
      "type": "Feature",
      "properties": {
        "monotonic_time": 49642.38080942631,
        "horizontal_accuracy": 3.2816140882801044,
        "speed": 0,
        "course": 284.58917236328125,
        "synthetic": false
      },
      "geometry": {
        "type": "Point",
        "coordinates": [
          30.384108478508164,
          59.995700230360875
        ]
      }
    },
    {
      "type": "Feature",
      "properties": {
        "monotonic_time": 49643.3808259964,
        "horizontal_accuracy": 3.1694921128640674,
        "speed": 0,
        "course": 284.58917236328125,
        "synthetic": false
      },
      "geometry": {
        "type": "Point",
        "coordinates": [
          30.384108478508164,
          59.995700230360875
        ]
      }
    },
    {
      "type": "Feature",
      "properties": {
        "monotonic_time": 49644.38084232807,
        "horizontal_accuracy": 3.09247236565786,
        "speed": 0,
        "course": 284.58917236328125,
        "synthetic": false
      },
      "geometry": {
        "type": "Point",
        "coordinates": [
          30.384108478508164,
          59.995700230360875
        ]
      }
    },
    {
      "type": "Feature",
      "properties": {
        "monotonic_time": 49645.380858659744,
        "horizontal_accuracy": 3.0527133812411917,
        "speed": 0,
        "course": 284.58917236328125,
        "synthetic": false
      },
      "geometry": {
        "type": "Point",
        "coordinates": [
          30.384108478508164,
          59.995700230360875
        ]
      }
    },
    {
      "type": "Feature",
      "properties": {
        "monotonic_time": 49646.38087499142,
        "horizontal_accuracy": 3.0053187230529397,
        "speed": 0,
        "course": 284.58917236328125,
        "synthetic": false
      },
      "geometry": {
        "type": "Point",
        "coordinates": [
          30.384108478508164,
          59.995700230360875
        ]
      }
    },
    {
      "type": "Feature",
      "properties": {
        "monotonic_time": 49647.380890607834,
        "horizontal_accuracy": 2.9682383367767944,
        "speed": 0,
        "course": 284.58917236328125,
        "synthetic": false
      },
      "geometry": {
        "type": "Point",
        "coordinates": [
          30.384108478508164,
          59.995700230360875
        ]
      }
    },
    {
      "type": "Feature",
      "properties": {
        "monotonic_time": 49648.380907177925,
        "horizontal_accuracy": 2.9341293083147915,
        "speed": 0,
        "course": 284.58917236328125,
        "synthetic": false
      },
      "geometry": {
        "type": "Point",
        "coordinates": [
          30.384108478508164,
          59.995700230360875
        ]
      }
    },
    {
      "type": "Feature",
      "properties": {
        "monotonic_time": 49649.38092339039,
        "horizontal_accuracy": 3.0178882477766673,
        "speed": 0,
        "course": 284.58917236328125,
        "synthetic": false
      },
      "geometry": {
        "type": "Point",
        "coordinates": [
          30.384108478508164,
          59.995700230360875
        ]
      }
    },
    {
      "type": "Feature",
      "properties": {
        "monotonic_time": 49650.3771828413,
        "horizontal_accuracy": 3.0415528105593315,
        "speed": 0,
        "course": 284.58917236328125,
        "synthetic": false
      },
      "geometry": {
        "type": "Point",
        "coordinates": [
          30.384108478508164,
          59.995700230360875
        ]
      }
    },
    {
      "type": "Feature",
      "properties": {
        "monotonic_time": 49651.3765078783,
        "horizontal_accuracy": 3.0832832483852424,
        "speed": 0,
        "course": 284.58917236328125,
        "synthetic": false
      },
      "geometry": {
        "type": "Point",
        "coordinates": [
          30.384108478508164,
          59.995700230360875
        ]
      }
    },
    {
      "type": "Feature",
      "properties": {
        "monotonic_time": 49652.37652492523,
        "horizontal_accuracy": 3.0309841128570967,
        "speed": 0,
        "course": 284.58917236328125,
        "synthetic": false
      },
      "geometry": {
        "type": "Point",
        "coordinates": [
          30.384108478508164,
          59.995700230360875
        ]
      }
    },
    {
      "type": "Feature",
      "properties": {
        "monotonic_time": 49653.376923680305,
        "horizontal_accuracy": 3.038062893599447,
        "speed": 0,
        "course": 284.58917236328125,
        "synthetic": false
      },
      "geometry": {
        "type": "Point",
        "coordinates": [
          30.384108478508164,
          59.995700230360875
        ]
      }
    },
    {
      "type": "Feature",
      "properties": {
        "monotonic_time": 49654.37661969662,
        "horizontal_accuracy": 3.0394791840503896,
        "speed": 0,
        "course": 284.58917236328125,
        "synthetic": false
      },
      "geometry": {
        "type": "Point",
        "coordinates": [
          30.384108478508164,
          59.995700230360875
        ]
      }
    },
    {
      "type": "Feature",
      "properties": {
        "monotonic_time": 49655.37663578987,
        "horizontal_accuracy": 3.0808712026485594,
        "speed": 0,
        "course": 284.58917236328125,
        "synthetic": false
      },
      "geometry": {
        "type": "Point",
        "coordinates": [
          30.384108478508164,
          59.995700230360875
        ]
      }
    },
    {
      "type": "Feature",
      "properties": {
        "monotonic_time": 49656.37638556957,
        "horizontal_accuracy": 3.110982401225471,
        "speed": 0,
        "course": 284.58917236328125,
        "synthetic": false
      },
      "geometry": {
        "type": "Point",
        "coordinates": [
          30.384108478508164,
          59.995700230360875
        ]
      }
    },
    {
      "type": "Feature",
      "properties": {
        "monotonic_time": 49657.376589655876,
        "horizontal_accuracy": 3.07305902887027,
        "speed": 0,
        "course": 284.58917236328125,
        "synthetic": false
      },
      "geometry": {
        "type": "Point",
        "coordinates": [
          30.384108478508164,
          59.995700230360875
        ]
      }
    },
    {
      "type": "Feature",
      "properties": {
        "monotonic_time": 49658.37660610676,
        "horizontal_accuracy": 3.1031606187916303,
        "speed": 0,
        "course": 284.58917236328125,
        "synthetic": false
      },
      "geometry": {
        "type": "Point",
        "coordinates": [
          30.384108478508164,
          59.995700230360875
        ]
      }
    },
    {
      "type": "Feature",
      "properties": {
        "monotonic_time": 49659.37726342678,
        "horizontal_accuracy": 3.173147808966359,
        "speed": 0,
        "course": 284.58917236328125,
        "synthetic": false
      },
      "geometry": {
        "type": "Point",
        "coordinates": [
          30.384108478508164,
          59.995700230360875
        ]
      }
    },
    {
      "type": "Feature",
      "properties": {
        "monotonic_time": 49660.37637531757,
        "horizontal_accuracy": 3.214151043161197,
        "speed": 0,
        "course": 284.58917236328125,
        "synthetic": false
      },
      "geometry": {
        "type": "Point",
        "coordinates": [
          30.384108478508164,
          59.995700230360875
        ]
      }
    },
    {
      "type": "Feature",
      "properties": {
        "monotonic_time": 49661.37639141083,
        "horizontal_accuracy": 3.338597057252286,
        "speed": 0,
        "course": 284.58917236328125,
        "synthetic": false
      },
      "geometry": {
        "type": "Point",
        "coordinates": [
          30.384108478508164,
          59.995700230360875
        ]
      }
    },
    {
      "type": "Feature",
      "properties": {
        "monotonic_time": 49662.37694978714,
        "horizontal_accuracy": 3.404853173245426,
        "speed": 0,
        "course": 284.58917236328125,
        "synthetic": false
      },
      "geometry": {
        "type": "Point",
        "coordinates": [
          30.384108478508164,
          59.995700230360875
        ]
      }
    },
    {
      "type": "Feature",
      "properties": {
        "monotonic_time": 49663.3761677742,
        "horizontal_accuracy": 3.411377326099939,
        "speed": 0,
        "course": 284.58917236328125,
        "synthetic": false
      },
      "geometry": {
        "type": "Point",
        "coordinates": [
          30.384108478508164,
          59.995700230360875
        ]
      }
    },
    {
      "type": "Feature",
      "properties": {
        "monotonic_time": 49664.37618410587,
        "horizontal_accuracy": 3.406063469576462,
        "speed": 0,
        "course": 284.58917236328125,
        "synthetic": false
      },
      "geometry": {
        "type": "Point",
        "coordinates": [
          30.384108478508164,
          59.995700230360875
        ]
      }
    },
    {
      "type": "Feature",
      "properties": {
        "monotonic_time": 49665.376200675964,
        "horizontal_accuracy": 3.411721052061108,
        "speed": 0,
        "course": 284.58917236328125,
        "synthetic": false
      },
      "geometry": {
        "type": "Point",
        "coordinates": [
          30.384108478508164,
          59.995700230360875
        ]
      }
    },
    {
      "type": "Feature",
      "properties": {
        "monotonic_time": 49666.37621665001,
        "horizontal_accuracy": 3.341134999724765,
        "speed": 0.029138457098672275,
        "course": 284.58917236328125,
        "synthetic": false
      },
      "geometry": {
        "type": "Point",
        "coordinates": [
          30.384022007645722,
          59.99569820366348
        ]
      }
    },
    {
      "type": "Feature",
      "properties": {
        "monotonic_time": 49667.37623369694,
        "horizontal_accuracy": 3.3836326558639525,
        "speed": 0,
        "course": 284.58917236328125,
        "synthetic": false
      },
      "geometry": {
        "type": "Point",
        "coordinates": [
          30.38402379359435,
          59.995698229652426
        ]
      }
    },
    {
      "type": "Feature",
      "properties": {
        "monotonic_time": 49668.376249432564,
        "horizontal_accuracy": 3.3973868744791136,
        "speed": 0,
        "course": 284.58917236328125,
        "synthetic": false
      },
      "geometry": {
        "type": "Point",
        "coordinates": [
          30.38402379359435,
          59.995698229652426
        ]
      }
    },
    {
      "type": "Feature",
      "properties": {
        "monotonic_time": 49669.37626564503,
        "horizontal_accuracy": 3.4584270550630096,
        "speed": 0,
        "course": 284.58917236328125,
        "synthetic": false
      },
      "geometry": {
        "type": "Point",
        "coordinates": [
          30.38402379359435,
          59.995698229652426
        ]
      }
    },
    {
      "type": "Feature",
      "properties": {
        "monotonic_time": 49670.37628209591,
        "horizontal_accuracy": 3.447791295776327,
        "speed": 0,
        "course": 284.58917236328125,
        "synthetic": false
      },
      "geometry": {
        "type": "Point",
        "coordinates": [
          30.38402379359435,
          59.995698229652426
        ]
      }
    },
    {
      "type": "Feature",
      "properties": {
        "monotonic_time": 49671.37629830837,
        "horizontal_accuracy": 3.453620689132767,
        "speed": 0,
        "course": 284.58917236328125,
        "synthetic": false
      },
      "geometry": {
        "type": "Point",
        "coordinates": [
          30.38402379359435,
          59.995698229652426
        ]
      }
    },
    {
      "type": "Feature",
      "properties": {
        "monotonic_time": 49672.37631523609,
        "horizontal_accuracy": 3.6166548660940405,
        "speed": 0,
        "course": 284.58917236328125,
        "synthetic": false
      },
      "geometry": {
        "type": "Point",
        "coordinates": [
          30.38402379359435,
          59.995698229652426
        ]
      }
    },
    {
      "type": "Feature",
      "properties": {
        "monotonic_time": 49673.376331448555,
        "horizontal_accuracy": 3.703969900636724,
        "speed": 0,
        "course": 284.58917236328125,
        "synthetic": false
      },
      "geometry": {
        "type": "Point",
        "coordinates": [
          30.384047786127844,
          59.99570379151186
        ]
      }
    },
    {
      "type": "Feature",
      "properties": {
        "monotonic_time": 49674.37634766102,
        "horizontal_accuracy": 3.7470438531247745,
        "speed": 0,
        "course": 284.58917236328125,
        "synthetic": false
      },
      "geometry": {
        "type": "Point",
        "coordinates": [
          30.384047786127844,
          59.99570379151186
        ]
      }
    },
    {
      "type": "Feature",
      "properties": {
        "monotonic_time": 49675.37636423111,
        "horizontal_accuracy": 3.8682701635358843,
        "speed": 0,
        "course": 284.58917236328125,
        "synthetic": false
      },
      "geometry": {
        "type": "Point",
        "coordinates": [
          30.384047786127844,
          59.99570379151186
        ]
      }
    },
    {
      "type": "Feature",
      "properties": {
        "monotonic_time": 49676.376380085945,
        "horizontal_accuracy": 4.0238286910824,
        "speed": 0,
        "course": 284.58917236328125,
        "synthetic": false
      },
      "geometry": {
        "type": "Point",
        "coordinates": [
          30.384047786127844,
          59.99570379151186
        ]
      }
    },
    {
      "type": "Feature",
      "properties": {
        "monotonic_time": 49677.37639629841,
        "horizontal_accuracy": 4.0953654257691365,
        "speed": 0,
        "course": 284.58917236328125,
        "synthetic": false
      },
      "geometry": {
        "type": "Point",
        "coordinates": [
          30.384047786127844,
          59.99570379151186
        ]
      }
    },
    {
      "type": "Feature",
      "properties": {
        "monotonic_time": 49678.37641310692,
        "horizontal_accuracy": 4.1514961995542965,
        "speed": 0,
        "course": 284.58917236328125,
        "synthetic": false
      },
      "geometry": {
        "type": "Point",
        "coordinates": [
          30.384047786127844,
          59.99570379151186
        ]
      }
    },
    {
      "type": "Feature",
      "properties": {
        "monotonic_time": 49679.37642943859,
        "horizontal_accuracy": 4.189915645422811,
        "speed": 0,
        "course": 284.58917236328125,
        "synthetic": false
      },
      "geometry": {
        "type": "Point",
        "coordinates": [
          30.384047786127844,
          59.99570379151186
        ]
      }
    },
    {
      "type": "Feature",
      "properties": {
        "monotonic_time": 49680.37644600868,
        "horizontal_accuracy": 4.241454245025985,
        "speed": 0,
        "course": 284.58917236328125,
        "synthetic": false
      },
      "geometry": {
        "type": "Point",
        "coordinates": [
          30.384047786127844,
          59.99570379151186
        ]
      }
    },
    {
      "type": "Feature",
      "properties": {
        "monotonic_time": 49681.37646186352,
        "horizontal_accuracy": 4.324124501864763,
        "speed": 0,
        "course": 284.58917236328125,
        "synthetic": false
      },
      "geometry": {
        "type": "Point",
        "coordinates": [
          30.384047786127844,
          59.99570379151186
        ]
      }
    },
    {
      "type": "Feature",
      "properties": {
        "monotonic_time": 49682.3764783144,
        "horizontal_accuracy": 4.331508184873509,
        "speed": 0,
        "course": 284.58917236328125,
        "synthetic": false
      },
      "geometry": {
        "type": "Point",
        "coordinates": [
          30.384047786127844,
          59.99570379151186
        ]
      }
    },
    {
      "type": "Feature",
      "properties": {
        "monotonic_time": 49683.37649476528,
        "horizontal_accuracy": 4.360743746225187,
        "speed": 0,
        "course": 284.58917236328125,
        "synthetic": false
      },
      "geometry": {
        "type": "Point",
        "coordinates": [
          30.384047786127844,
          59.99570379151186
        ]
      }
    },
    {
      "type": "Feature",
      "properties": {
        "monotonic_time": 49684.37651133537,
        "horizontal_accuracy": 4.393790135960782,
        "speed": 0,
        "course": 284.58917236328125,
        "synthetic": false
      },
      "geometry": {
        "type": "Point",
        "coordinates": [
          30.384047786127844,
          59.99570379151186
        ]
      }
    },
    {
      "type": "Feature",
      "properties": {
        "monotonic_time": 49685.37652730942,
        "horizontal_accuracy": 4.418713372394723,
        "speed": 0,
        "course": 284.58917236328125,
        "synthetic": false
      },
      "geometry": {
        "type": "Point",
        "coordinates": [
          30.384047786127844,
          59.99570379151186
        ]
      }
    },
    {
      "type": "Feature",
      "properties": {
        "monotonic_time": 49686.37654387951,
        "horizontal_accuracy": 4.429775440998095,
        "speed": 0,
        "course": 284.58917236328125,
        "synthetic": false
      },
      "geometry": {
        "type": "Point",
        "coordinates": [
          30.384047786127844,
          59.99570379151186
        ]
      }
    },
    {
      "type": "Feature",
      "properties": {
        "monotonic_time": 49687.37656033039,
        "horizontal_accuracy": 4.385437512459975,
        "speed": 0,
        "course": 284.58917236328125,
        "synthetic": false
      },
      "geometry": {
        "type": "Point",
        "coordinates": [
          30.384047786127844,
          59.99570379151186
        ]
      }
    },
    {
      "type": "Feature",
      "properties": {
        "monotonic_time": 50073.5174870491,
        "horizontal_accuracy": 15.266545815034613,
        "speed": 0,
        "course": 21.03258652819724,
        "synthetic": false
      },
      "geometry": {
        "type": "Point",
        "coordinates": [
          30.36894203526047,
          60.00546275212564
        ]
      }
    }
  ]
}