{
  "type": "FeatureCollection",
  "features": [
    {
      "type": "Feature",
      "properties": {
        "name": "recorded GPS",
        "point_count": 456,
        "synthetically_corrupted": false
      },
      "geometry": {
        "type": "LineString",
        "coordinates": [
          [
            30.38693463198149,
            59.99532399252392
          ],
          [
            30.38681880312629,
            59.995339636247444
          ],
          [
            30.386733810373947,
            59.99535184311264
          ],
          [
            30.386694129309852,
            59.99535684291567
          ],
          [
            30.38666314160378,
            59.99536110371973
          ],
          [
            30.386648637135803,
            59.99536375439208
          ],
          [
            30.386634169882257,
            59.995365921307766
          ],
          [
            30.386624882370583,
            59.99536428013243
          ],
          [
            30.386606822459107,
            59.99536469976224
          ],
          [
            30.386606822459107,
            59.99536469976224
          ],
          [
            30.386606822459107,
            59.99536469976224
          ],
          [
            30.386606822459107,
            59.99536469976224
          ],
          [
            30.386606822459107,
            59.99536469976224
          ],
          [
            30.38656213747428,
            59.99536106847075
          ],
          [
            30.38654200489364,
            59.995360521574675
          ],
          [
            30.386544751566422,
            59.99536007295631
          ],
          [
            30.386544751566422,
            59.99536007295631
          ],
          [
            30.386544751566422,
            59.99536007295631
          ],
          [
            30.386544751566422,
            59.99536007295631
          ],
          [
            30.386544751566422,
            59.99536007295631
          ],
          [
            30.386527853034917,
            59.99534910403741
          ],
          [
            30.386528142794543,
            59.99534906281503
          ],
          [
            30.386528142794543,
            59.99534906281503
          ],
          [
            30.386528142794543,
            59.99534906281503
          ],
          [
            30.386528142794543,
            59.99534906281503
          ],
          [
            30.38654415442494,
            59.99535884233114
          ],
          [
            30.38656196405714,
            59.995358737574854
          ],
          [
            30.386560970201803,
            59.99535773960553
          ],
          [
            30.386565764749214,
            59.99535619230125
          ],
          [
            30.386560207513735,
            59.995354328159046
          ],
          [
            30.386560698217096,
            59.99535328506335
          ],
          [
            30.386560698217096,
            59.99535328506335
          ],
          [
            30.386560698217096,
            59.99535328506335
          ],
          [
            30.386560698217096,
            59.99535328506335
          ],
          [
            30.386560698217096,
            59.99535328506335
          ],
          [
            30.386560698217096,
            59.99535328506335
          ],
          [
            30.386560698217096,
            59.99535328506335
          ],
          [
            30.386560698217096,
            59.99535328506335
          ],
          [
            30.386560698217096,
            59.99535328506335
          ],
          [
            30.386560698217096,
            59.99535328506335
          ],
          [
            30.386560698217096,
            59.99535328506335
          ],
          [
            30.386560698217096,
            59.99535328506335
          ],
          [
            30.386560698217096,
            59.99535328506335
          ],
          [
            30.386560698217096,
            59.99535328506335
          ],
          [
            30.386560698217096,
            59.99535328506335
          ],
          [
            30.386458417896968,
            59.99536104788821
          ],
          [
            30.386402841572092,
            59.99536810938546
          ],
          [
            30.386339265842416,
            59.99537476464748
          ],
          [
            30.386254922495517,
            59.99538668541897
          ],
          [
            30.386152870222716,
            59.99540485080487
          ],
          [
            30.386074865669446,
            59.99541732854957
          ],
          [
            30.38599140678937,
            59.99542849382288
          ],
          [
            30.385905675252975,
            59.99543982052246
          ],
          [
            30.385812231317708,
            59.995456647315244
          ],
          [
            30.385724633504033,
            59.995468235095295
          ],
          [
            30.38560981990839,
            59.99548213243818
          ],
          [
            30.385504640375324,
            59.9955005651113
          ],
          [
            30.38539062130984,
            59.99551353859229
          ],
          [
            30.385261799746296,
            59.995533932184784
          ],
          [
            30.385121017004625,
            59.995554007341866
          ],
          [
            30.3849761253655,
            59.995574990100465
          ],
          [
            30.38483582694392,
            59.99559157779379
          ],
          [
            30.38470905565318,
            59.995607208438166
          ],
          [
            30.38460058476851,
            59.995617067156935
          ],
          [
            30.384482433163832,
            59.99563304118073
          ],
          [
            30.384388468510746,
            59.995648102178855
          ],
          [
            30.38430425405175,
            59.99566102268308
          ],
          [
            30.38422955897273,
            59.995671713625384
          ],
          [
            30.38415890187529,
            59.995677601567444
          ],
          [
            30.384090011080087,
            59.995686483627956
          ],
          [
            30.384029598746785,
            59.99569742850164
          ],
          [
            30.38395933945313,
            59.995708676275704
          ],
          [
            30.38390410946079,
            59.99571737958659
          ],
          [
            30.38384865444222,
            59.995726629975564
          ],
          [
            30.383796981278227,
            59.99573275642963
          ],
          [
            30.383734524394953,
            59.99573968954701
          ],
          [
            30.38371297543183,
            59.99574364356576
          ],
          [
            30.383698159831233,
            59.99574609092523
          ],
          [
            30.383697871084497,
            59.99574666813803
          ],
          [
            30.383690542524135,
            59.99574892249478
          ],
          [
            30.38368442367849,
            59.99575030520588
          ],
          [
            30.38368451446096,
            59.995748238939925
          ],
          [
            30.383685393044146,
            59.99574811007855
          ],
          [
            30.38367636760854,
            59.99574529753157
          ],
          [
            30.383680282247564,
            59.995746077356756
          ],
          [
            30.383667084016547,
            59.995741904662914
          ],
          [
            30.38365761069085,
            59.99574315560824
          ],
          [
            30.383657082342665,
            59.99574297376516
          ],
          [
            30.383654155193927,
            59.9957441214306
          ],
          [
            30.383650720554655,
            59.995744596161195
          ],
          [
            30.383646859222218,
            59.995745106507975
          ],
          [
            30.38363880675906,
            59.995746271794246
          ],
          [
            30.383633454137605,
            59.99574780464943
          ],
          [
            30.383634204516866,
            59.99574767392329
          ],
          [
            30.383636754100387,
            59.99574887294571
          ],
          [
            30.383637691567614,
            59.99574900592502
          ],
          [
            30.383636701386134,
            59.99574608606947
          ],
          [
            30.383634366504715,
            59.99574669341275
          ],
          [
            30.383634366504715,
            59.99574669341275
          ],
          [
            30.38362644930111,
            59.99574486692408
          ],
          [
            30.383618046920592,
            59.99574195821214
          ],
          [
            30.383618179507184,
            59.99574193193711
          ],
          [
            30.383622678593625,
            59.99574723676214
          ],
          [
            30.383616804230893,
            59.995747469018575
          ],
          [
            30.38361757674269,
            59.99574849660576
          ],
          [
            30.383613209972097,
            59.99574846225907
          ],
          [
            30.383606297603613,
            59.99575018972158
          ],
          [
            30.383604650966824,
            59.99575016394035
          ],
          [
            30.383604650966824,
            59.99575016394035
          ],
          [
            30.383604650966824,
            59.99575016394035
          ],
          [
            30.383604650966824,
            59.99575016394035
          ],
          [
            30.383604650966824,
            59.99575016394035
          ],
          [
            30.383604650966824,
            59.99575016394035
          ],
          [
            30.383604650966824,
            59.99575016394035
          ],
          [
            30.383612317619598,
            59.99575978211971
          ],
          [
            30.383612317619598,
            59.99575978211971
          ],
          [
            30.383612317619598,
            59.99575978211971
          ],
          [
            30.383612317619598,
            59.99575978211971
          ],
          [
            30.383591826165706,
            59.99576045006099
          ],
          [
            30.383521675747527,
            59.995769808756314
          ],
          [
            30.383434521566635,
            59.9957819232817
          ],
          [
            30.38334456936224,
            59.99579877980858
          ],
          [
            30.38329330578519,
            59.99580673273689
          ],
          [
            30.383270142135196,
            59.995811718919065
          ],
          [
            30.383282011909134,
            59.99580961646963
          ],
          [
            30.383281872795852,
            59.99580818371438
          ],
          [
            30.383287355426788,
            59.9958080567745
          ],
          [
            30.383296510689235,
            59.995807753025424
          ],
          [
            30.383304460200453,
            59.995808897116525
          ],
          [
            30.383305206956965,
            59.995806546904866
          ],
          [
            30.3833000929581,
            59.99580306994146
          ],
          [
            30.383303590789055,
            59.9957981684773
          ],
          [
            30.38329599807005,
            59.99579142086688
          ],
          [
            30.383286951304658,
            59.995779929209924
          ],
          [
            30.38329175574591,
            59.99578010909735
          ],
          [
            30.383297328430547,
            59.99578010207247
          ],
          [
            30.383298526633116,
            59.99577528457509
          ],
          [
            30.38329694327764,
            59.995770998084396
          ],
          [
            30.383298172881588,
            59.995771192811716
          ],
          [
            30.38329645095605,
            59.995769302143025
          ],
          [
            30.383296236405073,
            59.995769498040445
          ],
          [
            30.38329292030364,
            59.99577383179675
          ],
          [
            30.383294387026524,
            59.99577590019744
          ],
          [
            30.38329448001209,
            59.99577682925694
          ],
          [
            30.383282516241366,
            59.99577716678917
          ],
          [
            30.383287388098555,
            59.99578536965532
          ],
          [
            30.383280079197274,
            59.99579106638655
          ],
          [
            30.38327995422926,
            59.99579248171348
          ],
          [
            30.38328037450531,
            59.995793347268645
          ],
          [
            30.383281345450236,
            59.9957932744163
          ],
          [
            30.383278907278882,
            59.99579408389951
          ],
          [
            30.383277476950045,
            59.99579542284838
          ],
          [
            30.383271449654753,
            59.995797721982264
          ],
          [
            30.383273849583777,
            59.99580090271363
          ],
          [
            30.383273888826025,
            59.99580247835341
          ],
          [
            30.383272280135202,
            59.99580351738175
          ],
          [
            30.38327465590129,
            59.99580552243605
          ],
          [
            30.38327172162359,
            59.99580607048753
          ],
          [
            30.383273062315332,
            59.99580595806369
          ],
          [
            30.38327253046848,
            59.995805479411175
          ],
          [
            30.383272419082523,
            59.99580914708967
          ],
          [
            30.383274589250533,
            59.99581279410586
          ],
          [
            30.383278753052874,
            59.99581801827091
          ],
          [
            30.383278221603103,
            59.99582387024063
          ],
          [
            30.38327548233875,
            59.99582454884592
          ],
          [
            30.383276183053646,
            59.99582603883421
          ],
          [
            30.38327971585112,
            59.995829147998755
          ],
          [
            30.383279221164468,
            59.995830492159904
          ],
          [
            30.383279849015956,
            59.99583282505566
          ],
          [
            30.383281364945066,
            59.99583565595031
          ],
          [
            30.38328507883072,
            59.9958341257076
          ],
          [
            30.383287394230205,
            59.995836548322636
          ],
          [
            30.38328870925047,
            59.99583488792467
          ],
          [
            30.383295075422435,
            59.99583581099076
          ],
          [
            30.383296389427258,
            59.9958366239423
          ],
          [
            30.383297063626777,
            59.99584139774798
          ],
          [
            30.383296959119384,
            59.99584134176265
          ],
          [
            30.383298108385898,
            59.995842753048514
          ],
          [
            30.383298777668877,
            59.99584331292609
          ],
          [
            30.383298999622884,
            59.99584156369168
          ],
          [
            30.38330283477065,
            59.995842840383006
          ],
          [
            30.38330195691407,
            59.99584393403273
          ],
          [
            30.38329682844809,
            59.995841613864165
          ],
          [
            30.38329267175336,
            59.995842639832624
          ],
          [
            30.38328673116186,
            59.99584680019416
          ],
          [
            30.38326060283632,
            59.99585240061881
          ],
          [
            30.38321528562284,
            59.99586124073164
          ],
          [
            30.38319554733705,
            59.99586834119614
          ],
          [
            30.38311726083758,
            59.99587842172567
          ],
          [
            30.383070887541997,
            59.99588787794794
          ],
          [
            30.383022480083923,
            59.9958968821023
          ],
          [
            30.382955283713343,
            59.995909954304366
          ],
          [
            30.382887973610792,
            59.9959129796799
          ],
          [
            30.382791364606142,
            59.99592705081838
          ],
          [
            30.382708128407494,
            59.99593500220754
          ],
          [
            30.38263586152603,
            59.99594479553535
          ],
          [
            30.38253695571098,
            59.99595724919937
          ],
          [
            30.3823942918302,
            59.99597638534111
          ],
          [
            30.382224776682634,
            59.99598999408417
          ],
          [
            30.382009927689587,
            59.99601775830052
          ],
          [
            30.381776990187443,
            59.996049026333566
          ],
          [
            30.381545735257706,
            59.996082923587586
          ],
          [
            30.381323061087638,
            59.99611066304972
          ],
          [
            30.38108423878462,
            59.99614009556543
          ],
          [
            30.38085594012204,
            59.996166582157265
          ],
          [
            30.380620332281893,
            59.99619837732406
          ],
          [
            30.38036532948736,
            59.996226421654015
          ],
          [
            30.38009902109269,
            59.99626169436376
          ],
          [
            30.379832274064476,
            59.99629936145816
          ],
          [
            30.379567152060716,
            59.99633572430915
          ],
          [
            30.37928365189682,
            59.99637036757471
          ],
          [
            30.37899904862806,
            59.996409175975444
          ],
          [
            30.37870075627328,
            59.99645254404246
          ],
          [
            30.378382519138814,
            59.996499387304105
          ],
          [
            30.3780651703532,
            59.996546821090995
          ],
          [
            30.377736858951337,
            59.99659284749089
          ],
          [
            30.37740630508653,
            59.99663869653692
          ],
          [
            30.37706461629845,
            59.99668569530202
          ],
          [
            30.376723198119805,
            59.99673435856015
          ],
          [
            30.376379366729285,
            59.996782192468956
          ],
          [
            30.376029169186964,
            59.99682934501357
          ],
          [
            30.375678141161785,
            59.996878237534844
          ],
          [
            30.375323471004588,
            59.99692522712876
          ],
          [
            30.374990208944183,
            59.99697338693564
          ],
          [
            30.374663699630855,
            59.9970130427357
          ],
          [
            30.37435117049669,
            59.997055788936734
          ],
          [
            30.37404183601435,
            59.99709618210306
          ],
          [
            30.37373986505816,
            59.997137960618666
          ],
          [
            30.37345004855949,
            59.99717850188374
          ],
          [
            30.373161678173897,
            59.99721688211889
          ],
          [
            30.372865549081915,
            59.997255512400976
          ],
          [
            30.37256328667218,
            59.99730203370929
          ],
          [
            30.372252633016707,
            59.99733724096981
          ],
          [
            30.371962460519196,
            59.997377561382706
          ],
          [
            30.371675881516392,
            59.9974136422371
          ],
          [
            30.371422107498187,
            59.997447137774415
          ],
          [
            30.37116209751866,
            59.997482610089115
          ],
          [
            30.370919604411252,
            59.9975192004805
          ],
          [
            30.370687722208242,
            59.99755306299839
          ],
          [
            30.370462261372847,
            59.99758773765375
          ],
          [
            30.370234908561763,
            59.99762302705666
          ],
          [
            30.37000925963353,
            59.99765340419961
          ],
          [
            30.3697836474992,
            59.99768372342339
          ],
          [
            30.369563507453226,
            59.99771135886964
          ],
          [
            30.369354710066723,
            59.99774026813154
          ],
          [
            30.369142138117628,
            59.99776680426094
          ],
          [
            30.368932101053527,
            59.99779171923219
          ],
          [
            30.368727746314065,
            59.99781805711677
          ],
          [
            30.36854177043401,
            59.99784330297794
          ],
          [
            30.368370411516768,
            59.99786746622853
          ],
          [
            30.368194487207745,
            59.99789227327446
          ],
          [
            30.36802794813018,
            59.99791326431773
          ],
          [
            30.36786347504107,
            59.99793670307521
          ],
          [
            30.367722863024436,
            59.99795461161151
          ],
          [
            30.367592896687153,
            59.99797633947422
          ],
          [
            30.367477643756427,
            59.99799629804009
          ],
          [
            30.36738169548396,
            59.99801149225523
          ],
          [
            30.36729235467453,
            59.99802494631579
          ],
          [
            30.36722551880866,
            59.99803107901209
          ],
          [
            30.367194267364543,
            59.99803670060381
          ],
          [
            30.367185487285038,
            59.99804002069364
          ],
          [
            30.36717684356128,
            59.99804206824921
          ],
          [
            30.367170470549993,
            59.998041666725626
          ],
          [
            30.367167822072016,
            59.99804075901576
          ],
          [
            30.367163371195137,
            59.99804173480909
          ],
          [
            30.367157957914987,
            59.99804261022976
          ],
          [
            30.367155534178607,
            59.99804127815519
          ],
          [
            30.367155996837887,
            59.99804085822056
          ],
          [
            30.367155996837887,
            59.99804085822056
          ],
          [
            30.367155996837887,
            59.99804085822056
          ],
          [
            30.367155996837887,
            59.99804085822056
          ],
          [
            30.36713069798944,
            59.998042298067276
          ],
          [
            30.367121904683966,
            59.99804197247089
          ],
          [
            30.367118694243317,
            59.99804782007354
          ],
          [
            30.367109121915146,
            59.998047497043395
          ],
          [
            30.36711162730806,
            59.998047050648786
          ],
          [
            30.36711162730806,
            59.998047050648786
          ],
          [
            30.36711162730806,
            59.998047050648786
          ],
          [
            30.367072998713304,
            59.998068311275915
          ],
          [
            30.367071592047203,
            59.998069748977734
          ],
          [
            30.36706231395676,
            59.99807375795544
          ],
          [
            30.367058363129637,
            59.998077958467455
          ],
          [
            30.36705870899716,
            59.99807829599165
          ],
          [
            30.367057801795895,
            59.99808751837348
          ],
          [
            30.36705965248333,
            59.99808822247609
          ],
          [
            30.36705965248333,
            59.99808822247609
          ],
          [
            30.367045756869533,
            59.998094526859205
          ],
          [
            30.367045780478605,
            59.99809377412448
          ],
          [
            30.36704827419288,
            59.99809615571596
          ],
          [
            30.367048989787936,
            59.9980958404315
          ],
          [
            30.367048989787936,
            59.9980958404315
          ],
          [
            30.367061016816923,
            59.99809140593466
          ],
          [
            30.367061324806222,
            59.99809136183651
          ],
          [
            30.367058733859032,
            59.998092530686584
          ],
          [
            30.367058117814135,
            59.99808980648761
          ],
          [
            30.367058117814135,
            59.99808980648761
          ],
          [
            30.367058117814135,
            59.99808980648761
          ],
          [
            30.367058117814135,
            59.99808980648761
          ],
          [
            30.367058117814135,
            59.99808980648761
          ],
          [
            30.367058117814135,
            59.99808980648761
          ],
          [
            30.367058019005317,
            59.99809037317161
          ],
          [
            30.36705947734503,
            59.99809019347254
          ],
          [
            30.36705947734503,
            59.99809019347254
          ],
          [
            30.36705947734503,
            59.99809019347254
          ],
          [
            30.36706520846366,
            59.998080124536244
          ],
          [
            30.367062551255785,
            59.998078948960156
          ],
          [
            30.36706303796449,
            59.99807940239119
          ],
          [
            30.367060782995818,
            59.998078400997215
          ],
          [
            30.367060422081906,
            59.998080333212606
          ],
          [
            30.367062926053453,
            59.99808149997192
          ],
          [
            30.36706411111285,
            59.99808164990857
          ],
          [
            30.36706411111285,
            59.99808164990857
          ],
          [
            30.36706411111285,
            59.99808164990857
          ],
          [
            30.36706411111285,
            59.99808164990857
          ],
          [
            30.36706411111285,
            59.99808164990857
          ],
          [
            30.36706411111285,
            59.99808164990857
          ],
          [
            30.36692065028055,
            59.99810712272658
          ],
          [
            30.366841570683317,
            59.998116040598674
          ],
          [
            30.366735008753654,
            59.99812883269637
          ],
          [
            30.366608353190188,
            59.99814310184698
          ],
          [
            30.366504003225405,
            59.998152497791686
          ],
          [
            30.366417835957463,
            59.998161057367206
          ],
          [
            30.3663499804588,
            59.998162983768445
          ],
          [
            30.36629891271076,
            59.99816899939078
          ],
          [
            30.366259575156842,
            59.99817630092992
          ],
          [
            30.366220336796687,
            59.99818326283724
          ],
          [
            30.366177041937476,
            59.99818990500865
          ],
          [
            30.36614213068424,
            59.998193423402526
          ],
          [
            30.36610376890592,
            59.998198967374556
          ],
          [
            30.366040584295533,
            59.99820687163249
          ],
          [
            30.365985438668694,
            59.99821440300315
          ],
          [
            30.365941343952077,
            59.99821817286546
          ],
          [
            30.365885517686255,
            59.99822383528005
          ],
          [
            30.36582835669249,
            59.998231130150266
          ],
          [
            30.36579090329012,
            59.998234564045354
          ],
          [
            30.365755391827456,
            59.998234973464484
          ],
          [
            30.3657153649367,
            59.9982392842561
          ],
          [
            30.365676437234047,
            59.998241425508056
          ],
          [
            30.36564125962117,
            59.99824073941777
          ],
          [
            30.36559574283015,
            59.998243252999394
          ],
          [
            30.365540494687597,
            59.99824927408367
          ],
          [
            30.365466118086953,
            59.99825911101461
          ],
          [
            30.365402214693777,
            59.99827344399403
          ],
          [
            30.365347459303052,
            59.998299495580454
          ],
          [
            30.36529302332997,
            59.99832427072932
          ],
          [
            30.365257252182865,
            59.99836665969394
          ],
          [
            30.36521903998335,
            59.998420835530844
          ],
          [
            30.365201255895006,
            59.998476608486854
          ],
          [
            30.365192719071782,
            59.9985315163798
          ],
          [
            30.36518076311462,
            59.998602094892895
          ],
          [
            30.365146079654078,
            59.998682453339406
          ],
          [
            30.3651176289297,
            59.998748377306654
          ],
          [
            30.36511747677185,
            59.99880852981163
          ],
          [
            30.36508139320311,
            59.99884936492276
          ],
          [
            30.365083684086148,
            59.99887344532206
          ],
          [
            30.36508141553093,
            59.9988899046033
          ],
          [
            30.365081739913002,
            59.99889526865642
          ],
          [
            30.36508143634006,
            59.99889353128218
          ],
          [
            30.36508423083285,
            59.9988999736857
          ],
          [
            30.365082353208035,
            59.998899650625916
          ],
          [
            30.365082353208035,
            59.998899650625916
          ],
          [
            30.365082353208035,
            59.998899650625916
          ],
          [
            30.365082353208035,
            59.998899650625916
          ],
          [
            30.36510151339417,
            59.99895383373066
          ],
          [
            30.365115624055264,
            59.998993354041225
          ],
          [
            30.365135022517805,
            59.99905527385945
          ],
          [
            30.365173117622057,
            59.99912671805513
          ],
          [
            30.365211910315544,
            59.999207989718364
          ],
          [
            30.365237358184846,
            59.999291964072015
          ],
          [
            30.365255429444247,
            59.99938207992752
          ],
          [
            30.365291401448264,
            59.99948703391895
          ],
          [
            30.365348875334433,
            59.99960388600408
          ],
          [
            30.36540624544071,
            59.9997388233771
          ],
          [
            30.365466659930288,
            59.99986540122478
          ],
          [
            30.36552236279095,
            59.99998541944244
          ],
          [
            30.365586077704616,
            60.00010200174441
          ],
          [
            30.365652939441436,
            60.00022583501665
          ],
          [
            30.365718470519056,
            60.000354714890165
          ],
          [
            30.365769471396675,
            60.00049325928084
          ],
          [
            30.36582106449805,
            60.00063929296272
          ],
          [
            30.365883288401253,
            60.000781629157565
          ],
          [
            30.365936380786966,
            60.00092924689528
          ],
          [
            30.366001035502332,
            60.00107869693003
          ],
          [
            30.36605657072598,
            60.0012278063285
          ],
          [
            30.36612956339997,
            60.00137437856357
          ],
          [
            30.366213567178782,
            60.00151150531451
          ],
          [
            30.366308203232784,
            60.001649465597545
          ],
          [
            30.36639732205671,
            60.00178691903329
          ],
          [
            30.366477244369083,
            60.00192712363294
          ],
          [
            30.3665647434126,
            60.002064937061355
          ],
          [
            30.366652929229986,
            60.00219706941416
          ],
          [
            30.366739574361524,
            60.00232888692111
          ],
          [
            30.36683859134891,
            60.00246189823693
          ],
          [
            30.36692734108276,
            60.00259666248024
          ],
          [
            30.367010123108447,
            60.0027397112538
          ],
          [
            30.367103095155755,
            60.002873347460415
          ],
          [
            30.36719163297802,
            60.00300454648801
          ],
          [
            30.367279950766836,
            60.003137306784545
          ],
          [
            30.36736998449588,
            60.003273285642805
          ],
          [
            30.36746694291675,
            60.003411328462825
          ],
          [
            30.367559527536773,
            60.00355013805885
          ],
          [
            30.3676520116911,
            60.00369276463532
          ],
          [
            30.36774457762194,
            60.00382934631644
          ],
          [
            30.367833416787686,
            60.0039634919354
          ],
          [
            30.36791026373104,
            60.00409557042155
          ],
          [
            30.367992387478097,
            60.00422230896748
          ],
          [
            30.368072924302044,
            60.00433981514002
          ],
          [
            30.368145385624253,
            60.00445667621467
          ],
          [
            30.36820811407386,
            60.00456621627209
          ],
          [
            30.368272758071893,
            60.00467885980336
          ],
          [
            30.3683475111724,
            60.004795872580026
          ],
          [
            30.36842613523316,
            60.00491445655365
          ],
          [
            30.368503241747007,
            60.005018666524855
          ],
          [
            30.368580207682857,
            60.00511073781237
          ],
          [
            30.36864814236384,
            60.00519053173929
          ],
          [
            30.368697263959863,
            60.00525367195836
          ],
          [
            30.368747855195203,
            60.00529245435322
          ],
          [
            30.36877248575571,
            60.005307643223354
          ],
          [
            30.368766795498843,
            60.005300737971496
          ],
          [
            30.36878558240788,
            60.005328939543226
          ],
          [
            30.368777838036063,
            60.005318888369935
          ],
          [
            30.368756069759602,
            60.00531911078087
          ],
          [
            30.368756069759602,
            60.00531911078087
          ],
          [
            30.368756069759602,
            60.00531911078087
          ],
          [
            30.368756069759602,
            60.00531911078087
          ],
          [
            30.368756069759602,
            60.00531911078087
          ],
          [
            30.368756069759602,
            60.00531911078087
          ],
          [
            30.368727196330784,
            60.00529842870696
          ],
          [
            30.368724626460573,
            60.00529511517935
          ],
          [
            30.368717303860585,
            60.00529303569418
          ],
          [
            30.368712626270863,
            60.00529066919765
          ],
          [
            30.368711841525496,
            60.00528810247274
          ],
          [
            30.368716225908877,
            60.005285144749884
          ],
          [
            30.36872309460971,
            60.005281811031814
          ],
          [
            30.368730289922148,
            60.0052805578964
          ],
          [
            30.368734975369655,
            60.00527848193592
          ],
          [
            30.36874977377878,
            60.0052777413519
          ],
          [
            30.368758894637896,
            60.005279709682576
          ],
          [
            30.36876667758913,
            60.005282411483655
          ],
          [
            30.36877618250806,
            60.00528694942906
          ],
          [
            30.36878351683874,
            60.00529140352585
          ],
          [
            30.368803772257944,
            60.00529076922621
          ],
          [
            30.368826410787793,
            60.00529239308962
          ],
          [
            30.368840657576545,
            60.005299522203565
          ],
          [
            30.368852298969344,
            60.00530779125899
          ],
          [
            30.368861597173968,
            60.00529072484538
          ],
          [
            30.36884931089477,
            60.00529667668616
          ],
          [
            30.36888187703016,
            60.00528158062206
          ],
          [
            30.368903181348085,
            60.00528681312978
          ],
          [
            30.36892451012729,
            60.00528718850285
          ],
          [
            30.368938865019235,
            60.005286794063366
          ],
          [
            30.368947903492373,
            60.00528995646986
          ],
          [
            30.368950819642933,
            60.00528537219319
          ],
          [
            30.368950819642933,
            60.00528537219319
          ],
          [
            30.368950819642933,
            60.00528537219319
          ],
          [
            30.368950819642933,
            60.00528537219319
          ]
        ]
      }
    },
    {
      "type": "Feature",
      "properties": {
        "monotonic_time": 399297.51072752476,
        "horizontal_accuracy": 4.902782296272551,
        "speed": 7.413407242851574,
        "course": 284.44585996507544,
        "synthetic": false
      },
      "geometry": {
        "type": "Point",
        "coordinates": [
          30.38693463198149,
          59.99532399252392
        ]
      }
    },
    {
      "type": "Feature",
      "properties": {
        "monotonic_time": 399298.51074433327,
        "horizontal_accuracy": 4.800738884329,
        "speed": 6.531392842568319,
        "course": 284.54247086028136,
        "synthetic": false
      },
      "geometry": {
        "type": "Point",
        "coordinates": [
          30.38681880312629,
          59.995339636247444
        ]
      }
    },
    {
      "type": "Feature",
      "properties": {
        "monotonic_time": 399299.5107601881,
        "horizontal_accuracy": 4.673296507060502,
        "speed": 4.788512754205566,
        "course": 284.8499699121027,
        "synthetic": false
      },
      "geometry": {
        "type": "Point",
        "coordinates": [
          30.386733810373947,
          59.99535184311264
        ]
      }
    },
    {
      "type": "Feature",
      "properties": {
        "monotonic_time": 399300.51077628136,
        "horizontal_accuracy": 4.588192168089384,
        "speed": 2.501420064720027,
        "course": 285.35305496234895,
        "synthetic": false
      },
      "geometry": {
        "type": "Point",
        "coordinates": [
          30.386694129309852,
          59.99535684291567
        ]
      }
    },
    {
      "type": "Feature",
      "properties": {
        "monotonic_time": 399301.510792017,
        "horizontal_accuracy": 4.626716123856813,
        "speed": 1.9971858078715037,
        "course": 285.85516839651496,
        "synthetic": false
      },
      "geometry": {
        "type": "Point",
        "coordinates": [
          30.38666314160378,
          59.99536110371973
        ]
      }
    },
    {
      "type": "Feature",
      "properties": {
        "monotonic_time": 399302.51080834866,
        "horizontal_accuracy": 4.636811271588196,
        "speed": 1.0127092974567882,
        "course": 285.8551558434738,
        "synthetic": false
      },
      "geometry": {
        "type": "Point",
        "coordinates": [
          30.386648637135803,
          59.99536375439208
        ]
      }
    },
    {
      "type": "Feature",
      "properties": {
        "monotonic_time": 399303.5108245611,
        "horizontal_accuracy": 4.769999587093888,
        "speed": 0.402990264012114,
        "course": 285.8551433164954,
        "synthetic": false
      },
      "geometry": {
        "type": "Point",
        "coordinates": [
          30.386634169882257,
          59.995365921307766
        ]
      }
    },
    {
      "type": "Feature",
      "properties": {
        "monotonic_time": 399304.5108399391,
        "horizontal_accuracy": 4.829282098444799,
        "speed": 0.06230725373222268,
        "course": 285.85513523551367,
        "synthetic": false
      },
      "geometry": {
        "type": "Point",
        "coordinates": [
          30.386624882370583,
          59.99536428013243
        ]
      }
    },
    {
      "type": "Feature",
      "properties": {
        "monotonic_time": 399305.51085710526,
        "horizontal_accuracy": 4.71867070222662,
        "speed": 0,
        "course": 285.8551195682644,
        "synthetic": false
      },
      "geometry": {
        "type": "Point",
        "coordinates": [
          30.386606822459107,
          59.99536469976224
        ]
      }
    },
    {
      "type": "Feature",
      "properties": {
        "monotonic_time": 399306.5108730793,
        "horizontal_accuracy": 4.489243836647253,
        "speed": 0,
        "course": 285.8551195682644,
        "synthetic": false
      },
      "geometry": {
        "type": "Point",
        "coordinates": [
          30.386606822459107,
          59.99536469976224
        ]
      }
    },
    {
      "type": "Feature",
      "properties": {
        "monotonic_time": 399307.5108885765,
        "horizontal_accuracy": 4.413906128889123,
        "speed": 0,
        "course": 285.8551195682644,
        "synthetic": false
      },
      "geometry": {
        "type": "Point",
        "coordinates": [
          30.386606822459107,
          59.99536469976224
        ]
      }
    },
    {
      "type": "Feature",
      "properties": {
        "monotonic_time": 399308.51090455055,
        "horizontal_accuracy": 4.336130848022781,
        "speed": 0,
        "course": 285.8551195682644,
        "synthetic": false
      },
      "geometry": {
        "type": "Point",
        "coordinates": [
          30.386606822459107,
          59.99536469976224
        ]
      }
    },
    {
      "type": "Feature",
      "properties": {
        "monotonic_time": 399309.5109208822,
        "horizontal_accuracy": 4.424812542136173,
        "speed": 0,
        "course": 285.8551195682644,
        "synthetic": false
      },
      "geometry": {
        "type": "Point",
        "coordinates": [
          30.386606822459107,
          59.99536469976224
        ]
      }
    },
    {
      "type": "Feature",
      "properties": {
        "monotonic_time": 399310.5109374523,
        "horizontal_accuracy": 4.371284053383365,
        "speed": 0.12293939527871106,
        "course": 285.8550807432032,
        "synthetic": false
      },
      "geometry": {
        "type": "Point",
        "coordinates": [
          30.38656213747428,
          59.99536106847075
        ]
      }
    },
    {
      "type": "Feature",
      "properties": {
        "monotonic_time": 399311.5109525919,
        "horizontal_accuracy": 4.269072461385453,
        "speed": 0.4199247256911612,
        "course": 285.8550632648122,
        "synthetic": false
      },
      "geometry": {
        "type": "Point",
        "coordinates": [
          30.38654200489364,
          59.995360521574675
        ]
      }
    },
    {
      "type": "Feature",
      "properties": {
        "monotonic_time": 399312.510969162,
        "horizontal_accuracy": 4.2310153607552365,
        "speed": 0,
        "course": 285.8550656426355,
        "synthetic": false
      },
      "geometry": {
        "type": "Point",
        "coordinates": [
          30.386544751566422,
          59.99536007295631
        ]
      }
    },
    {
      "type": "Feature",
      "properties": {
        "monotonic_time": 399313.5109846592,
        "horizontal_accuracy": 4.128211462796971,
        "speed": 0,
        "course": 285.8550656426355,
        "synthetic": false
      },
      "geometry": {
        "type": "Point",
        "coordinates": [
          30.386544751566422,
          59.99536007295631
        ]
      }
    },
    {
      "type": "Feature",
      "properties": {
        "monotonic_time": 399314.51100087166,
        "horizontal_accuracy": 4.120607770023499,
        "speed": 0,
        "course": 285.8550656426355,
        "synthetic": false
      },
      "geometry": {
        "type": "Point",
        "coordinates": [
          30.386544751566422,
          59.99536007295631
        ]
      }
    },
    {
      "type": "Feature",
      "properties": {
        "monotonic_time": 399315.51101732254,
        "horizontal_accuracy": 4.062937847275789,
        "speed": 0,
        "course": 285.8550656426355,
        "synthetic": false
      },
      "geometry": {
        "type": "Point",
        "coordinates": [
          30.386544751566422,
          59.99536007295631
        ]
      }
    },
    {
      "type": "Feature",
      "properties": {
        "monotonic_time": 399316.51103305817,
        "horizontal_accuracy": 4.081321650408606,
        "speed": 0,
        "course": 285.8550656426355,
        "synthetic": false
      },
      "geometry": {
        "type": "Point",
        "coordinates": [
          30.386544751566422,
          59.99536007295631
        ]
      }
    },
    {
      "type": "Feature",
      "properties": {
        "monotonic_time": 399317.511048913,
        "horizontal_accuracy": 4.156305298551187,
        "speed": 0.04470284338535521,
        "course": 285.85505083654243,
        "synthetic": false
      },
      "geometry": {
        "type": "Point",
        "coordinates": [
          30.386527853034917,
          59.99534910403741
        ]
      }
    },
    {
      "type": "Feature",
      "properties": {
        "monotonic_time": 399318.51106512547,
        "horizontal_accuracy": 4.125988725192086,
        "speed": 0,
        "course": 285.85505108746895,
        "synthetic": false
      },
      "geometry": {
        "type": "Point",
        "coordinates": [
          30.386528142794543,
          59.99534906281503
        ]
      }
    },
    {
      "type": "Feature",
      "properties": {
        "monotonic_time": 399319.5110813379,
        "horizontal_accuracy": 4.1365833992035785,
        "speed": 0,
        "course": 285.85505108746895,
        "synthetic": false
      },
      "geometry": {
        "type": "Point",
        "coordinates": [
          30.386528142794543,
          59.99534906281503
        ]
      }
    },
    {
      "type": "Feature",
      "properties": {
        "monotonic_time": 399320.5110974312,
        "horizontal_accuracy": 4.176719630389883,
        "speed": 0,
        "course": 285.85505108746895,
        "synthetic": false
      },
      "geometry": {
        "type": "Point",
        "coordinates": [
          30.386528142794543,
          59.99534906281503
        ]
      }
    },
    {
      "type": "Feature",
      "properties": {
        "monotonic_time": 399321.511113286,
        "horizontal_accuracy": 4.093543080002553,
        "speed": 0,
        "course": 285.85505108746895,
        "synthetic": false
      },
      "geometry": {
        "type": "Point",
        "coordinates": [
          30.386528142794543,
          59.99534906281503
        ]
      }
    },
    {
      "type": "Feature",
      "properties": {
        "monotonic_time": 399322.5111300945,
        "horizontal_accuracy": 4.130113650938766,
        "speed": 0.08850551792312762,
        "course": 285.8550651085743,
        "synthetic": false
      },
      "geometry": {
        "type": "Point",
        "coordinates": [
          30.38654415442494,
          59.99535884233114
        ]
      }
    },
    {
      "type": "Feature",
      "properties": {
        "monotonic_time": 399323.5111454725,
        "horizontal_accuracy": 3.9310962186924865,
        "speed": 0.10603409493652359,
        "course": 285.8550805626819,
        "synthetic": false
      },
      "geometry": {
        "type": "Point",
        "coordinates": [
          30.38656196405714,
          59.995358737574854
        ]
      }
    },
    {
      "type": "Feature",
      "properties": {
        "monotonic_time": 399324.5111615658,
        "horizontal_accuracy": 3.8726437233226116,
        "speed": 0.39547700332466795,
        "course": 285.8550796873436,
        "synthetic": false
      },
      "geometry": {
        "type": "Point",
        "coordinates": [
          30.386560970201803,
          59.99535773960553
        ]
      }
    },
    {
      "type": "Feature",
      "properties": {
        "monotonic_time": 399325.51117801666,
        "horizontal_accuracy": 3.9048588705415086,
        "speed": 0.08673818855920691,
        "course": 285.85508382818847,
        "synthetic": false
      },
      "geometry": {
        "type": "Point",
        "coordinates": [
          30.386565764749214,
          59.99535619230125
        ]
      }
    },
    {
      "type": "Feature",
      "properties": {
        "monotonic_time": 399326.5111938715,
        "horizontal_accuracy": 3.956681179208147,
        "speed": 0.11286306652125924,
        "course": 285.85507898152446,
        "synthetic": false
      },
      "geometry": {
        "type": "Point",
        "coordinates": [
          30.386560207513735,
          59.995354328159046
        ]
      }
    },
    {
      "type": "Feature",
      "properties": {
        "monotonic_time": 399327.51121020317,
        "horizontal_accuracy": 3.7960065917611705,
        "speed": 0,
        "course": 285.8550793939264,
        "synthetic": false
      },
      "geometry": {
        "type": "Point",
        "coordinates": [
          30.386560698217096,
          59.99535328506335
        ]
      }
    },
    {
      "type": "Feature",
      "properties": {
        "monotonic_time": 399328.51122641563,
        "horizontal_accuracy": 3.748971180534681,
        "speed": 0,
        "course": 285.8550793939264,
        "synthetic": false
      },
      "geometry": {
        "type": "Point",
        "coordinates": [
          30.386560698217096,
          59.99535328506335
        ]
      }
    },
    {
      "type": "Feature",
      "properties": {
        "monotonic_time": 399329.5112425089,
        "horizontal_accuracy": 3.6692294413960003,
        "speed": 0,
        "course": 285.8550793939264,
        "synthetic": false
      },
      "geometry": {
        "type": "Point",
        "coordinates": [
          30.386560698217096,
          59.99535328506335
        ]
      }
    },
    {
      "type": "Feature",
      "properties": {
        "monotonic_time": 399330.51125848293,
        "horizontal_accuracy": 3.6454861063318202,
        "speed": 0,
        "course": 285.8550793939264,
        "synthetic": false
      },
      "geometry": {
        "type": "Point",
        "coordinates": [
          30.386560698217096,
          59.99535328506335
        ]
      }
    },
    {
      "type": "Feature",
      "properties": {
        "monotonic_time": 399331.511274457,
        "horizontal_accuracy": 3.77678409439398,
        "speed": 0,
        "course": 285.8550793939264,
        "synthetic": false
      },
      "geometry": {
        "type": "Point",
        "coordinates": [
          30.386560698217096,
          59.99535328506335
        ]
      }
    },
    {
      "type": "Feature",
      "properties": {
        "monotonic_time": 399332.51129066944,
        "horizontal_accuracy": 3.8177509458328136,
        "speed": 0,
        "course": 285.8550793939264,
        "synthetic": false
      },
      "geometry": {
        "type": "Point",
        "coordinates": [
          30.386560698217096,
          59.99535328506335
        ]
      }
    },
    {
      "type": "Feature",
      "properties": {
        "monotonic_time": 399333.51130640507,
        "horizontal_accuracy": 3.864574181350282,
        "speed": 0,
        "course": 285.8550793939264,
        "synthetic": false
      },
      "geometry": {
        "type": "Point",
        "coordinates": [
          30.386560698217096,
          59.99535328506335
        ]
      }
    },
    {
      "type": "Feature",
      "properties": {
        "monotonic_time": 399334.51132285595,
        "horizontal_accuracy": 3.8501981226592146,
        "speed": 0,
        "course": 285.8550793939264,
        "synthetic": false
      },
      "geometry": {
        "type": "Point",
        "coordinates": [
          30.386560698217096,
          59.99535328506335
        ]
      }
    },
    {
      "type": "Feature",
      "properties": {
        "monotonic_time": 399335.5113390684,
        "horizontal_accuracy": 3.8495438386800624,
        "speed": 0,
        "course": 285.8550793939264,
        "synthetic": false
      },
      "geometry": {
        "type": "Point",
        "coordinates": [
          30.386560698217096,
          59.99535328506335
        ]
      }
    },
    {
      "type": "Feature",
      "properties": {
        "monotonic_time": 399336.5113543272,
        "horizontal_accuracy": 3.8336798994337973,
        "speed": 0,
        "course": 285.8550793939264,
        "synthetic": false
      },
      "geometry": {
        "type": "Point",
        "coordinates": [
          30.386560698217096,
          59.99535328506335
        ]
      }
    },
    {
      "type": "Feature",
      "properties": {
        "monotonic_time": 399337.51137137413,
        "horizontal_accuracy": 3.785674325521284,
        "speed": 0,
        "course": 285.8550793939264,
        "synthetic": false
      },
      "geometry": {
        "type": "Point",
        "coordinates": [
          30.386560698217096,
          59.99535328506335
        ]
      }
    },
    {
      "type": "Feature",
      "properties": {
        "monotonic_time": 399338.51138722897,
        "horizontal_accuracy": 3.8411591231605944,
        "speed": 0,
        "course": 285.8550793939264,
        "synthetic": false
      },
      "geometry": {
        "type": "Point",
        "coordinates": [
          30.386560698217096,
          59.99535328506335
        ]
      }
    },
    {
      "type": "Feature",
      "properties": {
        "monotonic_time": 399339.5114027262,
        "horizontal_accuracy": 3.884655921575907,
        "speed": 0,
        "course": 285.8550793939264,
        "synthetic": false
      },
      "geometry": {
        "type": "Point",
        "coordinates": [
          30.386560698217096,
          59.99535328506335
        ]
      }
    },
    {
      "type": "Feature",
      "properties": {
        "monotonic_time": 399340.511418581,
        "horizontal_accuracy": 3.973956048096663,
        "speed": 0,
        "course": 285.8550793939264,
        "synthetic": false
      },
      "geometry": {
        "type": "Point",
        "coordinates": [
          30.386560698217096,
          59.99535328506335
        ]
      }
    },
    {
      "type": "Feature",
      "properties": {
        "monotonic_time": 399341.51143467426,
        "horizontal_accuracy": 3.9646222805380233,
        "speed": 0,
        "course": 285.8550793939264,
        "synthetic": false
      },
      "geometry": {
        "type": "Point",
        "coordinates": [
          30.386560698217096,
          59.99535328506335
        ]
      }
    },
    {
      "type": "Feature",
      "properties": {
        "monotonic_time": 399342.5114506483,
        "horizontal_accuracy": 3.935053232287421,
        "speed": 1.9948984662839804,
        "course": 285.85499073358835,
        "synthetic": false
      },
      "geometry": {
        "type": "Point",
        "coordinates": [
          30.386458417896968,
          59.99536104788821
        ]
      }
    },
    {
      "type": "Feature",
      "properties": {
        "monotonic_time": 399343.5114668608,
        "horizontal_accuracy": 3.8383005741963094,
        "speed": 2.9645975956751087,
        "course": 288.17956644193043,
        "synthetic": false
      },
      "geometry": {
        "type": "Point",
        "coordinates": [
          30.386402841572092,
          59.99536810938546
        ]
      }
    },
    {
      "type": "Feature",
      "properties": {
        "monotonic_time": 399344.5114836693,
        "horizontal_accuracy": 3.7662252760959656,
        "speed": 3.5475769066642346,
        "course": 287.04587806526996,
        "synthetic": false
      },
      "geometry": {
        "type": "Point",
        "coordinates": [
          30.386339265842416,
          59.99537476464748
        ]
      }
    },
    {
      "type": "Feature",
      "properties": {
        "monotonic_time": 399345.5114995241,
        "horizontal_accuracy": 3.700202941661223,
        "speed": 4.583109217533007,
        "course": 286.81444784206656,
        "synthetic": false
      },
      "geometry": {
        "type": "Point",
        "coordinates": [
          30.386254922495517,
          59.99538668541897
        ]
      }
    },
    {
      "type": "Feature",
      "properties": {
        "monotonic_time": 399346.51151561737,
        "horizontal_accuracy": 3.615791865871576,
        "speed": 5.435941701126959,
        "course": 288.09891657844173,
        "synthetic": false
      },
      "geometry": {
        "type": "Point",
        "coordinates": [
          30.386152870222716,
          59.99540485080487
        ]
      }
    },
    {
      "type": "Feature",
      "properties": {
        "monotonic_time": 399347.51153182983,
        "horizontal_accuracy": 3.6950398614997972,
        "speed": 4.885043023925072,
        "course": 287.9097908102801,
        "synthetic": false
      },
      "geometry": {
        "type": "Point",
        "coordinates": [
          30.386074865669446,
          59.99541732854957
        ]
      }
    },
    {
      "type": "Feature",
      "properties": {
        "monotonic_time": 399348.51154732704,
        "horizontal_accuracy": 3.727383861578507,
        "speed": 4.746596622051776,
        "course": 285.9495225661732,
        "synthetic": false
      },
      "geometry": {
        "type": "Point",
        "coordinates": [
          30.38599140678937,
          59.99542849382288
        ]
      }
    },
    {
      "type": "Feature",
      "properties": {
        "monotonic_time": 399349.5115635395,
        "horizontal_accuracy": 3.9111168242223346,
        "speed": 5.124901634797197,
        "course": 285.03427542725603,
        "synthetic": false
      },
      "geometry": {
        "type": "Point",
        "coordinates": [
          30.385905675252975,
          59.99543982052246
        ]
      }
    },
    {
      "type": "Feature",
      "properties": {
        "monotonic_time": 399350.5115801096,
        "horizontal_accuracy": 3.8384959224647925,
        "speed": 5.533307785287531,
        "course": 286.01268328844833,
        "synthetic": false
      },
      "geometry": {
        "type": "Point",
        "coordinates": [
          30.385812231317708,
          59.995456647315244
        ]
      }
    },
    {
      "type": "Feature",
      "properties": {
        "monotonic_time": 399351.5115953684,
        "horizontal_accuracy": 3.8958404349020563,
        "speed": 5.628048867128495,
        "course": 285.45052566987977,
        "synthetic": false
      },
      "geometry": {
        "type": "Point",
        "coordinates": [
          30.385724633504033,
          59.995468235095295
        ]
      }
    },
    {
      "type": "Feature",
      "properties": {
        "monotonic_time": 399352.51161158085,
        "horizontal_accuracy": 3.9534437681049153,
        "speed": 5.992141689088602,
        "course": 284.49270716101285,
        "synthetic": false
      },
      "geometry": {
        "type": "Point",
        "coordinates": [
          30.38560981990839,
          59.99548213243818
        ]
      }
    },
    {
      "type": "Feature",
      "properties": {
        "monotonic_time": 399353.50960087776,
        "horizontal_accuracy": 3.9375951622243064,
        "speed": 6.146257445359139,
        "course": 285.16909091406654,
        "synthetic": false
      },
      "geometry": {
        "type": "Point",
        "coordinates": [
          30.385504640375324,
          59.9955005651113
        ]
      }
    },
    {
      "type": "Feature",
      "properties": {
        "monotonic_time": 399354.5092879534,
        "horizontal_accuracy": 3.950002672226703,
        "speed": 6.520702999890968,
        "course": 283.7543483435571,
        "synthetic": false
      },
      "geometry": {
        "type": "Point",
        "coordinates": [
          30.38539062130984,
          59.99551353859229
        ]
      }
    },
    {
      "type": "Feature",
      "properties": {
        "monotonic_time": 399355.5093046427,
        "horizontal_accuracy": 3.9968194519259383,
        "speed": 7.4266755530864135,
        "course": 284.43371689616396,
        "synthetic": false
      },
      "geometry": {
        "type": "Point",
        "coordinates": [
          30.385261799746296,
          59.995533932184784
        ]
      }
    },
    {
      "type": "Feature",
      "properties": {
        "monotonic_time": 399356.5101982355,
        "horizontal_accuracy": 3.951211922351714,
        "speed": 7.927803208375042,
        "course": 284.5824833832389,
        "synthetic": false
      },
      "geometry": {
        "type": "Point",
        "coordinates": [
          30.385121017004625,
          59.995554007341866
        ]
      }
    },
    {
      "type": "Feature",
      "properties": {
        "monotonic_time": 399357.50965464115,
        "horizontal_accuracy": 3.9651622724251356,
        "speed": 7.985571169738714,
        "course": 285.02246368483975,
        "synthetic": false
      },
      "geometry": {
        "type": "Point",
        "coordinates": [
          30.3849761253655,
          59.995574990100465
        ]
      }
    },
    {
      "type": "Feature",
      "properties": {
        "monotonic_time": 399358.5096708536,
        "horizontal_accuracy": 3.8745861201023493,
        "speed": 7.615265906975262,
        "course": 284.55603569493417,
        "synthetic": false
      },
      "geometry": {
        "type": "Point",
        "coordinates": [
          30.38483582694392,
          59.99559157779379
        ]
      }
    },
    {
      "type": "Feature",
      "properties": {
        "monotonic_time": 399359.5095593929,
        "horizontal_accuracy": 3.757162518476149,
        "speed": 7.2270891677605675,
        "course": 284.2293106760084,
        "synthetic": false
      },
      "geometry": {
        "type": "Point",
        "coordinates": [
          30.38470905565318,
          59.995607208438166
        ]
      }
    },
    {
      "type": "Feature",
      "properties": {
        "monotonic_time": 399360.51032304764,
        "horizontal_accuracy": 3.6985953516427634,
        "speed": 6.529417471334877,
        "course": 283.23726889508526,
        "synthetic": false
      },
      "geometry": {
        "type": "Point",
        "coordinates": [
          30.38460058476851,
          59.995617067156935
        ]
      }
    },
    {
      "type": "Feature",
      "properties": {
        "monotonic_time": 399361.5103392601,
        "horizontal_accuracy": 3.6240245862181313,
        "speed": 6.470081677700515,
        "course": 283.1071318198301,
        "synthetic": false
      },
      "geometry": {
        "type": "Point",
        "coordinates": [
          30.384482433163832,
          59.99563304118073
        ]
      }
    },
    {
      "type": "Feature",
      "properties": {
        "monotonic_time": 399362.5100364685,
        "horizontal_accuracy": 3.5760604566408727,
        "speed": 5.831861985606166,
        "course": 283.94608395792545,
        "synthetic": false
      },
      "geometry": {
        "type": "Point",
        "coordinates": [
          30.384388468510746,
          59.995648102178855
        ]
      }
    },
    {
      "type": "Feature",
      "properties": {
        "monotonic_time": 399363.50989985466,
        "horizontal_accuracy": 3.504230786040834,
        "speed": 5.162006884403318,
        "course": 284.2593791515304,
        "synthetic": false
      },
      "geometry": {
        "type": "Point",
        "coordinates": [
          30.38430425405175,
          59.99566102268308
        ]
      }
    },
    {
      "type": "Feature",
      "properties": {
        "monotonic_time": 399364.5099154711,
        "horizontal_accuracy": 3.4634813792231065,
        "speed": 4.681614556916432,
        "course": 283.9313879643604,
        "synthetic": false
      },
      "geometry": {
        "type": "Point",
        "coordinates": [
          30.38422955897273,
          59.995671713625384
        ]
      }
    },
    {
      "type": "Feature",
      "properties": {
        "monotonic_time": 399365.50985360146,
        "horizontal_accuracy": 3.3824810854213236,
        "speed": 4.362444623355188,
        "course": 282.2401057637455,
        "synthetic": false
      },
      "geometry": {
        "type": "Point",
        "coordinates": [
          30.38415890187529,
          59.995677601567444
        ]
      }
    },
    {
      "type": "Feature",
      "properties": {
        "monotonic_time": 399366.51019346714,
        "horizontal_accuracy": 3.372123660935244,
        "speed": 4.15018770289351,
        "course": 282.6499610869753,
        "synthetic": false
      },
      "geometry": {
        "type": "Point",
        "coordinates": [
          30.384090011080087,
          59.995686483627956
        ]
      }
    },
    {
      "type": "Feature",
      "properties": {
        "monotonic_time": 399367.510209322,
        "horizontal_accuracy": 3.3483986368472762,
        "speed": 3.9025295976706325,
        "course": 283.73708694073935,
        "synthetic": false
      },
      "geometry": {
        "type": "Point",
        "coordinates": [
          30.384029598746785,
          59.99569742850164
        ]
      }
    },
    {
      "type": "Feature",
      "properties": {
        "monotonic_time": 399368.5102251768,
        "horizontal_accuracy": 3.3354852737862966,
        "speed": 3.8433257430179215,
        "course": 284.2075529178069,
        "synthetic": false
      },
      "geometry": {
        "type": "Point",
        "coordinates": [
          30.38395933945313,
          59.995708676275704
        ]
      }
    },
    {
      "type": "Feature",
      "properties": {
        "monotonic_time": 399369.51024115086,
        "horizontal_accuracy": 3.320812645579814,
        "speed": 3.405229651966231,
        "course": 284.2732690845333,
        "synthetic": false
      },
      "geometry": {
        "type": "Point",
        "coordinates": [
          30.38390410946079,
          59.99571737958659
        ]
      }
    },
    {
      "type": "Feature",
      "properties": {
        "monotonic_time": 399370.51025772095,
        "horizontal_accuracy": 3.332098769284574,
        "speed": 3.129658308962873,
        "course": 285.03504426964065,
        "synthetic": false
      },
      "geometry": {
        "type": "Point",
        "coordinates": [
          30.38384865444222,
          59.995726629975564
        ]
      }
    },
    {
      "type": "Feature",
      "properties": {
        "monotonic_time": 399371.5102738142,
        "horizontal_accuracy": 3.408213113614124,
        "speed": 2.9973865368440746,
        "course": 284.8690002168533,
        "synthetic": false
      },
      "geometry": {
        "type": "Point",
        "coordinates": [
          30.383796981278227,
          59.99573275642963
        ]
      }
    },
    {
      "type": "Feature",
      "properties": {
        "monotonic_time": 399372.5102895498,
        "horizontal_accuracy": 3.494615120127214,
        "speed": 3.265022980674773,
        "course": 284.2740703005967,
        "synthetic": false
      },
      "geometry": {
        "type": "Point",
        "coordinates": [
          30.383734524394953,
          59.99573968954701
        ]
      }
    },
    {
      "type": "Feature",
      "properties": {
        "monotonic_time": 399373.51030635834,
        "horizontal_accuracy": 3.326217603191314,
        "speed": 1.9351410854902877,
        "course": 285.6524141282858,
        "synthetic": false
      },
      "geometry": {
        "type": "Point",
        "coordinates": [
          30.38371297543183,
          59.99574364356576
        ]
      }
    },
    {
      "type": "Feature",
      "properties": {
        "monotonic_time": 399374.51032209396,
        "horizontal_accuracy": 3.3020314291796473,
        "speed": 0.6040766679398536,
        "course": 286.3204576324107,
        "synthetic": false
      },
      "geometry": {
        "type": "Point",
        "coordinates": [
          30.383698159831233,
          59.99574609092523
        ]
      }
    },
    {
      "type": "Feature",
      "properties": {
        "monotonic_time": 399375.5103375912,
        "horizontal_accuracy": 3.347733880393414,
        "speed": 0,
        "course": 286.32045738002967,
        "synthetic": false
      },
      "geometry": {
        "type": "Point",
        "coordinates": [
          30.383697871084497,
          59.99574666813803
        ]
      }
    },
    {
      "type": "Feature",
      "properties": {
        "monotonic_time": 399376.5103535652,
        "horizontal_accuracy": 3.327895607747527,
        "speed": 0.322722652857051,
        "course": 286.3204510284374,
        "synthetic": false
      },
      "geometry": {
        "type": "Point",
        "coordinates": [
          30.383690542524135,
          59.99574892249478
        ]
      }
    },
    {
      "type": "Feature",
      "properties": {
        "monotonic_time": 399377.5103700161,
        "horizontal_accuracy": 3.337284876057123,
        "speed": 0.2522818002801114,
        "course": 286.3204457274685,
        "synthetic": false
      },
      "geometry": {
        "type": "Point",
        "coordinates": [
          30.38368442367849,
          59.99575030520588
        ]
      }
    },
    {
      "type": "Feature",
      "properties": {
        "monotonic_time": 399378.51038587093,
        "horizontal_accuracy": 3.3207062394814253,
        "speed": 0.1355596591798306,
        "course": 286.32044581502646,
        "synthetic": false
      },
      "geometry": {
        "type": "Point",
        "coordinates": [
          30.38368451446096,
          59.995748238939925
        ]
      }
    },
    {
      "type": "Feature",
      "properties": {
        "monotonic_time": 399379.51040172577,
        "horizontal_accuracy": 3.296383049637232,
        "speed": 0,
        "course": 286.32044657587016,
        "synthetic": false
      },
      "geometry": {
        "type": "Point",
        "coordinates": [
          30.383685393044146,
          59.99574811007855
        ]
      }
    },
    {
      "type": "Feature",
      "properties": {
        "monotonic_time": 399380.51041805744,
        "horizontal_accuracy": 3.395581055862323,
        "speed": 0.08870832851600798,
        "course": 286.32043877795405,
        "synthetic": false
      },
      "geometry": {
        "type": "Point",
        "coordinates": [
          30.38367636760854,
          59.99574529753157
        ]
      }
    },
    {
      "type": "Feature",
      "properties": {
        "monotonic_time": 399381.5104343891,
        "horizontal_accuracy": 3.5101774398108465,
        "speed": 0.1000351509245348,
        "course": 286.32044216209266,
        "synthetic": false
      },
      "geometry": {
        "type": "Point",
        "coordinates": [
          30.383680282247564,
          59.995746077356756
        ]
      }
    },
    {
      "type": "Feature",
      "properties": {
        "monotonic_time": 399382.51045036316,
        "horizontal_accuracy": 3.412445340555483,
        "speed": 0.11981890189720672,
        "course": 286.32043075917016,
        "synthetic": false
      },
      "geometry": {
        "type": "Point",
        "coordinates": [
          30.383667084016547,
          59.995741904662914
        ]
      }
    },
    {
      "type": "Feature",
      "properties": {
        "monotonic_time": 399383.5104664564,
        "horizontal_accuracy": 3.5154662960730216,
        "speed": 0.19559539071397783,
        "course": 286.3204225559745,
        "synthetic": false
      },
      "geometry": {
        "type": "Point",
        "coordinates": [
          30.38365761069085,
          59.99574315560824
        ]
      }
    },
    {
      "type": "Feature",
      "properties": {
        "monotonic_time": 399384.51048231125,
        "horizontal_accuracy": 3.4613128916928795,
        "speed": 0.07256736404346262,
        "course": 286.3204220995602,
        "synthetic": false
      },
      "geometry": {
        "type": "Point",
        "coordinates": [
          30.383657082342665,
          59.99574297376516
        ]
      }
    },
    {
      "type": "Feature",
      "properties": {
        "monotonic_time": 399385.51049900055,
        "horizontal_accuracy": 3.4372234195803077,
        "speed": 0,
        "course": 286.32041956155183,
        "synthetic": false
      },
      "geometry": {
        "type": "Point",
        "coordinates": [
          30.383654155193927,
          59.9957441214306
        ]
      }
    },
    {
      "type": "Feature",
      "properties": {
        "monotonic_time": 399386.51051437855,
        "horizontal_accuracy": 3.479947844592101,
        "speed": 0.011344474899120226,
        "course": 286.32041658731725,
        "synthetic": false
      },
      "geometry": {
        "type": "Point",
        "coordinates": [
          30.383650720554655,
          59.995744596161195
        ]
      }
    },
    {
      "type": "Feature",
      "properties": {
        "monotonic_time": 399387.51053094864,
        "horizontal_accuracy": 3.331716391899252,
        "speed": 0,
        "course": 286.3204132436884,
        "synthetic": false
      },
      "geometry": {
        "type": "Point",
        "coordinates": [
          30.383646859222218,
          59.995745106507975
        ]
      }
    },
    {
      "type": "Feature",
      "properties": {
        "monotonic_time": 399388.5105471611,
        "horizontal_accuracy": 3.413982473609933,
        "speed": 0.09737785903924062,
        "course": 286.3204062704097,
        "synthetic": false
      },
      "geometry": {
        "type": "Point",
        "coordinates": [
          30.38363880675906,
          59.995746271794246
        ]
      }
    },
    {
      "type": "Feature",
      "properties": {
        "monotonic_time": 399389.5105624199,
        "horizontal_accuracy": 3.3778122846455694,
        "speed": 0.14259918883983067,
        "course": 286.32040163183933,
        "synthetic": false
      },
      "geometry": {
        "type": "Point",
        "coordinates": [
          30.383633454137605,
          59.99574780464943
        ]
      }
    },
    {
      "type": "Feature",
      "properties": {
        "monotonic_time": 399390.5105791092,
        "horizontal_accuracy": 3.375767647764657,
        "speed": 0.12492701743728093,
        "course": 286.3204022817498,
        "synthetic": false
      },
      "geometry": {
        "type": "Point",
        "coordinates": [
          30.383634204516866,
          59.99574767392329
        ]
      }
    },
    {
      "type": "Feature",
      "properties": {
        "monotonic_time": 399391.5105947256,
        "horizontal_accuracy": 3.4108574622550187,
        "speed": 0.12753031292541553,
        "course": 286.3204044828106,
        "synthetic": false
      },
      "geometry": {
        "type": "Point",
        "coordinates": [
          30.383636754100387,
          59.99574887294571
        ]
      }
    },
    {
      "type": "Feature",
      "properties": {
        "monotonic_time": 399392.5106109381,
        "horizontal_accuracy": 3.298398878504492,
        "speed": 0,
        "course": 286.32040529346915,
        "synthetic": false
      },
      "geometry": {
        "type": "Point",
        "coordinates": [
          30.383637691567614,
          59.99574900592502
        ]
      }
    },
    {
      "type": "Feature",
      "properties": {
        "monotonic_time": 399393.51062750816,
        "horizontal_accuracy": 3.3018810302220665,
        "speed": 0,
        "course": 286.3204044493331,
        "synthetic": false
      },
      "geometry": {
        "type": "Point",
        "coordinates": [
          30.383636701386134,
          59.99574608606947
        ]
      }
    },
    {
      "type": "Feature",
      "properties": {
        "monotonic_time": 399394.5106436014,
        "horizontal_accuracy": 3.2854221647884487,
        "speed": 0,
        "course": 286.3204024261969,
        "synthetic": false
      },
      "geometry": {
        "type": "Point",
        "coordinates": [
          30.383634366504715,
          59.99574669341275
        ]
      }
    },
    {
      "type": "Feature",
      "properties": {
        "monotonic_time": 399395.5106598139,
        "horizontal_accuracy": 3.183485271009546,
        "speed": 0,
        "course": 286.3204024261969,
        "synthetic": false
      },
      "geometry": {
        "type": "Point",
        "coordinates": [
          30.383634366504715,
          59.99574669341275
        ]
      }
    },
    {
      "type": "Feature",
      "properties": {
        "monotonic_time": 399396.5106754303,
        "horizontal_accuracy": 3.332432461942245,
        "speed": 0.020158175462212855,
        "course": 286.3203955829966,
        "synthetic": false
      },
      "geometry": {
        "type": "Point",
        "coordinates": [
          30.38362644930111,
          59.99574486692408
        ]
      }
    },
    {
      "type": "Feature",
      "properties": {
        "monotonic_time": 399397.5106911659,
        "horizontal_accuracy": 3.3879312555682026,
        "speed": 0.024586942709385107,
        "course": 286.3203883246625,
        "synthetic": false
      },
      "geometry": {
        "type": "Point",
        "coordinates": [
          30.383618046920592,
          59.99574195821214
        ]
      }
    },
    {
      "type": "Feature",
      "properties": {
        "monotonic_time": 399398.5107072592,
        "horizontal_accuracy": 3.4398639641239326,
        "speed": 0,
        "course": 286.3203884395108,
        "synthetic": false
      },
      "geometry": {
        "type": "Point",
        "coordinates": [
          30.383618179507184,
          59.99574193193711
        ]
      }
    },
    {
      "type": "Feature",
      "properties": {
        "monotonic_time": 399399.51072371006,
        "horizontal_accuracy": 3.47977461538945,
        "speed": 0.04845331595817121,
        "course": 286.3203923096905,
        "synthetic": false
      },
      "geometry": {
        "type": "Point",
        "coordinates": [
          30.383622678593625,
          59.99574723676214
        ]
      }
    },
    {
      "type": "Feature",
      "properties": {
        "monotonic_time": 399400.51073920727,
        "horizontal_accuracy": 3.4963880170619697,
        "speed": 0,
        "course": 286.3203872252961,
        "synthetic": false
      },
      "geometry": {
        "type": "Point",
        "coordinates": [
          30.383616804230893,
          59.995747469018575
        ]
      }
    },
    {
      "type": "Feature",
      "properties": {
        "monotonic_time": 399401.5107560158,
        "horizontal_accuracy": 3.479219408702369,
        "speed": 0.02999473361925747,
        "course": 286.3203878893135,
        "synthetic": false
      },
      "geometry": {
        "type": "Point",
        "coordinates": [
          30.38361757674269,
          59.99574849660576
        ]
      }
    },
    {
      "type": "Feature",
      "properties": {
        "monotonic_time": 399402.5107718706,
        "horizontal_accuracy": 3.3481264488417293,
        "speed": 0,
        "course": 286.320384110676,
        "synthetic": false
      },
      "geometry": {
        "type": "Point",
        "coordinates": [
          30.383613209972097,
          59.99574846225907
        ]
      }
    },
    {
      "type": "Feature",
      "properties": {
        "monotonic_time": 399403.5107883215,
        "horizontal_accuracy": 3.3202691863028932,
        "speed": 0,
        "course": 286.32037812152976,
        "synthetic": false
      },
      "geometry": {
        "type": "Point",
        "coordinates": [
          30.383606297603613,
          59.99575018972158
        ]
      }
    },
    {
      "type": "Feature",
      "properties": {
        "monotonic_time": 399404.5108035803,
        "horizontal_accuracy": 3.315418844711493,
        "speed": 0,
        "course": 286.32037669672405,
        "synthetic": false
      },
      "geometry": {
        "type": "Point",
        "coordinates": [
          30.383604650966824,
          59.99575016394035
        ]
      }
    },
    {
      "type": "Feature",
      "properties": {
        "monotonic_time": 399405.51081979275,
        "horizontal_accuracy": 3.402402193817093,
        "speed": 0,
        "course": 286.32037669672405,
        "synthetic": false
      },
      "geometry": {
        "type": "Point",
        "coordinates": [
          30.383604650966824,
          59.99575016394035
        ]
      }
    },
    {
      "type": "Feature",
      "properties": {
        "monotonic_time": 399406.5108355284,
        "horizontal_accuracy": 3.4012517512183678,
        "speed": 0,
        "course": 286.32037669672405,
        "synthetic": false
      },
      "geometry": {
        "type": "Point",
        "coordinates": [
          30.383604650966824,
          59.99575016394035
        ]
      }
    },
    {
      "type": "Feature",
      "properties": {
        "monotonic_time": 399407.51085174084,
        "horizontal_accuracy": 3.4518511920981974,
        "speed": 0,
        "course": 286.32037669672405,
        "synthetic": false
      },
      "geometry": {
        "type": "Point",
        "coordinates": [
          30.383604650966824,
          59.99575016394035
        ]
      }
    },
    {
      "type": "Feature",
      "properties": {
        "monotonic_time": 399408.5108678341,
        "horizontal_accuracy": 3.50279265360738,
        "speed": 0,
        "course": 286.32037669672405,
        "synthetic": false
      },
      "geometry": {
        "type": "Point",
        "coordinates": [
          30.383604650966824,
          59.99575016394035
        ]
      }
    },
    {
      "type": "Feature",
      "properties": {
        "monotonic_time": 399409.5108845234,
        "horizontal_accuracy": 3.4964988682988727,
        "speed": 0,
        "course": 286.32037669672405,
        "synthetic": false
      },
      "geometry": {
        "type": "Point",
        "coordinates": [
          30.383604650966824,
          59.99575016394035
        ]
      }
    },
    {
      "type": "Feature",
      "properties": {
        "monotonic_time": 399410.5108997822,
        "horizontal_accuracy": 3.453354458870396,
        "speed": 0,
        "course": 286.32037669672405,
        "synthetic": false
      },
      "geometry": {
        "type": "Point",
        "coordinates": [
          30.383604650966824,
          59.99575016394035
        ]
      }
    },
    {
      "type": "Feature",
      "properties": {
        "monotonic_time": 399411.5109164715,
        "horizontal_accuracy": 3.494586210213922,
        "speed": 0,
        "course": 286.3203832891696,
        "synthetic": false
      },
      "geometry": {
        "type": "Point",
        "coordinates": [
          30.383612317619598,
          59.99575978211971
        ]
      }
    },
    {
      "type": "Feature",
      "properties": {
        "monotonic_time": 399412.51093256474,
        "horizontal_accuracy": 3.54042319984692,
        "speed": 0,
        "course": 286.3203832891696,
        "synthetic": false
      },
      "geometry": {
        "type": "Point",
        "coordinates": [
          30.383612317619598,
          59.99575978211971
        ]
      }
    },
    {
      "type": "Feature",
      "properties": {
        "monotonic_time": 399413.51094806194,
        "horizontal_accuracy": 3.602792081399268,
        "speed": 0,
        "course": 286.3203832891696,
        "synthetic": false
      },
      "geometry": {
        "type": "Point",
        "coordinates": [
          30.383612317619598,
          59.99575978211971
        ]
      }
    },
    {
      "type": "Feature",
      "properties": {
        "monotonic_time": 399414.5109651089,
        "horizontal_accuracy": 3.760236721913748,
        "speed": 0,
        "course": 286.3203832891696,
        "synthetic": false
      },
      "geometry": {
        "type": "Point",
        "coordinates": [
          30.383612317619598,
          59.99575978211971
        ]
      }
    },
    {
      "type": "Feature",
      "properties": {
        "monotonic_time": 399415.5109809637,
        "horizontal_accuracy": 3.833694151299848,
        "speed": 1.2490390975592296,
        "course": 286.32036555396854,
        "synthetic": false
      },
      "geometry": {
        "type": "Point",
        "coordinates": [
          30.383591826165706,
          59.99576045006099
        ]
      }
    },
    {
      "type": "Feature",
      "properties": {
        "monotonic_time": 399416.5109964609,
        "horizontal_accuracy": 3.815626724583014,
        "speed": 3.7164913040313374,
        "course": 284.04065416790695,
        "synthetic": false
      },
      "geometry": {
        "type": "Point",
        "coordinates": [
          30.383521675747527,
          59.995769808756314
        ]
      }
    },
    {
      "type": "Feature",
      "properties": {
        "monotonic_time": 399417.5110126734,
        "horizontal_accuracy": 3.7352548670526113,
        "speed": 5.279454351405868,
        "course": 284.1261741920222,
        "synthetic": false
      },
      "geometry": {
        "type": "Point",
        "coordinates": [
          30.383434521566635,
          59.9957819232817
        ]
      }
    },
    {
      "type": "Feature",
      "properties": {
        "monotonic_time": 399418.51102876663,
        "horizontal_accuracy": 3.6720463724849233,
        "speed": 5.059655184029333,
        "course": 286.9455563273259,
        "synthetic": false
      },
      "geometry": {
        "type": "Point",
        "coordinates": [
          30.38334456936224,
          59.99579877980858
        ]
      }
    },
    {
      "type": "Feature",
      "properties": {
        "monotonic_time": 399419.51104450226,
        "horizontal_accuracy": 3.588444058838021,
        "speed": 3.2400007779386235,
        "course": 289.2215729076737,
        "synthetic": false
      },
      "geometry": {
        "type": "Point",
        "coordinates": [
          30.38329330578519,
          59.99580673273689
        ]
      }
    },
    {
      "type": "Feature",
      "properties": {
        "monotonic_time": 399420.51106143,
        "horizontal_accuracy": 3.5090218558944803,
        "speed": 1.7742396201211967,
        "course": 292.1942613587312,
        "synthetic": false
      },
      "geometry": {
        "type": "Point",
        "coordinates": [
          30.383270142135196,
          59.995811718919065
        ]
      }
    },
    {
      "type": "Feature",
      "properties": {
        "monotonic_time": 399421.5110770464,
        "horizontal_accuracy": 3.4546374175941303,
        "speed": 0.15234814789608328,
        "course": 292.72300258783923,
        "synthetic": false
      },
      "geometry": {
        "type": "Point",
        "coordinates": [
          30.383282011909134,
          59.99580961646963
        ]
      }
    },
    {
      "type": "Feature",
      "properties": {
        "monotonic_time": 399422.51109337807,
        "horizontal_accuracy": 3.561862087982407,
        "speed": 0.11387160533802058,
        "course": 292.7230023916254,
        "synthetic": false
      },
      "geometry": {
        "type": "Point",
        "coordinates": [
          30.383281872795852,
          59.99580818371438
        ]
      }
    },
    {
      "type": "Feature",
      "properties": {
        "monotonic_time": 399423.51110982895,
        "horizontal_accuracy": 3.649611865669414,
        "speed": 0.11792190190289298,
        "course": 292.7230071924337,
        "synthetic": false
      },
      "geometry": {
        "type": "Point",
        "coordinates": [
          30.383287355426788,
          59.9958080567745
        ]
      }
    },
    {
      "type": "Feature",
      "properties": {
        "monotonic_time": 399424.5111248493,
        "horizontal_accuracy": 3.6709810365296462,
        "speed": 0.09911803100579618,
        "course": 292.7230152043883,
        "synthetic": false
      },
      "geometry": {
        "type": "Point",
        "coordinates": [
          30.383296510689235,
          59.995807753025424
        ]
      }
    },
    {
      "type": "Feature",
      "properties": {
        "monotonic_time": 399425.51114177704,
        "horizontal_accuracy": 3.642294405121111,
        "speed": 0.13207929131235363,
        "course": 292.7230222341087,
        "synthetic": false
      },
      "geometry": {
        "type": "Point",
        "coordinates": [
          30.383304460200453,
          59.995808897116525
        ]
      }
    },
    {
      "type": "Feature",
      "properties": {
        "monotonic_time": 399426.51115739346,
        "horizontal_accuracy": 3.723474983388878,
        "speed": 0.10765971883589631,
        "course": 292.7230227671247,
        "synthetic": false
      },
      "geometry": {
        "type": "Point",
        "coordinates": [
          30.383305206956965,
          59.995806546904866
        ]
      }
    },
    {
      "type": "Feature",
      "properties": {
        "monotonic_time": 399427.5111731291,
        "horizontal_accuracy": 3.767250990542455,
        "speed": 0.09051490490134982,
        "course": 292.7230181028215,
        "synthetic": false
      },
      "geometry": {
        "type": "Point",
        "coordinates": [
          30.3833000929581,
          59.99580306994146
        ]
      }
    },
    {
      "type": "Feature",
      "properties": {
        "monotonic_time": 399428.5111898184,
        "horizontal_accuracy": 3.8072235602684303,
        "speed": 0.06270237522680558,
        "course": 292.7230209159012,
        "synthetic": false
      },
      "geometry": {
        "type": "Point",
        "coordinates": [
          30.383303590789055,
          59.9957981684773
        ]
      }
    },
    {
      "type": "Feature",
      "properties": {
        "monotonic_time": 399429.511205554,
        "horizontal_accuracy": 3.8012509591409227,
        "speed": 0.06038879563022527,
        "course": 292.72301390870047,
        "synthetic": false
      },
      "geometry": {
        "type": "Point",
        "coordinates": [
          30.38329599807005,
          59.99579142086688
        ]
      }
    },
    {
      "type": "Feature",
      "properties": {
        "monotonic_time": 399430.51122152805,
        "horizontal_accuracy": 3.7111884112029006,
        "speed": 0.04121879614188337,
        "course": 292.7230053807366,
        "synthetic": false
      },
      "geometry": {
        "type": "Point",
        "coordinates": [
          30.383286951304658,
          59.995779929209924
        ]
      }
    },
    {
      "type": "Feature",
      "properties": {
        "monotonic_time": 399431.5112378597,
        "horizontal_accuracy": 3.715957737663338,
        "speed": 0.04315149738035361,
        "course": 292.72300960277806,
        "synthetic": false
      },
      "geometry": {
        "type": "Point",
        "coordinates": [
          30.38329175574591,
          59.99578010909735
        ]
      }
    },
    {
      "type": "Feature",
      "properties": {
        "monotonic_time": 399432.5112543106,
        "horizontal_accuracy": 3.6972401759298035,
        "speed": 0.037905103613131104,
        "course": 292.723014488761,
        "synthetic": false
      },
      "geometry": {
        "type": "Point",
        "coordinates": [
          30.383297328430547,
          59.99578010207247
        ]
      }
    },
    {
      "type": "Feature",
      "properties": {
        "monotonic_time": 399433.511269927,
        "horizontal_accuracy": 3.6455830753074547,
        "speed": 0.04278729279278029,
        "course": 292.7230152897863,
        "synthetic": false
      },
      "geometry": {
        "type": "Point",
        "coordinates": [
          30.383298526633116,
          59.99577528457509
        ]
      }
    },
    {
      "type": "Feature",
      "properties": {
        "monotonic_time": 399434.5112864971,
        "horizontal_accuracy": 3.6772828555504,
        "speed": 0.0407648277252604,
        "course": 292.72301367934585,
        "synthetic": false
      },
      "geometry": {
        "type": "Point",
        "coordinates": [
          30.38329694327764,
          59.995770998084396
        ]
      }
    },
    {
      "type": "Feature",
      "properties": {
        "monotonic_time": 399435.51130211353,
        "horizontal_accuracy": 3.707661553713947,
        "speed": 0.041543131394794035,
        "course": 292.7230147675997,
        "synthetic": false
      },
      "geometry": {
        "type": "Point",
        "coordinates": [
          30.383298172881588,
          59.995771192811716
        ]
      }
    },
    {
      "type": "Feature",
      "properties": {
        "monotonic_time": 399436.51131784916,
        "horizontal_accuracy": 3.76142232540251,
        "speed": 0.039873117768093276,
        "course": 292.72301315978854,
        "synthetic": false
      },
      "geometry": {
        "type": "Point",
        "coordinates": [
          30.38329645095605,
          59.995769302143025
        ]
      }
    },
    {
      "type": "Feature",
      "properties": {
        "monotonic_time": 399437.51133441925,
        "horizontal_accuracy": 3.810141261867945,
        "speed": 0.04286502534944056,
        "course": 292.7230129818118,
        "synthetic": false
      },
      "geometry": {
        "type": "Point",
        "coordinates": [
          30.383296236405073,
          59.995769498040445
        ]
      }
    },
    {
      "type": "Feature",
      "properties": {
        "monotonic_time": 399438.5113502741,
        "horizontal_accuracy": 3.7196341987332717,
        "speed": 0.05787685089205096,
        "course": 292.7230102986668,
        "synthetic": false
      },
      "geometry": {
        "type": "Point",
        "coordinates": [
          30.38329292030364,
          59.99577383179675
        ]
      }
    },
    {
      "type": "Feature",
      "properties": {
        "monotonic_time": 399439.51136660576,
        "horizontal_accuracy": 3.7938648466561826,
        "speed": 0.06381530191199511,
        "course": 292.72301169191496,
        "synthetic": false
      },
      "geometry": {
        "type": "Point",
        "coordinates": [
          30.383294387026524,
          59.99577590019744
        ]
      }
    },
    {
      "type": "Feature",
      "properties": {
        "monotonic_time": 399440.5113823414,
        "horizontal_accuracy": 3.9085709547143677,
        "speed": 0.048850340074347104,
        "course": 292.7230118215849,
        "synthetic": false
      },
      "geometry": {
        "type": "Point",
        "coordinates": [
          30.38329448001209,
          59.99577682925694
        ]
      }
    },
    {
      "type": "Feature",
      "properties": {
        "monotonic_time": 399441.5113989115,
        "horizontal_accuracy": 3.9397408929158284,
        "speed": 0.18492762393511417,
        "course": 292.72300134877355,
        "synthetic": false
      },
      "geometry": {
        "type": "Point",
        "coordinates": [
          30.383282516241366,
          59.99577716678917
        ]
      }
    },
    {
      "type": "Feature",
      "properties": {
        "monotonic_time": 399442.5114142895,
        "horizontal_accuracy": 3.928039655743613,
        "speed": 0.06222582420319327,
        "course": 292.72300604561553,
        "synthetic": false
      },
      "geometry": {
        "type": "Point",
        "coordinates": [
          30.383287388098555,
          59.99578536965532
        ]
      }
    },
    {
      "type": "Feature",
      "properties": {
        "monotonic_time": 399443.5114301443,
        "horizontal_accuracy": 3.9321082553540685,
        "speed": 0.13135947730060005,
        "course": 292.72299993204547,
        "synthetic": false
      },
      "geometry": {
        "type": "Point",
        "coordinates": [
          30.383280079197274,
          59.99579106638655
        ]
      }
    },
    {
      "type": "Feature",
      "properties": {
        "monotonic_time": 399444.5114469528,
        "horizontal_accuracy": 3.887934690704963,
        "speed": 0.1187221446980987,
        "course": 292.7229998957996,
        "synthetic": false
      },
      "geometry": {
        "type": "Point",
        "coordinates": [
          30.38327995422926,
          59.99579248171348
        ]
      }
    },
    {
      "type": "Feature",
      "properties": {
        "monotonic_time": 399445.51146268845,
        "horizontal_accuracy": 3.81626781057261,
        "speed": 0.08695405235555838,
        "course": 292.72300030916017,
        "synthetic": false
      },
      "geometry": {
        "type": "Point",
        "coordinates": [
          30.38328037450531,
          59.995793347268645
        ]
      }
    },
    {
      "type": "Feature",
      "properties": {
        "monotonic_time": 399446.5114790201,
        "horizontal_accuracy": 3.91389464451663,
        "speed": 0.11540836269731296,
        "course": 292.72300115674796,
        "synthetic": false
      },
      "geometry": {
        "type": "Point",
        "coordinates": [
          30.383281345450236,
          59.9957932744163
        ]
      }
    },
    {
      "type": "Feature",
      "properties": {
        "monotonic_time": 399447.51149499416,
        "horizontal_accuracy": 3.9614023493028885,
        "speed": 0.03407299393056032,
        "course": 292.72299906080514,
        "synthetic": false
      },
      "geometry": {
        "type": "Point",
        "coordinates": [
          30.383278907278882,
          59.99579408389951
        ]
      }
    },
    {
      "type": "Feature",
      "properties": {
        "monotonic_time": 399448.511510849,
        "horizontal_accuracy": 3.9598665445478116,
        "speed": 0.04082285226894011,
        "course": 292.7229978760106,
        "synthetic": false
      },
      "geometry": {
        "type": "Point",
        "coordinates": [
          30.383277476950045,
          59.99579542284838
        ]
      }
    },
    {
      "type": "Feature",
      "properties": {
        "monotonic_time": 399449.51152694225,
        "horizontal_accuracy": 3.946769936525932,
        "speed": 0.09356342957307956,
        "course": 292.7229927101655,
        "synthetic": false
      },
      "geometry": {
        "type": "Point",
        "coordinates": [
          30.383271449654753,
          59.995797721982264
        ]
      }
    },
    {
      "type": "Feature",
      "properties": {
        "monotonic_time": 399450.5115427971,
        "horizontal_accuracy": 3.929249024254202,
        "speed": 0.06600222529210771,
        "course": 292.7229949793168,
        "synthetic": false
      },
      "geometry": {
        "type": "Point",
        "coordinates": [
          30.383273849583777,
          59.99580090271363
        ]
      }
    },
    {
      "type": "Feature",
      "properties": {
        "monotonic_time": 399451.511559844,
        "horizontal_accuracy": 3.90616071611291,
        "speed": 0.07845042991439287,
        "course": 292.7229950953628,
        "synthetic": false
      },
      "geometry": {
        "type": "Point",
        "coordinates": [
          30.383273888826025,
          59.99580247835341
        ]
      }
    },
    {
      "type": "Feature",
      "properties": {
        "monotonic_time": 399452.51157569885,
        "horizontal_accuracy": 3.8816728586101963,
        "speed": 0.11800683387299828,
        "course": 292.72299373863393,
        "synthetic": false
      },
      "geometry": {
        "type": "Point",
        "coordinates": [
          30.383272280135202,
          59.99580351738175
        ]
      }
    },
    {
      "type": "Feature",
      "properties": {
        "monotonic_time": 399453.51159131527,
        "horizontal_accuracy": 3.881658351934149,
        "speed": 0.13255291036671832,
        "course": 292.72299592568413,
        "synthetic": false
      },
      "geometry": {
        "type": "Point",
        "coordinates": [
          30.38327465590129,
          59.99580552243605
        ]
      }
    },
    {
      "type": "Feature",
      "properties": {
        "monotonic_time": 399454.51160752773,
        "horizontal_accuracy": 3.787575433558042,
        "speed": 0.2881991149867354,
        "course": 292.72299338119035,
        "synthetic": false
      },
      "geometry": {
        "type": "Point",
        "coordinates": [
          30.38327172162359,
          59.99580607048753
        ]
      }
    },
    {
      "type": "Feature",
      "properties": {
        "monotonic_time": 399455.51162314415,
        "horizontal_accuracy": 3.737645597789838,
        "speed": 0.18209493926140505,
        "course": 292.7229945509364,
        "synthetic": false
      },
      "geometry": {
        "type": "Point",
        "coordinates": [
          30.383273062315332,
          59.99580595806369
        ]
      }
    },
    {
      "type": "Feature",
      "properties": {
        "monotonic_time": 399456.5116392374,
        "horizontal_accuracy": 3.690822218716489,
        "speed": 0.13732751758015474,
        "course": 292.72299405979237,
        "synthetic": false
      },
      "geometry": {
        "type": "Point",
        "coordinates": [
          30.38327253046848,
          59.995805479411175
        ]
      }
    },
    {
      "type": "Feature",
      "properties": {
        "monotonic_time": 399457.51165533066,
        "horizontal_accuracy": 3.7278917043015625,
        "speed": 0.16777832019782776,
        "course": 292.7229941521541,
        "synthetic": false
      },
      "geometry": {
        "type": "Point",
        "coordinates": [
          30.383272419082523,
          59.99580914708967
        ]
      }
    },
    {
      "type": "Feature",
      "properties": {
        "monotonic_time": 399458.5116713047,
        "horizontal_accuracy": 3.7345644683888533,
        "speed": 0.1562087287114267,
        "course": 292.722996244001,
        "synthetic": false
      },
      "geometry": {
        "type": "Point",
        "coordinates": [
          30.383274589250533,
          59.99581279410586
        ]
      }
    },
    {
      "type": "Feature",
      "properties": {
        "monotonic_time": 399459.51168847084,
        "horizontal_accuracy": 3.804621004729152,
        "speed": 0.12323659950778638,
        "course": 292.72300016565964,
        "synthetic": false
      },
      "geometry": {
        "type": "Point",
        "coordinates": [
          30.383278753052874,
          59.99581801827091
        ]
      }
    },
    {
      "type": "Feature",
      "properties": {
        "monotonic_time": 399460.51170396805,
        "horizontal_accuracy": 3.8500917017896596,
        "speed": 0.14987046491048064,
        "course": 292.72300000286486,
        "synthetic": false
      },
      "geometry": {
        "type": "Point",
        "coordinates": [
          30.383278221603103,
          59.99582387024063
        ]
      }
    },
    {
      "type": "Feature",
      "properties": {
        "monotonic_time": 399461.5117202997,
        "horizontal_accuracy": 3.9413800699544024,
        "speed": 0.17226793015135802,
        "course": 292.72299763613023,
        "synthetic": false
      },
      "geometry": {
        "type": "Point",
        "coordinates": [
          30.38327548233875,
          59.99582454884592
        ]
      }
    },
    {
      "type": "Feature",
      "properties": {
        "monotonic_time": 399462.511736393,
        "horizontal_accuracy": 3.9834335506019323,
        "speed": 0.156360973675997,
        "course": 292.7229983277435,
        "synthetic": false
      },
      "geometry": {
        "type": "Point",
        "coordinates": [
          30.383276183053646,
          59.99582603883421
        ]
      }
    },
    {
      "type": "Feature",
      "properties": {
        "monotonic_time": 399463.511752367,
        "horizontal_accuracy": 4.013795132852081,
        "speed": 0.11178428218894257,
        "course": 292.72300158653036,
        "synthetic": false
      },
      "geometry": {
        "type": "Point",
        "coordinates": [
          30.38327971585112,
          59.995829147998755
        ]
      }
    },
    {
      "type": "Feature",
      "properties": {
        "monotonic_time": 399464.51176810265,
        "horizontal_accuracy": 4.027172891932969,
        "speed": 0.10186947884317972,
        "course": 292.7230012224131,
        "synthetic": false
      },
      "geometry": {
        "type": "Point",
        "coordinates": [
          30.383279221164468,
          59.995830492159904
        ]
      }
    },
    {
      "type": "Feature",
      "properties": {
        "monotonic_time": 399465.5117845535,
        "horizontal_accuracy": 4.049215195919774,
        "speed": 0.1010807276597983,
        "course": 292.7230018938094,
        "synthetic": false
      },
      "geometry": {
        "type": "Point",
        "coordinates": [
          30.383279849015956,
          59.99583282505566
        ]
      }
    },
    {
      "type": "Feature",
      "properties": {
        "monotonic_time": 399466.51180016994,
        "horizontal_accuracy": 4.02052405146826,
        "speed": 0.09205770289391903,
        "course": 292.7230033697092,
        "synthetic": false
      },
      "geometry": {
        "type": "Point",
        "coordinates": [
          30.383281364945066,
          59.99583565595031
        ]
      }
    },
    {
      "type": "Feature",
      "properties": {
        "monotonic_time": 399467.5118165016,
        "horizontal_accuracy": 4.070660513568231,
        "speed": 0.07718360084425356,
        "course": 292.7230065469056,
        "synthetic": false
      },
      "geometry": {
        "type": "Point",
        "coordinates": [
          30.38328507883072,
          59.9958341257076
        ]
      }
    },
    {
      "type": "Feature",
      "properties": {
        "monotonic_time": 399468.5118327141,
        "horizontal_accuracy": 4.097992172859552,
        "speed": 0.08566918580227209,
        "course": 292.72300870265894,
        "synthetic": false
      },
      "geometry": {
        "type": "Point",
        "coordinates": [
          30.383287394230205,
          59.995836548322636
        ]
      }
    },
    {
      "type": "Feature",
      "properties": {
        "monotonic_time": 399469.5118482113,
        "horizontal_accuracy": 4.05496943786444,
        "speed": 0.09037218504025998,
        "course": 292.72300976969217,
        "synthetic": false
      },
      "geometry": {
        "type": "Point",
        "coordinates": [
          30.38328870925047,
          59.99583488792467
        ]
      }
    },
    {
      "type": "Feature",
      "properties": {
        "monotonic_time": 399470.5118649006,
        "horizontal_accuracy": 4.00533007853375,
        "speed": 0.04270050576133714,
        "course": 292.7230153996279,
        "synthetic": false
      },
      "geometry": {
        "type": "Point",
        "coordinates": [
          30.383295075422435,
          59.99583581099076
        ]
      }
    },
    {
      "type": "Feature",
      "properties": {
        "monotonic_time": 399471.5118807554,
        "horizontal_accuracy": 4.020046393187918,
        "speed": 0.02425486454984286,
        "course": 292.72301659391957,
        "synthetic": false
      },
      "geometry": {
        "type": "Point",
        "coordinates": [
          30.383296389427258,
          59.9958366239423
        ]
      }
    },
    {
      "type": "Feature",
      "properties": {
        "monotonic_time": 399472.5118969679,
        "horizontal_accuracy": 4.051793681097866,
        "speed": 0.05350122850996191,
        "course": 292.72301743242394,
        "synthetic": false
      },
      "geometry": {
        "type": "Point",
        "coordinates": [
          30.383297063626777,
          59.99584139774798
        ]
      }
    },
    {
      "type": "Feature",
      "properties": {
        "monotonic_time": 399473.5119125843,
        "horizontal_accuracy": 4.116187650067178,
        "speed": 0.03648089934534468,
        "course": 292.72301733788703,
        "synthetic": false
      },
      "geometry": {
        "type": "Point",
        "coordinates": [
          30.383296959119384,
          59.99584134176265
        ]
      }
    },
    {
      "type": "Feature",
      "properties": {
        "monotonic_time": 399474.51192867756,
        "horizontal_accuracy": 4.192135889344152,
        "speed": 0.05487437917829311,
        "course": 292.72301841873053,
        "synthetic": false
      },
      "geometry": {
        "type": "Point",
        "coordinates": [
          30.383298108385898,
          59.995842753048514
        ]
      }
    },
    {
      "type": "Feature",
      "properties": {
        "monotonic_time": 399475.5119475126,
        "horizontal_accuracy": 4.245043077500448,
        "speed": 0.05480691795206563,
        "course": 292.7230190345925,
        "synthetic": false
      },
      "geometry": {
        "type": "Point",
        "coordinates": [
          30.383298777668877,
          59.99584331292609
        ]
      }
    },
    {
      "type": "Feature",
      "properties": {
        "monotonic_time": 399476.5119611025,
        "horizontal_accuracy": 4.3599237200510625,
        "speed": 0.04085751191553058,
        "course": 292.72301913857945,
        "synthetic": false
      },
      "geometry": {
        "type": "Point",
        "coordinates": [
          30.383298999622884,
          59.99584156369168
        ]
      }
    },
    {
      "type": "Feature",
      "properties": {
        "monotonic_time": 399477.51197719574,
        "horizontal_accuracy": 4.422246297787222,
        "speed": 0.047957291913007634,
        "course": 292.72302256753585,
        "synthetic": false
      },
      "geometry": {
        "type": "Point",
        "coordinates": [
          30.38330283477065,
          59.995842840383006
        ]
      }
    },
    {
      "type": "Feature",
      "properties": {
        "monotonic_time": 399478.5119931698,
        "horizontal_accuracy": 4.4222462978633095,
        "speed": 0.04249718013724082,
        "course": 292.7230218544606,
        "synthetic": false
      },
      "geometry": {
        "type": "Point",
        "coordinates": [
          30.38330195691407,
          59.99584393403273
        ]
      }
    },
    {
      "type": "Feature",
      "properties": {
        "monotonic_time": 399479.50838017464,
        "horizontal_accuracy": 4.445749168142606,
        "speed": 0.15029707087621916,
        "course": 292.7230172374074,
        "synthetic": false
      },
      "geometry": {
        "type": "Point",
        "coordinates": [
          30.38329682844809,
          59.995841613864165
        ]
      }
    },
    {
      "type": "Feature",
      "properties": {
        "monotonic_time": 399480.50867819786,
        "horizontal_accuracy": 4.41101356704441,
        "speed": 0.19052231925935292,
        "course": 292.723013645811,
        "synthetic": false
      },
      "geometry": {
        "type": "Point",
        "coordinates": [
          30.38329267175336,
          59.995842639832624
        ]
      }
    },
    {
      "type": "Feature",
      "properties": {
        "monotonic_time": 399481.50869464874,
        "horizontal_accuracy": 4.369061750922829,
        "speed": 0.31426229132729366,
        "course": 292.72300865242204,
        "synthetic": false
      },
      "geometry": {
        "type": "Point",
        "coordinates": [
          30.38328673116186,
          59.99584680019416
        ]
      }
    },
    {
      "type": "Feature",
      "properties": {
        "monotonic_time": 399482.5084192753,
        "horizontal_accuracy": 4.379155989974008,
        "speed": 1.243204841204107,
        "course": 292.72298603224385,
        "synthetic": false
      },
      "geometry": {
        "type": "Point",
        "coordinates": [
          30.38326060283632,
          59.99585240061881
        ]
      }
    },
    {
      "type": "Feature",
      "properties": {
        "monotonic_time": 399483.5088481903,
        "horizontal_accuracy": 4.319226934962022,
        "speed": 2.249653602549016,
        "course": 288.3086472466378,
        "synthetic": false
      },
      "geometry": {
        "type": "Point",
        "coordinates": [
          30.38321528562284,
          59.99586124073164
        ]
      }
    },
    {
      "type": "Feature",
      "properties": {
        "monotonic_time": 399484.5088644028,
        "horizontal_accuracy": 4.349707132507445,
        "speed": 0,
        "course": 292.4780696431975,
        "synthetic": false
      },
      "geometry": {
        "type": "Point",
        "coordinates": [
          30.38319554733705,
          59.99586834119614
        ]
      }
    },
    {
      "type": "Feature",
      "properties": {
        "monotonic_time": 399485.50904488564,
        "horizontal_accuracy": 4.337495870066957,
        "speed": 2.4241478592214127,
        "course": 286.93182837016695,
        "synthetic": false
      },
      "geometry": {
        "type": "Point",
        "coordinates": [
          30.38311726083758,
          59.99587842172567
        ]
      }
    },
    {
      "type": "Feature",
      "properties": {
        "monotonic_time": 399486.50878691673,
        "horizontal_accuracy": 4.327116419324811,
        "speed": 2.480658797014361,
        "course": 287.98925965480896,
        "synthetic": false
      },
      "geometry": {
        "type": "Point",
        "coordinates": [
          30.383070887541997,
          59.99588787794794
        ]
      }
    },
    {
      "type": "Feature",
      "properties": {
        "monotonic_time": 399487.50880241394,
        "horizontal_accuracy": 4.251655143145543,
        "speed": 2.6298136190596435,
        "course": 287.18089685249555,
        "synthetic": false
      },
      "geometry": {
        "type": "Point",
        "coordinates": [
          30.383022480083923,
          59.9958968821023
        ]
      }
    },
    {
      "type": "Feature",
      "properties": {
        "monotonic_time": 399488.5087643862,
        "horizontal_accuracy": 4.196488969527517,
        "speed": 3.2859802284889628,
        "course": 288.5901316239091,
        "synthetic": false
      },
      "geometry": {
        "type": "Point",
        "coordinates": [
          30.382955283713343,
          59.995909954304366
        ]
      }
    },
    {
      "type": "Feature",
      "properties": {
        "monotonic_time": 399489.5087091923,
        "horizontal_accuracy": 4.086664517565039,
        "speed": 3.2515650933741633,
        "course": 285.5011662377793,
        "synthetic": false
      },
      "geometry": {
        "type": "Point",
        "coordinates": [
          30.382887973610792,
          59.9959129796799
        ]
      }
    },
    {
      "type": "Feature",
      "properties": {
        "monotonic_time": 399490.5087250471,
        "horizontal_accuracy": 4.032270069750142,
        "speed": 4.076136832921729,
        "course": 285.17892237872974,
        "synthetic": false
      },
      "geometry": {
        "type": "Point",
        "coordinates": [
          30.382791364606142,
          59.99592705081838
        ]
      }
    },
    {
      "type": "Feature",
      "properties": {
        "monotonic_time": 399491.508151412,
        "horizontal_accuracy": 3.9355572971594333,
        "speed": 4.23500218288046,
        "course": 284.08290729101185,
        "synthetic": false
      },
      "geometry": {
        "type": "Point",
        "coordinates": [
          30.382708128407494,
          59.99593500220754
        ]
      }
    },
    {
      "type": "Feature",
      "properties": {
        "monotonic_time": 399492.50890886784,
        "horizontal_accuracy": 3.95025552845077,
        "speed": 4.2261153364688715,
        "course": 283.73899483400635,
        "synthetic": false
      },
      "geometry": {
        "type": "Point",
        "coordinates": [
          30.38263586152603,
          59.99594479553535
        ]
      }
    },
    {
      "type": "Feature",
      "properties": {
        "monotonic_time": 399493.5089241266,
        "horizontal_accuracy": 3.9732115558868344,
        "speed": 5.075849113688735,
        "course": 284.5582887631074,
        "synthetic": false
      },
      "geometry": {
        "type": "Point",
        "coordinates": [
          30.38253695571098,
          59.99595724919937
        ]
      }
    },
    {
      "type": "Feature",
      "properties": {
        "monotonic_time": 399494.5089408159,
        "horizontal_accuracy": 4.003194032960894,
        "speed": 6.72795416333046,
        "course": 284.729948759316,
        "synthetic": false
      },
      "geometry": {
        "type": "Point",
        "coordinates": [
          30.3823942918302,
          59.99597638534111
        ]
      }
    },
    {
      "type": "Feature",
      "properties": {
        "monotonic_time": 399495.50895655155,
        "horizontal_accuracy": 3.8285864498135553,
        "speed": 8.260221848049117,
        "course": 283.1449387289191,
        "synthetic": false
      },
      "geometry": {
        "type": "Point",
        "coordinates": [
          30.382224776682634,
          59.99598999408417
        ]
      }
    },
    {
      "type": "Feature",
      "properties": {
        "monotonic_time": 399496.5089722872,
        "horizontal_accuracy": 4.018410497293342,
        "speed": 10.11988857212137,
        "course": 284.2363162593908,
        "synthetic": false
      },
      "geometry": {
        "type": "Point",
        "coordinates": [
          30.382009927689587,
          59.99601775830052
        ]
      }
    },
    {
      "type": "Feature",
      "properties": {
        "monotonic_time": 399497.50898849964,
        "horizontal_accuracy": 3.999392628301567,
        "speed": 11.96635356077432,
        "course": 285.3841906694885,
        "synthetic": false
      },
      "geometry": {
        "type": "Point",
        "coordinates": [
          30.381776990187443,
          59.996049026333566
        ]
      }
    },
    {
      "type": "Feature",
      "properties": {
        "monotonic_time": 399498.5090047121,
        "horizontal_accuracy": 4.032994883377928,
        "speed": 12.815140136119584,
        "course": 285.9744569728223,
        "synthetic": false
      },
      "geometry": {
        "type": "Point",
        "coordinates": [
          30.381545735257706,
          59.996082923587586
        ]
      }
    },
    {
      "type": "Feature",
      "properties": {
        "monotonic_time": 399499.50902092457,
        "horizontal_accuracy": 3.647838128498426,
        "speed": 12.977494969405099,
        "course": 285.33859316101956,
        "synthetic": false
      },
      "geometry": {
        "type": "Point",
        "coordinates": [
          30.381323061087638,
          59.99611066304972
        ]
      }
    },
    {
      "type": "Feature",
      "properties": {
        "monotonic_time": 399500.50903725624,
        "horizontal_accuracy": 3.810704668030225,
        "speed": 13.589575377504147,
        "course": 284.64027484055697,
        "synthetic": false
      },
      "geometry": {
        "type": "Point",
        "coordinates": [
          30.38108423878462,
          59.99614009556543
        ]
      }
    },
    {
      "type": "Feature",
      "properties": {
        "monotonic_time": 399501.50905287266,
        "horizontal_accuracy": 3.9749029362606563,
        "speed": 13.757223338454521,
        "course": 284.2867316612413,
        "synthetic": false
      },
      "geometry": {
        "type": "Point",
        "coordinates": [
          30.38085594012204,
          59.996166582157265
        ]
      }
    },
    {
      "type": "Feature",
      "properties": {
        "monotonic_time": 399502.5090689659,
        "horizontal_accuracy": 4.148339881947846,
        "speed": 14.099608272118362,
        "course": 284.96874816081856,
        "synthetic": false
      },
      "geometry": {
        "type": "Point",
        "coordinates": [
          30.380620332281893,
          59.99619837732406
        ]
      }
    },
    {
      "type": "Feature",
      "properties": {
        "monotonic_time": 399503.50908589363,
        "horizontal_accuracy": 4.258585850145086,
        "speed": 14.585256418481361,
        "course": 284.1955793321099,
        "synthetic": false
      },
      "geometry": {
        "type": "Point",
        "coordinates": [
          30.38036532948736,
          59.996226421654015
        ]
      }
    },
    {
      "type": "Feature",
      "properties": {
        "monotonic_time": 399504.50910174847,
        "horizontal_accuracy": 4.453778306644909,
        "speed": 15.271410868616451,
        "course": 284.462783005265,
        "synthetic": false
      },
      "geometry": {
        "type": "Point",
        "coordinates": [
          30.38009902109269,
          59.99626169436376
        ]
      }
    },
    {
      "type": "Feature",
      "properties": {
        "monotonic_time": 399505.50911700726,
        "horizontal_accuracy": 4.489703511163402,
        "speed": 15.653051874215373,
        "course": 284.9574812333291,
        "synthetic": false
      },
      "geometry": {
        "type": "Point",
        "coordinates": [
          30.379832274064476,
          59.99629936145816
        ]
      }
    },
    {
      "type": "Feature",
      "properties": {
        "monotonic_time": 399506.5091329813,
        "horizontal_accuracy": 4.479811876804764,
        "speed": 15.811822254392622,
        "course": 284.8966832635831,
        "synthetic": false
      },
      "geometry": {
        "type": "Point",
        "coordinates": [
          30.379567152060716,
          59.99633572430915
        ]
      }
    },
    {
      "type": "Feature",
      "properties": {
        "monotonic_time": 399507.5091494322,
        "horizontal_accuracy": 4.503412125296117,
        "speed": 16.19371552653759,
        "course": 284.64076257756994,
        "synthetic": false
      },
      "geometry": {
        "type": "Point",
        "coordinates": [
          30.37928365189682,
          59.99637036757471
        ]
      }
    },
    {
      "type": "Feature",
      "properties": {
        "monotonic_time": 399508.5091650486,
        "horizontal_accuracy": 4.389996235160609,
        "speed": 16.49751422642687,
        "course": 285.32910059110077,
        "synthetic": false
      },
      "geometry": {
        "type": "Point",
        "coordinates": [
          30.37899904862806,
          59.996409175975444
        ]
      }
    },
    {
      "type": "Feature",
      "properties": {
        "monotonic_time": 399509.5091819763,
        "horizontal_accuracy": 4.498229614749569,
        "speed": 16.98600133850861,
        "course": 286.0157287877037,
        "synthetic": false
      },
      "geometry": {
        "type": "Point",
        "coordinates": [
          30.37870075627328,
          59.99645254404246
        ]
      }
    },
    {
      "type": "Feature",
      "properties": {
        "monotonic_time": 399510.50919783115,
        "horizontal_accuracy": 4.543556554514812,
        "speed": 17.689409437351387,
        "course": 286.0923909814251,
        "synthetic": false
      },
      "geometry": {
        "type": "Point",
        "coordinates": [
          30.378382519138814,
          59.996499387304105
        ]
      }
    },
    {
      "type": "Feature",
      "properties": {
        "monotonic_time": 399511.509213686,
        "horizontal_accuracy": 4.720580805752861,
        "speed": 18.165594662109918,
        "course": 286.5179088388789,
        "synthetic": false
      },
      "geometry": {
        "type": "Point",
        "coordinates": [
          30.3780651703532,
          59.996546821090995
        ]
      }
    },
    {
      "type": "Feature",
      "properties": {
        "monotonic_time": 399512.5092303753,
        "horizontal_accuracy": 4.806183403002352,
        "speed": 18.64507858154026,
        "course": 286.3130787054429,
        "synthetic": false
      },
      "geometry": {
        "type": "Point",
        "coordinates": [
          30.377736858951337,
          59.99659284749089
        ]
      }
    },
    {
      "type": "Feature",
      "properties": {
        "monotonic_time": 399513.5092456341,
        "horizontal_accuracy": 4.954862763530101,
        "speed": 19.074932982125258,
        "course": 286.15209397623636,
        "synthetic": false
      },
      "geometry": {
        "type": "Point",
        "coordinates": [
          30.37740630508653,
          59.99663869653692
        ]
      }
    },
    {
      "type": "Feature",
      "properties": {
        "monotonic_time": 399514.5092623234,
        "horizontal_accuracy": 4.6683570328971635,
        "speed": 19.522047704562695,
        "course": 286.07599120067795,
        "synthetic": false
      },
      "geometry": {
        "type": "Point",
        "coordinates": [
          30.37706461629845,
          59.99668569530202
        ]
      }
    },
    {
      "type": "Feature",
      "properties": {
        "monotonic_time": 399515.5092779398,
        "horizontal_accuracy": 4.583616968722441,
        "speed": 19.74222138746922,
        "course": 286.36644680701386,
        "synthetic": false
      },
      "geometry": {
        "type": "Point",
        "coordinates": [
          30.376723198119805,
          59.99673435856015
        ]
      }
    },
    {
      "type": "Feature",
      "properties": {
        "monotonic_time": 399516.50929391384,
        "horizontal_accuracy": 4.5482069216262655,
        "speed": 19.79616973266659,
        "course": 286.24262795427956,
        "synthetic": false
      },
      "geometry": {
        "type": "Point",
        "coordinates": [
          30.376379366729285,
          59.996782192468956
        ]
      }
    },
    {
      "type": "Feature",
      "properties": {
        "monotonic_time": 399517.5093103647,
        "horizontal_accuracy": 4.450755464060998,
        "speed": 20.021664892282313,
        "course": 285.8683476091951,
        "synthetic": false
      },
      "geometry": {
        "type": "Point",
        "coordinates": [
          30.376029169186964,
          59.99682934501357
        ]
      }
    },
    {
      "type": "Feature",
      "properties": {
        "monotonic_time": 399518.50932598114,
        "horizontal_accuracy": 4.260856737177141,
        "speed": 20.262325521361117,
        "course": 285.5648818366752,
        "synthetic": false
      },
      "geometry": {
        "type": "Point",
        "coordinates": [
          30.375678141161785,
          59.996878237534844
        ]
      }
    },
    {
      "type": "Feature",
      "properties": {
        "monotonic_time": 399519.50934290886,
        "horizontal_accuracy": 4.199530160232257,
        "speed": 20.107868219078828,
        "course": 285.387306506493,
        "synthetic": false
      },
      "geometry": {
        "type": "Point",
        "coordinates": [
          30.375323471004588,
          59.99692522712876
        ]
      }
    },
    {
      "type": "Feature",
      "properties": {
        "monotonic_time": 399520.5093590021,
        "horizontal_accuracy": 4.409389615765195,
        "speed": 19.228885953084227,
        "course": 285.7329668529926,
        "synthetic": false
      },
      "geometry": {
        "type": "Point",
        "coordinates": [
          30.374990208944183,
          59.99697338693564
        ]
      }
    },
    {
      "type": "Feature",
      "properties": {
        "monotonic_time": 399521.50937461853,
        "horizontal_accuracy": 4.162765078803143,
        "speed": 18.854322915154473,
        "course": 285.1689946878616,
        "synthetic": false
      },
      "geometry": {
        "type": "Point",
        "coordinates": [
          30.374663699630855,
          59.9970130427357
        ]
      }
    },
    {
      "type": "Feature",
      "properties": {
        "monotonic_time": 399522.5093909502,
        "horizontal_accuracy": 4.064185337406658,
        "speed": 18.355571595519514,
        "course": 285.3726231723762,
        "synthetic": false
      },
      "geometry": {
        "type": "Point",
        "coordinates": [
          30.37435117049669,
          59.997055788936734
        ]
      }
    },
    {
      "type": "Feature",
      "properties": {
        "monotonic_time": 399523.50940668583,
        "horizontal_accuracy": 3.9715054326090495,
        "speed": 17.832457274805034,
        "course": 285.23681927330614,
        "synthetic": false
      },
      "geometry": {
        "type": "Point",
        "coordinates": [
          30.37404183601435,
          59.99709618210306
        ]
      }
    },
    {
      "type": "Feature",
      "properties": {
        "monotonic_time": 399524.5094227791,
        "horizontal_accuracy": 3.9010016575232798,
        "speed": 17.28597430627595,
        "course": 285.71043724756964,
        "synthetic": false
      },
      "geometry": {
        "type": "Point",
        "coordinates": [
          30.37373986505816,
          59.997137960618666
        ]
      }
    },
    {
      "type": "Feature",
      "properties": {
        "monotonic_time": 399525.5094393492,
        "horizontal_accuracy": 3.8848401833813972,
        "speed": 16.86773856164418,
        "course": 285.5673803719925,
        "synthetic": false
      },
      "geometry": {
        "type": "Point",
        "coordinates": [
          30.37345004855949,
          59.99717850188374
        ]
      }
    },
    {
      "type": "Feature",
      "properties": {
        "monotonic_time": 399526.50945460796,
        "horizontal_accuracy": 3.9997631795182973,
        "speed": 16.684930994775854,
        "course": 285.5761794062163,
        "synthetic": false
      },
      "geometry": {
        "type": "Point",
        "coordinates": [
          30.373161678173897,
          59.99721688211889
        ]
      }
    },
    {
      "type": "Feature",
      "properties": {
        "monotonic_time": 399527.50947129726,
        "horizontal_accuracy": 4.341779234321477,
        "speed": 17.126623070646296,
        "course": 285.50215729870825,
        "synthetic": false
      },
      "geometry": {
        "type": "Point",
        "coordinates": [
          30.372865549081915,
          59.997255512400976
        ]
      }
    },
    {
      "type": "Feature",
      "properties": {
        "monotonic_time": 399528.50948667526,
        "horizontal_accuracy": 3.9940066974638775,
        "speed": 17.634920857797937,
        "course": 286.036362278292,
        "synthetic": false
      },
      "geometry": {
        "type": "Point",
        "coordinates": [
          30.37256328667218,
          59.99730203370929
        ]
      }
    },
    {
      "type": "Feature",
      "properties": {
        "monotonic_time": 399529.5095026493,
        "horizontal_accuracy": 4.018785323853821,
        "speed": 17.639361933364313,
        "course": 285.4936379705821,
        "synthetic": false
      },
      "geometry": {
        "type": "Point",
        "coordinates": [
          30.372252633016707,
          59.99733724096981
        ]
      }
    },
    {
      "type": "Feature",
      "properties": {
        "monotonic_time": 399530.5095191002,
        "horizontal_accuracy": 3.9566967321593847,
        "speed": 16.814607692912404,
        "course": 285.66435476820095,
        "synthetic": false
      },
      "geometry": {
        "type": "Point",
        "coordinates": [
          30.371962460519196,
          59.997377561382706
        ]
      }
    },
    {
      "type": "Feature",
      "properties": {
        "monotonic_time": 399531.50953519344,
        "horizontal_accuracy": 3.949010800444782,
        "speed": 16.051954809904398,
        "course": 285.5744720056023,
        "synthetic": false
      },
      "geometry": {
        "type": "Point",
        "coordinates": [
          30.371675881516392,
          59.9974136422371
        ]
      }
    },
    {
      "type": "Feature",
      "properties": {
        "monotonic_time": 399532.5095511675,
        "horizontal_accuracy": 3.917343748882493,
        "speed": 14.53937233282603,
        "course": 285.0446451946503,
        "synthetic": false
      },
      "geometry": {
        "type": "Point",
        "coordinates": [
          30.371422107498187,
          59.997447137774415
        ]
      }
    },
    {
      "type": "Feature",
      "properties": {
        "monotonic_time": 399533.50956737995,
        "horizontal_accuracy": 3.8148089007521375,
        "speed": 14.271760103000148,
        "course": 284.6964852812137,
        "synthetic": false
      },
      "geometry": {
        "type": "Point",
        "coordinates": [
          30.37116209751866,
          59.997482610089115
        ]
      }
    },
    {
      "type": "Feature",
      "properties": {
        "monotonic_time": 399534.50958383083,
        "horizontal_accuracy": 3.6357576765064463,
        "speed": 14.013766169208962,
        "course": 285.3999758892932,
        "synthetic": false
      },
      "geometry": {
        "type": "Point",
        "coordinates": [
          30.370919604411252,
          59.9975192004805
        ]
      }
    },
    {
      "type": "Feature",
      "properties": {
        "monotonic_time": 399535.50959956646,
        "horizontal_accuracy": 3.529740827883383,
        "speed": 13.514086672401815,
        "course": 285.82343327133117,
        "synthetic": false
      },
      "geometry": {
        "type": "Point",
        "coordinates": [
          30.370687722208242,
          59.99755306299839
        ]
      }
    },
    {
      "type": "Feature",
      "properties": {
        "monotonic_time": 399536.5096155405,
        "horizontal_accuracy": 3.550061573606511,
        "speed": 13.219839077591836,
        "course": 286.18622673989626,
        "synthetic": false
      },
      "geometry": {
        "type": "Point",
        "coordinates": [
          30.370462261372847,
          59.99758773765375
        ]
      }
    },
    {
      "type": "Feature",
      "properties": {
        "monotonic_time": 399537.50963163376,
        "horizontal_accuracy": 3.4974662652465898,
        "speed": 13.300202315615419,
        "course": 286.8095772862466,
        "synthetic": false
      },
      "geometry": {
        "type": "Point",
        "coordinates": [
          30.370234908561763,
          59.99762302705666
        ]
      }
    },
    {
      "type": "Feature",
      "properties": {
        "monotonic_time": 399538.50964808464,
        "horizontal_accuracy": 3.4044594873900587,
        "speed": 13.308399401360578,
        "course": 285.353634793476,
        "synthetic": false
      },
      "geometry": {
        "type": "Point",
        "coordinates": [
          30.37000925963353,
          59.99765340419961
        ]
      }
    },
    {
      "type": "Feature",
      "properties": {
        "monotonic_time": 399539.50966370106,
        "horizontal_accuracy": 3.437259739721975,
        "speed": 12.952509098854785,
        "course": 285.00041516198803,
        "synthetic": false
      },
      "geometry": {
        "type": "Point",
        "coordinates": [
          30.3697836474992,
          59.99768372342339
        ]
      }
    },
    {
      "type": "Feature",
      "properties": {
        "monotonic_time": 399540.50968015194,
        "horizontal_accuracy": 3.425371886420001,
        "speed": 12.528363827500355,
        "course": 284.10713707795423,
        "synthetic": false
      },
      "geometry": {
        "type": "Point",
        "coordinates": [
          30.369563507453226,
          59.99771135886964
        ]
      }
    },
    {
      "type": "Feature",
      "properties": {
        "monotonic_time": 399541.5096962452,
        "horizontal_accuracy": 3.404004266039666,
        "speed": 12.215878332831204,
        "course": 284.1080660993182,
        "synthetic": false
      },
      "geometry": {
        "type": "Point",
        "coordinates": [
          30.369354710066723,
          59.99774026813154
        ]
      }
    },
    {
      "type": "Feature",
      "properties": {
        "monotonic_time": 399542.50971245766,
        "horizontal_accuracy": 3.4525491729603885,
        "speed": 12.063264440010158,
        "course": 283.169588910259,
        "synthetic": false
      },
      "geometry": {
        "type": "Point",
        "coordinates": [
          30.369142138117628,
          59.99776680426094
        ]
      }
    },
    {
      "type": "Feature",
      "properties": {
        "monotonic_time": 399543.5097281933,
        "horizontal_accuracy": 3.5707165874987474,
        "speed": 11.997475661891595,
        "course": 283.14970185796074,
        "synthetic": false
      },
      "geometry": {
        "type": "Point",
        "coordinates": [
          30.368932101053527,
          59.99779171923219
        ]
      }
    },
    {
      "type": "Feature",
      "properties": {
        "monotonic_time": 399544.5097447634,
        "horizontal_accuracy": 3.6198675892509953,
        "speed": 12.009880112161323,
        "course": 284.1605195796976,
        "synthetic": false
      },
      "geometry": {
        "type": "Point",
        "coordinates": [
          30.368727746314065,
          59.99781805711677
        ]
      }
    },
    {
      "type": "Feature",
      "properties": {
        "monotonic_time": 399545.5097601414,
        "horizontal_accuracy": 3.6745985288087057,
        "speed": 11.374712000664267,
        "course": 284.7148662370447,
        "synthetic": false
      },
      "geometry": {
        "type": "Point",
        "coordinates": [
          30.36854177043401,
          59.99784330297794
        ]
      }
    },
    {
      "type": "Feature",
      "properties": {
        "monotonic_time": 399546.5097769499,
        "horizontal_accuracy": 3.733929646163771,
        "speed": 10.576921755146952,
        "course": 285.17420739000585,
        "synthetic": false
      },
      "geometry": {
        "type": "Point",
        "coordinates": [
          30.368370411516768,
          59.99786746622853
        ]
      }
    },
    {
      "type": "Feature",
      "properties": {
        "monotonic_time": 399547.50979208946,
        "horizontal_accuracy": 3.825353469038352,
        "speed": 10.063995094343582,
        "course": 285.37643731642976,
        "synthetic": false
      },
      "geometry": {
        "type": "Point",
        "coordinates": [
          30.368194487207745,
          59.99789227327446
        ]
      }
    },
    {
      "type": "Feature",
      "properties": {
        "monotonic_time": 399548.50980854034,
        "horizontal_accuracy": 3.77546877227193,
        "speed": 9.45712986409969,
        "course": 285.715255396429,
        "synthetic": false
      },
      "geometry": {
        "type": "Point",
        "coordinates": [
          30.36802794813018,
          59.99791326431773
        ]
      }
    },
    {
      "type": "Feature",
      "properties": {
        "monotonic_time": 399549.5098243952,
        "horizontal_accuracy": 3.803095176393155,
        "speed": 9.173443732970009,
        "course": 286.41978151938486,
        "synthetic": false
      },
      "geometry": {
        "type": "Point",
        "coordinates": [
          30.36786347504107,
          59.99793670307521
        ]
      }
    },
    {
      "type": "Feature",
      "properties": {
        "monotonic_time": 399550.50984072685,
        "horizontal_accuracy": 3.77527558077129,
        "speed": 8.41896687900212,
        "course": 286.7637325970561,
        "synthetic": false
      },
      "geometry": {
        "type": "Point",
        "coordinates": [
          30.367722863024436,
          59.99795461161151
        ]
      }
    },
    {
      "type": "Feature",
      "properties": {
        "monotonic_time": 399551.5098567009,
        "horizontal_accuracy": 3.819582529040638,
        "speed": 7.692560174511158,
        "course": 287.49650275218585,
        "synthetic": false
      },
      "geometry": {
        "type": "Point",
        "coordinates": [
          30.367592896687153,
          59.99797633947422
        ]
      }
    },
    {
      "type": "Feature",
      "properties": {
        "monotonic_time": 399552.50987255573,
        "horizontal_accuracy": 3.8419146225993286,
        "speed": 6.957826921801422,
        "course": 287.8139959434055,
        "synthetic": false
      },
      "geometry": {
        "type": "Point",
        "coordinates": [
          30.367477643756427,
          59.99799629804009
        ]
      }
    },
    {
      "type": "Feature",
      "properties": {
        "monotonic_time": 399553.5098888874,
        "horizontal_accuracy": 3.843007248855137,
        "speed": 5.914782479507562,
        "course": 287.488659586277,
        "synthetic": false
      },
      "geometry": {
        "type": "Point",
        "coordinates": [
          30.36738169548396,
          59.99801149225523
        ]
      }
    },
    {
      "type": "Feature",
      "properties": {
        "monotonic_time": 399554.50990509987,
        "horizontal_accuracy": 3.7676728040334644,
        "speed": 4.983968189908296,
        "course": 287.03407601979677,
        "synthetic": false
      },
      "geometry": {
        "type": "Point",
        "coordinates": [
          30.36729235467453,
          59.99802494631579
        ]
      }
    },
    {
      "type": "Feature",
      "properties": {
        "monotonic_time": 399555.5099208355,
        "horizontal_accuracy": 3.576582841907492,
        "speed": 3.852566111098931,
        "course": 285.45907946207126,
        "synthetic": false
      },
      "geometry": {
        "type": "Point",
        "coordinates": [
          30.36722551880866,
          59.99803107901209
        ]
      }
    },
    {
      "type": "Feature",
      "properties": {
        "monotonic_time": 399556.5099375248,
        "horizontal_accuracy": 3.531510302523859,
        "speed": 2.2610748735215367,
        "course": 284.37670188697774,
        "synthetic": false
      },
      "geometry": {
        "type": "Point",
        "coordinates": [
          30.367194267364543,
          59.99803670060381
        ]
      }
    },
    {
      "type": "Feature",
      "properties": {
        "monotonic_time": 399557.50995337963,
        "horizontal_accuracy": 3.564954516465857,
        "speed": 0.6417417901434865,
        "course": 285.9533964597276,
        "synthetic": false
      },
      "geometry": {
        "type": "Point",
        "coordinates": [
          30.367185487285038,
          59.99804002069364
        ]
      }
    },
    {
      "type": "Feature",
      "properties": {
        "monotonic_time": 399558.5099693537,
        "horizontal_accuracy": 3.542672268423969,
        "speed": 0.38083711336892423,
        "course": 285.9533890297979,
        "synthetic": false
      },
      "geometry": {
        "type": "Point",
        "coordinates": [
          30.36717684356128,
          59.99804206824921
        ]
      }
    },
    {
      "type": "Feature",
      "properties": {
        "monotonic_time": 399559.50998580456,
        "horizontal_accuracy": 3.5355979772855366,
        "speed": 0.3784099809359231,
        "course": 285.95338342083767,
        "synthetic": false
      },
      "geometry": {
        "type": "Point",
        "coordinates": [
          30.367170470549993,
          59.998041666725626
        ]
      }
    },
    {
      "type": "Feature",
      "properties": {
        "monotonic_time": 399560.5100018978,
        "horizontal_accuracy": 3.536209186454708,
        "speed": 0.20034291435103166,
        "course": 285.95338103914867,
        "synthetic": false
      },
      "geometry": {
        "type": "Point",
        "coordinates": [
          30.367167822072016,
          59.99804075901576
        ]
      }
    },
    {
      "type": "Feature",
      "properties": {
        "monotonic_time": 399561.51001787186,
        "horizontal_accuracy": 3.5113738514877757,
        "speed": 0.05894136246844388,
        "course": 285.95337720790684,
        "synthetic": false
      },
      "geometry": {
        "type": "Point",
        "coordinates": [
          30.367163371195137,
          59.99804173480909
        ]
      }
    },
    {
      "type": "Feature",
      "properties": {
        "monotonic_time": 399562.5100340843,
        "horizontal_accuracy": 3.467811675597883,
        "speed": 0.04001968462033453,
        "course": 285.9533725269216,
        "synthetic": false
      },
      "geometry": {
        "type": "Point",
        "coordinates": [
          30.367157957914987,
          59.99804261022976
        ]
      }
    },
    {
      "type": "Feature",
      "properties": {
        "monotonic_time": 399563.51004970074,
        "horizontal_accuracy": 3.4215889089267786,
        "speed": 0.04816072091853131,
        "course": 285.9533703130003,
        "synthetic": false
      },
      "geometry": {
        "type": "Point",
        "coordinates": [
          30.367155534178607,
          59.99804127815519
        ]
      }
    },
    {
      "type": "Feature",
      "properties": {
        "monotonic_time": 399564.510065794,
        "horizontal_accuracy": 3.3973379627856697,
        "speed": 0,
        "course": 285.95337068943866,
        "synthetic": false
      },
      "geometry": {
        "type": "Point",
        "coordinates": [
          30.367155996837887,
          59.99804085822056
        ]
      }
    },
    {
      "type": "Feature",
      "properties": {
        "monotonic_time": 399565.5100815296,
        "horizontal_accuracy": 3.3971221633115043,
        "speed": 0,
        "course": 285.95337068943866,
        "synthetic": false
      },
      "geometry": {
        "type": "Point",
        "coordinates": [
          30.367155996837887,
          59.99804085822056
        ]
      }
    },
    {
      "type": "Feature",
      "properties": {
        "monotonic_time": 399566.5100982189,
        "horizontal_accuracy": 3.3212593676638984,
        "speed": 0,
        "course": 285.95337068943866,
        "synthetic": false
      },
      "geometry": {
        "type": "Point",
        "coordinates": [
          30.367155996837887,
          59.99804085822056
        ]
      }
    },
    {
      "type": "Feature",
      "properties": {
        "monotonic_time": 399567.5101137161,
        "horizontal_accuracy": 3.3282593932788087,
        "speed": 0,
        "course": 285.95337068943866,
        "synthetic": false
      },
      "geometry": {
        "type": "Point",
        "coordinates": [
          30.367155996837887,
          59.99804085822056
        ]
      }
    },
    {
      "type": "Feature",
      "properties": {
        "monotonic_time": 399568.5101304054,
        "horizontal_accuracy": 3.310732721203619,
        "speed": 0.30984942442632224,
        "course": 285.9533486313866,
        "synthetic": false
      },
      "geometry": {
        "type": "Point",
        "coordinates": [
          30.36713069798944,
          59.998042298067276
        ]
      }
    },
    {
      "type": "Feature",
      "properties": {
        "monotonic_time": 399569.51014614105,
        "horizontal_accuracy": 3.3018183399831567,
        "speed": 0.48513275395998867,
        "course": 285.9533409079404,
        "synthetic": false
      },
      "geometry": {
        "type": "Point",
        "coordinates": [
          30.367121904683966,
          59.99804197247089
        ]
      }
    },
    {
      "type": "Feature",
      "properties": {
        "monotonic_time": 399570.5101622343,
        "horizontal_accuracy": 3.289211115851182,
        "speed": 0.23372070113598686,
        "course": 285.95333849668884,
        "synthetic": false
      },
      "geometry": {
        "type": "Point",
        "coordinates": [
          30.367118694243317,
          59.99804782007354
        ]
      }
    },
    {
      "type": "Feature",
      "properties": {
        "monotonic_time": 399571.51017820835,
        "horizontal_accuracy": 3.3598830763171548,
        "speed": 0.42665586757665314,
        "course": 285.9533300911526,
        "synthetic": false
      },
      "geometry": {
        "type": "Point",
        "coordinates": [
          30.367109121915146,
          59.998047497043395
        ]
      }
    },
    {
      "type": "Feature",
      "properties": {
        "monotonic_time": 399572.510193944,
        "horizontal_accuracy": 3.3820232280990066,
        "speed": 0,
        "course": 285.95333225479897,
        "synthetic": false
      },
      "geometry": {
        "type": "Point",
        "coordinates": [
          30.36711162730806,
          59.998047050648786
        ]
      }
    },
    {
      "type": "Feature",
      "properties": {
        "monotonic_time": 399573.51021039486,
        "horizontal_accuracy": 3.4202516726334853,
        "speed": 0,
        "course": 285.95333225479897,
        "synthetic": false
      },
      "geometry": {
        "type": "Point",
        "coordinates": [
          30.36711162730806,
          59.998047050648786
        ]
      }
    },
    {
      "type": "Feature",
      "properties": {
        "monotonic_time": 399574.5102260113,
        "horizontal_accuracy": 3.537783013221204,
        "speed": 0,
        "course": 285.95333225479897,
        "synthetic": false
      },
      "geometry": {
        "type": "Point",
        "coordinates": [
          30.36711162730806,
          59.998047050648786
        ]
      }
    },
    {
      "type": "Feature",
      "properties": {
        "monotonic_time": 399575.51024258137,
        "horizontal_accuracy": 3.7145442402285918,
        "speed": 0.3353302564032388,
        "course": 285.9532998799107,
        "synthetic": false
      },
      "geometry": {
        "type": "Point",
        "coordinates": [
          30.367072998713304,
          59.998068311275915
        ]
      }
    },
    {
      "type": "Feature",
      "properties": {
        "monotonic_time": 399576.51025927067,
        "horizontal_accuracy": 3.7493508825387116,
        "speed": 0,
        "course": 285.9532987464095,
        "synthetic": false
      },
      "geometry": {
        "type": "Point",
        "coordinates": [
          30.367071592047203,
          59.998069748977734
        ]
      }
    },
    {
      "type": "Feature",
      "properties": {
        "monotonic_time": 399577.5102747679,
        "horizontal_accuracy": 3.79498492466626,
        "speed": 0.21353443752468723,
        "course": 285.9532908952174,
        "synthetic": false
      },
      "geometry": {
        "type": "Point",
        "coordinates": [
          30.36706231395676,
          59.99807375795544
        ]
      }
    },
    {
      "type": "Feature",
      "properties": {
        "monotonic_time": 399578.51029098034,
        "horizontal_accuracy": 3.8222640029957424,
        "speed": 0.18827263089970603,
        "course": 285.9532877227422,
        "synthetic": false
      },
      "geometry": {
        "type": "Point",
        "coordinates": [
          30.367058363129637,
          59.998077958467455
        ]
      }
    },
    {
      "type": "Feature",
      "properties": {
        "monotonic_time": 399579.5103068352,
        "horizontal_accuracy": 3.9228733981707706,
        "speed": 0,
        "course": 285.9532880487652,
        "synthetic": false
      },
      "geometry": {
        "type": "Point",
        "coordinates": [
          30.36705870899716,
          59.99807829599165
        ]
      }
    },
    {
      "type": "Feature",
      "properties": {
        "monotonic_time": 399580.5103228092,
        "horizontal_accuracy": 3.9882409972688615,
        "speed": 0.14979994821370107,
        "course": 285.95328788578126,
        "synthetic": false
      },
      "geometry": {
        "type": "Point",
        "coordinates": [
          30.367057801795895,
          59.99808751837348
        ]
      }
    },
    {
      "type": "Feature",
      "properties": {
        "monotonic_time": 399581.5103389025,
        "horizontal_accuracy": 3.9828471702680077,
        "speed": 0,
        "course": 285.9532895548242,
        "synthetic": false
      },
      "geometry": {
        "type": "Point",
        "coordinates": [
          30.36705965248333,
          59.99808822247609
        ]
      }
    },
    {
      "type": "Feature",
      "properties": {
        "monotonic_time": 399582.5103547573,
        "horizontal_accuracy": 3.982141499008579,
        "speed": 0,
        "course": 285.9532895548242,
        "synthetic": false
      },
      "geometry": {
        "type": "Point",
        "coordinates": [
          30.36705965248333,
          59.99808822247609
        ]
      }
    },
    {
      "type": "Feature",
      "properties": {
        "monotonic_time": 399583.51037061214,
        "horizontal_accuracy": 4.02894343640869,
        "speed": 0.07552276435032408,
        "course": 285.95327781680345,
        "synthetic": false
      },
      "geometry": {
        "type": "Point",
        "coordinates": [
          30.367045756869533,
          59.998094526859205
        ]
      }
    },
    {
      "type": "Feature",
      "properties": {
        "monotonic_time": 399584.5103876591,
        "horizontal_accuracy": 4.067189169834692,
        "speed": 0,
        "course": 285.9532777859338,
        "synthetic": false
      },
      "geometry": {
        "type": "Point",
        "coordinates": [
          30.367045780478605,
          59.99809377412448
        ]
      }
    },
    {
      "type": "Feature",
      "properties": {
        "monotonic_time": 399585.5104030371,
        "horizontal_accuracy": 3.969184293629592,
        "speed": 0.06784453970837351,
        "course": 285.9532801330104,
        "synthetic": false
      },
      "geometry": {
        "type": "Point",
        "coordinates": [
          30.36704827419288,
          59.99809615571596
        ]
      }
    },
    {
      "type": "Feature",
      "properties": {
        "monotonic_time": 399586.5104190111,
        "horizontal_accuracy": 4.072913264865217,
        "speed": 0,
        "course": 285.9532807381362,
        "synthetic": false
      },
      "geometry": {
        "type": "Point",
        "coordinates": [
          30.367048989787936,
          59.9980958404315
        ]
      }
    },
    {
      "type": "Feature",
      "properties": {
        "monotonic_time": 399587.51043474674,
        "horizontal_accuracy": 4.101906302357766,
        "speed": 0,
        "course": 285.9532807381362,
        "synthetic": false
      },
      "geometry": {
        "type": "Point",
        "coordinates": [
          30.367048989787936,
          59.9980958404315
        ]
      }
    },
    {
      "type": "Feature",
      "properties": {
        "monotonic_time": 399588.51045167446,
        "horizontal_accuracy": 4.119007532119634,
        "speed": 0.0481722351798591,
        "course": 285.95329096770394,
        "synthetic": false
      },
      "geometry": {
        "type": "Point",
        "coordinates": [
          30.367061016816923,
          59.99809140593466
        ]
      }
    },
    {
      "type": "Feature",
      "properties": {
        "monotonic_time": 399589.51046717167,
        "horizontal_accuracy": 4.112312985523208,
        "speed": 0,
        "course": 285.95329123442025,
        "synthetic": false
      },
      "geometry": {
        "type": "Point",
        "coordinates": [
          30.367061324806222,
          59.99809136183651
        ]
      }
    },
    {
      "type": "Feature",
      "properties": {
        "monotonic_time": 399590.5104832649,
        "horizontal_accuracy": 4.155942974014021,
        "speed": 0.11619104786843545,
        "course": 285.9532890453179,
        "synthetic": false
      },
      "geometry": {
        "type": "Point",
        "coordinates": [
          30.367058733859032,
          59.998092530686584
        ]
      }
    },
    {
      "type": "Feature",
      "properties": {
        "monotonic_time": 399591.5104994774,
        "horizontal_accuracy": 4.196794807959267,
        "speed": 0,
        "course": 285.953288319237,
        "synthetic": false
      },
      "geometry": {
        "type": "Point",
        "coordinates": [
          30.367058117814135,
          59.99808980648761
        ]
      }
    },
    {
      "type": "Feature",
      "properties": {
        "monotonic_time": 399592.51051580906,
        "horizontal_accuracy": 4.287380403933167,
        "speed": 0,
        "course": 285.953288319237,
        "synthetic": false
      },
      "geometry": {
        "type": "Point",
        "coordinates": [
          30.367058117814135,
          59.99808980648761
        ]
      }
    },
    {
      "type": "Feature",
      "properties": {
        "monotonic_time": 399593.51053214073,
        "horizontal_accuracy": 4.238715185918351,
        "speed": 0,
        "course": 285.953288319237,
        "synthetic": false
      },
      "geometry": {
        "type": "Point",
        "coordinates": [
          30.367058117814135,
          59.99808980648761
        ]
      }
    },
    {
      "type": "Feature",
      "properties": {
        "monotonic_time": 399594.51054799557,
        "horizontal_accuracy": 4.367075325350604,
        "speed": 0,
        "course": 285.953288319237,
        "synthetic": false
      },
      "geometry": {
        "type": "Point",
        "coordinates": [
          30.367058117814135,
          59.99808980648761
        ]
      }
    },
    {
      "type": "Feature",
      "properties": {
        "monotonic_time": 399595.510563612,
        "horizontal_accuracy": 4.306431534101897,
        "speed": 0,
        "course": 285.953288319237,
        "synthetic": false
      },
      "geometry": {
        "type": "Point",
        "coordinates": [
          30.367058117814135,
          59.99808980648761
        ]
      }
    },
    {
      "type": "Feature",
      "properties": {
        "monotonic_time": 399596.51058006287,
        "horizontal_accuracy": 4.353499025732161,
        "speed": 0,
        "course": 285.953288319237,
        "synthetic": false
      },
      "geometry": {
        "type": "Point",
        "coordinates": [
          30.367058117814135,
          59.99808980648761
        ]
      }
    },
    {
      "type": "Feature",
      "properties": {
        "monotonic_time": 399597.5105960369,
        "horizontal_accuracy": 4.393477244216255,
        "speed": 0.1390745147063508,
        "course": 285.9532882715065,
        "synthetic": false
      },
      "geometry": {
        "type": "Point",
        "coordinates": [
          30.367058019005317,
          59.99809037317161
        ]
      }
    },
    {
      "type": "Feature",
      "properties": {
        "monotonic_time": 399598.51061177254,
        "horizontal_accuracy": 4.391711162744247,
        "speed": 0,
        "course": 285.9532895364106,
        "synthetic": false
      },
      "geometry": {
        "type": "Point",
        "coordinates": [
          30.36705947734503,
          59.99809019347254
        ]
      }
    },
    {
      "type": "Feature",
      "properties": {
        "monotonic_time": 399599.5106283426,
        "horizontal_accuracy": 4.449398517764077,
        "speed": 0,
        "course": 285.9532895364106,
        "synthetic": false
      },
      "geometry": {
        "type": "Point",
        "coordinates": [
          30.36705947734503,
          59.99809019347254
        ]
      }
    },
    {
      "type": "Feature",
      "properties": {
        "monotonic_time": 399600.51064407825,
        "horizontal_accuracy": 4.444921380773702,
        "speed": 0,
        "course": 285.9532895364106,
        "synthetic": false
      },
      "geometry": {
        "type": "Point",
        "coordinates": [
          30.36705947734503,
          59.99809019347254
        ]
      }
    },
    {
      "type": "Feature",
      "properties": {
        "monotonic_time": 399601.5106600523,
        "horizontal_accuracy": 4.462618916002652,
        "speed": 0.08472663746277721,
        "course": 285.95329386619596,
        "synthetic": false
      },
      "geometry": {
        "type": "Point",
        "coordinates": [
          30.36706520846366,
          59.998080124536244
        ]
      }
    },
    {
      "type": "Feature",
      "properties": {
        "monotonic_time": 399602.51067698,
        "horizontal_accuracy": 4.5899613801390124,
        "speed": 0.11399003312704846,
        "course": 285.95329145851866,
        "synthetic": false
      },
      "geometry": {
        "type": "Point",
        "coordinates": [
          30.367062551255785,
          59.998078948960156
        ]
      }
    },
    {
      "type": "Feature",
      "properties": {
        "monotonic_time": 399603.5106922388,
        "horizontal_accuracy": 4.7655717137564535,
        "speed": 0.09079698315798301,
        "course": 285.95329191582726,
        "synthetic": false
      },
      "geometry": {
        "type": "Point",
        "coordinates": [
          30.36706303796449,
          59.99807940239119
        ]
      }
    },
    {
      "type": "Feature",
      "properties": {
        "monotonic_time": 399604.51070797443,
        "horizontal_accuracy": 4.927566835114239,
        "speed": 0,
        "course": 285.9532898723578,
        "synthetic": false
      },
      "geometry": {
        "type": "Point",
        "coordinates": [
          30.367060782995818,
          59.998078400997215
        ]
      }
    },
    {
      "type": "Feature",
      "properties": {
        "monotonic_time": 399605.50794923306,
        "horizontal_accuracy": 5.0280738171863995,
        "speed": 0.221402725978242,
        "course": 285.9532896885869,
        "synthetic": false
      },
      "geometry": {
        "type": "Point",
        "coordinates": [
          30.367060422081906,
          59.998080333212606
        ]
      }
    },
    {
      "type": "Feature",
      "properties": {
        "monotonic_time": 399606.5076351166,
        "horizontal_accuracy": 5.009579109094826,
        "speed": 0.1498152414645784,
        "course": 285.95329196145644,
        "synthetic": false
      },
      "geometry": {
        "type": "Point",
        "coordinates": [
          30.367062926053453,
          59.99808149997192
        ]
      }
    },
    {
      "type": "Feature",
      "properties": {
        "monotonic_time": 399607.507650733,
        "horizontal_accuracy": 5.049655026583789,
        "speed": 0,
        "course": 285.95329300959554,
        "synthetic": false
      },
      "geometry": {
        "type": "Point",
        "coordinates": [
          30.36706411111285,
          59.99808164990857
        ]
      }
    },
    {
      "type": "Feature",
      "properties": {
        "monotonic_time": 399608.50758206844,
        "horizontal_accuracy": 5.041881934896315,
        "speed": 0,
        "course": 285.95329300959554,
        "synthetic": false
      },
      "geometry": {
        "type": "Point",
        "coordinates": [
          30.36706411111285,
          59.99808164990857
        ]
      }
    },
    {
      "type": "Feature",
      "properties": {
        "monotonic_time": 399609.50787484646,
        "horizontal_accuracy": 5.005504264843997,
        "speed": 0,
        "course": 285.95329300959554,
        "synthetic": false
      },
      "geometry": {
        "type": "Point",
        "coordinates": [
          30.36706411111285,
          59.99808164990857
        ]
      }
    },
    {
      "type": "Feature",
      "properties": {
        "monotonic_time": 399610.5078905821,
        "horizontal_accuracy": 4.92134887984968,
        "speed": 0,
        "course": 285.95329300959554,
        "synthetic": false
      },
      "geometry": {
        "type": "Point",
        "coordinates": [
          30.36706411111285,
          59.99808164990857
        ]
      }
    },
    {
      "type": "Feature",
      "properties": {
        "monotonic_time": 399611.50756561756,
        "horizontal_accuracy": 4.855367276791588,
        "speed": 0,
        "course": 285.95329300959554,
        "synthetic": false
      },
      "geometry": {
        "type": "Point",
        "coordinates": [
          30.36706411111285,
          59.99808164990857
        ]
      }
    },
    {
      "type": "Feature",
      "properties": {
        "monotonic_time": 399612.5080964565,
        "horizontal_accuracy": 4.791937045087505,
        "speed": 0,
        "course": 285.95329300959554,
        "synthetic": false
      },
      "geometry": {
        "type": "Point",
        "coordinates": [
          30.36706411111285,
          59.99808164990857
        ]
      }
    },
    {
      "type": "Feature",
      "properties": {
        "monotonic_time": 399613.5081125498,
        "horizontal_accuracy": 4.749677883511198,
        "speed": 4.4803282940294675,
        "course": 283.342466516644,
        "synthetic": false
      },
      "geometry": {
        "type": "Point",
        "coordinates": [
          30.36692065028055,
          59.99810712272658
        ]
      }
    },
    {
      "type": "Feature",
      "properties": {
        "monotonic_time": 399614.50810050964,
        "horizontal_accuracy": 4.46954379403774,
        "speed": 4.581256264582503,
        "course": 283.4522383238876,
        "synthetic": false
      },
      "geometry": {
        "type": "Point",
        "coordinates": [
          30.366841570683317,
          59.998116040598674
        ]
      }
    },
    {
      "type": "Feature",
      "properties": {
        "monotonic_time": 399615.5075176954,
        "horizontal_accuracy": 4.833531728830003,
        "speed": 5.766370618099675,
        "course": 284.2285748675388,
        "synthetic": false
      },
      "geometry": {
        "type": "Point",
        "coordinates": [
          30.366735008753654,
          59.99812883269637
        ]
      }
    },
    {
      "type": "Feature",
      "properties": {
        "monotonic_time": 399616.50753343105,
        "horizontal_accuracy": 4.6883939045136795,
        "speed": 6.781360002048192,
        "course": 285.12426039620624,
        "synthetic": false
      },
      "geometry": {
        "type": "Point",
        "coordinates": [
          30.366608353190188,
          59.99814310184698
        ]
      }
    },
    {
      "type": "Feature",
      "properties": {
        "monotonic_time": 399617.5074913502,
        "horizontal_accuracy": 4.227241173005842,
        "speed": 6.179140729339635,
        "course": 284.65709425161185,
        "synthetic": false
      },
      "geometry": {
        "type": "Point",
        "coordinates": [
          30.366504003225405,
          59.998152497791686
        ]
      }
    },
    {
      "type": "Feature",
      "properties": {
        "monotonic_time": 399618.5074951649,
        "horizontal_accuracy": 4.0377088394126215,
        "speed": 5.015357004375914,
        "course": 283.01524831690483,
        "synthetic": false
      },
      "geometry": {
        "type": "Point",
        "coordinates": [
          30.366417835957463,
          59.998161057367206
        ]
      }
    },
    {
      "type": "Feature",
      "properties": {
        "monotonic_time": 399619.50751161575,
        "horizontal_accuracy": 3.8786588545749603,
        "speed": 4.127972229468593,
        "course": 280.5859828946447,
        "synthetic": false
      },
      "geometry": {
        "type": "Point",
        "coordinates": [
          30.3663499804588,
          59.998162983768445
        ]
      }
    },
    {
      "type": "Feature",
      "properties": {
        "monotonic_time": 399620.50752711296,
        "horizontal_accuracy": 3.926874237233099,
        "speed": 3.393027712102714,
        "course": 280.38058082705436,
        "synthetic": false
      },
      "geometry": {
        "type": "Point",
        "coordinates": [
          30.36629891271076,
          59.99816899939078
        ]
      }
    },
    {
      "type": "Feature",
      "properties": {
        "monotonic_time": 399621.5075432062,
        "horizontal_accuracy": 3.8390683713274973,
        "speed": 2.812993330474174,
        "course": 281.52664298502305,
        "synthetic": false
      },
      "geometry": {
        "type": "Point",
        "coordinates": [
          30.366259575156842,
          59.99817630092992
        ]
      }
    },
    {
      "type": "Feature",
      "properties": {
        "monotonic_time": 399622.50756013393,
        "horizontal_accuracy": 3.997802890818512,
        "speed": 2.5364982464039265,
        "course": 283.3473273848462,
        "synthetic": false
      },
      "geometry": {
        "type": "Point",
        "coordinates": [
          30.366220336796687,
          59.99818326283724
        ]
      }
    },
    {
      "type": "Feature",
      "properties": {
        "monotonic_time": 399623.50757563114,
        "horizontal_accuracy": 4.119978842393923,
        "speed": 2.481057666159435,
        "course": 284.08517776310305,
        "synthetic": false
      },
      "geometry": {
        "type": "Point",
        "coordinates": [
          30.366177041937476,
          59.99818990500865
        ]
      }
    },
    {
      "type": "Feature",
      "properties": {
        "monotonic_time": 399624.5075916052,
        "horizontal_accuracy": 4.094659087472197,
        "speed": 2.2150642833839265,
        "course": 284.34268187886806,
        "synthetic": false
      },
      "geometry": {
        "type": "Point",
        "coordinates": [
          30.36614213068424,
          59.998193423402526
        ]
      }
    },
    {
      "type": "Feature",
      "properties": {
        "monotonic_time": 399625.5076084137,
        "horizontal_accuracy": 4.01312877430976,
        "speed": 2.4797368202069032,
        "course": 284.8183402565855,
        "synthetic": false
      },
      "geometry": {
        "type": "Point",
        "coordinates": [
          30.36610376890592,
          59.998198967374556
        ]
      }
    },
    {
      "type": "Feature",
      "properties": {
        "monotonic_time": 399626.5076235533,
        "horizontal_accuracy": 4.075086195421805,
        "speed": 3.2329578127972582,
        "course": 285.5332686430834,
        "synthetic": false
      },
      "geometry": {
        "type": "Point",
        "coordinates": [
          30.366040584295533,
          59.99820687163249
        ]
      }
    },
    {
      "type": "Feature",
      "properties": {
        "monotonic_time": 399627.5076403618,
        "horizontal_accuracy": 4.282583552669449,
        "speed": 3.1318176278082532,
        "course": 285.7004363544494,
        "synthetic": false
      },
      "geometry": {
        "type": "Point",
        "coordinates": [
          30.365985438668694,
          59.99821440300315
        ]
      }
    },
    {
      "type": "Feature",
      "properties": {
        "monotonic_time": 399628.5076560974,
        "horizontal_accuracy": 4.148313933108782,
        "speed": 2.794855307155422,
        "course": 284.2874315215312,
        "synthetic": false
      },
      "geometry": {
        "type": "Point",
        "coordinates": [
          30.365941343952077,
          59.99821817286546
        ]
      }
    },
    {
      "type": "Feature",
      "properties": {
        "monotonic_time": 399629.5076725483,
        "horizontal_accuracy": 4.18091408372099,
        "speed": 2.9342418640316925,
        "course": 284.0358786692983,
        "synthetic": false
      },
      "geometry": {
        "type": "Point",
        "coordinates": [
          30.365885517686255,
          59.99822383528005
        ]
      }
    },
    {
      "type": "Feature",
      "properties": {
        "monotonic_time": 399630.50768840313,
        "horizontal_accuracy": 4.210550351741532,
        "speed": 3.0320877189212774,
        "course": 284.1556482565113,
        "synthetic": false
      },
      "geometry": {
        "type": "Point",
        "coordinates": [
          30.36582835669249,
          59.998231130150266
        ]
      }
    },
    {
      "type": "Feature",
      "properties": {
        "monotonic_time": 399631.50770413876,
        "horizontal_accuracy": 4.139970737789631,
        "speed": 2.4676704073197397,
        "course": 282.69339133153505,
        "synthetic": false
      },
      "geometry": {
        "type": "Point",
        "coordinates": [
          30.36579090329012,
          59.998234564045354
        ]
      }
    },
    {
      "type": "Feature",
      "properties": {
        "monotonic_time": 399632.50772058964,
        "horizontal_accuracy": 4.055582424980402,
        "speed": 2.2825079016877954,
        "course": 279.7884029540113,
        "synthetic": false
      },
      "geometry": {
        "type": "Point",
        "coordinates": [
          30.365755391827456,
          59.998234973464484
        ]
      }
    },
    {
      "type": "Feature",
      "properties": {
        "monotonic_time": 399633.5077368021,
        "horizontal_accuracy": 3.9528032979840795,
        "speed": 2.234297077057524,
        "course": 279.7295494675029,
        "synthetic": false
      },
      "geometry": {
        "type": "Point",
        "coordinates": [
          30.3657153649367,
          59.9982392842561
        ]
      }
    },
    {
      "type": "Feature",
      "properties": {
        "monotonic_time": 399634.50775265694,
        "horizontal_accuracy": 3.9683810469557317,
        "speed": 2.150394681929921,
        "course": 278.7663374726697,
        "synthetic": false
      },
      "geometry": {
        "type": "Point",
        "coordinates": [
          30.365676437234047,
          59.998241425508056
        ]
      }
    },
    {
      "type": "Feature",
      "properties": {
        "monotonic_time": 399635.507768631,
        "horizontal_accuracy": 4.164210376930455,
        "speed": 2.053582434451501,
        "course": 276.38795872753104,
        "synthetic": false
      },
      "geometry": {
        "type": "Point",
        "coordinates": [
          30.36564125962117,
          59.99824073941777
        ]
      }
    },
    {
      "type": "Feature",
      "properties": {
        "monotonic_time": 399636.5077843666,
        "horizontal_accuracy": 4.337249539228551,
        "speed": 2.6320538511947746,
        "course": 276.16554783787694,
        "synthetic": false
      },
      "geometry": {
        "type": "Point",
        "coordinates": [
          30.36559574283015,
          59.998243252999394
        ]
      }
    },
    {
      "type": "Feature",
      "properties": {
        "monotonic_time": 399637.5078008175,
        "horizontal_accuracy": 4.389987297163607,
        "speed": 3.29172869470302,
        "course": 277.83958208569214,
        "synthetic": false
      },
      "geometry": {
        "type": "Point",
        "coordinates": [
          30.365540494687597,
          59.99824927408367
        ]
      }
    },
    {
      "type": "Feature",
      "properties": {
        "monotonic_time": 399638.5078172684,
        "horizontal_accuracy": 4.556961235529833,
        "speed": 3.9812978876468033,
        "course": 281.08279950584495,
        "synthetic": false
      },
      "geometry": {
        "type": "Point",
        "coordinates": [
          30.365466118086953,
          59.99825911101461
        ]
      }
    },
    {
      "type": "Feature",
      "properties": {
        "monotonic_time": 399639.50783240795,
        "horizontal_accuracy": 4.6670273707659,
        "speed": 3.8037852872598217,
        "course": 290.8666710194019,
        "synthetic": false
      },
      "geometry": {
        "type": "Point",
        "coordinates": [
          30.365402214693777,
          59.99827344399403
        ]
      }
    },
    {
      "type": "Feature",
      "properties": {
        "monotonic_time": 399640.50784885883,
        "horizontal_accuracy": 4.795835930619636,
        "speed": 3.958907068096309,
        "course": 309.7443103210657,
        "synthetic": false
      },
      "geometry": {
        "type": "Point",
        "coordinates": [
          30.365347459303052,
          59.998299495580454
        ]
      }
    },
    {
      "type": "Feature",
      "properties": {
        "monotonic_time": 399641.5078649521,
        "horizontal_accuracy": 5.6264057153622336,
        "speed": 4.109922219752808,
        "course": 311.6839795793414,
        "synthetic": false
      },
      "geometry": {
        "type": "Point",
        "coordinates": [
          30.36529302332997,
          59.99832427072932
        ]
      }
    },
    {
      "type": "Feature",
      "properties": {
        "monotonic_time": 399642.5078806877,
        "horizontal_accuracy": 6.684836221737185,
        "speed": 4.8800141515381394,
        "course": 325.4256753834634,
        "synthetic": false
      },
      "geometry": {
        "type": "Point",
        "coordinates": [
          30.365257252182865,
          59.99836665969394
        ]
      }
    },
    {
      "type": "Feature",
      "properties": {
        "monotonic_time": 399643.50789678097,
        "horizontal_accuracy": 6.824610980966019,
        "speed": 5.870046320565857,
        "course": 335.40744321347944,
        "synthetic": false
      },
      "geometry": {
        "type": "Point",
        "coordinates": [
          30.36521903998335,
          59.998420835530844
        ]
      }
    },
    {
      "type": "Feature",
      "properties": {
        "monotonic_time": 399644.5079126358,
        "horizontal_accuracy": 7.533572375701085,
        "speed": 5.896024095051426,
        "course": 342.4686425555797,
        "synthetic": false
      },
      "geometry": {
        "type": "Point",
        "coordinates": [
          30.365201255895006,
          59.998476608486854
        ]
      }
    },
    {
      "type": "Feature",
      "properties": {
        "monotonic_time": 399645.5079295635,
        "horizontal_accuracy": 7.667612953679416,
        "speed": 5.912932219453757,
        "course": 345.8731607121537,
        "synthetic": false
      },
      "geometry": {
        "type": "Point",
        "coordinates": [
          30.365192719071782,
          59.9985315163798
        ]
      }
    },
    {
      "type": "Feature",
      "properties": {
        "monotonic_time": 399646.5079456568,
        "horizontal_accuracy": 7.53572831486334,
        "speed": 6.566099686964125,
        "course": 348.45451233979713,
        "synthetic": false
      },
      "geometry": {
        "type": "Point",
        "coordinates": [
          30.36518076311462,
          59.998602094892895
        ]
      }
    },
    {
      "type": "Feature",
      "properties": {
        "monotonic_time": 399647.5079610348,
        "horizontal_accuracy": 7.146275757289849,
        "speed": 7.336741021891757,
        "course": 348.3260983261809,
        "synthetic": false
      },
      "geometry": {
        "type": "Point",
        "coordinates": [
          30.365146079654078,
          59.998682453339406
        ]
      }
    },
    {
      "type": "Feature",
      "properties": {
        "monotonic_time": 399648.507977128,
        "horizontal_accuracy": 6.790211244645617,
        "speed": 7.276909525651548,
        "course": 348.4299810688039,
        "synthetic": false
      },
      "geometry": {
        "type": "Point",
        "coordinates": [
          30.3651176289297,
          59.998748377306654
        ]
      }
    },
    {
      "type": "Feature",
      "properties": {
        "monotonic_time": 399649.5079936981,
        "horizontal_accuracy": 6.0786943909224105,
        "speed": 6.796773514723324,
        "course": 350.43499484258484,
        "synthetic": false
      },
      "geometry": {
        "type": "Point",
        "coordinates": [
          30.36511747677185,
          59.99880852981163
        ]
      }
    },
    {
      "type": "Feature",
      "properties": {
        "monotonic_time": 399650.5080097914,
        "horizontal_accuracy": 5.752026189356526,
        "speed": 5.844046239460723,
        "course": 346.2012893702641,
        "synthetic": false
      },
      "geometry": {
        "type": "Point",
        "coordinates": [
          30.36508139320311,
          59.99884936492276
        ]
      }
    },
    {
      "type": "Feature",
      "properties": {
        "monotonic_time": 399651.5080252886,
        "horizontal_accuracy": 6.032675719995317,
        "speed": 3.7635137314814027,
        "course": 354.0954939468249,
        "synthetic": false
      },
      "geometry": {
        "type": "Point",
        "coordinates": [
          30.365083684086148,
          59.99887344532206
        ]
      }
    },
    {
      "type": "Feature",
      "properties": {
        "monotonic_time": 399652.5080422163,
        "horizontal_accuracy": 6.158960784997069,
        "speed": 2.390224463962862,
        "course": 355.755827246001,
        "synthetic": false
      },
      "geometry": {
        "type": "Point",
        "coordinates": [
          30.36508141553093,
          59.9988899046033
        ]
      }
    },
    {
      "type": "Feature",
      "properties": {
        "monotonic_time": 399653.5080573559,
        "horizontal_accuracy": 6.097369782409701,
        "speed": 1.3717288278913375,
        "course": 357.2981150283968,
        "synthetic": false
      },
      "geometry": {
        "type": "Point",
        "coordinates": [
          30.365081739913002,
          59.99889526865642
        ]
      }
    },
    {
      "type": "Feature",
      "properties": {
        "monotonic_time": 399654.5080742836,
        "horizontal_accuracy": 6.095073561056427,
        "speed": 0,
        "course": 357.29811480941555,
        "synthetic": false
      },
      "geometry": {
        "type": "Point",
        "coordinates": [
          30.36508143634006,
          59.99889353128218
        ]
      }
    },
    {
      "type": "Feature",
      "properties": {
        "monotonic_time": 399655.5080897808,
        "horizontal_accuracy": 5.9865260327655365,
        "speed": 0.5105297953627157,
        "course": 357.29811690988356,
        "synthetic": false
      },
      "geometry": {
        "type": "Point",
        "coordinates": [
          30.36508423083285,
          59.9988999736857
        ]
      }
    },
    {
      "type": "Feature",
      "properties": {
        "monotonic_time": 399656.5081064701,
        "horizontal_accuracy": 5.617752168477483,
        "speed": 0,
        "course": 357.29811546306416,
        "synthetic": false
      },
      "geometry": {
        "type": "Point",
        "coordinates": [
          30.365082353208035,
          59.998899650625916
        ]
      }
    },
    {
      "type": "Feature",
      "properties": {
        "monotonic_time": 399657.5081226826,
        "horizontal_accuracy": 5.568960636940386,
        "speed": 0,
        "course": 357.29811546306416,
        "synthetic": false
      },
      "geometry": {
        "type": "Point",
        "coordinates": [
          30.365082353208035,
          59.998899650625916
        ]
      }
    },
    {
      "type": "Feature",
      "properties": {
        "monotonic_time": 399658.50813794136,
        "horizontal_accuracy": 5.500288178917427,
        "speed": 0,
        "course": 357.29811546306416,
        "synthetic": false
      },
      "geometry": {
        "type": "Point",
        "coordinates": [
          30.365082353208035,
          59.998899650625916
        ]
      }
    },
    {
      "type": "Feature",
      "properties": {
        "monotonic_time": 399659.50815474987,
        "horizontal_accuracy": 5.365546042391173,
        "speed": 0,
        "course": 357.29811546306416,
        "synthetic": false
      },
      "geometry": {
        "type": "Point",
        "coordinates": [
          30.365082353208035,
          59.998899650625916
        ]
      }
    },
    {
      "type": "Feature",
      "properties": {
        "monotonic_time": 399660.50817012787,
        "horizontal_accuracy": 5.388476935598749,
        "speed": 3.3261879421204497,
        "course": 0.19698096015376235,
        "synthetic": false
      },
      "geometry": {
        "type": "Point",
        "coordinates": [
          30.36510151339417,
          59.99895383373066
        ]
      }
    },
    {
      "type": "Feature",
      "properties": {
        "monotonic_time": 399661.50818669796,
        "horizontal_accuracy": 5.345192831785485,
        "speed": 3.9733124114342724,
        "course": 6.532021350852871,
        "synthetic": false
      },
      "geometry": {
        "type": "Point",
        "coordinates": [
          30.365115624055264,
          59.998993354041225
        ]
      }
    },
    {
      "type": "Feature",
      "properties": {
        "monotonic_time": 399662.508202672,
        "horizontal_accuracy": 5.34599158479434,
        "speed": 5.660583279586528,
        "course": 10.10827982236491,
        "synthetic": false
      },
      "geometry": {
        "type": "Point",
        "coordinates": [
          30.365135022517805,
          59.99905527385945
        ]
      }
    },
    {
      "type": "Feature",
      "properties": {
        "monotonic_time": 399663.50821852684,
        "horizontal_accuracy": 5.329085662444013,
        "speed": 6.80537657587244,
        "course": 12.354450542727067,
        "synthetic": false
      },
      "geometry": {
        "type": "Point",
        "coordinates": [
          30.365173117622057,
          59.99912671805513
        ]
      }
    },
    {
      "type": "Feature",
      "properties": {
        "monotonic_time": 399664.5082346201,
        "horizontal_accuracy": 5.473164317949502,
        "speed": 7.787050477665384,
        "course": 12.395393291884991,
        "synthetic": false
      },
      "geometry": {
        "type": "Point",
        "coordinates": [
          30.365211910315544,
          59.999207989718364
        ]
      }
    },
    {
      "type": "Feature",
      "properties": {
        "monotonic_time": 399665.50825095177,
        "horizontal_accuracy": 5.582464225775509,
        "speed": 8.824301728162228,
        "course": 8.139922276533765,
        "synthetic": false
      },
      "geometry": {
        "type": "Point",
        "coordinates": [
          30.365237358184846,
          59.999291964072015
        ]
      }
    },
    {
      "type": "Feature",
      "properties": {
        "monotonic_time": 399666.50826728344,
        "horizontal_accuracy": 5.941363924003707,
        "speed": 10.020210927930295,
        "course": 7.171316894842587,
        "synthetic": false
      },
      "geometry": {
        "type": "Point",
        "coordinates": [
          30.365255429444247,
          59.99938207992752
        ]
      }
    },
    {
      "type": "Feature",
      "properties": {
        "monotonic_time": 399667.5082832575,
        "horizontal_accuracy": 6.152960594570746,
        "speed": 11.316399559542667,
        "course": 9.763874831317795,
        "synthetic": false
      },
      "geometry": {
        "type": "Point",
        "coordinates": [
          30.365291401448264,
          59.99948703391895
        ]
      }
    },
    {
      "type": "Feature",
      "properties": {
        "monotonic_time": 399668.50829923153,
        "horizontal_accuracy": 5.956537443979065,
        "speed": 12.518943647617768,
        "course": 12.033445879072683,
        "synthetic": false
      },
      "geometry": {
        "type": "Point",
        "coordinates": [
          30.365348875334433,
          59.99960388600408
        ]
      }
    },
    {
      "type": "Feature",
      "properties": {
        "monotonic_time": 399669.5083152056,
        "horizontal_accuracy": 5.714793109990005,
        "speed": 13.655609232297898,
        "course": 12.48304557116296,
        "synthetic": false
      },
      "geometry": {
        "type": "Point",
        "coordinates": [
          30.36540624544071,
          59.9997388233771
        ]
      }
    },
    {
      "type": "Feature",
      "properties": {
        "monotonic_time": 399670.5083307028,
        "horizontal_accuracy": 5.6776704779582206,
        "speed": 13.813638419848356,
        "course": 12.959583383225212,
        "synthetic": false
      },
      "geometry": {
        "type": "Point",
        "coordinates": [
          30.365466659930288,
          59.99986540122478
        ]
      }
    },
    {
      "type": "Feature",
      "properties": {
        "monotonic_time": 399671.50834691525,
        "horizontal_accuracy": 5.589758663583713,
        "speed": 13.765201719854716,
        "course": 13.207623458069612,
        "synthetic": false
      },
      "geometry": {
        "type": "Point",
        "coordinates": [
          30.36552236279095,
          59.99998541944244
        ]
      }
    },
    {
      "type": "Feature",
      "properties": {
        "monotonic_time": 399672.5083631277,
        "horizontal_accuracy": 5.490953657607608,
        "speed": 14.06105225156977,
        "course": 12.90872661508131,
        "synthetic": false
      },
      "geometry": {
        "type": "Point",
        "coordinates": [
          30.365586077704616,
          60.00010200174441
        ]
      }
    },
    {
      "type": "Feature",
      "properties": {
        "monotonic_time": 399673.5083793402,
        "horizontal_accuracy": 6.173216905385822,
        "speed": 14.664422668180825,
        "course": 12.99943497410846,
        "synthetic": false
      },
      "geometry": {
        "type": "Point",
        "coordinates": [
          30.365652939441436,
          60.00022583501665
        ]
      }
    },
    {
      "type": "Feature",
      "properties": {
        "monotonic_time": 399674.508395195,
        "horizontal_accuracy": 5.560477477268173,
        "speed": 15.115346877633227,
        "course": 13.171794445545691,
        "synthetic": false
      },
      "geometry": {
        "type": "Point",
        "coordinates": [
          30.365718470519056,
          60.000354714890165
        ]
      }
    },
    {
      "type": "Feature",
      "properties": {
        "monotonic_time": 399675.50841128826,
        "horizontal_accuracy": 5.74252149293253,
        "speed": 15.457421579304828,
        "course": 12.133339722693881,
        "synthetic": false
      },
      "geometry": {
        "type": "Point",
        "coordinates": [
          30.365769471396675,
          60.00049325928084
        ]
      }
    },
    {
      "type": "Feature",
      "properties": {
        "monotonic_time": 399676.50842761993,
        "horizontal_accuracy": 6.23229725023353,
        "speed": 15.937243870849944,
        "course": 11.623994976474167,
        "synthetic": false
      },
      "geometry": {
        "type": "Point",
        "coordinates": [
          30.36582106449805,
          60.00063929296272
        ]
      }
    },
    {
      "type": "Feature",
      "properties": {
        "monotonic_time": 399677.50844347477,
        "horizontal_accuracy": 6.082068611581745,
        "speed": 16.233611171504126,
        "course": 12.309442065784856,
        "synthetic": false
      },
      "geometry": {
        "type": "Point",
        "coordinates": [
          30.365883288401253,
          60.000781629157565
        ]
      }
    },
    {
      "type": "Feature",
      "properties": {
        "monotonic_time": 399678.50845980644,
        "horizontal_accuracy": 6.211678530494972,
        "speed": 16.513947093210344,
        "course": 12.144604539188459,
        "synthetic": false
      },
      "geometry": {
        "type": "Point",
        "coordinates": [
          30.365936380786966,
          60.00092924689528
        ]
      }
    },
    {
      "type": "Feature",
      "properties": {
        "monotonic_time": 399679.50847530365,
        "horizontal_accuracy": 6.396901906542262,
        "speed": 16.786261742701868,
        "course": 12.396928115171166,
        "synthetic": false
      },
      "geometry": {
        "type": "Point",
        "coordinates": [
          30.366001035502332,
          60.00107869693003
        ]
      }
    },
    {
      "type": "Feature",
      "properties": {
        "monotonic_time": 399680.50849187374,
        "horizontal_accuracy": 6.556998912050847,
        "speed": 16.578188624260807,
        "course": 12.362488841961003,
        "synthetic": false
      },
      "geometry": {
        "type": "Point",
        "coordinates": [
          30.36605657072598,
          60.0012278063285
        ]
      }
    },
    {
      "type": "Feature",
      "properties": {
        "monotonic_time": 399681.5085080862,
        "horizontal_accuracy": 6.715808995639424,
        "speed": 16.44855245753052,
        "course": 15.37789136785718,
        "synthetic": false
      },
      "geometry": {
        "type": "Point",
        "coordinates": [
          30.36612956339997,
          60.00137437856357
        ]
      }
    },
    {
      "type": "Feature",
      "properties": {
        "monotonic_time": 399682.5085234642,
        "horizontal_accuracy": 7.3731478892455184,
        "speed": 16.30739747148118,
        "course": 16.795761411134794,
        "synthetic": false
      },
      "geometry": {
        "type": "Point",
        "coordinates": [
          30.366213567178782,
          60.00151150531451
        ]
      }
    },
    {
      "type": "Feature",
      "properties": {
        "monotonic_time": 399683.50853967667,
        "horizontal_accuracy": 6.443368159488293,
        "speed": 16.052082659372868,
        "course": 17.65549346872149,
        "synthetic": false
      },
      "geometry": {
        "type": "Point",
        "coordinates": [
          30.366308203232784,
          60.001649465597545
        ]
      }
    },
    {
      "type": "Feature",
      "properties": {
        "monotonic_time": 399684.50855612755,
        "horizontal_accuracy": 6.264767324825602,
        "speed": 15.906986236453331,
        "course": 18.226136205989313,
        "synthetic": false
      },
      "geometry": {
        "type": "Point",
        "coordinates": [
          30.36639732205671,
          60.00178691903329
        ]
      }
    },
    {
      "type": "Feature",
      "properties": {
        "monotonic_time": 399685.5085718632,
        "horizontal_accuracy": 6.287474609673982,
        "speed": 15.87874840099102,
        "course": 18.300566848785916,
        "synthetic": false
      },
      "geometry": {
        "type": "Point",
        "coordinates": [
          30.366477244369083,
          60.00192712363294
        ]
      }
    },
    {
      "type": "Feature",
      "properties": {
        "monotonic_time": 399686.50858807564,
        "horizontal_accuracy": 6.291592781976691,
        "speed": 15.812342589763864,
        "course": 18.041087011616924,
        "synthetic": false
      },
      "geometry": {
        "type": "Point",
        "coordinates": [
          30.3665647434126,
          60.002064937061355
        ]
      }
    },
    {
      "type": "Feature",
      "properties": {
        "monotonic_time": 399687.5086045265,
        "horizontal_accuracy": 6.330264755673734,
        "speed": 15.642245683711094,
        "course": 17.596864242186424,
        "synthetic": false
      },
      "geometry": {
        "type": "Point",
        "coordinates": [
          30.366652929229986,
          60.00219706941416
        ]
      }
    },
    {
      "type": "Feature",
      "properties": {
        "monotonic_time": 399688.50862038136,
        "horizontal_accuracy": 6.313206362037108,
        "speed": 15.448631674090313,
        "course": 17.98752339029899,
        "synthetic": false
      },
      "geometry": {
        "type": "Point",
        "coordinates": [
          30.366739574361524,
          60.00232888692111
        ]
      }
    },
    {
      "type": "Feature",
      "properties": {
        "monotonic_time": 399689.5086365938,
        "horizontal_accuracy": 6.220687950541361,
        "speed": 15.40501157299645,
        "course": 19.57113638183299,
        "synthetic": false
      },
      "geometry": {
        "type": "Point",
        "coordinates": [
          30.36683859134891,
          60.00246189823693
        ]
      }
    },
    {
      "type": "Feature",
      "properties": {
        "monotonic_time": 399690.50865256786,
        "horizontal_accuracy": 6.175025210340184,
        "speed": 15.319578484526152,
        "course": 18.618287014010264,
        "synthetic": false
      },
      "geometry": {
        "type": "Point",
        "coordinates": [
          30.36692734108276,
          60.00259666248024
        ]
      }
    },
    {
      "type": "Feature",
      "properties": {
        "monotonic_time": 399691.5086685419,
        "horizontal_accuracy": 6.102699920983149,
        "speed": 15.36574448877712,
        "course": 18.12461400691555,
        "synthetic": false
      },
      "geometry": {
        "type": "Point",
        "coordinates": [
          30.367010123108447,
          60.0027397112538
        ]
      }
    },
    {
      "type": "Feature",
      "properties": {
        "monotonic_time": 399692.50868463516,
        "horizontal_accuracy": 5.927896752076757,
        "speed": 15.410613679377882,
        "course": 18.316464976333098,
        "synthetic": false
      },
      "geometry": {
        "type": "Point",
        "coordinates": [
          30.367103095155755,
          60.002873347460415
        ]
      }
    },
    {
      "type": "Feature",
      "properties": {
        "monotonic_time": 399693.50870120525,
        "horizontal_accuracy": 5.910616148653946,
        "speed": 15.359397151363208,
        "course": 18.149069798654676,
        "synthetic": false
      },
      "geometry": {
        "type": "Point",
        "coordinates": [
          30.36719163297802,
          60.00300454648801
        ]
      }
    },
    {
      "type": "Feature",
      "properties": {
        "monotonic_time": 399694.50871682167,
        "horizontal_accuracy": 5.85079830220601,
        "speed": 15.43090528876121,
        "course": 18.484189007480094,
        "synthetic": false
      },
      "geometry": {
        "type": "Point",
        "coordinates": [
          30.367279950766836,
          60.003137306784545
        ]
      }
    },
    {
      "type": "Feature",
      "properties": {
        "monotonic_time": 399695.5087329149,
        "horizontal_accuracy": 5.882467352305385,
        "speed": 15.514591544749408,
        "course": 18.781316798976206,
        "synthetic": false
      },
      "geometry": {
        "type": "Point",
        "coordinates": [
          30.36736998449588,
          60.003273285642805
        ]
      }
    },
    {
      "type": "Feature",
      "properties": {
        "monotonic_time": 399696.50874888897,
        "horizontal_accuracy": 5.858425070674402,
        "speed": 15.626423511774247,
        "course": 18.908616642112545,
        "synthetic": false
      },
      "geometry": {
        "type": "Point",
        "coordinates": [
          30.36746694291675,
          60.003411328462825
        ]
      }
    },
    {
      "type": "Feature",
      "properties": {
        "monotonic_time": 399697.50876533985,
        "horizontal_accuracy": 5.774070490264489,
        "speed": 15.75981567223833,
        "course": 19.01688028423604,
        "synthetic": false
      },
      "geometry": {
        "type": "Point",
        "coordinates": [
          30.367559527536773,
          60.00355013805885
        ]
      }
    },
    {
      "type": "Feature",
      "properties": {
        "monotonic_time": 399698.50878059864,
        "horizontal_accuracy": 5.867084695706097,
        "speed": 15.912622689903465,
        "course": 18.778489573373953,
        "synthetic": false
      },
      "geometry": {
        "type": "Point",
        "coordinates": [
          30.3676520116911,
          60.00369276463532
        ]
      }
    },
    {
      "type": "Feature",
      "properties": {
        "monotonic_time": 399699.5087968111,
        "horizontal_accuracy": 6.042380655410355,
        "speed": 15.843238481075272,
        "course": 18.926656576616935,
        "synthetic": false
      },
      "geometry": {
        "type": "Point",
        "coordinates": [
          30.36774457762194,
          60.00382934631644
        ]
      }
    },
    {
      "type": "Feature",
      "properties": {
        "monotonic_time": 399700.50881302357,
        "horizontal_accuracy": 6.205527646661095,
        "speed": 15.169073652304501,
        "course": 18.99997973902024,
        "synthetic": false
      },
      "geometry": {
        "type": "Point",
        "coordinates": [
          30.367833416787686,
          60.0039634919354
        ]
      }
    },
    {
      "type": "Feature",
      "properties": {
        "monotonic_time": 399701.50882947445,
        "horizontal_accuracy": 6.476654478815907,
        "speed": 14.67879533218211,
        "course": 18.457703070055558,
        "synthetic": false
      },
      "geometry": {
        "type": "Point",
        "coordinates": [
          30.36791026373104,
          60.00409557042155
        ]
      }
    },
    {
      "type": "Feature",
      "properties": {
        "monotonic_time": 399702.5088452101,
        "horizontal_accuracy": 6.757900544479779,
        "speed": 13.979228229996178,
        "course": 18.370058948289845,
        "synthetic": false
      },
      "geometry": {
        "type": "Point",
        "coordinates": [
          30.367992387478097,
          60.00422230896748
        ]
      }
    },
    {
      "type": "Feature",
      "properties": {
        "monotonic_time": 399703.5088609457,
        "horizontal_accuracy": 6.835327090978956,
        "speed": 13.22606344658115,
        "course": 18.620952523577365,
        "synthetic": false
      },
      "geometry": {
        "type": "Point",
        "coordinates": [
          30.368072924302044,
          60.00433981514002
        ]
      }
    },
    {
      "type": "Feature",
      "properties": {
        "monotonic_time": 399704.5088772774,
        "horizontal_accuracy": 6.892704237481319,
        "speed": 12.884765210657587,
        "course": 18.520633027602166,
        "synthetic": false
      },
      "geometry": {
        "type": "Point",
        "coordinates": [
          30.368145385624253,
          60.00445667621467
        ]
      }
    },
    {
      "type": "Feature",
      "properties": {
        "monotonic_time": 399705.50889384747,
        "horizontal_accuracy": 7.147261620958715,
        "speed": 12.512474977372216,
        "course": 18.64466602473541,
        "synthetic": false
      },
      "geometry": {
        "type": "Point",
        "coordinates": [
          30.36820811407386,
          60.00456621627209
        ]
      }
    },
    {
      "type": "Feature",
      "properties": {
        "monotonic_time": 399706.5089100599,
        "horizontal_accuracy": 7.399858879447656,
        "speed": 12.69540523067212,
        "course": 18.51438931127171,
        "synthetic": false
      },
      "geometry": {
        "type": "Point",
        "coordinates": [
          30.368272758071893,
          60.00467885980336
        ]
      }
    },
    {
      "type": "Feature",
      "properties": {
        "monotonic_time": 399707.5089253187,
        "horizontal_accuracy": 7.857210702723249,
        "speed": 13.515120339089208,
        "course": 18.602103210115438,
        "synthetic": false
      },
      "geometry": {
        "type": "Point",
        "coordinates": [
          30.3683475111724,
          60.004795872580026
        ]
      }
    },
    {
      "type": "Feature",
      "properties": {
        "monotonic_time": 399708.508941412,
        "horizontal_accuracy": 8.17807913641887,
        "speed": 13.734077086616281,
        "course": 19.07450374908392,
        "synthetic": false
      },
      "geometry": {
        "type": "Point",
        "coordinates": [
          30.36842613523316,
          60.00491445655365
        ]
      }
    },
    {
      "type": "Feature",
      "properties": {
        "monotonic_time": 399709.50895774364,
        "horizontal_accuracy": 8.598438886102594,
        "speed": 12.498197184953316,
        "course": 20.322735238071655,
        "synthetic": false
      },
      "geometry": {
        "type": "Point",
        "coordinates": [
          30.368503241747007,
          60.005018666524855
        ]
      }
    },
    {
      "type": "Feature",
      "properties": {
        "monotonic_time": 399710.5089740753,
        "horizontal_accuracy": 10.685245235716682,
        "speed": 10.978152270011336,
        "course": 21.00135928429009,
        "synthetic": false
      },
      "geometry": {
        "type": "Point",
        "coordinates": [
          30.368580207682857,
          60.00511073781237
        ]
      }
    },
    {
      "type": "Feature",
      "properties": {
        "monotonic_time": 399711.50898981094,
        "horizontal_accuracy": 12.784234697911934,
        "speed": 9.31238620279256,
        "course": 21.48164446165961,
        "synthetic": false
      },
      "geometry": {
        "type": "Point",
        "coordinates": [
          30.36864814236384,
          60.00519053173929
        ]
      }
    },
    {
      "type": "Feature",
      "properties": {
        "monotonic_time": 399712.5090061426,
        "horizontal_accuracy": 11.423510830420847,
        "speed": 7.09344365074305,
        "course": 21.43967091297721,
        "synthetic": false
      },
      "geometry": {
        "type": "Point",
        "coordinates": [
          30.368697263959863,
          60.00525367195836
        ]
      }
    },
    {
      "type": "Feature",
      "properties": {
        "monotonic_time": 399713.50902187824,
        "horizontal_accuracy": 11.752912032457271,
        "speed": 5.060769429090079,
        "course": 23.079488633295433,
        "synthetic": false
      },
      "geometry": {
        "type": "Point",
        "coordinates": [
          30.368747855195203,
          60.00529245435322
        ]
      }
    },
    {
      "type": "Feature",
      "properties": {
        "monotonic_time": 399714.5090377331,
        "horizontal_accuracy": 12.69453748650563,
        "speed": 2.7440930577790743,
        "course": 24.623808061609036,
        "synthetic": false
      },
      "geometry": {
        "type": "Point",
        "coordinates": [
          30.36877248575571,
          60.005307643223354
        ]
      }
    },
    {
      "type": "Feature",
      "properties": {
        "monotonic_time": 399715.5090544224,
        "horizontal_accuracy": 13.726833032362963,
        "speed": 0.10532424725935872,
        "course": 24.88209222595854,
        "synthetic": false
      },
      "geometry": {
        "type": "Point",
        "coordinates": [
          30.368766795498843,
          60.005300737971496
        ]
      }
    },
    {
      "type": "Feature",
      "properties": {
        "monotonic_time": 399716.50907075405,
        "horizontal_accuracy": 15.058197635482411,
        "speed": 0.3886584630405993,
        "course": 24.882108152132254,
        "synthetic": false
      },
      "geometry": {
        "type": "Point",
        "coordinates": [
          30.36878558240788,
          60.005328939543226
        ]
      }
    },
    {
      "type": "Feature",
      "properties": {
        "monotonic_time": 399717.5090864897,
        "horizontal_accuracy": 16.32335411591996,
        "speed": 0.24015531269496249,
        "course": 24.882101518793007,
        "synthetic": false
      },
      "geometry": {
        "type": "Point",
        "coordinates": [
          30.368777838036063,
          60.005318888369935
        ]
      }
    },
    {
      "type": "Feature",
      "properties": {
        "monotonic_time": 399718.50910258293,
        "horizontal_accuracy": 17.6433878462401,
        "speed": 0,
        "course": 24.88208163934261,
        "synthetic": false
      },
      "geometry": {
        "type": "Point",
        "coordinates": [
          30.368756069759602,
          60.00531911078087
        ]
      }
    },
    {
      "type": "Feature",
      "properties": {
        "monotonic_time": 399719.5091189146,
        "horizontal_accuracy": 18.833494608462292,
        "speed": 0,
        "course": 24.88208163934261,
        "synthetic": false
      },
      "geometry": {
        "type": "Point",
        "coordinates": [
          30.368756069759602,
          60.00531911078087
        ]
      }
    },
    {
      "type": "Feature",
      "properties": {
        "monotonic_time": 399720.50913512707,
        "horizontal_accuracy": 19.927858155302435,
        "speed": 0,
        "course": 24.88208163934261,
        "synthetic": false
      },
      "geometry": {
        "type": "Point",
        "coordinates": [
          30.368756069759602,
          60.00531911078087
        ]
      }
    },
    {
      "type": "Feature",
      "properties": {
        "monotonic_time": 399721.50915038586,
        "horizontal_accuracy": 20.91751883285761,
        "speed": 0,
        "course": 24.88208163934261,
        "synthetic": false
      },
      "geometry": {
        "type": "Point",
        "coordinates": [
          30.368756069759602,
          60.00531911078087
        ]
      }
    },
    {
      "type": "Feature",
      "properties": {
        "monotonic_time": 399722.5091664791,
        "horizontal_accuracy": 21.791842840331423,
        "speed": 0,
        "course": 24.88208163934261,
        "synthetic": false
      },
      "geometry": {
        "type": "Point",
        "coordinates": [
          30.368756069759602,
          60.00531911078087
        ]
      }
    },
    {
      "type": "Feature",
      "properties": {
        "monotonic_time": 399723.50918293,
        "horizontal_accuracy": 10.243059292509784,
        "speed": 0,
        "course": 24.88208163934261,
        "synthetic": false
      },
      "geometry": {
        "type": "Point",
        "coordinates": [
          30.368756069759602,
          60.00531911078087
        ]
      }
    },
    {
      "type": "Feature",
      "properties": {
        "monotonic_time": 399724.5091986656,
        "horizontal_accuracy": 10.101570042819967,
        "speed": 0.05967909031677175,
        "course": 24.882056180416786,
        "synthetic": false
      },
      "geometry": {
        "type": "Point",
        "coordinates": [
          30.368727196330784,
          60.00529842870696
        ]
      }
    },
    {
      "type": "Feature",
      "properties": {
        "monotonic_time": 399725.50921463966,
        "horizontal_accuracy": 9.869445967144054,
        "speed": 0,
        "course": 24.88205397828287,
        "synthetic": false
      },
      "geometry": {
        "type": "Point",
        "coordinates": [
          30.368724626460573,
          60.00529511517935
        ]
      }
    },
    {
      "type": "Feature",
      "properties": {
        "monotonic_time": 399726.50923132896,
        "horizontal_accuracy": 9.584482164644356,
        "speed": 0.10369061645190684,
        "course": 24.882047384431466,
        "synthetic": false
      },
      "geometry": {
        "type": "Point",
        "coordinates": [
          30.368717303860585,
          60.00529303569418
        ]
      }
    },
    {
      "type": "Feature",
      "properties": {
        "monotonic_time": 399727.5092474222,
        "horizontal_accuracy": 9.203121550679695,
        "speed": 0.07056690423443021,
        "course": 24.882043217351995,
        "synthetic": false
      },
      "geometry": {
        "type": "Point",
        "coordinates": [
          30.368712626270863,
          60.00529066919765
        ]
      }
    },
    {
      "type": "Feature",
      "properties": {
        "monotonic_time": 399728.5092635155,
        "horizontal_accuracy": 8.85733527988585,
        "speed": 0.11914993279494256,
        "course": 24.8820426122908,
        "synthetic": false
      },
      "geometry": {
        "type": "Point",
        "coordinates": [
          30.368711841525496,
          60.00528810247274
        ]
      }
    },
    {
      "type": "Feature",
      "properties": {
        "monotonic_time": 399729.5092796087,
        "horizontal_accuracy": 8.538674808404691,
        "speed": 0.23628608577445262,
        "course": 24.882046742492655,
        "synthetic": false
      },
      "geometry": {
        "type": "Point",
        "coordinates": [
          30.368716225908877,
          60.005285144749884
        ]
      }
    },
    {
      "type": "Feature",
      "properties": {
        "monotonic_time": 399730.5092958212,
        "horizontal_accuracy": 8.219853881042294,
        "speed": 0.21335229267513992,
        "course": 24.88205315664475,
        "synthetic": false
      },
      "geometry": {
        "type": "Point",
        "coordinates": [
          30.36872309460971,
          60.005281811031814
        ]
      }
    },
    {
      "type": "Feature",
      "properties": {
        "monotonic_time": 399731.5082433224,
        "horizontal_accuracy": 8.020951502841717,
        "speed": 0.23337159303900207,
        "course": 24.88205977874899,
        "synthetic": false
      },
      "geometry": {
        "type": "Point",
        "coordinates": [
          30.368730289922148,
          60.0052805578964
        ]
      }
    },
    {
      "type": "Feature",
      "properties": {
        "monotonic_time": 399732.50820946693,
        "horizontal_accuracy": 8.059602356938727,
        "speed": 0,
        "course": 24.882064145541797,
        "synthetic": false
      },
      "geometry": {
        "type": "Point",
        "coordinates": [
          30.368734975369655,
          60.00527848193592
        ]
      }
    },
    {
      "type": "Feature",
      "properties": {
        "monotonic_time": 399733.50822532177,
        "horizontal_accuracy": 8.35362440148851,
        "speed": 0.40835226740295816,
        "course": 24.882077685443317,
        "synthetic": false
      },
      "geometry": {
        "type": "Point",
        "coordinates": [
          30.36874977377878,
          60.0052777413519
        ]
      }
    },
    {
      "type": "Feature",
      "properties": {
        "monotonic_time": 399734.50804567337,
        "horizontal_accuracy": 9.106567460581493,
        "speed": 0.4901983898728468,
        "course": 24.88208592554009,
        "synthetic": false
      },
      "geometry": {
        "type": "Point",
        "coordinates": [
          30.368758894637896,
          60.005279709682576
        ]
      }
    },
    {
      "type": "Feature",
      "properties": {
        "monotonic_time": 399735.5077598095,
        "horizontal_accuracy": 10.036915611931038,
        "speed": 0.524932153324666,
        "course": 24.882092912621676,
        "synthetic": false
      },
      "geometry": {
        "type": "Point",
        "coordinates": [
          30.36876667758913,
          60.005282411483655
        ]
      }
    },
    {
      "type": "Feature",
      "properties": {
        "monotonic_time": 399736.5077763796,
        "horizontal_accuracy": 11.57386745803026,
        "speed": 0.6979066837726952,
        "course": 24.882101391913228,
        "synthetic": false
      },
      "geometry": {
        "type": "Point",
        "coordinates": [
          30.36877618250806,
          60.00528694942906
        ]
      }
    },
    {
      "type": "Feature",
      "properties": {
        "monotonic_time": 399737.50857913494,
        "horizontal_accuracy": 13.221415140268663,
        "speed": 0.7248894754686485,
        "course": 24.882107893553076,
        "synthetic": false
      },
      "geometry": {
        "type": "Point",
        "coordinates": [
          30.36878351683874,
          60.00529140352585
        ]
      }
    },
    {
      "type": "Feature",
      "properties": {
        "monotonic_time": 399738.5079700947,
        "horizontal_accuracy": 14.79010270626698,
        "speed": 0.6682391589479246,
        "course": 24.88212640993687,
        "synthetic": false
      },
      "geometry": {
        "type": "Point",
        "coordinates": [
          30.368803772257944,
          60.00529076922621
        ]
      }
    },
    {
      "type": "Feature",
      "properties": {
        "monotonic_time": 399739.5079857111,
        "horizontal_accuracy": 16.552027770182786,
        "speed": 0.8011604469126535,
        "course": 24.88214700372197,
        "synthetic": false
      },
      "geometry": {
        "type": "Point",
        "coordinates": [
          30.368826410787793,
          60.00529239308962
        ]
      }
    },
    {
      "type": "Feature",
      "properties": {
        "monotonic_time": 399740.6475532055,
        "horizontal_accuracy": 18.6044320225329,
        "speed": 0.9852957197575017,
        "course": 24.88215969902768,
        "synthetic": false
      },
      "geometry": {
        "type": "Point",
        "coordinates": [
          30.368840657576545,
          60.005299522203565
        ]
      }
    },
    {
      "type": "Feature",
      "properties": {
        "monotonic_time": 399741.64893114567,
        "horizontal_accuracy": 19.905130998831805,
        "speed": 1.0693135313659357,
        "course": 24.88216996675476,
        "synthetic": false
      },
      "geometry": {
        "type": "Point",
        "coordinates": [
          30.368852298969344,
          60.00530779125899
        ]
      }
    },
    {
      "type": "Feature",
      "properties": {
        "monotonic_time": 399745.6483670473,
        "horizontal_accuracy": 28.735165793064432,
        "speed": 0,
        "course": 24.88217919371379,
        "synthetic": false
      },
      "geometry": {
        "type": "Point",
        "coordinates": [
          30.368861597173968,
          60.00529072484538
        ]
      }
    },
    {
      "type": "Feature",
      "properties": {
        "monotonic_time": 399746.64662754536,
        "horizontal_accuracy": 28.855057555705923,
        "speed": 0.7932847350009891,
        "course": 24.882167720994747,
        "synthetic": false
      },
      "geometry": {
        "type": "Point",
        "coordinates": [
          30.36884931089477,
          60.00529667668616
        ]
      }
    },
    {
      "type": "Feature",
      "properties": {
        "monotonic_time": 399747.648008585,
        "horizontal_accuracy": 31.28170335252367,
        "speed": 0,
        "course": 24.882198101229623,
        "synthetic": false
      },
      "geometry": {
        "type": "Point",
        "coordinates": [
          30.36888187703016,
          60.00528158062206
        ]
      }
    },
    {
      "type": "Feature",
      "properties": {
        "monotonic_time": 399748.6479523182,
        "horizontal_accuracy": 34.48455551581246,
        "speed": 0.9075044923582221,
        "course": 24.882217320756787,
        "synthetic": false
      },
      "geometry": {
        "type": "Point",
        "coordinates": [
          30.368903181348085,
          60.00528681312978
        ]
      }
    },
    {
      "type": "Feature",
      "properties": {
        "monotonic_time": 399749.6469641924,
        "horizontal_accuracy": 37.54200778998356,
        "speed": 1.113212378142927,
        "course": 24.882236773124614,
        "synthetic": false
      },
      "geometry": {
        "type": "Point",
        "coordinates": [
          30.36892451012729,
          60.00528718850285
        ]
      }
    },
    {
      "type": "Feature",
      "properties": {
        "monotonic_time": 399750.6486597061,
        "horizontal_accuracy": 40.80433572073949,
        "speed": 0.8550645179084936,
        "course": 24.882249893181328,
        "synthetic": false
      },
      "geometry": {
        "type": "Point",
        "coordinates": [
          30.368938865019235,
          60.005286794063366
        ]
      }
    },
    {
      "type": "Feature",
      "properties": {
        "monotonic_time": 399751.6473761797,
        "horizontal_accuracy": 44.22509620468123,
        "speed": 0.883919497998814,
        "course": 24.88225800632137,
        "synthetic": false
      },
      "geometry": {
        "type": "Point",
        "coordinates": [
          30.368947903492373,
          60.00528995646986
        ]
      }
    },
    {
      "type": "Feature",
      "properties": {
        "monotonic_time": 399752.6481962204,
        "horizontal_accuracy": 47.998191672555585,
        "speed": 0,
        "course": 24.88226086683363,
        "synthetic": false
      },
      "geometry": {
        "type": "Point",
        "coordinates": [
          30.368950819642933,
          60.00528537219319
        ]
      }
    },
    {
      "type": "Feature",
      "properties": {
        "monotonic_time": 399753.64745235443,
        "horizontal_accuracy": 51.987552644007366,
        "speed": 0,
        "course": 24.88226086683363,
        "synthetic": false
      },
      "geometry": {
        "type": "Point",
        "coordinates": [
          30.368950819642933,
          60.00528537219319
        ]
      }
    },
    {
      "type": "Feature",
      "properties": {
        "monotonic_time": 399754.6481631994,
        "horizontal_accuracy": 56.24072325334904,
        "speed": 0,
        "course": 24.88226086683363,
        "synthetic": false
      },
      "geometry": {
        "type": "Point",
        "coordinates": [
          30.368950819642933,
          60.00528537219319
        ]
      }
    },
    {
      "type": "Feature",
      "properties": {
        "monotonic_time": 399755.6474388838,
        "horizontal_accuracy": 60.24302062837239,
        "speed": 0,
        "course": 24.88226086683363,
        "synthetic": false
      },
      "geometry": {
        "type": "Point",
        "coordinates": [
          30.368950819642933,
          60.00528537219319
        ]
      }
    }
  ]
}