{
  "type": "FeatureCollection",
  "features": [
    {
      "type": "Feature",
      "properties": {
        "name": "ekf_dead_reckoning",
        "point_count": 2078,
        "segment_count": 42,
        "role": "baseline"
      },
      "geometry": {
        "type": "MultiLineString",
        "coordinates": [
          [
            [
              30.228227950614663,
              60.034261509600135
            ],
            [
              30.22838038801604,
              60.03413359647691
            ],
            [
              30.228552230174632,
              60.03399071656703
            ],
            [
              30.228721360954157,
              60.03384562001073
            ],
            [
              30.22877586060068,
              60.033795470803554
            ],
            [
              30.22890309198954,
              60.03368633903198
            ],
            [
              30.229023635250464,
              60.033582826852985
            ],
            [
              30.229135333701233,
              60.03348794229987
            ],
            [
              30.229235659748564,
              60.03340226878084
            ],
            [
              30.229327545076828,
              60.033324494575446
            ],
            [
              30.229404642680027,
              60.03325938340889
            ],
            [
              30.22946465376721,
              60.033208674779225
            ],
            [
              30.229519027334295,
              60.033162668979834
            ],
            [
              30.22955896924611,
              60.03312856062945
            ],
            [
              30.229590483985888,
              60.03309840755813
            ],
            [
              30.229620741066597,
              60.03307063159196
            ],
            [
              30.22962733088101,
              60.03306328952199
            ],
            [
              30.22963154884198,
              60.03305810905103
            ],
            [
              30.229641828588292,
              60.033050580304646
            ],
            [
              30.229650769680493,
              60.03303949498965
            ],
            [
              30.229658463577426,
              60.03303086035003
            ],
            [
              30.22965771880286,
              60.0330314971367
            ],
            [
              30.229657072756215,
              60.033032035417385
            ],
            [
              30.229656356596486,
              60.03303264146873
            ],
            [
              30.229655646360936,
              60.033033251422175
            ],
            [
              30.229654937214363,
              60.033033860297344
            ],
            [
              30.22965428614957,
              60.03303442042828
            ]
          ],
          [
            [
              30.23048292158704,
              60.032129182671596
            ],
            [
              30.230561645032736,
              60.032058617319244
            ],
            [
              30.23062908130361,
              60.03199437250195
            ],
            [
              30.230690121306235,
              60.031934985329
            ],
            [
              30.230747046316694,
              60.03188262546996
            ],
            [
              30.23080580462707,
              60.03183206333564
            ],
            [
              30.23085977551666,
              60.03178471242127
            ],
            [
              30.23091361447688,
              60.03173618510944
            ],
            [
              30.230964947634288,
              60.03169015503535
            ],
            [
              30.231013264389766,
              60.03164737580689
            ],
            [
              30.231049478451073,
              60.03161053513784
            ],
            [
              30.231077902916752,
              60.03158015637989
            ],
            [
              30.231099365224807,
              60.03155438161994
            ],
            [
              30.231119914425328,
              60.03152666955686
            ],
            [
              30.23112546662572,
              60.031504272966345
            ],
            [
              30.231133109872374,
              60.03148378949828
            ],
            [
              30.23114193458764,
              60.031464309081414
            ],
            [
              30.231154501689346,
              60.03144493361783
            ],
            [
              30.231169866795014,
              60.03142539714023
            ],
            [
              30.231187626800455,
              60.03140487345124
            ],
            [
              30.231204985514292,
              60.03138313199044
            ],
            [
              30.231225921040938,
              60.031359104754465
            ],
            [
              30.23124961213649,
              60.03133342041896
            ],
            [
              30.23124909091753,
              60.03133388642921
            ],
            [
              30.231248541011354,
              60.031334366520625
            ],
            [
              30.23124822331988,
              60.03133463866253
            ],
            [
              30.23124777215312,
              60.031335021076586
            ],
            [
              30.231247580234687,
              60.03133518207745
            ],
            [
              30.231247580234687,
              60.03133518207745
            ]
          ],
          [
            [
              30.232289511629677,
              60.03048129215241
            ],
            [
              30.23239723618009,
              60.03039496171741
            ],
            [
              30.232500422159696,
              60.03031208526793
            ],
            [
              30.232600673851415,
              60.03023173438877
            ],
            [
              30.232702487381545,
              60.03014777543043
            ],
            [
              30.23280451353184,
              60.03006613682808
            ],
            [
              30.232913964032665,
              60.029982791401075
            ],
            [
              30.233031750481715,
              60.029895790561866
            ],
            [
              30.23315418711854,
              60.029802308454556
            ],
            [
              30.233289326858134,
              60.02969963615543
            ],
            [
              30.233433666827437,
              60.02960734791125
            ],
            [
              30.233591949954292,
              60.02951034510011
            ],
            [
              30.233756996188504,
              60.02941045768626
            ],
            [
              30.23392578712165,
              60.02930839070628
            ],
            [
              30.234090871041683,
              60.02920305904341
            ],
            [
              30.234267528944745,
              60.02908460562534
            ],
            [
              30.234424199668513,
              60.02897108894288
            ],
            [
              30.23457263508337,
              60.028854091485705
            ],
            [
              30.23471207967593,
              60.028740733028464
            ],
            [
              30.234841068089114,
              60.02862767776676
            ],
            [
              30.234968452357034,
              60.028513701953756
            ],
            [
              30.235096622709378,
              60.028400115969504
            ],
            [
              30.235222941636497,
              60.028287414618624
            ],
            [
              30.235345424859904,
              60.02817595031198
            ],
            [
              30.2354634078953,
              60.02806980524803
            ],
            [
              30.235575820398022,
              60.0279670797327
            ],
            [
              30.23568199645582,
              60.02787162507437
            ],
            [
              30.235776671158956,
              60.0277877366804
            ],
            [
              30.235903190003956,
              60.02767816304336
            ],
            [
              30.236031896028614,
              60.02756790752105
            ],
            [
              30.236159624308787,
              60.02745736963759
            ],
            [
              30.23627363409852,
              60.02734466238695
            ],
            [
              30.236330528570065,
              60.02723378365335
            ],
            [
              30.236317118349774,
              60.027133415325565
            ]
          ],
          [
            [
              30.235986515183832,
              60.02759693437612
            ],
            [
              30.235901204208357,
              60.027555872843116
            ],
            [
              30.23580452213069,
              60.02752661068055
            ],
            [
              30.235687116312825,
              60.027495240245436
            ],
            [
              30.235544816885444,
              60.02745953996822
            ],
            [
              30.2353943121092,
              60.02742093829726
            ],
            [
              30.235241886224884,
              60.02738417051445
            ],
            [
              30.235090781992913,
              60.02735483693531
            ],
            [
              30.23494376251286,
              60.02733949580842
            ],
            [
              30.234807991077876,
              60.02733879390659
            ],
            [
              30.234680013772937,
              60.02734909433858
            ],
            [
              30.234548275058245,
              60.027362664010376
            ],
            [
              30.234398855741563,
              60.02736648408109
            ],
            [
              30.234240572749037,
              60.027345809782645
            ],
            [
              30.234101272811476,
              60.02731420189426
            ],
            [
              30.23390841525281,
              60.02726097525762
            ],
            [
              30.233711988802728,
              60.027207862668405
            ],
            [
              30.23351452361448,
              60.027155722566434
            ],
            [
              30.23331657549475,
              60.02710404306839
            ],
            [
              30.23311818465362,
              60.02705279082166
            ],
            [
              30.232919655922164,
              60.02700167282294
            ]
          ],
          [
            [
              30.233984110459545,
              60.02729621205048
            ],
            [
              30.23398099575826,
              60.02729570921151
            ],
            [
              30.233977932408532,
              60.02729497958063
            ],
            [
              30.23397475815264,
              60.02729390538611
            ],
            [
              30.23397164413774,
              60.02729279469432
            ],
            [
              30.233966399427317,
              60.02729386930825
            ],
            [
              30.23396415064655,
              60.02729297177472
            ],
            [
              30.23396150990251,
              60.02729247920003
            ],
            [
              30.23395980469639,
              60.02729220043792
            ],
            [
              30.233958588643794,
              60.027292027024764
            ],
            [
              30.233953959073762,
              60.027291974855984
            ],
            [
              30.233938401984805,
              60.027289248308584
            ],
            [
              30.233906406180513,
              60.0272824376017
            ],
            [
              30.233855693371034,
              60.02727011541572
            ],
            [
              30.23378396289679,
              60.027252347866536
            ],
            [
              30.23369032426994,
              60.027228267005796
            ],
            [
              30.233573215159495,
              60.0271964675264
            ],
            [
              30.233439175961212,
              60.02715673969575
            ],
            [
              30.233285088478983,
              60.027107558625254
            ],
            [
              30.233198340854322,
              60.02707843049434
            ],
            [
              30.233112071694983,
              60.02705045855985
            ],
            [
              30.233025779037078,
              60.027022410372325
            ],
            [
              30.23293048487991,
              60.0269893512665
            ],
            [
              30.23282077459601,
              60.02694633319353
            ],
            [
              30.232697727972454,
              60.02689371397423
            ]
          ],
          [
            [
              30.231666850101117,
              60.02657324179595
            ],
            [
              30.23149018404686,
              60.02650211483841
            ],
            [
              30.231325177728632,
              60.02643454092157
            ],
            [
              30.231175373168742,
              60.026374144676545
            ],
            [
              30.231037011386405,
              60.026317729161256
            ],
            [
              30.230912168810086,
              60.026266306284654
            ],
            [
              30.230807978145826,
              60.02622133507415
            ],
            [
              30.230719263952192,
              60.02618260052777
            ],
            [
              30.2306416893015,
              60.02614915738872
            ],
            [
              30.230507891902274,
              60.02609009420352
            ],
            [
              30.230375969947136,
              60.02602697936434
            ],
            [
              30.230266622323267,
              60.025951429922
            ],
            [
              30.23016528609599,
              60.0258753521375
            ],
            [
              30.230056507226674,
              60.02580395453871
            ],
            [
              30.229938784915095,
              60.02573915094678
            ]
          ],
          [
            [
              30.230413442912646,
              60.02604952414912
            ],
            [
              30.230336952976185,
              60.02601935887729
            ],
            [
              30.23026506096544,
              60.02598532389041
            ],
            [
              30.230184562892745,
              60.025951762280386
            ],
            [
              30.23009721562425,
              60.02591590233317
            ],
            [
              30.230000581323296,
              60.025877745957274
            ],
            [
              30.229891932976155,
              60.02583498009769
            ],
            [
              30.22977306383868,
              60.025786218124026
            ],
            [
              30.229642519343365,
              60.02573205722627
            ],
            [
              30.22951391817999,
              60.02567890397633
            ],
            [
              30.22938885396425,
              60.02562929296672
            ],
            [
              30.22927335213673,
              60.0255838554601
            ],
            [
              30.229171858335338,
              60.02554416464827
            ],
            [
              30.229085362857578,
              60.02551110972104
            ],
            [
              30.229018196117632,
              60.02548540195511
            ],
            [
              30.228974120973195,
              60.0254687048856
            ],
            [
              30.22894359426074,
              60.025457360803976
            ],
            [
              30.228925298053557,
              60.02545054622767
            ],
            [
              30.22891601731822,
              60.02544748754036
            ],
            [
              30.22891427534982,
              60.025447341846046
            ],
            [
              30.228917492329117,
              60.02544928739861
            ],
            [
              30.228924935409303,
              60.02545299359473
            ],
            [
              30.228935269669357,
              60.02545777867761
            ],
            [
              30.228947331472543,
              60.0254633457593
            ],
            [
              30.228961141897347,
              60.02546961276636
            ],
            [
              30.22897198515577,
              60.02547464836575
            ],
            [
              30.22898030791258,
              60.0254785627855
            ],
            [
              30.228986861891613,
              60.025481658965205
            ],
            [
              30.228992160624262,
              60.0254841709223
            ],
            [
              30.228996542071165,
              60.025486253298006
            ],
            [
              30.229000226328594,
              60.025488007950855
            ],
            [
              30.229003373215452,
              60.02548950877227
            ],
            [
              30.22900609544381,
              60.02549080833404
            ],
            [
              30.22900847460416,
              60.025491944884415
            ],
            [
              30.229010573889134,
              60.02549294810424
            ],
            [
              30.22901244518304,
              60.025493842199324
            ],
            [
              30.22901412505816,
              60.02549464442662
            ],
            [
              30.229015656007356,
              60.02549537384709
            ],
            [
              30.229017048778033,
              60.02549623539541
            ],
            [
              30.22901832390991,
              60.025497019752144
            ],
            [
              30.229019396823638,
              60.02549769252515
            ],
            [
              30.229020385563754,
              60.025498311269416
            ],
            [
              30.22902130309254,
              60.02549888348185
            ],
            [
              30.22902215727971,
              60.02549941430029
            ],
            [
              30.229022955418223,
              60.02549990837567
            ],
            [
              30.22902370410669,
              60.02550036983938
            ],
            [
              30.22902440325451,
              60.02550080012153
            ],
            [
              30.22902506471799,
              60.0255012048075
            ],
            [
              30.22902569132146,
              60.02550158609649
            ],
            [
              30.22902628457844,
              60.02550194551176
            ],
            [
              30.22902685028504,
              60.0255022860293
            ],
            [
              30.229027390328177,
              60.02550260913456
            ],
            [
              30.229027905280194,
              60.025502915699164
            ],
            [
              30.229028400333842,
              60.02550320817907
            ],
            [
              30.229028872865722,
              60.02550348625169
            ],
            [
              30.2290293273534,
              60.02550375194785
            ],
            [
              30.22902976566725,
              60.025504006428804
            ],
            [
              30.229030188781795,
              60.02550425043614
            ],
            [
              30.22903059392918,
              60.02550448330541
            ],
            [
              30.229030986236168,
              60.025504707303696
            ],
            [
              30.229031367041017,
              60.02550492317778
            ],
            [
              30.22903173411771,
              60.0255051304064
            ],
            [
              30.229032093671144,
              60.02550533152245
            ],
            [
              30.229032441992025,
              60.025505525396575
            ],
            [
              30.229032779219864,
              60.02550571232296
            ],
            [
              30.22903310965741,
              60.02550589398402
            ],
            [
              30.22903342999253,
              60.02550606945306
            ],
            [
              30.22903374109597,
              60.025506239226566
            ],
            [
              30.229034045516244,
              60.025506404336106
            ],
            [
              30.229034339830562,
              60.025506563719894
            ],
            [
              30.229034628059484,
              60.02550671899806
            ],
            [
              30.22903491142375,
              60.02550687067218
            ],
            [
              30.229035190957465,
              60.02550701925976
            ],
            [
              30.229035462785703,
              60.02550716351807
            ],
            [
              30.22903572606805,
              60.02550730324735
            ],
            [
              30.229036013102327,
              60.02550744994318
            ],
            [
              30.229035987195616,
              60.02550747634912
            ],
            [
              30.229035877555102,
              60.02550747493444
            ],
            [
              30.229035747743346,
              60.02550745931581
            ],
            [
              30.22903567421261,
              60.02550745374705
            ],
            [
              30.229035609224802,
              60.02550745062851
            ],
            [
              30.229035546848603,
              60.02550744792497
            ],
            [
              30.229035490827616,
              60.02550744699646
            ],
            [
              30.229035439246633,
              60.025507447222424
            ],
            [
              30.229035391318142,
              60.025507448390314
            ],
            [
              30.229035390576527,
              60.02550746561098
            ],
            [
              30.229035496363526,
              60.025507481741364
            ],
            [
              30.229035296872073,
              60.025507359080336
            ],
            [
              30.229034213204585,
              60.02550707823923
            ],
            [
              30.229032029465262,
              60.025506177499835
            ],
            [
              30.229032328979105,
              60.025506297051834
            ],
            [
              30.229032328979105,
              60.025506297051834
            ],
            [
              30.229032328979105,
              60.025506297051834
            ],
            [
              30.229032328979105,
              60.025506297051834
            ],
            [
              30.229032328979105,
              60.025506297051834
            ],
            [
              30.229032328979105,
              60.025506297051834
            ]
          ],
          [
            [
              30.22775102602736,
              60.02498470410113
            ],
            [
              30.227559560472542,
              60.02490541409841
            ],
            [
              30.2273686522005,
              60.02482605518491
            ],
            [
              30.227174369606583,
              60.02474518181138
            ],
            [
              30.226972377792997,
              60.024662389625604
            ],
            [
              30.22676018592424,
              60.02457505028169
            ],
            [
              30.226536960557265,
              60.024481562339425
            ],
            [
              30.22630525656165,
              60.02438504411597
            ],
            [
              30.226072465785006,
              60.024288110721244
            ],
            [
              30.22584480418415,
              60.02419477236885
            ],
            [
              30.225633927310728,
              60.024109907377046
            ],
            [
              30.22544083917668,
              60.02403300933092
            ],
            [
              30.225267811517092,
              60.023964602469924
            ],
            [
              30.225116399030867,
              60.0239034035066
            ],
            [
              30.224986831024054,
              60.023850595293084
            ],
            [
              30.22487948203104,
              60.02380626496069
            ],
            [
              30.224853419718478,
              60.023794304171425
            ],
            [
              30.224771653755877,
              60.023760214901216
            ],
            [
              30.224664505864613,
              60.023715649403165
            ],
            [
              30.224554956341937,
              60.02366937452892
            ],
            [
              30.224438303946037,
              60.02362018986052
            ],
            [
              30.22431056484905,
              60.023565169578305
            ],
            [
              30.224163779394456,
              60.02350356031036
            ],
            [
              30.224001707768046,
              60.0234358377505
            ],
            [
              30.22382980796933,
              60.02336382576161
            ],
            [
              30.223652533843442,
              60.023290994613134
            ],
            [
              30.223470876767642,
              60.023217776002625
            ],
            [
              30.223291579487235,
              60.02314597227252
            ],
            [
              30.223113453653433,
              60.02307493507044
            ],
            [
              30.222943011334777,
              60.02300632006303
            ],
            [
              30.222778832542115,
              60.0229397563028
            ],
            [
              30.22262602208864,
              60.02287899377277
            ],
            [
              30.222487566786953,
              60.02282516193707
            ],
            [
              30.222364646084163,
              60.02277824310055
            ],
            [
              30.222261210761534,
              60.022737972367906
            ],
            [
              30.22217493893633,
              60.022703346040906
            ],
            [
              30.22210641618164,
              60.022674852676424
            ],
            [
              30.222056298849417,
              60.022653456101544
            ],
            [
              30.222022879619917,
              60.02263929517144
            ],
            [
              30.222002201542335,
              60.022630761773506
            ],
            [
              30.22199393016391,
              60.02262699677212
            ],
            [
              30.221994985147735,
              60.02262669627241
            ],
            [
              30.22200286395682,
              60.02262911510235
            ],
            [
              30.222014390349898,
              60.02263328087471
            ],
            [
              30.22202764894061,
              60.0226383126528
            ],
            [
              30.222039242614624,
              60.02264254926979
            ],
            [
              30.222048091475333,
              60.022645884033885
            ],
            [
              30.222054607149875,
              60.0226485616961
            ],
            [
              30.222059828762713,
              60.022650864735624
            ],
            [
              30.222063637517994,
              60.02265275699962
            ],
            [
              30.22206684748248,
              60.02265435216144
            ],
            [
              30.22206959150107,
              60.022655715935066
            ],
            [
              30.222071968838588,
              60.022656897235585
            ],
            [
              30.222073997680134,
              60.02265790380046
            ],
            [
              30.22207577013181,
              60.022658781839695
            ],
            [
              30.222077407731362,
              60.02265959106516
            ],
            [
              30.222078415710335,
              60.02266060758032
            ],
            [
              30.222079070517545,
              60.02266142650247
            ],
            [
              30.22207949773857,
              60.02266202556508
            ],
            [
              30.22207991057172,
              60.02266257339199
            ],
            [
              30.222079667829327,
              60.022662734753254
            ],
            [
              30.222079212886413,
              60.02266277945179
            ],
            [
              30.22207881834899,
              60.022662835125146
            ],
            [
              30.22207765429415,
              60.02266269501943
            ],
            [
              30.222076517332404,
              60.02266258620802
            ],
            [
              30.222075336363762,
              60.022662406389024
            ],
            [
              30.222074216374477,
              60.022662237868076
            ],
            [
              30.22207313835353,
              60.02266207516032
            ],
            [
              30.222072106661393,
              60.02266192037424
            ],
            [
              30.222071096187523,
              60.02266176847721
            ],
            [
              30.222070139928206,
              60.022661626378074
            ],
            [
              30.22206928418611,
              60.022661503617456
            ],
            [
              30.222068463005137,
              60.02266138643357
            ],
            [
              30.222067735176285,
              60.022661288789095
            ],
            [
              30.22206715207837,
              60.022661221104144
            ],
            [
              30.22206661945159,
              60.02266116363264
            ],
            [
              30.22206611108409,
              60.02266110991633
            ],
            [
              30.22206565786468,
              60.022661067722225
            ],
            [
              30.2220652647159,
              60.02266103738819
            ],
            [
              30.222064918984245,
              60.02266101732589
            ],
            [
              30.222064632718713,
              60.0226610100716
            ],
            [
              30.222064343480998,
              60.02266100108732
            ],
            [
              30.222064099236935,
              60.02266100202526
            ],
            [
              30.222063851739446,
              60.022661001882426
            ],
            [
              30.222062919031174,
              60.02266091218199
            ],
            [
              30.222061874663133,
              60.02266079466505
            ],
            [
              30.222060972766492,
              60.02266066483639
            ],
            [
              30.222060323084083,
              60.02266052845803
            ],
            [
              30.222059909840873,
              60.02266038952535
            ],
            [
              30.222059484926344,
              60.02266024626941
            ],
            [
              30.222059127869986,
              60.02266012831114
            ],
            [
              30.2220588203698,
              60.022660029006396
            ],
            [
              30.22205855325024,
              60.022659944924975
            ],
            [
              30.222058327159434,
              60.02265987622398
            ],
            [
              30.222058147786527,
              60.02265982527632
            ],
            [
              30.22205796979272,
              60.022659774985506
            ],
            [
              30.22205782023634,
              60.022659735491466
            ],
            [
              30.222057694412847,
              60.022659705056405
            ],
            [
              30.222057598701895,
              60.02265968623691
            ],
            [
              30.222057519577067,
              60.02265967386884
            ],
            [
              30.22205744886735,
              60.022659664887385
            ],
            [
              30.22205740111267,
              60.022659664945195
            ],
            [
              30.222057355578528,
              60.02265966591497
            ],
            [
              30.222057339831874,
              60.02265968099966
            ],
            [
              30.222057743582326,
              60.02265963017307
            ],
            [
              30.222058087740344,
              60.022659542030965
            ],
            [
              30.222058022756986,
              60.02265929321881
            ],
            [
              30.222057214705398,
              60.02265879801176
            ],
            [
              30.222055312838904,
              60.022658046520725
            ],
            [
              30.2220561853184,
              60.0226583387623
            ],
            [
              30.2220570843491,
              60.022658599982734
            ],
            [
              30.22205748379659,
              60.02265870374836
            ],
            [
              30.222057948510546,
              60.02265881188505
            ],
            [
              30.222058233668825,
              60.02265887354056
            ],
            [
              30.222058233668825,
              60.02265887354056
            ]
          ],
          [
            [
              30.220620610942355,
              60.02230388301383
            ],
            [
              30.220432114445487,
              60.02225683318019
            ],
            [
              30.220234917422466,
              60.02221784022485
            ],
            [
              30.220020615615727,
              60.02218952881144
            ],
            [
              30.219790014021786,
              60.02214954539062
            ],
            [
              30.219541021080254,
              60.02209081252504
            ],
            [
              30.21928032441516,
              60.02201712012009
            ],
            [
              30.219018051128746,
              60.02192306107795
            ],
            [
              30.218760486994974,
              60.021815197201775
            ],
            [
              30.21851180143423,
              60.0217034400286
            ],
            [
              30.218279768270104,
              60.02158983721387
            ],
            [
              30.218082758938515,
              60.02146699936687
            ],
            [
              30.217946021931024,
              60.021330613862524
            ],
            [
              30.217797811800477,
              60.02112989019378
            ],
            [
              30.2177400004917,
              60.020886117433776
            ],
            [
              30.217785821973994,
              60.02061706203712
            ],
            [
              30.217939995310203,
              60.02033744252053
            ],
            [
              30.21821924176315,
              60.020059736044914
            ],
            [
              30.21863108903203,
              60.01980014916639
            ]
          ],
          [
            [
              30.218475007595817,
              60.02069118663461
            ],
            [
              30.21865209487282,
              60.020615818602
            ],
            [
              30.218864470469242,
              60.02055151143282
            ],
            [
              30.219102905940357,
              60.020502869755546
            ],
            [
              30.219351153408535,
              60.020463535220756
            ],
            [
              30.219592061601606,
              60.02042023999237
            ],
            [
              30.2198200426166,
              60.02036939991041
            ],
            [
              30.220028517636923,
              60.020303459154256
            ],
            [
              30.220138918380993,
              60.02025627247521
            ],
            [
              30.220204342922447,
              60.02022073974513
            ],
            [
              30.220237299740994,
              60.02019916670274
            ],
            [
              30.220260431320803,
              60.020183178274074
            ],
            [
              30.22028259383909,
              60.02016736728826
            ],
            [
              30.220304798156185,
              60.020151571097124
            ]
          ],
          [
            [
              30.221298567123302,
              60.01927045760726
            ],
            [
              30.22145925711061,
              60.01912423707844
            ],
            [
              30.221616965205868,
              60.01898046357931
            ],
            [
              30.221768705774704,
              60.018841079504384
            ],
            [
              30.22191395547525,
              60.0187075583831
            ],
            [
              30.222039706172353,
              60.01859309986443
            ],
            [
              30.22215826816605,
              60.0184861950136
            ],
            [
              30.222271602632595,
              60.01838423673726
            ],
            [
              30.222361759963587,
              60.018303184295426
            ],
            [
              30.222454069238214,
              60.01821910086526
            ],
            [
              30.22255085778466,
              60.01813074628287
            ],
            [
              30.222645886067106,
              60.018043998941046
            ],
            [
              30.222731454039682,
              60.01796429187418
            ],
            [
              30.222818055020227,
              60.01788566485355
            ],
            [
              30.22293684875539,
              60.0178141716419
            ],
            [
              30.223074022084678,
              60.017733806784655
            ],
            [
              30.223236775318497,
              60.01764195275602
            ],
            [
              30.223400873647876,
              60.017539896597356
            ],
            [
              30.2235852241213,
              60.017437129808094
            ],
            [
              30.223775412376355,
              60.017331815415176
            ],
            [
              30.223968479080217,
              60.01722470612329
            ],
            [
              30.224172134422815,
              60.0171146920383
            ],
            [
              30.224376209874286,
              60.01699097309867
            ],
            [
              30.2245800524198,
              60.01685453249666
            ],
            [
              30.2247835266161,
              60.01670371163861
            ],
            [
              30.224986340886524,
              60.01653906030652
            ],
            [
              30.225190014293364,
              60.016361524641354
            ],
            [
              30.225398129905944,
              60.01617757410164
            ],
            [
              30.225609238659846,
              60.01598775620286
            ],
            [
              30.225826220004162,
              60.01580031393787
            ],
            [
              30.22604163058506,
              60.01561312305701
            ],
            [
              30.22624230204754,
              60.01542325639034
            ],
            [
              30.226450343506926,
              60.01523588297013
            ],
            [
              30.226671457020384,
              60.01504909498436
            ],
            [
              30.22689126185876,
              60.0148631487077
            ],
            [
              30.227113985564305,
              60.01467480493017
            ],
            [
              30.22733931096717,
              60.01448429273421
            ],
            [
              30.227572730181897,
              60.0142920681716
            ],
            [
              30.227814058772687,
              60.014097500311465
            ],
            [
              30.228061809334466,
              60.01390083817269
            ],
            [
              30.22831319622413,
              60.01370381208811
            ],
            [
              30.228567903386086,
              60.0135062899322
            ],
            [
              30.228829384230792,
              60.01331087277702
            ],
            [
              30.22909027452635,
              60.01311337662012
            ],
            [
              30.22934969404107,
              60.01291046580904
            ],
            [
              30.229610538153693,
              60.01270303922526
            ],
            [
              30.229872539203186,
              60.01249132159818
            ],
            [
              30.230134058243863,
              60.01227606249903
            ],
            [
              30.230393709522087,
              60.01205706864468
            ],
            [
              30.230652626819282,
              60.01183583491642
            ],
            [
              30.230911269228578,
              60.01161297872829
            ],
            [
              30.231176520928162,
              60.01138763953965
            ],
            [
              30.231441629609357,
              60.011160145993074
            ],
            [
              30.23170427063318,
              60.01093140285323
            ],
            [
              30.231957038549353,
              60.01069992320225
            ],
            [
              30.232206094842077,
              60.01046675673639
            ],
            [
              30.232450404733797,
              60.01023174065898
            ],
            [
              30.23266818159597,
              60.00999233084935
            ],
            [
              30.232861403182046,
              60.00975121232789
            ],
            [
              30.233031963984317,
              60.00950640802153
            ],
            [
              30.23318282892735,
              60.00925896709839
            ],
            [
              30.233335921781915,
              60.009004167475176
            ],
            [
              30.23344712171017,
              60.00875407463796
            ],
            [
              30.23353208827244,
              60.00850399527543
            ],
            [
              30.23358801229003,
              60.008248795971724
            ],
            [
              30.23362683657752,
              60.00799376931871
            ],
            [
              30.233636689906376,
              60.0077336595688
            ],
            [
              30.233617073501467,
              60.007475375200734
            ],
            [
              30.233572016918178,
              60.00721655070629
            ],
            [
              30.23351757618987,
              60.00695813780368
            ],
            [
              30.2334581503822,
              60.0066976499002
            ],
            [
              30.233306381735506,
              60.006436148710876
            ],
            [
              30.233189842900256,
              60.0061767186461
            ],
            [
              30.233250526800123,
              60.0059110164531
            ],
            [
              30.23322133569224,
              60.005647276854404
            ],
            [
              30.23316227709269,
              60.00538329441067
            ],
            [
              30.23309713538901,
              60.00511878637757
            ],
            [
              30.233034526113165,
              60.004853701126514
            ],
            [
              30.23297478583591,
              60.00458792729973
            ],
            [
              30.232911646257357,
              60.004335667423334
            ],
            [
              30.232847549678315,
              60.004121979054645
            ],
            [
              30.232775336569347,
              60.0038596502203
            ],
            [
              30.23270661069645,
              60.00358870099631
            ],
            [
              30.232642475084482,
              60.00331446362499
            ],
            [
              30.23259027371945,
              60.003037539549034
            ],
            [
              30.232541622585895,
              60.002763627197574
            ],
            [
              30.232489049344988,
              60.00249646212096
            ],
            [
              30.23243789952339,
              60.002232914662216
            ],
            [
              30.23238757788817,
              60.00197251779809
            ],
            [
              30.23235666952052,
              60.0017599620035
            ],
            [
              30.232328561917193,
              60.00154221632993
            ],
            [
              30.232280619791176,
              60.00130548779005
            ],
            [
              30.232218457486788,
              60.001062597652876
            ],
            [
              30.232150295220396,
              60.000819931049115
            ],
            [
              30.232093677684166,
              60.000578438816326
            ],
            [
              30.23203662368177,
              60.000364585097586
            ],
            [
              30.23199208854764,
              60.00014265235526
            ],
            [
              30.23195071076435,
              59.999916539189634
            ],
            [
              30.23190353844618,
              59.99969186979678
            ],
            [
              30.23184390285897,
              59.999471283573065
            ],
            [
              30.23178928745143,
              59.999250021674165
            ],
            [
              30.23172948882749,
              59.999027466665225
            ],
            [
              30.231672358106746,
              59.998805063801676
            ],
            [
              30.231619630956427,
              59.9985846777043
            ],
            [
              30.231566991834367,
              59.99836454430873
            ],
            [
              30.231526299031767,
              59.99814301825268
            ],
            [
              30.231495671379413,
              59.99791969287455
            ],
            [
              30.23145584404805,
              59.99769837064029
            ],
            [
              30.231405529224812,
              59.99747314666581
            ],
            [
              30.231346621625164,
              59.997242580360435
            ],
            [
              30.231292638460626,
              59.99700861878034
            ],
            [
              30.231247387763503,
              59.99676626245605
            ],
            [
              30.231206506789633,
              59.99651784419461
            ],
            [
              30.231185912103122,
              59.99626865524109
            ],
            [
              30.231172866658632,
              59.99601912472477
            ],
            [
              30.23116183094066,
              59.99576921540567
            ],
            [
              30.231151802346425,
              59.99551703766794
            ],
            [
              30.231158632580758,
              59.99526177865259
            ],
            [
              30.23118557343791,
              59.99500656811469
            ],
            [
              30.23121596371609,
              59.994752025515766
            ],
            [
              30.231251236855886,
              59.99449822955069
            ],
            [
              30.231291187180634,
              59.99424635950706
            ],
            [
              30.231334272736888,
              59.99399382583879
            ],
            [
              30.231374783443247,
              59.99373976554871
            ],
            [
              30.231410426123414,
              59.9934863005263
            ],
            [
              30.23144092756418,
              59.99323095890086
            ],
            [
              30.231453789385693,
              59.9929728170135
            ],
            [
              30.231470267173204,
              59.992712391844805
            ],
            [
              30.23147704321942,
              59.99244818217816
            ],
            [
              30.231473764504052,
              59.99217857362758
            ],
            [
              30.231463078083717,
              59.99190596619381
            ],
            [
              30.231449980782433,
              59.99162931716487
            ],
            [
              30.231419138995776,
              59.99134899428201
            ],
            [
              30.231378549163605,
              59.99106797179219
            ],
            [
              30.231327442643483,
              59.99078860903904
            ],
            [
              30.23126072746899,
              59.99050778696233
            ],
            [
              30.23118389124993,
              59.99022745987065
            ],
            [
              30.231105566888044,
              59.98994399838599
            ],
            [
              30.231020886794084,
              59.98965913913804
            ],
            [
              30.230928591061556,
              59.989373880762294
            ],
            [
              30.230849533099146,
              59.989085426324706
            ],
            [
              30.230771095620142,
              59.98879642177391
            ],
            [
              30.230687883931058,
              59.988509855207084
            ],
            [
              30.23060910727027,
              59.98822593120556
            ],
            [
              30.230544953695222,
              59.98794291545208
            ],
            [
              30.230481471919223,
              59.98766181595342
            ],
            [
              30.23041147877911,
              59.987385571202886
            ],
            [
              30.230342871325607,
              59.987115071182885
            ],
            [
              30.230282931634513,
              59.9868492089604
            ],
            [
              30.23022483549916,
              59.98658607126989
            ],
            [
              30.23016619379539,
              59.98632354180077
            ],
            [
              30.230099018606836,
              59.986062448429976
            ],
            [
              30.230039134010728,
              59.98579911508032
            ],
            [
              30.229976025983113,
              59.985536135956195
            ],
            [
              30.229910079562654,
              59.98527340555887
            ],
            [
              30.229832536720625,
              59.98501112602757
            ],
            [
              30.229751451601448,
              59.98475065149004
            ],
            [
              30.22968488266966,
              59.984491120566275
            ],
            [
              30.22962049147765,
              59.984250005706535
            ],
            [
              30.229540106850674,
              59.984045130985265
            ],
            [
              30.229444593407006,
              59.98382683719647
            ],
            [
              30.229323683633275,
              59.983603395826464
            ],
            [
              30.22918457953236,
              59.983383923619925
            ],
            [
              30.22903703067519,
              59.98316626465713
            ],
            [
              30.228869711196896,
              59.982954539864245
            ],
            [
              30.22869071610601,
              59.982748594268905
            ],
            [
              30.22849822423343,
              59.982547591805826
            ],
            [
              30.228292997365827,
              59.98235084659133
            ],
            [
              30.228068039390358,
              59.98216233781272
            ],
            [
              30.227829555106965,
              59.98197909213382
            ],
            [
              30.227576320707833,
              59.98180039647002
            ],
            [
              30.227310244088496,
              59.981621714315274
            ],
            [
              30.227018245303917,
              59.981448518968264
            ],
            [
              30.226704352936146,
              59.98128038826622
            ],
            [
              30.226377900907778,
              59.98111907792166
            ],
            [
              30.22604066560801,
              59.9809698624696
            ],
            [
              30.225696461387013,
              59.98083045538385
            ],
            [
              30.225345944570847,
              59.98070093616002
            ],
            [
              30.224991674285185,
              59.980577388769085
            ],
            [
              30.224629225308412,
              59.980460132695995
            ],
            [
              30.22425802999337,
              59.9803484730902
            ],
            [
              30.223876199529897,
              59.980238067967385
            ],
            [
              30.223509342090964,
              59.98013867399541
            ],
            [
              30.22312719860797,
              59.98003520761951
            ],
            [
              30.222729332960476,
              59.97992876924591
            ],
            [
              30.22231763076052,
              59.9798185251143
            ],
            [
              30.221891501586367,
              59.97970481179723
            ],
            [
              30.221460107096757,
              59.97958937731663
            ],
            [
              30.2210280313745,
              59.979473793310014
            ],
            [
              30.22059271304542,
              59.97935331097997
            ],
            [
              30.220145587387133,
              59.979227243985676
            ]
          ],
          [
            [
              30.219228904820483,
              59.97896021523033
            ],
            [
              30.218803398688138,
              59.97883716275177
            ],
            [
              30.218386342337848,
              59.978710227874856
            ],
            [
              30.21796796802058,
              59.978572294896765
            ],
            [
              30.217547727509594,
              59.978423450074935
            ],
            [
              30.217139227053813,
              59.97826447767362
            ],
            [
              30.216748812336927,
              59.9780898951535
            ],
            [
              30.21636877451184,
              59.97790742503845
            ],
            [
              30.215951293476184,
              59.97768884994903
            ],
            [
              30.215540124585186,
              59.9774484042543
            ],
            [
              30.2151390405915,
              59.97718798937852
            ],
            [
              30.214748903391712,
              59.976912554977076
            ],
            [
              30.21437385398095,
              59.976623970759185
            ],
            [
              30.214015512625153,
              59.97631943230881
            ],
            [
              30.213678629273424,
              59.976005709452835
            ],
            [
              30.21336670330795,
              59.975682532782166
            ],
            [
              30.213080552582397,
              59.97534318369391
            ],
            [
              30.21282683640797,
              59.97499176771388
            ],
            [
              30.212600860269006,
              59.9746355662638
            ],
            [
              30.21240221679268,
              59.9742702760427
            ],
            [
              30.212246074784776,
              59.97388894569539
            ],
            [
              30.21211354443926,
              59.973503858828444
            ],
            [
              30.212017262522952,
              59.97311453493544
            ],
            [
              30.21196024937153,
              59.97271618519886
            ],
            [
              30.211938097034444,
              59.972313178913794
            ],
            [
              30.211943718694968,
              59.97190913509022
            ],
            [
              30.211989266196664,
              59.97150578566087
            ],
            [
              30.212067007422895,
              59.971103785093014
            ],
            [
              30.212179258551565,
              59.97070385682123
            ],
            [
              30.21232425539879,
              59.97030652061432
            ],
            [
              30.21250952645197,
              59.96991350739752
            ],
            [
              30.21273701237704,
              59.96952605494752
            ],
            [
              30.213000403533353,
              59.969144389909516
            ],
            [
              30.21325687403575,
              59.9688329803642
            ],
            [
              30.213572469101923,
              59.968462722478094
            ],
            [
              30.21389168651716,
              59.9680976344047
            ],
            [
              30.214217885213518,
              59.967737028237146
            ],
            [
              30.214550701481002,
              59.967381661637226
            ],
            [
              30.214868441275218,
              59.96703098866174
            ],
            [
              30.215172341755807,
              59.96668213749663
            ],
            [
              30.215471550042725,
              59.96633384714452
            ],
            [
              30.2157413575539,
              59.96599204131261
            ],
            [
              30.21596307851045,
              59.965660308481425
            ],
            [
              30.216132764525508,
              59.9653407573481
            ],
            [
              30.216259370763495,
              59.965033212775396
            ]
          ],
          [
            [
              30.21595106312174,
              59.96909457404037
            ],
            [
              30.21599750769897,
              59.968870319339
            ],
            [
              30.216037148907503,
              59.96864827912876
            ],
            [
              30.2160823996055,
              59.968426346007284
            ],
            [
              30.21611637419605,
              59.968202298468235
            ],
            [
              30.216146635031837,
              59.96797520517484
            ],
            [
              30.21617541211518,
              59.967747668513454
            ],
            [
              30.216207571714605,
              59.96751818966247
            ],
            [
              30.21624142707361,
              59.96728680945842
            ],
            [
              30.216277200991314,
              59.96705486734215
            ],
            [
              30.21631235942895,
              59.96682160726305
            ],
            [
              30.216351226027534,
              59.96658711717625
            ],
            [
              30.216389758495016,
              59.96635068384394
            ],
            [
              30.21642612495176,
              59.966111658570746
            ],
            [
              30.216462941557904,
              59.96587142106312
            ],
            [
              30.216505087179016,
              59.96562845516817
            ],
            [
              30.216548716254845,
              59.96538376505977
            ],
            [
              30.21659950951854,
              59.965135689464105
            ],
            [
              30.216660837796844,
              59.964882720202695
            ],
            [
              30.216727661768918,
              59.96462625576876
            ],
            [
              30.21679552014834,
              59.96436882763658
            ],
            [
              30.216860991838807,
              59.96411124329943
            ],
            [
              30.216921346668396,
              59.96385334745376
            ],
            [
              30.216973635597874,
              59.96359544146836
            ],
            [
              30.217008717035313,
              59.96334009850713
            ],
            [
              30.217013539539536,
              59.96309557882773
            ],
            [
              30.21699340492079,
              59.96286048495271
            ],
            [
              30.21695486282459,
              59.96262641405547
            ],
            [
              30.21689416486537,
              59.962395474030586
            ],
            [
              30.21681087725673,
              59.962168235412754
            ],
            [
              30.216707321536322,
              59.96194331487776
            ]
          ],
          [
            [
              30.216161779168477,
              59.96195282329026
            ],
            [
              30.215987106419508,
              59.96174188199953
            ],
            [
              30.215779632031353,
              59.96153563123312
            ],
            [
              30.215557172159645,
              59.96133628749367
            ],
            [
              30.215327789922007,
              59.96114703932211
            ],
            [
              30.215063263580955,
              59.96096466087954
            ],
            [
              30.214757580395585,
              59.960786688717924
            ],
            [
              30.21443382132034,
              59.96061338983672
            ],
            [
              30.214106278369627,
              59.960440146584915
            ],
            [
              30.21377661820786,
              59.960266382489884
            ],
            [
              30.213449564676793,
              59.96008780529707
            ],
            [
              30.213121184705827,
              59.959908912939845
            ],
            [
              30.212791784176677,
              59.95972583478761
            ],
            [
              30.212466859142214,
              59.95953861518705
            ],
            [
              30.21213579471993,
              59.959349186405255
            ],
            [
              30.211806858568767,
              59.959152593941354
            ],
            [
              30.211485874312547,
              59.958950310645434
            ],
            [
              30.211187222242916,
              59.95874094226611
            ],
            [
              30.2109053004987,
              59.95852259303284
            ],
            [
              30.210640575140264,
              59.95829628821177
            ],
            [
              30.210392964471087,
              59.95806561366812
            ],
            [
              30.210169646542035,
              59.95783119940228
            ],
            [
              30.209966681157905,
              59.95759396525975
            ],
            [
              30.209782476892222,
              59.95735413355539
            ],
            [
              30.20961520156343,
              59.95711514917102
            ],
            [
              30.209465375861356,
              59.95687469788609
            ],
            [
              30.209318819184183,
              59.956635740724025
            ],
            [
              30.2091632222632,
              59.95639225083795
            ],
            [
              30.20902220909088,
              59.9561574628633
            ],
            [
              30.208880265913507,
              59.95592462872194
            ],
            [
              30.208741296522895,
              59.9556900629428
            ],
            [
              30.208604562785283,
              59.955454329703336
            ],
            [
              30.208466825624384,
              59.95521931832307
            ],
            [
              30.208329103077535,
              59.95498556793828
            ],
            [
              30.20819059282913,
              59.95475238456402
            ],
            [
              30.20804996365429,
              59.954519009873124
            ],
            [
              30.207908010739697,
              59.95428520078116
            ],
            [
              30.207766311735497,
              59.95404974860773
            ],
            [
              30.207624978116787,
              59.95381389284153
            ],
            [
              30.207480565596462,
              59.95357681893075
            ],
            [
              30.207336922852836,
              59.95333839200103
            ],
            [
              30.207191587879628,
              59.953098259884264
            ],
            [
              30.207045734070466,
              59.95285690603143
            ],
            [
              30.206898981198655,
              59.952614399151166
            ],
            [
              30.206749935586238,
              59.95237033070121
            ],
            [
              30.206599899072046,
              59.952125176974505
            ],
            [
              30.206444975797396,
              59.95187569645067
            ],
            [
              30.206290184828053,
              59.95162428338598
            ],
            [
              30.206134471626545,
              59.9513722992739
            ],
            [
              30.205983563936883,
              59.95112201703024
            ],
            [
              30.205832029358273,
              59.950873723448666
            ],
            [
              30.205681587880864,
              59.9506263518152
            ],
            [
              30.205530924270075,
              59.95038181738561
            ],
            [
              30.20537949961737,
              59.950138356982464
            ],
            [
              30.205225614466592,
              59.949894649853945
            ],
            [
              30.20506473485517,
              59.94963863416596
            ],
            [
              30.204914853849477,
              59.94937905466337
            ],
            [
              30.204767560155943,
              59.94912085568488
            ],
            [
              30.204620625555403,
              59.94886377242376
            ],
            [
              30.204474561743556,
              59.94860672566261
            ],
            [
              30.20432531739924,
              59.94834950519378
            ],
            [
              30.204182692052072,
              59.94808987004514
            ],
            [
              30.20404805290718,
              59.947824966784744
            ],
            [
              30.2039254717911,
              59.94755434231252
            ],
            [
              30.20381703954776,
              59.94727816396974
            ],
            [
              30.20373002203946,
              59.9469954325946
            ],
            [
              30.20365678388664,
              59.94670896820193
            ],
            [
              30.203608697495913,
              59.94642014172173
            ],
            [
              30.20358959022789,
              59.946130048751584
            ],
            [
              30.203589143109436,
              59.94583927298859
            ],
            [
              30.20359021665812,
              59.945549077196894
            ],
            [
              30.203607181104854,
              59.945259136436206
            ],
            [
              30.203643795337417,
              59.944969981039065
            ],
            [
              30.203703545230635,
              59.944682923580764
            ],
            [
              30.20377578178008,
              59.94439779185345
            ],
            [
              30.203862077445343,
              59.94411490077224
            ],
            [
              30.20396598417616,
              59.94383393466153
            ],
            [
              30.204090965460534,
              59.94355568465299
            ],
            [
              30.20423481012406,
              59.943278512624666
            ],
            [
              30.20439331071008,
              59.94300381999892
            ],
            [
              30.2045723834014,
              59.94273251498791
            ],
            [
              30.204773827021636,
              59.942464980401425
            ],
            [
              30.204987466824385,
              59.94220023846434
            ],
            [
              30.20521729085443,
              59.94193848913443
            ],
            [
              30.20545203973622,
              59.94167891341656
            ],
            [
              30.205690969461383,
              59.941421459905655
            ],
            [
              30.20593239866167,
              59.94116586216393
            ],
            [
              30.20617937409521,
              59.940911959136415
            ],
            [
              30.2064219332374,
              59.9406574306545
            ],
            [
              30.206666058882636,
              59.940401783214526
            ],
            [
              30.206906948330886,
              59.94014556762944
            ],
            [
              30.20715088513777,
              59.939888048468106
            ],
            [
              30.20738841539317,
              59.939627806188795
            ],
            [
              30.2076244321029,
              59.93936568581852
            ],
            [
              30.20785929836442,
              59.93910209144274
            ],
            [
              30.20808780813239,
              59.938837545548246
            ],
            [
              30.20831777170637,
              59.938574046178346
            ],
            [
              30.208550275259267,
              59.93831084615555
            ],
            [
              30.208792431740342,
              59.93805013858608
            ],
            [
              30.20903284394665,
              59.93779015660218
            ],
            [
              30.209267568049082,
              59.937533668820365
            ],
            [
              30.209485340065235,
              59.937279088005
            ],
            [
              30.209680306826034,
              59.937025080112264
            ],
            [
              30.20985630930747,
              59.93677217199054
            ],
            [
              30.21001574796206,
              59.93652055900684
            ],
            [
              30.21016432203988,
              59.93626975013466
            ],
            [
              30.21029467072936,
              59.93602055705236
            ],
            [
              30.210413671222934,
              59.935769184813836
            ],
            [
              30.210514498357234,
              59.93551951389333
            ],
            [
              30.21059533495582,
              59.935272007702906
            ],
            [
              30.21066369192715,
              59.935028152847124
            ],
            [
              30.210720831043687,
              59.93478564571851
            ],
            [
              30.21076267896633,
              59.93454558136095
            ],
            [
              30.210796600221826,
              59.934310727400316
            ],
            [
              30.210825925171765,
              59.93407763951538
            ],
            [
              30.2108531789077,
              59.933845380216255
            ],
            [
              30.210875046578916,
              59.93361140750997
            ],
            [
              30.210897490267417,
              59.933376237831084
            ],
            [
              30.21092174382962,
              59.93314421716829
            ],
            [
              30.210946718555135,
              59.93291372693875
            ],
            [
              30.210974624300952,
              59.932682882216895
            ],
            [
              30.211006560272345,
              59.932451742871706
            ],
            [
              30.211034444115977,
              59.93222322371333
            ],
            [
              30.211057449266413,
              59.93199664051875
            ],
            [
              30.211091815418268,
              59.9317697497542
            ],
            [
              30.21112997931679,
              59.93154082068782
            ],
            [
              30.211162007763072,
              59.931312538136645
            ],
            [
              30.211179042264003,
              59.931084078774795
            ],
            [
              30.211192943101913,
              59.93085687150661
            ],
            [
              30.211206082271925,
              59.93062611684371
            ],
            [
              30.21122071679664,
              59.93039620025209
            ],
            [
              30.21124760073706,
              59.930161646784754
            ],
            [
              30.211278406052703,
              59.92992559881108
            ],
            [
              30.21130853667371,
              59.92968868893513
            ],
            [
              30.211336383303944,
              59.92945082844236
            ],
            [
              30.211365155457898,
              59.9292115281413
            ],
            [
              30.211395280291697,
              59.928971433525675
            ],
            [
              30.211422682249026,
              59.92872851474726
            ],
            [
              30.21144519812037,
              59.92848220806209
            ],
            [
              30.211471451223613,
              59.928232114141565
            ],
            [
              30.211496004534087,
              59.92797876735081
            ],
            [
              30.211520605819903,
              59.92772363239871
            ],
            [
              30.211546460217164,
              59.92746664726106
            ],
            [
              30.211573704406124,
              59.92721098057721
            ],
            [
              30.211602008029153,
              59.926957953907305
            ],
            [
              30.211632968299206,
              59.926707320665834
            ],
            [
              30.211664411415757,
              59.92646029941268
            ],
            [
              30.21169545171608,
              59.92621510177362
            ],
            [
              30.211715864437377,
              59.925973253144804
            ],
            [
              30.21172264802048,
              59.925735033036425
            ],
            [
              30.21172323130272,
              59.9254987439883
            ],
            [
              30.21171721734889,
              59.92526457078074
            ],
            [
              30.211709922681813,
              59.92502928335374
            ],
            [
              30.211697712739046,
              59.924793235053905
            ],
            [
              30.211679894951985,
              59.92455635258185
            ],
            [
              30.21165370975996,
              59.92431977308888
            ],
            [
              30.21162150586328,
              59.92408458431252
            ],
            [
              30.211585059457732,
              59.923849844243804
            ],
            [
              30.211547432831555,
              59.92361415021232
            ],
            [
              30.211506686748677,
              59.923377329556004
            ],
            [
              30.211462446426697,
              59.92313991526047
            ],
            [
              30.21141874862217,
              59.92290179652043
            ],
            [
              30.211376375862322,
              59.922662930101
            ],
            [
              30.21133311692095,
              59.92242325355241
            ],
            [
              30.21128969874078,
              59.92218403115293
            ],
            [
              30.21123610320666,
              59.921945479288325
            ],
            [
              30.211181523964658,
              59.921705445323724
            ],
            [
              30.211125672180962,
              59.92146693570677
            ],
            [
              30.21108277329383,
              59.921227479386694
            ],
            [
              30.21103862770936,
              59.92098797027174
            ],
            [
              30.210996805874988,
              59.92074846211196
            ],
            [
              30.21095663271827,
              59.92051015332049
            ],
            [
              30.210920050330202,
              59.92027284484766
            ],
            [
              30.210883329906732,
              59.920035122950715
            ],
            [
              30.21084595591172,
              59.919798252150066
            ],
            [
              30.210806023705192,
              59.91955968969297
            ],
            [
              30.210763588481555,
              59.91931936785809
            ],
            [
              30.210721905571088,
              59.9190756426763
            ],
            [
              30.21068102127099,
              59.918828616425834
            ],
            [
              30.210640788436518,
              59.91857704420593
            ],
            [
              30.210601959457417,
              59.91831973642615
            ],
            [
              30.210563365408834,
              59.91805931639877
            ],
            [
              30.210522062678447,
              59.91779696247028
            ],
            [
              30.210476969670484,
              59.917531340376435
            ],
            [
              30.210436052081732,
              59.917262656324446
            ],
            [
              30.21039608394248,
              59.916989060926085
            ],
            [
              30.210351804571665,
              59.916710959841005
            ],
            [
              30.210294052379687,
              59.91642415699516
            ],
            [
              30.210203050429136,
              59.91614789470892
            ],
            [
              30.21012115234219,
              59.915891353037345
            ],
            [
              30.21004165526749,
              59.91563325777123
            ],
            [
              30.209959633649163,
              59.91537380806102
            ],
            [
              30.20987341057903,
              59.915112788674215
            ],
            [
              30.20978108783663,
              59.91485258073379
            ],
            [
              30.209681357334755,
              59.914595627506635
            ],
            [
              30.20957236573197,
              59.91434244071484
            ],
            [
              30.209454869128106,
              59.91409303218429
            ],
            [
              30.20932855697754,
              59.91384666787826
            ],
            [
              30.209190723489947,
              59.91360298364565
            ],
            [
              30.209038497424476,
              59.91336229213465
            ],
            [
              30.2088721792713,
              59.91312331368382
            ],
            [
              30.208691257515447,
              59.91285147223767
            ],
            [
              30.2085041818144,
              59.91260889293297
            ],
            [
              30.20832159010797,
              59.91237959790156
            ],
            [
              30.20813112854937,
              59.912153970341286
            ],
            [
              30.20793318861089,
              59.91193101310086
            ],
            [
              30.207734962688345,
              59.91170738598969
            ],
            [
              30.207530401019177,
              59.911482701762594
            ],
            [
              30.207325633071356,
              59.91125316778022
            ],
            [
              30.20712715194229,
              59.91101887784728
            ],
            [
              30.206937150849075,
              59.91077783397891
            ],
            [
              30.206764071338238,
              59.91053054017688
            ],
            [
              30.20661302656561,
              59.91027757437431
            ],
            [
              30.206488364632914,
              59.910018769733796
            ],
            [
              30.206389035126943,
              59.909754885975495
            ],
            [
              30.206308606090168,
              59.90948740568997
            ],
            [
              30.206251828549643,
              59.90922081867271
            ],
            [
              30.206223468656557,
              59.90895359160595
            ],
            [
              30.206217415201078,
              59.90868568946
            ],
            [
              30.206231658217845,
              59.908419384778206
            ],
            [
              30.206270672041356,
              59.908154198980455
            ],
            [
              30.206335928916797,
              59.90789050949254
            ],
            [
              30.20642805745718,
              59.90763028837886
            ],
            [
              30.206549795780578,
              59.90737356431053
            ],
            [
              30.20669853093306,
              59.90712086682568
            ],
            [
              30.20687602745777,
              59.90687192059956
            ],
            [
              30.2070751561151,
              59.90662789953167
            ],
            [
              30.20729429861521,
              59.906389169684495
            ],
            [
              30.207533482765434,
              59.90615345500584
            ],
            [
              30.207796288964662,
              59.90592108595023
            ],
            [
              30.208080566259113,
              59.905698127893835
            ],
            [
              30.208334973995484,
              59.905539284964846
            ],
            [
              30.20864282007006,
              59.90535327400259
            ],
            [
              30.208986042640063,
              59.90516011171021
            ],
            [
              30.209344705595896,
              59.90497065977267
            ],
            [
              30.20972458442973,
              59.90479070321419
            ],
            [
              30.210111373546916,
              59.904615120671664
            ],
            [
              30.210521419960333,
              59.90445121292533
            ],
            [
              30.210929477429207,
              59.90429036232583
            ],
            [
              30.21133688555721,
              59.904135898827285
            ],
            [
              30.211738585445264,
              59.90398654712861
            ],
            [
              30.212132698252855,
              59.90384127257299
            ],
            [
              30.212522102431713,
              59.90369852444276
            ],
            [
              30.2129005435763,
              59.903560070726584
            ],
            [
              30.21327268981459,
              59.90342404256162
            ],
            [
              30.21363015280814,
              59.90329063528957
            ],
            [
              30.213995253738194,
              59.90316527965728
            ],
            [
              30.21429826656841,
              59.90305948998856
            ],
            [
              30.21458036764287,
              59.90296020373849
            ],
            [
              30.21484151955433,
              59.90286798017132
            ],
            [
              30.215077598039166,
              59.90278265221037
            ],
            [
              30.2152903144895,
              59.902703850741574
            ],
            [
              30.215485860261868,
              59.90263094706317
            ],
            [
              30.21568104748986,
              59.9025603211384
            ],
            [
              30.215876690396477,
              59.90249116984552
            ],
            [
              30.21606143682794,
              59.90242480033177
            ],
            [
              30.21622749101814,
              59.90236333141686
            ],
            [
              30.2163745980568,
              59.90230621235622
            ],
            [
              30.216518648425918,
              59.9022492685889
            ],
            [
              30.216662319960072,
              59.90219208349304
            ],
            [
              30.216806692210024,
              59.902135346792285
            ],
            [
              30.21695268949257,
              59.90207966843538
            ],
            [
              30.217099205331834,
              59.90202433453386
            ],
            [
              30.21724421185199,
              59.90196912477259
            ],
            [
              30.2173889578074,
              59.90191411735565
            ],
            [
              30.217533705547197,
              59.9018591113585
            ],
            [
              30.217678831508223,
              59.90180435795582
            ],
            [
              30.217825571515288,
              59.90175070257873
            ],
            [
              30.21797473966931,
              59.90169876734515
            ],
            [
              30.21812712573687,
              59.901649257475185
            ],
            [
              30.218283624943133,
              59.90160308919188
            ],
            [
              30.218442247479693,
              59.90155878145993
            ],
            [
              30.21860042176096,
              59.90151406957829
            ],
            [
              30.218760036191384,
              59.901470672482894
            ],
            [
              30.218920893790717,
              59.90142844489356
            ],
            [
              30.219077336598954,
              59.9013868602194
            ],
            [
              30.219210754221663,
              59.901349602567784
            ],
            [
              30.219325961743085,
              59.90131693384185
            ],
            [
              30.219427142525028,
              59.90128771096494
            ],
            [
              30.21950759868159,
              59.90126353114571
            ],
            [
              30.219569170937724,
              59.90124445353417
            ],
            [
              30.219620334735833,
              59.90122235761967
            ],
            [
              30.21964822960934,
              59.90121303805365
            ],
            [
              30.21967093240514,
              59.901200967049206
            ],
            [
              30.219671473315675,
              59.901200781121105
            ],
            [
              30.219683099645152,
              59.90119283524089
            ],
            [
              30.219708046983943,
              59.9011772251684
            ],
            [
              30.219707740391627,
              59.90117733532009
            ],
            [
              30.219707536838154,
              59.90117740738951
            ],
            [
              30.219707420172814,
              59.90117744730497
            ],
            [
              30.219754477813893,
              59.90115544514648
            ],
            [
              30.219754300480695,
              59.90115550350462
            ],
            [
              30.219802551911105,
              59.90113408640783
            ],
            [
              30.219836070299994,
              59.901120934111496
            ],
            [
              30.219835715719615,
              59.90112105260802
            ],
            [
              30.219835369183297,
              59.90112116713615
            ],
            [
              30.219834911723133,
              59.90112131914029
            ],
            [
              30.219834414946003,
              59.90112148670631
            ],
            [
              30.21983404702404,
              59.90112161153042
            ],
            [
              30.21983404702404,
              59.90112161153042
            ],
            [
              30.21983404702404,
              59.90112161153042
            ],
            [
              30.21983404702404,
              59.90112161153042
            ],
            [
              30.21983404702404,
              59.90112161153042
            ],
            [
              30.21983404702404,
              59.90112161153042
            ],
            [
              30.21983404702404,
              59.90112161153042
            ],
            [
              30.21983404702404,
              59.90112161153042
            ],
            [
              30.21983404702404,
              59.90112161153042
            ],
            [
              30.21983404702404,
              59.90112161153042
            ],
            [
              30.21983404702404,
              59.90112161153042
            ],
            [
              30.21983404702404,
              59.90112161153042
            ],
            [
              30.219833753568672,
              59.901121635269206
            ],
            [
              30.219832078993715,
              59.90112179569225
            ],
            [
              30.21983084268207,
              59.9011219318823
            ],
            [
              30.219829654127043,
              59.90112207012375
            ],
            [
              30.21982925421867,
              59.90112211628115
            ],
            [
              30.219828743276732,
              59.90112217239351
            ],
            [
              30.219828743276732,
              59.90112217239351
            ],
            [
              30.21982837978502,
              59.90112220800274
            ],
            [
              30.21982700843986,
              59.9011223515592
            ],
            [
              30.219825315849,
              59.90112255488523
            ],
            [
              30.2198233604828,
              59.90112282961969
            ],
            [
              30.219821364410176,
              59.90112316648353
            ],
            [
              30.219819290654346,
              59.90112358565036
            ],
            [
              30.219817759409093,
              59.901123931362186
            ],
            [
              30.219816335630394,
              59.901124279197916
            ],
            [
              30.219814627194122,
              59.90112474485851
            ],
            [
              30.219813511264796,
              59.90112507275881
            ],
            [
              30.21981218491436,
              59.90112548317616
            ],
            [
              30.21981103163402,
              59.90112587260272
            ],
            [
              30.219810278499306,
              59.90112614407685
            ],
            [
              30.219809015119917,
              59.901126642412166
            ],
            [
              30.21980793901057,
              59.90112710866475
            ],
            [
              30.219806727460767,
              59.901127693504954
            ],
            [
              30.219805596574208,
              59.90112831581171
            ],
            [
              30.219805533209968,
              59.90112835317757
            ],
            [
              30.219805533209968,
              59.90112835317757
            ],
            [
              30.219805533209968,
              59.90112835317757
            ],
            [
              30.219805338333142,
              59.90112848072787
            ],
            [
              30.219804621899662,
              59.90112898370363
            ],
            [
              30.219804500568575,
              59.90112907479227
            ],
            [
              30.219804500568575,
              59.90112907479227
            ],
            [
              30.219804500568575,
              59.90112907479227
            ],
            [
              30.219804500568575,
              59.90112907479227
            ],
            [
              30.219804500568575,
              59.90112907479227
            ],
            [
              30.219804500568575,
              59.90112907479227
            ],
            [
              30.219805836201324,
              59.9011281803348
            ],
            [
              30.21980813075328,
              59.90112673678765
            ],
            [
              30.219810591421,
              59.901125296775646
            ],
            [
              30.219816077276622,
              59.9011224444352
            ],
            [
              30.21982739028469,
              59.901117167434506
            ],
            [
              30.219843137752544,
              59.90111044098437
            ],
            [
              30.21985940298877,
              59.90110403255326
            ],
            [
              30.21987617651424,
              59.90109796439334
            ],
            [
              30.21989347787368,
              59.90109228217229
            ],
            [
              30.21991189923166,
              59.90108685971097
            ],
            [
              30.219931943302303,
              59.90108159321041
            ],
            [
              30.2199522893761,
              59.90107662767737
            ],
            [
              30.219972810387357,
              59.901071846195705
            ],
            [
              30.219992474481174,
              59.90106734531692
            ],
            [
              30.220010357409347,
              59.90106333314165
            ],
            [
              30.220027773086517,
              59.90105959281747
            ],
            [
              30.22004545304082,
              59.90105617988512
            ],
            [
              30.220063343721346,
              59.90105305506455
            ],
            [
              30.22008131112524,
              59.90105004298472
            ],
            [
              30.220099346580323,
              59.901047135680145
            ],
            [
              30.22011745373979,
              59.90104434295198
            ],
            [
              30.220135652433655,
              59.90104170499522
            ],
            [
              30.220153125014154,
              59.901039350164
            ],
            [
              30.220169643045757,
              59.901037226473974
            ],
            [
              30.220185760702126,
              59.9010352444218
            ],
            [
              30.220199106639164,
              59.901033643877405
            ],
            [
              30.220204203204965,
              59.90103302687425
            ],
            [
              30.2202033026272,
              59.9010331443521
            ],
            [
              30.220202513688257,
              59.901033251258774
            ],
            [
              30.220202010670697,
              59.90103331881142
            ],
            [
              30.220201693107427,
              59.901033360711736
            ],
            [
              30.220201325878886,
              59.9010334097486
            ],
            [
              30.220200586923077,
              59.90103351146064
            ],
            [
              30.22020049885471,
              59.90103352398766
            ],
            [
              30.22020049885471,
              59.90103352398766
            ],
            [
              30.220200412336865,
              59.901033536774264
            ],
            [
              30.220200412336865,
              59.901033536774264
            ],
            [
              30.220200412336865,
              59.901033536774264
            ],
            [
              30.220200412336865,
              59.901033536774264
            ],
            [
              30.220200412336865,
              59.901033536774264
            ],
            [
              30.220200412336865,
              59.901033536774264
            ],
            [
              30.220200412336865,
              59.901033536774264
            ],
            [
              30.220200412336865,
              59.901033536774264
            ],
            [
              30.220200412336865,
              59.901033536774264
            ],
            [
              30.220199555168048,
              59.90103362930978
            ],
            [
              30.22019885826867,
              59.90103371094716
            ],
            [
              30.22019885826867,
              59.90103371094716
            ],
            [
              30.22019885826867,
              59.90103371094716
            ],
            [
              30.22019885826867,
              59.90103371094716
            ],
            [
              30.22019885826867,
              59.90103371094716
            ],
            [
              30.22019885826867,
              59.90103371094716
            ],
            [
              30.220198658548654,
              59.90103372952089
            ],
            [
              30.22019816039752,
              59.901033777902256
            ]
          ],
          [
            [
              30.271775508563195,
              59.88302759679442
            ],
            [
              30.272170068665,
              59.88293805084604
            ],
            [
              30.27256065022805,
              59.88284872462353
            ],
            [
              30.272944135866663,
              59.88276202578385
            ],
            [
              30.273338387831455,
              59.88269455352034
            ],
            [
              30.273703523871095,
              59.88259218131365
            ],
            [
              30.274085873061907,
              59.88250683010687
            ],
            [
              30.27447654990343,
              59.88242540071619
            ],
            [
              30.27487473713793,
              59.882347722332526
            ],
            [
              30.275272986709286,
              59.882276523570276
            ],
            [
              30.275672950394164,
              59.88221054203311
            ],
            [
              30.276076349862176,
              59.8821454080129
            ],
            [
              30.276484515766146,
              59.8820884802328
            ],
            [
              30.276896146475934,
              59.88203790444237
            ],
            [
              30.27730981272223,
              59.881994498490016
            ],
            [
              30.277717869685198,
              59.8819557925298
            ],
            [
              30.278118492471847,
              59.88192056973182
            ],
            [
              30.278518214991653,
              59.88188458814994
            ],
            [
              30.278914845690572,
              59.881849300897294
            ],
            [
              30.279310367378894,
              59.88181222560275
            ],
            [
              30.27970694186637,
              59.881773314178616
            ],
            [
              30.280102273650336,
              59.88173277592538
            ],
            [
              30.280499933428615,
              59.881685893431666
            ],
            [
              30.280902157856396,
              59.88163236580098
            ],
            [
              30.281312062696482,
              59.88157363113617
            ],
            [
              30.28172231757778,
              59.881511134795744
            ],
            [
              30.282136591328317,
              59.88144386153266
            ],
            [
              30.282555908584847,
              59.88137502207818
            ],
            [
              30.282987763242136,
              59.88130319611353
            ],
            [
              30.283429694311966,
              59.881228551409414
            ],
            [
              30.28387325623253,
              59.88115734442416
            ],
            [
              30.284314913133613,
              59.88108833047223
            ],
            [
              30.28474528355072,
              59.88102467439159
            ],
            [
              30.28516986217382,
              59.880965084176346
            ],
            [
              30.28558837653741,
              59.880907653358044
            ],
            [
              30.286000352060906,
              59.88085013677447
            ],
            [
              30.286402711181932,
              59.88079098320358
            ],
            [
              30.286798216807213,
              59.88073153381793
            ],
            [
              30.287195412178686,
              59.880670364635336
            ],
            [
              30.287591171622765,
              59.88060774351111
            ],
            [
              30.287980108859706,
              59.88054179371022
            ],
            [
              30.28836314161794,
              59.88047004827972
            ],
            [
              30.28874340380969,
              59.880391590296085
            ],
            [
              30.28911911651959,
              59.88030501698256
            ],
            [
              30.28948947034714,
              59.88020911268265
            ],
            [
              30.289848195594587,
              59.880106041459
            ],
            [
              30.29020229285462,
              59.87999441774795
            ],
            [
              30.290548763698148,
              59.87987553212109
            ],
            [
              30.290889491054205,
              59.87974942006852
            ],
            [
              30.291221264664728,
              59.87961567025315
            ],
            [
              30.291533089472583,
              59.87947927109421
            ],
            [
              30.291825724504683,
              59.87933873427528
            ],
            [
              30.292108701463988,
              59.87919078107771
            ],
            [
              30.292383843894473,
              59.8790364416914
            ],
            [
              30.292650221474847,
              59.87887700772687
            ],
            [
              30.292902695455243,
              59.87871125515777
            ],
            [
              30.29314064724883,
              59.878541826803925
            ],
            [
              30.293363318478146,
              59.878368088729616
            ],
            [
              30.29357432724173,
              59.87818705185974
            ],
            [
              30.29377244441039,
              59.87800158086527
            ],
            [
              30.293958430339092,
              59.87781274180557
            ],
            [
              30.294129477357217,
              59.877619413739204
            ],
            [
              30.29428629330312,
              59.877423430929106
            ],
            [
              30.294426404738253,
              59.87722332434933
            ],
            [
              30.29455345852705,
              59.87701984581116
            ],
            [
              30.294667798109867,
              59.87681434871753
            ],
            [
              30.294767415486984,
              59.876609563183834
            ],
            [
              30.294842359683702,
              59.87640389145147
            ],
            [
              30.294893895103613,
              59.87619680281948
            ],
            [
              30.29493573155025,
              59.875983582006846
            ],
            [
              30.294961677527056,
              59.87576566752451
            ],
            [
              30.2949803106278,
              59.87554721280626
            ],
            [
              30.294988858466784,
              59.875328708698206
            ],
            [
              30.294999924006024,
              59.87511634287263
            ],
            [
              30.295012147126876,
              59.87490483620558
            ],
            [
              30.295020515745797,
              59.87469023437771
            ],
            [
              30.295024203199365,
              59.87447907447922
            ],
            [
              30.295018953037587,
              59.87427126650627
            ],
            [
              30.295000632970087,
              59.87407337915774
            ],
            [
              30.294976575077186,
              59.873888716064975
            ],
            [
              30.294953458893442,
              59.87380871872215
            ],
            [
              30.294932607299668,
              59.87367352107082
            ],
            [
              30.294898427758973,
              59.87346300006696
            ],
            [
              30.29486419015611,
              59.8732520487496
            ],
            [
              30.294824931190078,
              59.87304132863906
            ],
            [
              30.294772051213503,
              59.87283135275628
            ],
            [
              30.294709704555647,
              59.872622064098294
            ],
            [
              30.29460382125025,
              59.87241899298502
            ]
          ],
          [
            [
              30.294733188944832,
              59.87320717105862
            ],
            [
              30.294702445744463,
              59.873138864082215
            ],
            [
              30.294558736508492,
              59.87310320772369
            ],
            [
              30.294419234463334,
              59.873081069225634
            ],
            [
              30.29439593060462,
              59.87307961170448
            ],
            [
              30.294398789636677,
              59.87307911544191
            ],
            [
              30.294400708287515,
              59.87307841905613
            ],
            [
              30.2944028645152,
              59.87307703515167
            ],
            [
              30.29440417567464,
              59.873075147444915
            ],
            [
              30.294404327431874,
              59.873074435413514
            ]
          ],
          [
            [
              30.29352979714494,
              59.8736630600039
            ],
            [
              30.293548745208824,
              59.87378108107663
            ],
            [
              30.29357198352679,
              59.873888444181915
            ],
            [
              30.293597233485567,
              59.87398376245031
            ],
            [
              30.293622702120505,
              59.874067588066715
            ],
            [
              30.29364791401778,
              59.87414095225832
            ],
            [
              30.293685723418488,
              59.874233855643496
            ],
            [
              30.293737839951195,
              59.87432465255336
            ],
            [
              30.293793494871696,
              59.87441493208005
            ],
            [
              30.293843016035687,
              59.874506104805064
            ],
            [
              30.293884190129347,
              59.87459831854561
            ],
            [
              30.293918933536407,
              59.87469120512358
            ]
          ],
          [
            [
              30.29379390494135,
              59.87438784872142
            ],
            [
              30.293806437970353,
              59.87443430263991
            ],
            [
              30.293819951619103,
              59.87447343155906
            ],
            [
              30.293829746785434,
              59.87450429638663
            ],
            [
              30.29383665145259,
              59.87452601182744
            ],
            [
              30.29384310469337,
              59.87454177488717
            ],
            [
              30.29384963512786,
              59.87455155107393
            ],
            [
              30.293854490157816,
              59.87455808375407
            ],
            [
              30.29385733538838,
              59.874564140354614
            ],
            [
              30.293859824011133,
              59.87456852721952
            ],
            [
              30.293860673706984,
              59.87457224678411
            ],
            [
              30.293861100423875,
              59.8745769321402
            ],
            [
              30.293860404272195,
              59.874578090794635
            ],
            [
              30.293859094107916,
              59.87457757495852
            ],
            [
              30.293858583882226,
              59.87457617473181
            ],
            [
              30.29385736331887,
              59.87457261700245
            ],
            [
              30.293856370088722,
              59.874569727182816
            ],
            [
              30.293855476949265,
              59.87456717436108
            ],
            [
              30.293854587796933,
              59.87456469393031
            ],
            [
              30.293855049373416,
              59.8745632875245
            ],
            [
              30.293855454788297,
              59.87456212245431
            ],
            [
              30.293855822222568,
              59.87456120537242
            ],
            [
              30.29385616757639,
              59.874560445451166
            ],
            [
              30.29385650231158,
              59.87455976454049
            ],
            [
              30.293856802653167,
              59.87455920263944
            ],
            [
              30.29385708587122,
              59.874558703078506
            ],
            [
              30.293857352461533,
              59.874558261018834
            ],
            [
              30.293857604173702,
              59.87455786097373
            ],
            [
              30.29385783413387,
              59.874557508471376
            ],
            [
              30.29385803864982,
              59.8745572005333
            ],
            [
              30.293858222583186,
              59.87455692383219
            ],
            [
              30.293858390830323,
              59.874556676779356
            ],
            [
              30.29385855052818,
              59.87455647276829
            ],
            [
              30.293859699774526,
              59.87455796686967
            ],
            [
              30.293863045417385,
              59.874562984521965
            ],
            [
              30.293868415645434,
              59.87457124078766
            ],
            [
              30.293875853561893,
              59.874582336643776
            ],
            [
              30.293882794471497,
              59.87459981456182
            ],
            [
              30.29389435079615,
              59.874623663567775
            ],
            [
              30.29391604866822,
              59.87465609782225
            ],
            [
              30.2939201183028,
              59.87465977760247
            ],
            [
              30.293923034378757,
              59.874662031420755
            ],
            [
              30.293924705649133,
              59.87466327411097
            ],
            [
              30.293923785110294,
              59.874662742338664
            ],
            [
              30.293922608476787,
              59.874662207350504
            ],
            [
              30.29392115013075,
              59.87466170980332
            ]
          ],
          [
            [
              30.294911711605884,
              59.8753371363425
            ],
            [
              30.295076764756327,
              59.87538086687533
            ],
            [
              30.295232110246168,
              59.87540658466901
            ],
            [
              30.2953779651315,
              59.87542062498752
            ],
            [
              30.295533294655975,
              59.87542694504947
            ],
            [
              30.295636866407104,
              59.875434226126586
            ],
            [
              30.295737141438547,
              59.87544036909224
            ],
            [
              30.295837454912007,
              59.87544634440084
            ],
            [
              30.295937942176312,
              59.87545153565463
            ],
            [
              30.29603850211621,
              59.87545636129848
            ],
            [
              30.296139034001044,
              59.87546133260065
            ]
          ],
          [
            [
              30.297022388754986,
              59.875436621139755
            ],
            [
              30.297098735894203,
              59.87543347288529
            ],
            [
              30.297150820211836,
              59.875431428295634
            ],
            [
              30.297180617017098,
              59.87542996027544
            ],
            [
              30.29719889358367,
              59.87542829023941
            ],
            [
              30.297192274551914,
              59.875427480230485
            ],
            [
              30.297189070158364,
              59.875426695545016
            ],
            [
              30.297173633742776,
              59.87542654769352
            ],
            [
              30.29716264377065,
              59.875426336110635
            ],
            [
              30.29714719052615,
              59.875426200797904
            ],
            [
              30.297130248287214,
              59.87542631348926
            ],
            [
              30.297112898544754,
              59.875426673968626
            ],
            [
              30.297100203557694,
              59.87542706021341
            ],
            [
              30.297090880470737,
              59.87542732624252
            ],
            [
              30.297083731884864,
              59.87542752006125
            ],
            [
              30.29707806876997,
              59.87542766753666
            ],
            [
              30.29707346460994,
              59.87542778371701
            ],
            [
              30.297069639712564,
              59.87542787809713
            ],
            [
              30.29706641026614,
              59.87542795638463
            ],
            [
              30.297063644250848,
              59.87542802273863
            ],
            [
              30.297048808579788,
              59.875428232273826
            ],
            [
              30.297027531922662,
              59.87542970884355
            ],
            [
              30.297020740108323,
              59.87543055103893
            ],
            [
              30.297019351887872,
              59.87543079591411
            ],
            [
              30.29701875206482,
              59.87543089265971
            ],
            [
              30.297018403135944,
              59.87543094477673
            ],
            [
              30.29701812178751,
              59.875430976065715
            ],
            [
              30.297015322461917,
              59.87543143343309
            ],
            [
              30.297013256372388,
              59.875431770369126
            ],
            [
              30.297011659665685,
              59.87543202357997
            ],
            [
              30.29700874073329,
              59.87543229088922
            ],
            [
              30.29700635065925,
              59.875432512717204
            ],
            [
              30.297003791900604,
              59.875432727532385
            ],
            [
              30.29700160968916,
              59.875432906662475
            ],
            [
              30.29699988064708,
              59.87543305624857
            ],
            [
              30.29699802101746,
              59.87543325579247
            ],
            [
              30.296996251931198,
              59.87543333247473
            ],
            [
              30.296994688838893,
              59.875433327687446
            ],
            [
              30.296994305173396,
              59.8754334392466
            ],
            [
              30.29700837532243,
              59.87543450988547
            ],
            [
              30.29707417067767,
              59.875433547938286
            ],
            [
              30.297168661339647,
              59.87543259242583
            ],
            [
              30.29727362276864,
              59.87543489085593
            ],
            [
              30.297349293040284,
              59.87543649638245
            ],
            [
              30.297424291397405,
              59.875439282944356
            ],
            [
              30.29742397907914,
              59.87543929362102
            ],
            [
              30.29742397907914,
              59.87543929362102
            ],
            [
              30.297423872584666,
              59.875439296488125
            ],
            [
              30.297425535326695,
              59.87543931009138
            ],
            [
              30.297427749772375,
              59.87543936718604
            ],
            [
              30.297428600880497,
              59.87543939396457
            ]
          ],
          [
            [
              30.29885489579478,
              59.87548240223931
            ],
            [
              30.299042842364834,
              59.87548507939493
            ],
            [
              30.299232658782344,
              59.875487807053624
            ],
            [
              30.29942585667899,
              59.875491246755026
            ],
            [
              30.299623541116404,
              59.875495018439494
            ],
            [
              30.29983492315112,
              59.875499093878034
            ],
            [
              30.30000255749199,
              59.87550405089529
            ],
            [
              30.300172955544312,
              59.87550995930604
            ],
            [
              30.30034331867027,
              59.8755161155114
            ],
            [
              30.300513640733538,
              59.875522551192425
            ],
            [
              30.30068583322573,
              59.87552996383106
            ],
            [
              30.300865463696045,
              59.875537582891916
            ]
          ],
          [
            [
              30.30203011703612,
              59.875533494041434
            ],
            [
              30.302301566412122,
              59.87553753408696
            ],
            [
              30.30257318370994,
              59.87554202216981
            ],
            [
              30.30283694823412,
              59.875547046190476
            ],
            [
              30.30309811201087,
              59.87555190885527
            ],
            [
              30.303348739782024,
              59.87555615633354
            ],
            [
              30.30358164664173,
              59.87556100738111
            ],
            [
              30.303802178073315,
              59.87556650300893
            ],
            [
              30.30401411643661,
              59.875571382652986
            ],
            [
              30.304205414717966,
              59.87557536430979
            ],
            [
              30.30448971567675,
              59.875583635136266
            ],
            [
              30.30477693836419,
              59.87559209012224
            ],
            [
              30.305064174425503,
              59.87560043057839
            ],
            [
              30.305351392759643,
              59.87560892654518
            ],
            [
              30.305638559334156,
              59.87561785301086
            ],
            [
              30.30592563850456,
              59.87562746265192
            ]
          ],
          [
            [
              30.304503063988616,
              59.875573186520974
            ],
            [
              30.304512236196746,
              59.87557358717465
            ],
            [
              30.30450608372884,
              59.875573343196486
            ],
            [
              30.304506428771987,
              59.87557327412512
            ],
            [
              30.304501173637902,
              59.875573096550255
            ],
            [
              30.304498331535765,
              59.87557293127314
            ],
            [
              30.304497080276743,
              59.87557276308151
            ],
            [
              30.304495387566316,
              59.87557258017159
            ],
            [
              30.304492951662695,
              59.875572477962336
            ],
            [
              30.304491319268983,
              59.87557235100861
            ],
            [
              30.304490115693532,
              59.87557222913473
            ],
            [
              30.304489033287222,
              59.87557208744387
            ],
            [
              30.304488056111012,
              59.875571944897956
            ],
            [
              30.304487175440553,
              59.87557181494468
            ],
            [
              30.30448639188583,
              59.875571691455406
            ],
            [
              30.30448569178073,
              59.87557159162977
            ],
            [
              30.304483305527043,
              59.87557158523776
            ],
            [
              30.304481390894782,
              59.875571575888884
            ],
            [
              30.304479735698873,
              59.875571561468085
            ],
            [
              30.30447836370445,
              59.87557153586182
            ],
            [
              30.30447716117336,
              59.875571502634806
            ],
            [
              30.304476120029516,
              59.87557147483794
            ],
            [
              30.30447480233993,
              59.875571368152954
            ],
            [
              30.304472147447743,
              59.87557136038409
            ],
            [
              30.30447684447376,
              59.87557211875352
            ],
            [
              30.30452503436195,
              59.875573352055376
            ],
            [
              30.304639937845206,
              59.87557529397468
            ],
            [
              30.30477583104169,
              59.87557755908266
            ],
            [
              30.30487258998121,
              59.87557913452931
            ],
            [
              30.304871587709588,
              59.87557913719136
            ],
            [
              30.304871367211152,
              59.87557913675561
            ],
            [
              30.30487110379381,
              59.87557913466643
            ],
            [
              30.30487110379381,
              59.87557913466643
            ],
            [
              30.30487110379381,
              59.87557913466643
            ],
            [
              30.30487110379381,
              59.87557913466643
            ]
          ],
          [
            [
              30.306503823397808,
              59.87560544848856
            ],
            [
              30.306747642784178,
              59.87560907076417
            ],
            [
              30.306989455915083,
              59.87561208454219
            ],
            [
              30.307230448924464,
              59.8756153292315
            ],
            [
              30.307469168775423,
              59.87561843459795
            ],
            [
              30.307706475599556,
              59.875621594382636
            ],
            [
              30.30794101180214,
              59.8756249512112
            ],
            [
              30.308174400766514,
              59.87562824359317
            ],
            [
              30.308413494320206,
              59.87563170856802
            ],
            [
              30.308659078432402,
              59.87563558829656
            ],
            [
              30.30890466260831,
              59.875640732801024
            ],
            [
              30.30915179506766,
              59.875646216051074
            ],
            [
              30.309403774552063,
              59.875650800157004
            ],
            [
              30.309666915735693,
              59.875655519434424
            ],
            [
              30.30993234576831,
              59.875659872683165
            ],
            [
              30.31018181687056,
              59.87566350589276
            ],
            [
              30.310412942864676,
              59.875666775975986
            ],
            [
              30.31064626329058,
              59.87567086076334
            ],
            [
              30.310856013494302,
              59.875674128145434
            ],
            [
              30.31103256354306,
              59.87567649991145
            ],
            [
              30.31118647730693,
              59.875678509906
            ],
            [
              30.31144610635514,
              59.87568628016554
            ],
            [
              30.31171153598574,
              59.875694421536366
            ],
            [
              30.311976945205668,
              59.8757027296613
            ],
            [
              30.312241425315925,
              59.87571129047631
            ],
            [
              30.312494718577675,
              59.87571975824655
            ],
            [
              30.312733354438123,
              59.87572810404637
            ]
          ],
          [
            [
              30.311281095533946,
              59.87567484727283
            ],
            [
              30.3113002613172,
              59.87567541809571
            ],
            [
              30.31130899079,
              59.87567557015626
            ],
            [
              30.31131616834233,
              59.87567565239596
            ],
            [
              30.311324003679218,
              59.87567576057033
            ],
            [
              30.311330888792853,
              59.87567585019405
            ],
            [
              30.311342788310164,
              59.87567601901294
            ],
            [
              30.311348318691422,
              59.87567608693007
            ],
            [
              30.311351868344705,
              59.875676126379524
            ],
            [
              30.31135432812974,
              59.875676150492964
            ],
            [
              30.311356022086017,
              59.875676163371296
            ],
            [
              30.311357331354888,
              59.87567617102371
            ],
            [
              30.311358211236602,
              59.87567617177906
            ],
            [
              30.311358555102817,
              59.875676156549886
            ],
            [
              30.31135944324085,
              59.87567614745492
            ],
            [
              30.311362347523538,
              59.87567622988101
            ],
            [
              30.311366640172096,
              59.87567636055207
            ],
            [
              30.311368794940705,
              59.875676377562506
            ],
            [
              30.31137103687516,
              59.87567640832376
            ],
            [
              30.311373083172327,
              59.87567642611455
            ],
            [
              30.311375207847597,
              59.87567644422317
            ],
            [
              30.3113757182852,
              59.87567643599604
            ],
            [
              30.311376061288932,
              59.87567642108105
            ],
            [
              30.31137636184631,
              59.87567640567885
            ],
            [
              30.311376585384167,
              59.87567638885673
            ],
            [
              30.31137679918455,
              59.875676371692094
            ],
            [
              30.311376997633474,
              59.87567635383627
            ],
            [
              30.31137718661005,
              59.87567633557192
            ],
            [
              30.31137736828069,
              59.87567631707405
            ],
            [
              30.31137737869026,
              59.87567628815495
            ],
            [
              30.31137710599265,
              59.87567623480746
            ],
            [
              30.3113767085068,
              59.87567616314414
            ],
            [
              30.311376888413754,
              59.875676105036185
            ],
            [
              30.31137772453445,
              59.87567604519878
            ],
            [
              30.311379348484717,
              59.875676323288666
            ],
            [
              30.311382439811958,
              59.8756764543931
            ],
            [
              30.31138719605493,
              59.875676563727254
            ],
            [
              30.311386738702158,
              59.875676550363174
            ],
            [
              30.311386641923395,
              59.87567654777865
            ],
            [
              30.311386641923395,
              59.87567654777865
            ],
            [
              30.311386641923395,
              59.87567654777865
            ],
            [
              30.311387017197926,
              59.87567655652522
            ],
            [
              30.31139462243424,
              59.87567681324904
            ]
          ],
          [
            [
              30.312933616982328,
              59.87570816565647
            ],
            [
              30.31306327501064,
              59.875710710087546
            ],
            [
              30.31317195097236,
              59.87571320651941
            ],
            [
              30.313261393809974,
              59.87571477678909
            ],
            [
              30.31334664485015,
              59.87571509649029
            ],
            [
              30.31342593381531,
              59.87571533161441
            ],
            [
              30.31351378190953,
              59.87571581579965
            ],
            [
              30.31354081253342,
              59.875715892756084
            ],
            [
              30.313556820343464,
              59.87571613423012
            ],
            [
              30.3135636011399,
              59.87571626049646
            ],
            [
              30.31356355924938,
              59.875716261554196
            ],
            [
              30.31356335680621,
              59.875716257730915
            ],
            [
              30.31356304785069,
              59.875716250183956
            ]
          ],
          [
            [
              30.315319848634786,
              59.87574987329049
            ],
            [
              30.315601525777303,
              59.87575504158416
            ],
            [
              30.315889947286696,
              59.87576008498908
            ],
            [
              30.316187858176274,
              59.87576460047049
            ],
            [
              30.316488264703345,
              59.875769448515626
            ],
            [
              30.316791470916087,
              59.875773403987765
            ],
            [
              30.317091587088292,
              59.87577382444402
            ],
            [
              30.3173915768875,
              59.87577488338611
            ],
            [
              30.317688038094886,
              59.87577740047716
            ],
            [
              30.31797784843202,
              59.87578157985769
            ],
            [
              30.318266696942313,
              59.87578543717677
            ],
            [
              30.318557642580156,
              59.87578818627811
            ],
            [
              30.31885500086749,
              59.87578953019824
            ],
            [
              30.319156498835422,
              59.875793215727406
            ],
            [
              30.31945535912764,
              59.87579932654075
            ],
            [
              30.319738719488416,
              59.87580871678055
            ],
            [
              30.320003796469035,
              59.87582132503107
            ],
            [
              30.32024274147513,
              59.87583620531394
            ],
            [
              30.320465133061205,
              59.87585108835391
            ],
            [
              30.32067732372596,
              59.87586621487319
            ],
            [
              30.320880642493663,
              59.875879453760426
            ],
            [
              30.32108236743213,
              59.87588356519488
            ],
            [
              30.32129499372428,
              59.8758855644777
            ],
            [
              30.321509291430388,
              59.87588683602359
            ],
            [
              30.321738980510208,
              59.87588818357937
            ],
            [
              30.32189058967406,
              59.87588931587448
            ],
            [
              30.32203077945371,
              59.875890040334596
            ],
            [
              30.322168694170035,
              59.875890569156354
            ],
            [
              30.32230633761278,
              59.875891202132266
            ],
            [
              30.322443960890073,
              59.8758925562177
            ],
            [
              30.322581604882373,
              59.87589318484648
            ]
          ],
          [
            [
              30.324152967794042,
              59.87592496781726
            ],
            [
              30.32447559724017,
              59.87593106970302
            ],
            [
              30.32479502260154,
              59.87592687215163
            ],
            [
              30.325104448760396,
              59.87592638404039
            ],
            [
              30.325403136458192,
              59.87592820747069
            ],
            [
              30.32569081618143,
              59.87593153252882
            ],
            [
              30.325971634555163,
              59.87593583052713
            ],
            [
              30.326243673675,
              59.875940612026156
            ],
            [
              30.32648614985877,
              59.875943926258024
            ],
            [
              30.32679744209674,
              59.87594604623022
            ],
            [
              30.327108238674903,
              59.875947434961994
            ],
            [
              30.327419042792055,
              59.875948300175544
            ],
            [
              30.327729848554245,
              59.87594900017376
            ],
            [
              30.328040637918292,
              59.875950730930654
            ],
            [
              30.328351391510452,
              59.875953670062664
            ]
          ],
          [
            [
              30.327140657047515,
              59.8759521460776
            ],
            [
              30.32721774096457,
              59.87595291366993
            ],
            [
              30.32726851364707,
              59.875953476809066
            ],
            [
              30.327301808862945,
              59.87595386986261
            ],
            [
              30.327320115572206,
              59.87595409350528
            ],
            [
              30.327312554043424,
              59.87595624568748
            ],
            [
              30.327309150790427,
              59.875957370586946
            ],
            [
              30.327314065986172,
              59.875957761645864
            ],
            [
              30.32732781674332,
              59.8759582141754
            ],
            [
              30.32735050656603,
              59.87595869274664
            ],
            [
              30.327349849784852,
              59.875958686149104
            ],
            [
              30.327349574657,
              59.87595868376507
            ],
            [
              30.327349142782296,
              59.87595868016652
            ],
            [
              30.327348044094414,
              59.875958670217564
            ],
            [
              30.327347534045526,
              59.87595866518627
            ],
            [
              30.327346699153168,
              59.875958656926244
            ]
          ],
          [
            [
              30.32870215367414,
              59.8759691470556
            ],
            [
              30.328882963661304,
              59.875971653408776
            ],
            [
              30.329064607067075,
              59.87597394267526
            ],
            [
              30.329246148838426,
              59.87597654878323
            ],
            [
              30.32942815486382,
              59.87598496199821
            ],
            [
              30.32961956378099,
              59.87599218135221
            ],
            [
              30.32981008231608,
              59.87599844588498
            ],
            [
              30.329981250246753,
              59.87600231115329
            ],
            [
              30.330130034775333,
              59.87600480282298
            ],
            [
              30.330255607512726,
              59.87600682171447
            ],
            [
              30.330364910494026,
              59.87600411779184
            ],
            [
              30.330447300514432,
              59.876001900777275
            ],
            [
              30.3305039636661,
              59.87600000823568
            ],
            [
              30.3305463202479,
              59.87599833159879
            ],
            [
              30.33055133267837,
              59.87600076425692
            ],
            [
              30.33052909665686,
              59.87600161803016
            ],
            [
              30.330496964447285,
              59.87600169544198
            ],
            [
              30.33046943180704,
              59.87600139678918
            ],
            [
              30.330450157135992,
              59.876000904278015
            ],
            [
              30.330435816835944,
              59.875999955868465
            ],
            [
              30.33042516240131,
              59.87599877299629
            ],
            [
              30.33041872687047,
              59.87599785378377
            ],
            [
              30.330415310031377,
              59.87599715225866
            ],
            [
              30.330416005729738,
              59.87599657633594
            ],
            [
              30.33042182405414,
              59.87599653992304
            ],
            [
              30.330433407614954,
              59.87599676834187
            ],
            [
              30.330431608638502,
              59.87599676477384
            ],
            [
              30.330431608638502,
              59.87599676477384
            ],
            [
              30.330430669470537,
              59.875996759683105
            ],
            [
              30.33042928154841,
              59.8759967590158
            ],
            [
              30.330427985127155,
              59.875996759850565
            ],
            [
              30.33042666998467,
              59.87599676256017
            ]
          ],
          [
            [
              30.331718747323098,
              59.87601391787008
            ],
            [
              30.331908820497922,
              59.87601643012212
            ],
            [
              30.332082821219796,
              59.87601855732146
            ],
            [
              30.332252662937613,
              59.87602677790314
            ],
            [
              30.33237337006293,
              59.87602812977883
            ],
            [
              30.332493979681608,
              59.87603077831943
            ],
            [
              30.33261438685682,
              59.87603518499171
            ],
            [
              30.332734619233786,
              59.87604067683259
            ],
            [
              30.3328531056762,
              59.87604615409536
            ],
            [
              30.332971541788083,
              59.87604989982312
            ]
          ],
          [
            [
              30.334171907753294,
              59.8760501891796
            ],
            [
              30.334402777328638,
              59.87604924720154
            ],
            [
              30.33462595865012,
              59.87604586610214
            ],
            [
              30.33483562404828,
              59.87604164377483
            ],
            [
              30.33502668859555,
              59.87603896352098
            ],
            [
              30.335192636504942,
              59.876038039005174
            ],
            [
              30.335339923518184,
              59.8760367554958
            ],
            [
              30.33546828980888,
              59.87603269236344
            ],
            [
              30.335388690415172,
              59.87601709893103
            ],
            [
              30.335397384055458,
              59.8760154525143
            ],
            [
              30.33545482277749,
              59.87601069470575
            ],
            [
              30.335496086822246,
              59.87600898942163
            ],
            [
              30.335519274998873,
              59.87601242782038
            ],
            [
              30.335523045406408,
              59.876016724003286
            ],
            [
              30.335506959820044,
              59.8760206114184
            ],
            [
              30.33549440852628,
              59.876023240901425
            ],
            [
              30.335487713662708,
              59.876026772307924
            ],
            [
              30.335482645248472,
              59.876029557264594
            ],
            [
              30.33547875052048,
              59.87603153711903
            ],
            [
              30.33547536086674,
              59.87603271066282
            ],
            [
              30.335472921529433,
              59.87603375769988
            ],
            [
              30.33547301790587,
              59.876037330615716
            ],
            [
              30.33548607567676,
              59.876044768991896
            ],
            [
              30.335500318534734,
              59.876048474219495
            ],
            [
              30.335533929902205,
              59.87604925523785
            ],
            [
              30.335561988584,
              59.87604775121549
            ],
            [
              30.335577613594943,
              59.876045808253636
            ],
            [
              30.33559033638043,
              59.87604318679711
            ],
            [
              30.33560749821798,
              59.876040321895296
            ],
            [
              30.335620819572632,
              59.87603827467546
            ],
            [
              30.335641325563174,
              59.87603700954907
            ],
            [
              30.335661465233773,
              59.876036686328796
            ],
            [
              30.335679398380634,
              59.876036813611414
            ],
            [
              30.33569672177717,
              59.876037297870965
            ],
            [
              30.335714873522093,
              59.87603771474399
            ],
            [
              30.335733504847855,
              59.876038164655824
            ],
            [
              30.335752005502307,
              59.876038936551346
            ],
            [
              30.33577137937263,
              59.876039823306655
            ],
            [
              30.33577067233449,
              59.876041055420195
            ],
            [
              30.335770796488905,
              59.87604270871154
            ],
            [
              30.335772037886304,
              59.87604426325449
            ],
            [
              30.33577335046088,
              59.876045198479055
            ],
            [
              30.335774473884317,
              59.876045898750775
            ],
            [
              30.335775446980506,
              59.87604648837428
            ]
          ],
          [
            [
              30.33621719925928,
              59.87562960118318
            ],
            [
              30.336218865465312,
              59.875538011230454
            ],
            [
              30.336224820783247,
              59.87545320272021
            ],
            [
              30.336226547473956,
              59.8754056924408
            ],
            [
              30.336225815254686,
              59.87537457757436
            ],
            [
              30.33622435834615,
              59.87535121710423
            ],
            [
              30.336223264310146,
              59.87533683348959
            ],
            [
              30.336223027141763,
              59.87533409453514
            ],
            [
              30.33622307248256,
              59.87533459430897
            ]
          ],
          [
            [
              30.336292921785557,
              59.874373450504606
            ],
            [
              30.33629675229455,
              59.87422315959331
            ],
            [
              30.336304612218907,
              59.87407616179662
            ],
            [
              30.336311407272298,
              59.87393365471
            ],
            [
              30.336318187445052,
              59.87379490114449
            ],
            [
              30.336325900952612,
              59.87365931086445
            ],
            [
              30.33633271130529,
              59.87352360644373
            ],
            [
              30.33633899106138,
              59.87339180987955
            ],
            [
              30.336347139608733,
              59.87327011072763
            ],
            [
              30.336352570506453,
              59.87316424617062
            ],
            [
              30.33635682026687,
              59.87307925178799
            ],
            [
              30.33636131726007,
              59.87300975285825
            ],
            [
              30.33636509796623,
              59.87295550163375
            ],
            [
              30.336368938538882,
              59.872915804106604
            ],
            [
              30.33637195641305,
              59.87288891570786
            ],
            [
              30.3363738529134,
              59.872873479827184
            ],
            [
              30.33637538665731,
              59.872865756886846
            ],
            [
              30.336376478766205,
              59.87287232443177
            ],
            [
              30.33637641158368,
              59.872874692306446
            ],
            [
              30.336376371408694,
              59.87287403062491
            ],
            [
              30.3363763036459,
              59.872871727552415
            ],
            [
              30.336376280753697,
              59.87286794350215
            ],
            [
              30.33637548840976,
              59.872863904999456
            ],
            [
              30.33637457721048,
              59.87285959072939
            ],
            [
              30.336373858032925,
              59.872855128675596
            ],
            [
              30.336372995723067,
              59.872850766509224
            ],
            [
              30.336372201357108,
              59.87284714700152
            ],
            [
              30.336371691033413,
              59.87284376120802
            ],
            [
              30.336371421944488,
              59.8728407809561
            ],
            [
              30.336370887821285,
              59.87283828207157
            ],
            [
              30.336370340569108,
              59.872835785858456
            ],
            [
              30.336369853172624,
              59.87283363199448
            ],
            [
              30.33636938396723,
              59.87283146931975
            ],
            [
              30.33636899316411,
              59.87282925377959
            ],
            [
              30.336368776120885,
              59.87282727390593
            ],
            [
              30.3363688781056,
              59.87282566886327
            ],
            [
              30.336368850052395,
              59.87282425920344
            ],
            [
              30.336368832622906,
              59.87282298473847
            ],
            [
              30.336368826239564,
              59.872821833632315
            ],
            [
              30.336368829555166,
              59.87282078953699
            ],
            [
              30.336368841909596,
              59.872819843200865
            ],
            [
              30.336368862596178,
              59.87281898185559
            ],
            [
              30.336368892439694,
              59.87281820008971
            ],
            [
              30.336368931059717,
              59.872817487894004
            ],
            [
              30.336368978898008,
              59.872816842731986
            ],
            [
              30.336369034376034,
              59.872816253740154
            ],
            [
              30.336369098381656,
              59.87281572054519
            ],
            [
              30.33636917134634,
              59.8728152374257
            ],
            [
              30.336369253062507,
              59.8728147995183
            ],
            [
              30.336369343674463,
              59.87281440422707
            ],
            [
              30.33636944277955,
              59.87281404567886
            ],
            [
              30.33636955063731,
              59.872813722353925
            ],
            [
              30.336369667559232,
              59.87281343146131
            ],
            [
              30.336369794870844,
              59.8728131729051
            ],
            [
              30.33636993189798,
              59.87281294084609
            ],
            [
              30.336370079440403,
              59.87281273535133
            ],
            [
              30.336370237598683,
              59.872812554078976
            ],
            [
              30.336370406926278,
              59.87281239495958
            ],
            [
              30.33637058668303,
              59.87281225542951
            ],
            [
              30.336370777896935,
              59.872812133590834
            ],
            [
              30.336370982611733,
              59.872812032805214
            ],
            [
              30.3363712005623,
              59.87281194844802
            ],
            [
              30.336371431778986,
              59.872811879100034
            ],
            [
              30.336371677329694,
              59.87281182452855
            ],
            [
              30.3363719375557,
              59.872811783604696
            ],
            [
              30.33637221193576,
              59.87281175393732
            ],
            [
              30.33637250061325,
              59.8728117333613
            ],
            [
              30.33637280585536,
              59.87281172407022
            ],
            [
              30.33637312768621,
              59.87281172529777
            ],
            [
              30.336373516156126,
              59.87281182978872
            ],
            [
              30.336373400603023,
              59.872811919151474
            ],
            [
              30.33637350556063,
              59.872812130452566
            ],
            [
              30.336373566430375,
              59.872812145925366
            ],
            [
              30.336373743540562,
              59.87281216606701
            ],
            [
              30.336373901606848,
              59.872812047654
            ],
            [
              30.336374002650714,
              59.872811857546026
            ],
            [
              30.336374138047393,
              59.872811752291256
            ],
            [
              30.336374319498265,
              59.87281165878764
            ],
            [
              30.336374518711615,
              59.87281157181369
            ],
            [
              30.336374737169216,
              59.87281149226369
            ],
            [
              30.336374974570663,
              59.872811419423996
            ],
            [
              30.336375232198627,
              59.872811354061156
            ],
            [
              30.336375595689866,
              59.87281141631399
            ],
            [
              30.336376452133496,
              59.872811570889766
            ],
            [
              30.33637755759392,
              59.872811774442
            ],
            [
              30.33637925060225,
              59.8728113310373
            ],
            [
              30.336371593375304,
              59.87281130442748
            ],
            [
              30.336371730070766,
              59.872811757408996
            ],
            [
              30.33637181746206,
              59.87281206166794
            ],
            [
              30.3363719128094,
              59.87281238420466
            ],
            [
              30.336372085143584,
              59.87281294904771
            ],
            [
              30.33637227967474,
              59.87281360039049
            ],
            [
              30.336372469338755,
              59.872814250015715
            ]
          ],
          [
            [
              30.336384208554986,
              59.87242805537142
            ],
            [
              30.336385258408537,
              59.872403283015
            ],
            [
              30.336383691946192,
              59.872385572775364
            ],
            [
              30.33638402031184,
              59.87237146938807
            ],
            [
              30.336385102970276,
              59.872363245208724
            ],
            [
              30.336386306126556,
              59.872355891974365
            ],
            [
              30.33638682911222,
              59.87235006044659
            ],
            [
              30.336387555889445,
              59.87234618075256
            ],
            [
              30.336387950173563,
              59.87234321343369
            ],
            [
              30.336388486019615,
              59.872340928869555
            ],
            [
              30.336389187939744,
              59.87233897288635
            ],
            [
              30.33638979027363,
              59.87233723016788
            ],
            [
              30.336390560366482,
              59.872335887292444
            ],
            [
              30.336391218455038,
              59.87233477787813
            ],
            [
              30.33639179394301,
              59.87233384955087
            ],
            [
              30.336392301985477,
              59.87233306678842
            ],
            [
              30.336392753975797,
              59.872332408698504
            ],
            [
              30.33639315923839,
              59.872331856957125
            ],
            [
              30.336393526342313,
              59.8723313941259
            ],
            [
              30.336393861063748,
              59.87233100721284
            ],
            [
              30.336394168178607,
              59.872330687519266
            ],
            [
              30.33639445161501,
              59.87233042413835
            ],
            [
              30.336394715368794,
              59.872330213938426
            ],
            [
              30.336394962102595,
              59.87233004534667
            ],
            [
              30.336395194856387,
              59.87232991582687
            ],
            [
              30.336395415134728,
              59.872329820945566
            ],
            [
              30.33639562502894,
              59.87232975766483
            ],
            [
              30.336395826927273,
              59.87232977299804
            ],
            [
              30.336395860502023,
              59.87232993821529
            ],
            [
              30.336395909835435,
              59.87232999188468
            ],
            [
              30.336396104931055,
              59.87232944597991
            ],
            [
              30.336396323856857,
              59.872328969050876
            ],
            [
              30.336396573152797,
              59.87232868000788
            ],
            [
              30.336396789980263,
              59.87232843456289
            ],
            [
              30.336397005872964,
              59.87232822202156
            ],
            [
              30.336397221468374,
              59.87232803626047
            ],
            [
              30.33639743677893,
              59.87232787613517
            ],
            [
              30.336397653611982,
              59.87232774234199
            ],
            [
              30.336397872684053,
              59.87232763100174
            ],
            [
              30.336398092060534,
              59.872327540921916
            ],
            [
              30.33639831041048,
              59.8723274695872
            ],
            [
              30.336398532534382,
              59.87232741581886
            ],
            [
              30.336398759284947,
              59.87232737887226
            ],
            [
              30.3363989907591,
              59.872327356442085
            ],
            [
              30.336399227368858,
              59.872327347392314
            ],
            [
              30.336399469889333,
              59.87232735092488
            ],
            [
              30.33639971749894,
              59.872327368460155
            ],
            [
              30.336399969589873,
              59.87232739856263
            ],
            [
              30.3364002278229,
              59.87232743768176
            ],
            [
              30.336400493401797,
              59.87232748636853
            ],
            [
              30.336400766341615,
              59.87232754337136
            ],
            [
              30.336401046287282,
              59.872327608146804
            ],
            [
              30.336401333975704,
              59.87232768031672
            ],
            [
              30.336401629884843,
              59.87232776004519
            ],
            [
              30.33640193378318,
              59.87232784578322
            ],
            [
              30.33640224573995,
              59.872327937344544
            ],
            [
              30.336402565452655,
              59.87232803383476
            ],
            [
              30.336402892730607,
              59.87232813407114
            ],
            [
              30.33640322895772,
              59.87232823982363
            ],
            [
              30.336403573247964,
              59.87232835036326
            ],
            [
              30.336403925674922,
              59.87232846422428
            ],
            [
              30.336404286280843,
              59.87232858157315
            ],
            [
              30.33640465590963,
              59.87232870327285
            ],
            [
              30.336405032843174,
              59.872328825115524
            ],
            [
              30.336405420186175,
              59.87232894861957
            ],
            [
              30.336405815959026,
              59.872329073495266
            ],
            [
              30.336406221386866,
              59.87232920137826
            ],
            [
              30.336406634881342,
              59.87232932903463
            ],
            [
              30.336407056668012,
              59.87232945674533
            ],
            [
              30.33640748748686,
              59.87232958506188
            ],
            [
              30.33640792767832,
              59.872329714165325
            ],
            [
              30.336408376226743,
              59.872329841855205
            ],
            [
              30.33640883483837,
              59.87232997036892
            ],
            [
              30.33640930097397,
              59.87233009496604
            ],
            [
              30.3364097772834,
              59.87233021969774
            ],
            [
              30.336410262532276,
              59.87233034204654
            ],
            [
              30.336410757857262,
              59.87233046305305
            ],
            [
              30.336411262632303,
              59.872330581653
            ],
            [
              30.33641186009917,
              59.8723307990495
            ],
            [
              30.33641191422029,
              59.87233091358866
            ],
            [
              30.336412183686555,
              59.872330976997844
            ],
            [
              30.33641265154842,
              59.872331146826795
            ],
            [
              30.336413335333447,
              59.87233139787776
            ],
            [
              30.336414381561173,
              59.87233151716956
            ],
            [
              30.336416059854766,
              59.872331113387155
            ],
            [
              30.336418562828676,
              59.87233011684413
            ],
            [
              30.33642189647757,
              59.87232875100386
            ],
            [
              30.33642268733407,
              59.872329274230324
            ],
            [
              30.336423438059406,
              59.87232976574551
            ],
            [
              30.33642369304074,
              59.872329933176616
            ],
            [
              30.33642369304074,
              59.872329933176616
            ],
            [
              30.336423619979097,
              59.87232940929743
            ],
            [
              30.336425295764023,
              59.872326259905186
            ]
          ],
          [
            [
              30.33649280139858,
              59.8719059103653
            ],
            [
              30.336648710031668,
              59.871892807731534
            ],
            [
              30.33678253679671,
              59.8718955795848
            ],
            [
              30.336907239768383,
              59.87190039008803
            ],
            [
              30.3369464189557,
              59.87189960562099
            ],
            [
              30.336973986671868,
              59.87189931467144
            ],
            [
              30.33700058237421,
              59.87189942088578
            ],
            [
              30.33702716553323,
              59.87189985418856
            ],
            [
              30.33705372583674,
              59.8719005514549
            ],
            [
              30.33707296853841,
              59.871901347777026
            ]
          ],
          [
            [
              30.338546031747466,
              59.871944118999174
            ],
            [
              30.338739955107375,
              59.87194805067823
            ],
            [
              30.338926721448754,
              59.871953859360055
            ],
            [
              30.339109884599598,
              59.871958690199435
            ],
            [
              30.3392966312614,
              59.87196296358329
            ],
            [
              30.33949224056354,
              59.871967809223754
            ],
            [
              30.339697709667085,
              59.87196759480551
            ],
            [
              30.33990588728539,
              59.87197050915238
            ],
            [
              30.340109497348514,
              59.87197904518117
            ],
            [
              30.34032255456955,
              59.87198929939968
            ],
            [
              30.34054570196525,
              59.87199963952957
            ],
            [
              30.340778799112016,
              59.87201199227094
            ],
            [
              30.34100778521218,
              59.87203133101458
            ],
            [
              30.341225435918076,
              59.87206436459474
            ],
            [
              30.341408390724396,
              59.872139655184824
            ],
            [
              30.341612199362647,
              59.87221297056519
            ],
            [
              30.341809183868737,
              59.87229571814331
            ],
            [
              30.341992955899926,
              59.87238589867182
            ],
            [
              30.342167619674473,
              59.87248693199754
            ],
            [
              30.342325945675498,
              59.87259665650844
            ],
            [
              30.34246640302792,
              59.87271413094608
            ]
          ],
          [
            [
              30.342676618948307,
              59.871979938685044
            ],
            [
              30.34275421974023,
              59.8719813649344
            ],
            [
              30.34282190296605,
              59.87198358793353
            ],
            [
              30.342879859141046,
              59.87198812406984
            ],
            [
              30.342923282767547,
              59.871993110307194
            ],
            [
              30.34295097092857,
              59.87199742375306
            ],
            [
              30.34296406359889,
              59.87200045410448
            ],
            [
              30.34296992441559,
              59.87200264091807
            ],
            [
              30.3429624962447,
              59.872001814111485
            ],
            [
              30.342947684189653,
              59.871996468343035
            ],
            [
              30.342935507841144,
              59.87199255895209
            ],
            [
              30.342925905361955,
              59.87198981476182
            ],
            [
              30.3429179565346,
              59.871987755705554
            ],
            [
              30.34291101586252,
              59.871986146903126
            ],
            [
              30.342905316829917,
              59.871984872134654
            ],
            [
              30.342900801010984,
              59.871983871141936
            ],
            [
              30.342898883675698,
              59.871983498163466
            ],
            [
              30.34290019310508,
              59.871986237324336
            ],
            [
              30.34290155388857,
              59.87198732963749
            ],
            [
              30.342902183294846,
              59.87198674913853
            ],
            [
              30.342903426985394,
              59.87198598248739
            ],
            [
              30.34290725649292,
              59.871985705677574
            ],
            [
              30.342930139506855,
              59.87197437651178
            ],
            [
              30.342939134202858,
              59.87197886734663
            ],
            [
              30.342938500319303,
              59.87197906126873
            ],
            [
              30.342938500319303,
              59.87197906126873
            ],
            [
              30.342938500319303,
              59.87197906126873
            ],
            [
              30.342938500319303,
              59.87197906126873
            ],
            [
              30.342938500319303,
              59.87197906126873
            ],
            [
              30.342938500319303,
              59.87197906126873
            ]
          ],
          [
            [
              30.344249159235495,
              59.8720220484149
            ],
            [
              30.344438382292385,
              59.87202717154468
            ],
            [
              30.344630652495535,
              59.872035500359175
            ],
            [
              30.3448270028341,
              59.87204973616109
            ],
            [
              30.345026966016302,
              59.872066769805315
            ],
            [
              30.345293144562294,
              59.87208261351255
            ],
            [
              30.345566186257507,
              59.872102859623034
            ],
            [
              30.34582541165028,
              59.87214892602894
            ],
            [
              30.34602255663052,
              59.872244006710204
            ],
            [
              30.34611440123244,
              59.87237157471037
            ],
            [
              30.346141702245955,
              59.872503404599115
            ]
          ],
          [
            [
              30.344942539619684,
              59.87207586732524
            ],
            [
              30.344920707099146,
              59.87213637757435
            ],
            [
              30.344905651118264,
              59.87218140998726
            ],
            [
              30.344893051706148,
              59.872220782179326
            ],
            [
              30.344881786854053,
              59.87225604623075
            ],
            [
              30.344866477777423,
              59.872288240268084
            ],
            [
              30.344853070178463,
              59.87231419151101
            ],
            [
              30.344848647469785,
              59.872338166666104
            ],
            [
              30.344843834088643,
              59.8723549994353
            ],
            [
              30.34483772669751,
              59.87236932308608
            ],
            [
              30.344827315797254,
              59.87238550630716
            ],
            [
              30.344814107180472,
              59.8724005072232
            ],
            [
              30.344803120847306,
              59.87241081071217
            ],
            [
              30.34478586590802,
              59.87242176363906
            ],
            [
              30.34477059571415,
              59.87242921970788
            ],
            [
              30.344758973176567,
              59.87243561964647
            ],
            [
              30.344759668566866,
              59.87243596119257
            ],
            [
              30.344761038059634,
              59.872435925961526
            ],
            [
              30.34476154123188,
              59.87243618927058
            ],
            [
              30.34476191400438,
              59.87243640968191
            ],
            [
              30.344762344205687,
              59.87243658243431
            ],
            [
              30.34476255415053,
              59.87243650877595
            ],
            [
              30.3447628462834,
              59.872436403287814
            ],
            [
              30.3447628462834,
              59.872436403287814
            ],
            [
              30.3447628462834,
              59.872436403287814
            ],
            [
              30.3447628462834,
              59.872436403287814
            ],
            [
              30.344762888139254,
              59.87243635451837
            ]
          ],
          [
            [
              30.344409051143383,
              59.87238819021704
            ],
            [
              30.344411114495127,
              59.872388122523304
            ],
            [
              30.344412753984898,
              59.87238805580066
            ],
            [
              30.34441477168881,
              59.872387923777374
            ],
            [
              30.344417548478873,
              59.872387711536916
            ],
            [
              30.344422230593782,
              59.87238754916591
            ],
            [
              30.3444260715307,
              59.87238748340995
            ],
            [
              30.344428724544617,
              59.87238740446735
            ],
            [
              30.344430332137296,
              59.87238732098676
            ],
            [
              30.34443205700986,
              59.87238722393969
            ],
            [
              30.3444338822197,
              59.87238714005095
            ],
            [
              30.344435206981817,
              59.87238708849502
            ],
            [
              30.344436408532914,
              59.872387006929515
            ],
            [
              30.34443542316871,
              59.87238746470085
            ],
            [
              30.344434769333976,
              59.87238727934744
            ],
            [
              30.344432477689875,
              59.87238714970997
            ],
            [
              30.344430425977205,
              59.87238702686176
            ],
            [
              30.344428446721835,
              59.872386905085875
            ],
            [
              30.344426671715524,
              59.872386785699916
            ],
            [
              30.344425071702272,
              59.87238666673852
            ],
            [
              30.344423620723365,
              59.872386548738476
            ],
            [
              30.3444222974714,
              59.8723864319833
            ],
            [
              30.34442096864796,
              59.87238631581479
            ],
            [
              30.34441980603258,
              59.87238619976911
            ],
            [
              30.34441873198744,
              59.872386083811364
            ],
            [
              30.344417735667857,
              59.87238596796308
            ],
            [
              30.34441680850043,
              59.872385851169696
            ],
            [
              30.344415941383637,
              59.872385735420025
            ],
            [
              30.34441512810042,
              59.87238561972628
            ],
            [
              30.34441436332366,
              59.872385503021256
            ],
            [
              30.34441364054409,
              59.87238538844293
            ],
            [
              30.344412955492803,
              59.87238527538146
            ],
            [
              30.34441230469778,
              59.87238516149098
            ],
            [
              30.344411674713744,
              59.87238508338353
            ],
            [
              30.344410804046827,
              59.87238491112812
            ],
            [
              30.344409745739345,
              59.87238480438367
            ],
            [
              30.344408777331783,
              59.87238469398844
            ],
            [
              30.34440785254127,
              59.872384581825216
            ],
            [
              30.344406967356953,
              59.87238447109034
            ],
            [
              30.344406118221823,
              59.872384358868885
            ],
            [
              30.344405302109067,
              59.87238424705441
            ],
            [
              30.344404516803532,
              59.87238413859678
            ],
            [
              30.344403770202735,
              59.87238410447856
            ],
            [
              30.344402718705542,
              59.87238407702805
            ],
            [
              30.344401479400123,
              59.87238377654946
            ],
            [
              30.344399888544157,
              59.87238365994137
            ],
            [
              30.344398631105673,
              59.87238362735011
            ],
            [
              30.34439723528812,
              59.87238345134821
            ],
            [
              30.344395716292627,
              59.87238334950829
            ],
            [
              30.34439426750143,
              59.87238347456834
            ],
            [
              30.34439280018264,
              59.87238326465404
            ],
            [
              30.344391452302602,
              59.87238311391777
            ],
            [
              30.344390145384267,
              59.872382960917875
            ],
            [
              30.344388775998354,
              59.872382855198246
            ],
            [
              30.34438728827187,
              59.872382757356064
            ],
            [
              30.34438584580813,
              59.87238265431522
            ],
            [
              30.344384340670036,
              59.87238255141935
            ],
            [
              30.344382801252205,
              59.87238241207237
            ],
            [
              30.344381306642603,
              59.87238228572197
            ],
            [
              30.34437988681079,
              59.872382168688794
            ],
            [
              30.344378636017986,
              59.8723821235361
            ],
            [
              30.34437758266611,
              59.87238201044856
            ],
            [
              30.344376679515563,
              59.87238195414651
            ],
            [
              30.344375890018878,
              59.872381831411516
            ],
            [
              30.344375173066638,
              59.87238175980011
            ],
            [
              30.34437469474468,
              59.87238236866393
            ],
            [
              30.34437405449161,
              59.872382201579555
            ],
            [
              30.344373471640665,
              59.87238204157602
            ],
            [
              30.34437287621462,
              59.87238192540847
            ],
            [
              30.344372430288598,
              59.872381798629384
            ],
            [
              30.34437199826633,
              59.872381900943694
            ],
            [
              30.34437159953463,
              59.87238205008685
            ],
            [
              30.344371274120668,
              59.872382115142145
            ],
            [
              30.344371018724043,
              59.87238220989801
            ],
            [
              30.344370894055917,
              59.87238226493342
            ],
            [
              30.344370874797818,
              59.87238228836213
            ],
            [
              30.344370940806538,
              59.87238231751533
            ],
            [
              30.34437112488871,
              59.87238246421714
            ],
            [
              30.34437136104779,
              59.87238263383307
            ],
            [
              30.344371586124897,
              59.872382735885644
            ],
            [
              30.34437186308967,
              59.872382603947074
            ],
            [
              30.344372198256288,
              59.87238271211275
            ],
            [
              30.344372518621768,
              59.87238278579567
            ],
            [
              30.344372939512226,
              59.872382824756286
            ],
            [
              30.344373292347708,
              59.87238283622031
            ],
            [
              30.34437358222115,
              59.872382814343055
            ],
            [
              30.34437386468425,
              59.87238279513052
            ],
            [
              30.34437414161077,
              59.87238277814391
            ],
            [
              30.344374413637155,
              59.87238276620676
            ],
            [
              30.34437467844356,
              59.872382751504205
            ],
            [
              30.344374885737516,
              59.872382623483
            ],
            [
              30.344375122096256,
              59.872382785874386
            ],
            [
              30.34437541499203,
              59.87238297593778
            ],
            [
              30.344375727530586,
              59.87238316798013
            ],
            [
              30.34437604004652,
              59.8723832795891
            ],
            [
              30.3443763907973,
              59.87238335868084
            ],
            [
              30.344376812105775,
              59.87238342663169
            ],
            [
              30.344377240482114,
              59.8723835061217
            ],
            [
              30.34437769813822,
              59.872383506016924
            ],
            [
              30.344378200924563,
              59.87238353016748
            ],
            [
              30.34437874576733,
              59.87238349408146
            ],
            [
              30.344379353828185,
              59.87238349357028
            ],
            [
              30.34438004149271,
              59.872383485679414
            ],
            [
              30.344380871026576,
              59.87238347380321
            ],
            [
              30.344381734472652,
              59.87238346555982
            ],
            [
              30.34438260354333,
              59.87238345820995
            ],
            [
              30.3443834903986,
              59.87238344574409
            ],
            [
              30.344384396554123,
              59.872383431053784
            ],
            [
              30.34438532322637,
              59.872383416397874
            ],
            [
              30.34438627077683,
              59.872383402258784
            ],
            [
              30.344387239532264,
              59.87238338889264
            ],
            [
              30.344388230232553,
              59.87238337721033
            ],
            [
              30.344389242519657,
              59.872383368065506
            ],
            [
              30.344390274313103,
              59.87238336595606
            ],
            [
              30.344391351163566,
              59.87238333305773
            ],
            [
              30.34439279388343,
              59.87238319160596
            ],
            [
              30.344394191750034,
              59.87238315592999
            ],
            [
              30.344395684922937,
              59.872383045182715
            ],
            [
              30.344397211711602,
              59.872382968304755
            ],
            [
              30.344398652905035,
              59.872382942584395
            ],
            [
              30.34440021262364,
              59.87238288908992
            ],
            [
              30.344401719228085,
              59.872382870004664
            ],
            [
              30.34440331372596,
              59.872382870273775
            ],
            [
              30.34440490141179,
              59.87238291075974
            ],
            [
              30.344406453894912,
              59.87238297715475
            ],
            [
              30.344407944804903,
              59.872383059545506
            ],
            [
              30.34440940906997,
              59.87238316999416
            ],
            [
              30.344410874536425,
              59.872383308466084
            ],
            [
              30.344412245710654,
              59.87238346600672
            ],
            [
              30.344413391389203,
              59.872383625642776
            ],
            [
              30.344414436647494,
              59.87238379426212
            ],
            [
              30.34441542110819,
              59.87238397290526
            ],
            [
              30.344416434405776,
              59.87238417689158
            ],
            [
              30.34441740246549,
              59.87238438933829
            ],
            [
              30.344418339173686,
              59.87238461242051
            ],
            [
              30.344419224860655,
              59.87238484301134
            ],
            [
              30.34442004331264,
              59.8723850743345
            ],
            [
              30.34442101628055,
              59.87238555500737
            ],
            [
              30.344421718497376,
              59.87238579513771
            ],
            [
              30.34442237333417,
              59.87238603473983
            ],
            [
              30.344422980015153,
              59.87238627253432
            ],
            [
              30.344423545991965,
              59.87238650677795
            ],
            [
              30.344424036813574,
              59.8723867241433
            ],
            [
              30.344424528266106,
              59.87238694846531
            ],
            [
              30.344425010193785,
              59.872387179562196
            ],
            [
              30.344425430225495,
              59.872387396271876
            ],
            [
              30.34442580120963,
              59.87238759528658
            ],
            [
              30.3444262031467,
              59.872387856199865
            ],
            [
              30.34442649605648,
              59.87238826910077
            ],
            [
              30.34442666746419,
              59.87238859291904
            ],
            [
              30.344426849246105,
              59.87238898368939
            ],
            [
              30.344426982344118,
              59.87238935666825
            ],
            [
              30.34442710060073,
              59.87238971863424
            ],
            [
              30.34442716403524,
              59.872390038040365
            ],
            [
              30.344427208823184,
              59.872390384323
            ],
            [
              30.344427283206667,
              59.87239076473744
            ],
            [
              30.344427379536857,
              59.87239104778574
            ],
            [
              30.344427478905647,
              59.872391316071685
            ],
            [
              30.344427616356857,
              59.87239155822314
            ],
            [
              30.34442773324025,
              59.87239170703889
            ],
            [
              30.344427753805768,
              59.8723918049494
            ],
            [
              30.34442773183842,
              59.87239205490299
            ],
            [
              30.34442761499945,
              59.872392342062064
            ],
            [
              30.3444273782496,
              59.87239262365964
            ],
            [
              30.344427030138817,
              59.872393062962615
            ],
            [
              30.344426685965267,
              59.8723934853868
            ],
            [
              30.344426435857383,
              59.87239376043156
            ],
            [
              30.344426158849615,
              59.87239409092849
            ],
            [
              30.344425784855517,
              59.87239449223256
            ],
            [
              30.344425617670385,
              59.87239461835633
            ],
            [
              30.344425353420792,
              59.87239487658064
            ],
            [
              30.344425045698372,
              59.87239515812948
            ],
            [
              30.344423925886627,
              59.872395643204996
            ],
            [
              30.34442236809981,
              59.872396047040304
            ],
            [
              30.34442009708064,
              59.8723965865051
            ],
            [
              30.344417322384157,
              59.87239705071437
            ],
            [
              30.344414764408693,
              59.87239729838293
            ],
            [
              30.344410633353252,
              59.872398199778445
            ],
            [
              30.344407388494766,
              59.87239911583124
            ],
            [
              30.34440717426935,
              59.87239907689263
            ],
            [
              30.344407491830598,
              59.87239911662989
            ],
            [
              30.34440781244927,
              59.87239914970209
            ],
            [
              30.344407645985747,
              59.872399110365386
            ],
            [
              30.34440727850914,
              59.8723989497601
            ],
            [
              30.344407133907055,
              59.872398775364495
            ]
          ],
          [
            [
              30.343989701375612,
              59.87237914439373
            ],
            [
              30.343984513417755,
              59.87238537507572
            ],
            [
              30.343985140426366,
              59.872384244556784
            ],
            [
              30.343988121095702,
              59.87238306686435
            ],
            [
              30.343991971978127,
              59.87238197879328
            ],
            [
              30.343995020291217,
              59.87238144406992
            ],
            [
              30.343998545719224,
              59.87238097391912
            ],
            [
              30.344002212474734,
              59.872380628530365
            ],
            [
              30.344006066012497,
              59.87238019457785
            ],
            [
              30.34400866336307,
              59.872379885963795
            ],
            [
              30.344011159081834,
              59.872379654103675
            ],
            [
              30.344014247258983,
              59.872379522650874
            ],
            [
              30.344018184821167,
              59.872379213585845
            ],
            [
              30.344019245156733,
              59.87238001166574
            ],
            [
              30.34401594435518,
              59.872383053133554
            ],
            [
              30.344014940616724,
              59.872386574990976
            ],
            [
              30.3440166562445,
              59.87239046101027
            ],
            [
              30.344017888447112,
              59.87239325126753
            ],
            [
              30.344025446027715,
              59.87239362973472
            ],
            [
              30.344034154247105,
              59.872394548670556
            ],
            [
              30.344048992779914,
              59.87239577341934
            ],
            [
              30.34406791853569,
              59.87239691355366
            ],
            [
              30.344091612459025,
              59.87239796717779
            ],
            [
              30.344091640103958,
              59.87239794095152
            ],
            [
              30.344091640103958,
              59.87239794095152
            ],
            [
              30.344091640103958,
              59.87239794095152
            ],
            [
              30.344091640103958,
              59.87239794095152
            ]
          ]
        ]
      }
    }
  ]
}