{
  "type": "FeatureCollection",
  "features": [
    {
      "type": "Feature",
      "properties": {
        "name": "last_known_position",
        "point_count": 2078,
        "segment_count": 42,
        "role": "baseline"
      },
      "geometry": {
        "type": "MultiLineString",
        "coordinates": [
          [
            [
              30.2282113691911,
              60.0342757610331
            ],
            [
              30.2282113691911,
              60.0342757610331
            ],
            [
              30.2282113691911,
              60.0342757610331
            ],
            [
              30.2282113691911,
              60.0342757610331
            ],
            [
              30.22870621115255,
              60.03385425602209
            ],
            [
              30.228853850000473,
              60.03372849764708
            ],
            [
              30.22898604925211,
              60.03361589068719
            ],
            [
              30.229098555623683,
              60.033520058037396
            ],
            [
              30.229203637145837,
              60.03343054913749
            ],
            [
              30.229302426803947,
              60.03334642671803
            ],
            [
              30.229372147853372,
              60.03328705280309
            ],
            [
              30.22943120936398,
              60.03323675651414
            ],
            [
              30.229498322386338,
              60.033179603636654
            ],
            [
              30.229539382856274,
              60.03314463685555
            ],
            [
              30.229579331871555,
              60.033083927760345
            ],
            [
              30.229612551091595,
              60.03306206488408
            ],
            [
              30.229640957272583,
              60.03303697943641
            ],
            [
              30.229684437294203,
              60.032996650617974
            ],
            [
              30.229768589757693,
              60.03294944617949
            ],
            [
              30.229790014010717,
              60.032866508161526
            ],
            [
              30.22986691815186,
              60.03278798927834
            ],
            [
              30.22986691815186,
              60.03278798927834
            ],
            [
              30.22986691815186,
              60.03278798927834
            ],
            [
              30.22986691815186,
              60.03278798927834
            ],
            [
              30.22986691815186,
              60.03278798927834
            ],
            [
              30.22986691815186,
              60.03278798927834
            ],
            [
              30.22986691815186,
              60.03278798927834
            ]
          ],
          [
            [
              30.23047349612095,
              60.032136491254384
            ],
            [
              30.230542794293726,
              60.03206107580412
            ],
            [
              30.23060565068692,
              60.03198370111797
            ],
            [
              30.230673896758464,
              60.03190484027753
            ],
            [
              30.23074350170183,
              60.031826975964606
            ],
            [
              30.230846508437867,
              60.031765481732194
            ],
            [
              30.2308976631059,
              60.031705408389094
            ],
            [
              30.2309639715868,
              60.03164662630442
            ],
            [
              30.231029393184876,
              60.031600278250366
            ],
            [
              30.23109394287906,
              60.031546413587755
            ],
            [
              30.23111873281265,
              60.03149230331108
            ],
            [
              30.231163138442046,
              60.031450876328236
            ],
            [
              30.231196114393427,
              60.03141219413951
            ],
            [
              30.231212455189038,
              60.031373227682856
            ],
            [
              30.231180902242482,
              60.03133850291711
            ],
            [
              30.23120869818922,
              60.03131448160261
            ],
            [
              30.231227136120566,
              60.03129854754824
            ],
            [
              30.231271829512938,
              60.03127528385225
            ],
            [
              30.231314903355017,
              60.031248143643055
            ],
            [
              30.231359731593688,
              60.03121012904195
            ],
            [
              30.231386149146807,
              60.03116081468473
            ],
            [
              30.231445224575616,
              60.03110918138976
            ],
            [
              30.231505778646547,
              60.031056256005556
            ],
            [
              30.231505778646547,
              60.031056256005556
            ],
            [
              30.231505778646547,
              60.031056256005556
            ],
            [
              30.231505778646547,
              60.031056256005556
            ],
            [
              30.231505778646547,
              60.031056256005556
            ],
            [
              30.231505778646547,
              60.031056256005556
            ],
            [
              30.231505778646547,
              60.031056256005556
            ]
          ],
          [
            [
              30.232278520382742,
              60.030490053678115
            ],
            [
              30.232392580915878,
              60.03039873156674
            ],
            [
              30.232511595608113,
              60.03030534547304
            ],
            [
              30.232631532279623,
              60.03021116710235
            ],
            [
              30.23273792788039,
              60.03011926053885
            ],
            [
              30.232858421470954,
              60.03002675682619
            ],
            [
              30.232991759097047,
              60.02993260258932
            ],
            [
              30.23313114426924,
              60.029836057823545
            ],
            [
              30.23327265064162,
              60.029722075777315
            ],
            [
              30.233416094801296,
              60.02961234346519
            ],
            [
              30.233752079070438,
              60.02955815024346
            ],
            [
              30.233880345953445,
              60.02944921690646
            ],
            [
              30.234005318969782,
              60.02934168803476
            ],
            [
              30.234125697512837,
              60.02923675404349
            ],
            [
              30.234250910791598,
              60.0291247777973
            ],
            [
              30.234374115004687,
              60.02901351546613
            ],
            [
              30.23449273335194,
              60.02890592918174
            ],
            [
              30.234611805623945,
              60.02880237594976
            ],
            [
              30.234731624327956,
              60.02869809628602
            ],
            [
              30.23484702737459,
              60.028597659663404
            ],
            [
              30.23496639241608,
              60.02849367572975
            ],
            [
              30.23509170184167,
              60.02838424182274
            ],
            [
              30.235215743887746,
              60.028275914791756
            ],
            [
              30.235337921147632,
              60.02816902405517
            ],
            [
              30.235450668447992,
              60.028070347278046
            ],
            [
              30.235559990741518,
              60.02797478107745
            ],
            [
              30.235655878617433,
              60.02789157791808
            ],
            [
              30.235740314211082,
              60.02781831165594
            ],
            [
              30.235740314211082,
              60.02781831165594
            ],
            [
              30.235740314211082,
              60.02781831165594
            ],
            [
              30.235740314211082,
              60.02781831165594
            ],
            [
              30.235740314211082,
              60.02781831165594
            ],
            [
              30.235740314211082,
              60.02781831165594
            ],
            [
              30.235740314211082,
              60.02781831165594
            ]
          ],
          [
            [
              30.235989791605583,
              60.027600996185015
            ],
            [
              30.235825504897605,
              60.02754011816547
            ],
            [
              30.235712286100714,
              60.02751702194142
            ],
            [
              30.235568680070735,
              60.02748896539628
            ],
            [
              30.23541916749323,
              60.0274518673786
            ],
            [
              30.235275804411167,
              60.02740831709349
            ],
            [
              30.235138358729547,
              60.027365611857725
            ],
            [
              30.234991402278183,
              60.027330248945255
            ],
            [
              30.23483502643636,
              60.02731758560633
            ],
            [
              30.234689795284243,
              60.027321434685405
            ],
            [
              30.234559229863994,
              60.02733736379505
            ],
            [
              30.23443664703245,
              60.02735334386965
            ],
            [
              30.23430812600656,
              60.02735916567074
            ],
            [
              30.234184725385926,
              60.02734685031605
            ],
            [
              30.234086008290735,
              60.02734334065104
            ],
            [
              30.234086008290735,
              60.02734334065104
            ],
            [
              30.234086008290735,
              60.02734334065104
            ],
            [
              30.234086008290735,
              60.02734334065104
            ],
            [
              30.234086008290735,
              60.02734334065104
            ],
            [
              30.234086008290735,
              60.02734334065104
            ],
            [
              30.234086008290735,
              60.02734334065104
            ]
          ],
          [
            [
              30.23398433047578,
              60.027296267550206
            ],
            [
              30.23398119359346,
              60.02729632092941
            ],
            [
              30.233981126990145,
              60.02729585585492
            ],
            [
              30.23398032161025,
              60.02729407871544
            ],
            [
              30.233979519392314,
              60.02729291224711
            ],
            [
              30.233962716770645,
              60.02730676855593
            ],
            [
              30.233976476695414,
              60.02729318147945
            ],
            [
              30.23397112628484,
              60.027295552818366
            ],
            [
              30.233971173428394,
              60.027295569994926
            ],
            [
              30.233971173428394,
              60.027295569994926
            ],
            [
              30.233958990707674,
              60.02730282566472
            ],
            [
              30.233935279760402,
              60.027296744011686
            ],
            [
              30.2338933999367,
              60.027282595371666
            ],
            [
              30.233827153683038,
              60.02726148544414
            ],
            [
              30.233737454647375,
              60.027230426309494
            ],
            [
              30.23361915350472,
              60.02719414072372
            ],
            [
              30.233475851023996,
              60.027148297230724
            ],
            [
              30.233322658699624,
              60.027100342545005
            ],
            [
              30.233144816386154,
              60.027046081400975
            ],
            [
              30.233144816386154,
              60.027046081400975
            ],
            [
              30.233144816386154,
              60.027046081400975
            ],
            [
              30.233144816386154,
              60.027046081400975
            ],
            [
              30.233144816386154,
              60.027046081400975
            ],
            [
              30.233144816386154,
              60.027046081400975
            ],
            [
              30.233144816386154,
              60.027046081400975
            ]
          ],
          [
            [
              30.231685366125742,
              60.02658054181965
            ],
            [
              30.23152473485891,
              60.02651490112756
            ],
            [
              30.231382560662986,
              60.02645633231275
            ],
            [
              30.231259112852243,
              60.026408694361436
            ],
            [
              30.231134028652434,
              60.026358189668215
            ],
            [
              30.231022575423214,
              60.02631245334286
            ],
            [
              30.23094499490187,
              60.026278749982794
            ],
            [
              30.23087549518821,
              60.02624832606684
            ],
            [
              30.23080367925202,
              60.02621949194057
            ],
            [
              30.23080367925202,
              60.02621949194057
            ],
            [
              30.23080367925202,
              60.02621949194057
            ],
            [
              30.23080367925202,
              60.02621949194057
            ],
            [
              30.23080367925202,
              60.02621949194057
            ],
            [
              30.23080367925202,
              60.02621949194057
            ],
            [
              30.23080367925202,
              60.02621949194057
            ]
          ],
          [
            [
              30.23042155094642,
              60.0260527751968
            ],
            [
              30.23034959926574,
              60.02602379028316
            ],
            [
              30.230283591642547,
              60.025978106125244
            ],
            [
              30.23018313035899,
              60.025945665391774
            ],
            [
              30.2300810732808,
              60.02590576002039
            ],
            [
              30.229965273134653,
              60.025865437321784
            ],
            [
              30.22983670473946,
              60.02581776103812
            ],
            [
              30.229707911579414,
              60.02576480630994
            ],
            [
              30.22956409302954,
              60.02570703486511
            ],
            [
              30.229436332168994,
              60.02565450410593
            ],
            [
              30.22931618893555,
              60.02560917568944
            ],
            [
              30.229223997792353,
              60.025570975542486
            ],
            [
              30.22915102136131,
              60.025540873567465
            ],
            [
              30.22909092707524,
              60.02551860161671
            ],
            [
              30.229052998172993,
              60.025502633992666
            ],
            [
              30.229045987010828,
              60.02550027046543
            ],
            [
              30.22903804334565,
              60.02549840806175
            ],
            [
              30.229037894151823,
              60.02549814023795
            ],
            [
              30.2290368247169,
              60.02549892948797
            ],
            [
              30.229038872343736,
              60.02550011091121
            ],
            [
              30.229037048407836,
              60.025500502942144
            ],
            [
              30.229038185723315,
              60.02550209308873
            ],
            [
              30.22903959910357,
              60.02550313950802
            ],
            [
              30.22903853320378,
              60.025504283966924
            ],
            [
              30.229038173114667,
              60.02550536648209
            ],
            [
              30.229038311810694,
              60.02550651196198
            ],
            [
              30.22903886406977,
              60.02550705260669
            ],
            [
              30.22903886406977,
              60.02550705260669
            ],
            [
              30.22903886406977,
              60.02550705260669
            ],
            [
              30.22903886406977,
              60.02550705260669
            ],
            [
              30.22903886406977,
              60.02550705260669
            ],
            [
              30.22903886406977,
              60.02550705260669
            ],
            [
              30.22903886406977,
              60.02550705260669
            ],
            [
              30.22903886406977,
              60.02550705260669
            ],
            [
              30.22903886406977,
              60.02550705260669
            ],
            [
              30.22903886406977,
              60.02550705260669
            ],
            [
              30.22903886406977,
              60.02550705260669
            ],
            [
              30.22903886406977,
              60.02550705260669
            ],
            [
              30.229039057873187,
              60.025511504647156
            ],
            [
              30.229038868436394,
              60.025511372471826
            ],
            [
              30.229036667480244,
              60.02551032895585
            ],
            [
              30.229036667480244,
              60.02551032895585
            ],
            [
              30.229036667480244,
              60.02551032895585
            ],
            [
              30.229036667480244,
              60.02551032895585
            ],
            [
              30.229036667480244,
              60.02551032895585
            ],
            [
              30.229036667480244,
              60.02551032895585
            ],
            [
              30.229036667480244,
              60.02551032895585
            ],
            [
              30.229036667480244,
              60.02551032895585
            ],
            [
              30.229036667480244,
              60.02551032895585
            ],
            [
              30.229036667480244,
              60.02551032895585
            ],
            [
              30.229036667480244,
              60.02551032895585
            ],
            [
              30.229036667480244,
              60.02551032895585
            ],
            [
              30.229036667480244,
              60.02551032895585
            ],
            [
              30.229036667480244,
              60.02551032895585
            ],
            [
              30.229036667480244,
              60.02551032895585
            ],
            [
              30.229036667480244,
              60.02551032895585
            ],
            [
              30.229036667480244,
              60.02551032895585
            ],
            [
              30.229036667480244,
              60.02551032895585
            ],
            [
              30.229036667480244,
              60.02551032895585
            ],
            [
              30.229036667480244,
              60.02551032895585
            ],
            [
              30.229036667480244,
              60.02551032895585
            ],
            [
              30.229036667480244,
              60.02551032895585
            ],
            [
              30.229036667480244,
              60.02551032895585
            ],
            [
              30.229036667480244,
              60.02551032895585
            ],
            [
              30.229036667480244,
              60.02551032895585
            ],
            [
              30.229036667480244,
              60.02551032895585
            ],
            [
              30.229036667480244,
              60.02551032895585
            ],
            [
              30.229036667480244,
              60.02551032895585
            ],
            [
              30.229036667480244,
              60.02551032895585
            ],
            [
              30.229036667480244,
              60.02551032895585
            ],
            [
              30.229036667480244,
              60.02551032895585
            ],
            [
              30.229036667480244,
              60.02551032895585
            ],
            [
              30.229036667480244,
              60.02551032895585
            ],
            [
              30.229036667480244,
              60.02551032895585
            ],
            [
              30.229036667480244,
              60.02551032895585
            ],
            [
              30.229036667480244,
              60.02551032895585
            ],
            [
              30.229020922770243,
              60.02550433544033
            ],
            [
              30.229017808742476,
              60.02550340802803
            ],
            [
              30.229014048947832,
              60.02550174246235
            ],
            [
              30.22901729846307,
              60.02550232634502
            ],
            [
              30.22901729846307,
              60.02550232634502
            ],
            [
              30.22901729846307,
              60.02550232634502
            ],
            [
              30.22901729846307,
              60.02550232634502
            ],
            [
              30.22901729846307,
              60.02550232634502
            ],
            [
              30.22901729846307,
              60.02550232634502
            ],
            [
              30.22901729846307,
              60.02550232634502
            ],
            [
              30.229021378509465,
              60.025501397595534
            ],
            [
              30.228996381003004,
              60.02549080644909
            ],
            [
              30.22894743711119,
              60.02547037756004
            ],
            [
              30.228863421958437,
              60.02543590371016
            ],
            [
              30.228863421958437,
              60.02543590371016
            ],
            [
              30.228863421958437,
              60.02543590371016
            ],
            [
              30.228863421958437,
              60.02543590371016
            ],
            [
              30.228863421958437,
              60.02543590371016
            ],
            [
              30.228863421958437,
              60.02543590371016
            ],
            [
              30.228863421958437,
              60.02543590371016
            ]
          ],
          [
            [
              30.227769939775875,
              60.024992620806934
            ],
            [
              30.227569177190784,
              60.02491013277688
            ],
            [
              30.22736334173043,
              60.024823522883565
            ],
            [
              30.227146313084074,
              60.02473397759912
            ],
            [
              30.22692569955874,
              60.02464338774923
            ],
            [
              30.226697225949042,
              60.02454771101662
            ],
            [
              30.22646190129345,
              60.02444696024942
            ],
            [
              30.226226298519304,
              60.02434944707204
            ],
            [
              30.22600132098781,
              60.02425594506644
            ],
            [
              30.22578545816267,
              60.02416870175873
            ],
            [
              30.225597885862268,
              60.02409606845549
            ],
            [
              30.22542531602888,
              60.0240278747665
            ],
            [
              30.22528010866215,
              60.02397015962819
            ],
            [
              30.225155387056837,
              60.02391706760101
            ],
            [
              30.22504878517794,
              60.02387315023983
            ],
            [
              30.224966116137015,
              60.0238379155813
            ],
            [
              30.224890200464287,
              60.02380910458088
            ],
            [
              30.224807146521357,
              60.02377540720691
            ],
            [
              30.22469437938417,
              60.02373022513015
            ],
            [
              30.224576450285642,
              60.023681158504225
            ],
            [
              30.224442820677034,
              60.023624732463155
            ],
            [
              30.22429017931108,
              60.02355723236336
            ],
            [
              30.224105736115344,
              60.02348188869383
            ],
            [
              30.223916004450352,
              60.02340192690034
            ],
            [
              30.223730262469054,
              60.02332306444041
            ],
            [
              30.223539019911865,
              60.023246720486874
            ],
            [
              30.22334661251501,
              60.0231717326067
            ],
            [
              30.22317137366087,
              60.023102632548216
            ],
            [
              30.223004583230868,
              60.02303800109013
            ],
            [
              30.222862438714692,
              60.02297945885005
            ],
            [
              30.22271653474601,
              60.022918688955414
            ],
            [
              30.222585992293276,
              60.02286725113198
            ],
            [
              30.222472335530632,
              60.02282003101458
            ],
            [
              30.22237677912282,
              60.02278467863262
            ],
            [
              30.222301987651996,
              60.0227553331796
            ],
            [
              30.222240897842685,
              60.02272897146461
            ],
            [
              30.22219108475205,
              60.022707285392265
            ],
            [
              30.22215729520845,
              60.022692503375225
            ],
            [
              30.222132044688973,
              60.02268336885419
            ],
            [
              30.22212256400458,
              60.02268064517476
            ],
            [
              30.22212070470035,
              60.02267829963116
            ],
            [
              30.222125025297377,
              60.02267773652659
            ],
            [
              30.2221298768594,
              60.02267813447541
            ],
            [
              30.222125997591743,
              60.022676566587485
            ],
            [
              30.222119659273538,
              60.02267367854155
            ],
            [
              30.222109198117035,
              60.02266749943603
            ],
            [
              30.222109346081954,
              60.022668535378266
            ],
            [
              30.222105038815624,
              60.022669169581995
            ],
            [
              30.222104417740518,
              60.02267064140037
            ],
            [
              30.222098585059786,
              60.02267060316195
            ],
            [
              30.222098585059786,
              60.02267060316195
            ],
            [
              30.222098585059786,
              60.02267060316195
            ],
            [
              30.222098585059786,
              60.02267060316195
            ],
            [
              30.222098585059786,
              60.02267060316195
            ],
            [
              30.222098585059786,
              60.02267060316195
            ],
            [
              30.222098585059786,
              60.02267060316195
            ],
            [
              30.222090491382197,
              60.02267749335078
            ],
            [
              30.22208530214318,
              60.02267558475955
            ],
            [
              30.22208116350712,
              60.022671826762135
            ],
            [
              30.22208116350712,
              60.022671826762135
            ],
            [
              30.22206534452629,
              60.022663431569036
            ],
            [
              30.222058423169255,
              60.02266053814255
            ],
            [
              30.222058423169255,
              60.02266053814255
            ],
            [
              30.222037472262123,
              60.0226558201246
            ],
            [
              30.222035025544418,
              60.02265609703287
            ],
            [
              30.222031700611446,
              60.022653727196655
            ],
            [
              30.222031700611446,
              60.022653727196655
            ],
            [
              30.222031700611446,
              60.022653727196655
            ],
            [
              30.222031700611446,
              60.022653727196655
            ],
            [
              30.222031700611446,
              60.022653727196655
            ],
            [
              30.222031700611446,
              60.022653727196655
            ],
            [
              30.222031700611446,
              60.022653727196655
            ],
            [
              30.222031700611446,
              60.022653727196655
            ],
            [
              30.222031700611446,
              60.022653727196655
            ],
            [
              30.222031700611446,
              60.022653727196655
            ],
            [
              30.222031700611446,
              60.022653727196655
            ],
            [
              30.222031700611446,
              60.022653727196655
            ],
            [
              30.222031700611446,
              60.022653727196655
            ],
            [
              30.222031700611446,
              60.022653727196655
            ],
            [
              30.222031700611446,
              60.022653727196655
            ],
            [
              30.222031700611446,
              60.022653727196655
            ],
            [
              30.222031700611446,
              60.022653727196655
            ],
            [
              30.222031700611446,
              60.022653727196655
            ],
            [
              30.222031700611446,
              60.022653727196655
            ],
            [
              30.22198889784894,
              60.02264833244997
            ],
            [
              30.221985354112256,
              60.02264810200796
            ],
            [
              30.221990907516524,
              60.022646321124384
            ],
            [
              30.222003670236504,
              60.022645166585086
            ],
            [
              30.222016502568508,
              60.02264432450119
            ],
            [
              30.222016502568508,
              60.02264432450119
            ],
            [
              30.222016502568508,
              60.02264432450119
            ],
            [
              30.222016502568508,
              60.02264432450119
            ],
            [
              30.222016502568508,
              60.02264432450119
            ],
            [
              30.222016502568508,
              60.02264432450119
            ],
            [
              30.222016502568508,
              60.02264432450119
            ],
            [
              30.222016502568508,
              60.02264432450119
            ],
            [
              30.222016502568508,
              60.02264432450119
            ],
            [
              30.222016502568508,
              60.02264432450119
            ],
            [
              30.222016502568508,
              60.02264432450119
            ],
            [
              30.222016502568508,
              60.02264432450119
            ],
            [
              30.222016502568508,
              60.02264432450119
            ],
            [
              30.222016502568508,
              60.02264432450119
            ],
            [
              30.222016502568508,
              60.02264432450119
            ],
            [
              30.222016502568508,
              60.02264432450119
            ],
            [
              30.222055735528745,
              60.02263611181399
            ],
            [
              30.222037388380958,
              60.02262776847351
            ],
            [
              30.2219933228867,
              60.02261056079663
            ],
            [
              30.221919599786293,
              60.02258215045879
            ],
            [
              30.221819058902422,
              60.022547459763686
            ],
            [
              30.221819058902422,
              60.022547459763686
            ],
            [
              30.221819058902422,
              60.022547459763686
            ],
            [
              30.221819058902422,
              60.022547459763686
            ],
            [
              30.221819058902422,
              60.022547459763686
            ],
            [
              30.221819058902422,
              60.022547459763686
            ],
            [
              30.221819058902422,
              60.022547459763686
            ]
          ],
          [
            [
              30.220659674888413,
              60.02231196214393
            ],
            [
              30.220464895984364,
              60.02225490677606
            ],
            [
              30.220224552343883,
              60.02221298024405
            ],
            [
              30.21996875327075,
              60.02219166354876
            ],
            [
              30.219708984132453,
              60.02213785288314
            ],
            [
              30.21943894745751,
              60.02207101102421
            ],
            [
              30.219184788225856,
              60.02200005966469
            ],
            [
              30.218938504398558,
              60.02190649552557
            ],
            [
              30.218703956318585,
              60.02180385386635
            ],
            [
              30.218483130249183,
              60.02169876945396
            ],
            [
              30.218276960398217,
              60.02159329136241
            ],
            [
              30.218391923887385,
              60.02137668454371
            ],
            [
              30.218284797811933,
              60.021283178028916
            ],
            [
              30.218284797811933,
              60.021283178028916
            ],
            [
              30.218284797811933,
              60.021283178028916
            ],
            [
              30.218284797811933,
              60.021283178028916
            ],
            [
              30.218284797811933,
              60.021283178028916
            ],
            [
              30.218284797811933,
              60.021283178028916
            ],
            [
              30.218284797811933,
              60.021283178028916
            ]
          ],
          [
            [
              30.218442088999726,
              60.02070715142694
            ],
            [
              30.218596681513226,
              60.02063253940746
            ],
            [
              30.218797412904742,
              60.02057012977752
            ],
            [
              30.2190384604737,
              60.0205269230854
            ],
            [
              30.2193076348825,
              60.0204908635151
            ],
            [
              30.21958478323369,
              60.02044203080538
            ],
            [
              30.219859286940856,
              60.02037840459882
            ],
            [
              30.22010326433007,
              60.02028775168652
            ],
            [
              30.22010326433007,
              60.02028775168652
            ],
            [
              30.22010326433007,
              60.02028775168652
            ],
            [
              30.22010326433007,
              60.02028775168652
            ],
            [
              30.22010326433007,
              60.02028775168652
            ],
            [
              30.22010326433007,
              60.02028775168652
            ],
            [
              30.22010326433007,
              60.02028775168652
            ]
          ],
          [
            [
              30.221266218739775,
              60.01929984331034
            ],
            [
              30.221427410759727,
              60.0191529041942
            ],
            [
              30.221585257864042,
              60.01900909623326
            ],
            [
              30.22173269821853,
              60.01887482421166
            ],
            [
              30.221869857810777,
              60.018749914767774
            ],
            [
              30.221993980964204,
              60.01863687740916
            ],
            [
              30.222107366236617,
              60.01853361890786
            ],
            [
              30.2222153073214,
              60.018435318351514
            ],
            [
              30.222316106064554,
              60.01834368464803
            ],
            [
              30.222412175888437,
              60.01825657970916
            ],
            [
              30.222496598853958,
              60.01817998544941
            ],
            [
              30.222580273849374,
              60.018102829532125
            ],
            [
              30.222663652367768,
              60.01802768699105
            ],
            [
              30.22275313857543,
              60.017945881237
            ],
            [
              30.22291326824539,
              60.01785301580155
            ],
            [
              30.223072841788387,
              60.01776479044895
            ],
            [
              30.22326821910406,
              60.017657772589736
            ],
            [
              30.223422490835663,
              60.017538008968295
            ],
            [
              30.223627538914833,
              60.01743362992504
            ],
            [
              30.223835645935512,
              60.01731830563497
            ],
            [
              30.224048388293756,
              60.017200488804164
            ],
            [
              30.22426613824998,
              60.017080536031855
            ],
            [
              30.22444783782661,
              60.01691274914343
            ],
            [
              30.224630703846895,
              60.01676378310204
            ],
            [
              30.224820530969428,
              60.016608820523764
            ],
            [
              30.225017715666933,
              60.016448022481825
            ],
            [
              30.22522124912723,
              60.01628209112957
            ],
            [
              30.225431658841504,
              60.01611037248646
            ],
            [
              30.225643092078464,
              60.015937989207245
            ],
            [
              30.225859408326706,
              60.01576166386914
            ],
            [
              30.226077840674886,
              60.0155835487337
            ],
            [
              30.226264303025282,
              60.01540123975785
            ],
            [
              30.22648077523444,
              60.015223475117246
            ],
            [
              30.22671058761975,
              60.01504712790836
            ],
            [
              30.22693251743282,
              60.014870858589326
            ],
            [
              30.227163122188774,
              60.014686287302624
            ],
            [
              30.227386286041426,
              60.01449932206205
            ],
            [
              30.227617758082893,
              60.01431128520364
            ],
            [
              30.2278533140266,
              60.01411784449684
            ],
            [
              30.228091947495844,
              60.0139225420794
            ],
            [
              30.22833029501204,
              60.01372919297277
            ],
            [
              30.228573271017535,
              60.01353505758988
            ],
            [
              30.22881920346476,
              60.01334847558169
            ],
            [
              30.229061610302608,
              60.0131494001291
            ],
            [
              30.229309258219832,
              60.012938376697946
            ],
            [
              30.22956635791672,
              60.01272569381235
            ],
            [
              30.229821786526244,
              60.012509829023365
            ],
            [
              30.2300757697818,
              60.01229345161675
            ],
            [
              30.23032959253758,
              60.01207293832982
            ],
            [
              30.23059459381334,
              60.01185169663463
            ],
            [
              30.230847132160545,
              60.01163330472711
            ],
            [
              30.23112061057387,
              60.01141109602857
            ],
            [
              30.23138179712345,
              60.01118712629709
            ],
            [
              30.23164021063343,
              60.010963919414074
            ],
            [
              30.23189382015967,
              60.010739333234845
            ],
            [
              30.232158323801833,
              60.01051166951292
            ],
            [
              30.232409650943307,
              60.01028118320013
            ],
            [
              30.232630357044858,
              60.01004216749355
            ],
            [
              30.23283815128717,
              60.009798965568464
            ],
            [
              30.23302388607523,
              60.00954773090055
            ],
            [
              30.23317754804872,
              60.00929769453511
            ],
            [
              30.233314333475768,
              60.00904931210581
            ],
            [
              30.23343085299356,
              60.00879521865484
            ],
            [
              30.233531830962246,
              60.00853757387372
            ],
            [
              30.233587085142418,
              60.00827527980404
            ],
            [
              30.23363349752362,
              60.0080107698444
            ],
            [
              30.23363967515826,
              60.00775033400105
            ],
            [
              30.233622651136994,
              60.007489132338534
            ],
            [
              30.233579405983914,
              60.00723338847689
            ],
            [
              30.233532657580607,
              60.006982811644015
            ],
            [
              30.233477590155985,
              60.00672881095193
            ],
            [
              30.233250724922147,
              60.006487071801175
            ],
            [
              30.23318788238659,
              60.00623429605693
            ],
            [
              30.23329613393629,
              60.00597609479507
            ],
            [
              30.233236404810146,
              60.005727084126214
            ],
            [
              30.233164342572515,
              60.00547864277119
            ],
            [
              30.23310042342058,
              60.005228074785904
            ],
            [
              30.233039520059865,
              60.004979292984274
            ],
            [
              30.232984653417162,
              60.004727312477996
            ],
            [
              30.232926548732717,
              60.00447048351309
            ],
            [
              30.232863093499923,
              60.00421418801688
            ],
            [
              30.23279508510021,
              60.0039565825786
            ],
            [
              30.232732180872194,
              60.00369764137913
            ],
            [
              30.232671155785354,
              60.0034369641462
            ],
            [
              30.232622827314778,
              60.00317482034859
            ],
            [
              30.232577314471175,
              60.002927470167435
            ],
            [
              30.23253442317599,
              60.00268873475287
            ],
            [
              30.23249340788136,
              60.002437661043956
            ],
            [
              30.2324453722337,
              60.002192928212224
            ],
            [
              30.232408698690698,
              60.001945065254326
            ],
            [
              30.23236338929326,
              60.001706987332135
            ],
            [
              30.232300838934272,
              60.00146505056717
            ],
            [
              30.23222805399042,
              60.00121605938898
            ],
            [
              30.232157890651308,
              60.000975081767656
            ],
            [
              30.23212682556551,
              60.000732851815485
            ],
            [
              30.23205698834728,
              60.00049755561709
            ],
            [
              30.23201846989746,
              60.00026602178244
            ],
            [
              30.23197011110702,
              60.000041502764674
            ],
            [
              30.23192624440897,
              59.9998191092256
            ],
            [
              30.23186244864826,
              59.99959666128999
            ],
            [
              30.231800579257836,
              59.99938005684991
            ],
            [
              30.23173431750787,
              59.99915720867398
            ],
            [
              30.231685146581047,
              59.99894128562843
            ],
            [
              30.2316384690688,
              59.998727091578196
            ],
            [
              30.231582851365793,
              59.998505659103984
            ],
            [
              30.231538840045403,
              59.99828461978956
            ],
            [
              30.23150927663861,
              59.99806378869499
            ],
            [
              30.23147296283835,
              59.99785048801467
            ],
            [
              30.231420639301607,
              59.99760934140752
            ],
            [
              30.23135486633966,
              59.99736780904635
            ],
            [
              30.231303806717392,
              59.9971338012441
            ],
            [
              30.23125107439946,
              59.99688124012398
            ],
            [
              30.231221230159385,
              59.99663100279939
            ],
            [
              30.23123933920973,
              59.99638669205897
            ],
            [
              30.231223348537615,
              59.996131822394204
            ],
            [
              30.231196002613252,
              59.995871443637334
            ],
            [
              30.231164395550998,
              59.99559917205479
            ],
            [
              30.231174680675558,
              59.99533444964531
            ],
            [
              30.23119967768805,
              59.99507373700273
            ],
            [
              30.23121723125418,
              59.99481521769511
            ],
            [
              30.231249977604246,
              59.99455837716664
            ],
            [
              30.231288482438252,
              59.994308093564584
            ],
            [
              30.231319331779996,
              59.99405458774565
            ],
            [
              30.231352400764635,
              59.993799499237944
            ],
            [
              30.231381733867515,
              59.99354698406779
            ],
            [
              30.23139928572265,
              59.993281996550834
            ],
            [
              30.23141264537048,
              59.99301882861272
            ],
            [
              30.231428755620712,
              59.9927527704878
            ],
            [
              30.231429489267416,
              59.99248098921346
            ],
            [
              30.23144342882538,
              59.99220567493648
            ],
            [
              30.231432662447133,
              59.99192777299225
            ],
            [
              30.231424064491005,
              59.99164434422722
            ],
            [
              30.231401759406292,
              59.99135552833691
            ],
            [
              30.231374557199697,
              59.99106788760687
            ],
            [
              30.2313233392469,
              59.990781089364226
            ],
            [
              30.231255988173018,
              59.990492631734895
            ],
            [
              30.231171468456033,
              59.99020975546776
            ],
            [
              30.231098918983275,
              59.989927829795775
            ],
            [
              30.231022350960494,
              59.98964400862813
            ],
            [
              30.23093336043124,
              59.98935883769743
            ],
            [
              30.23086384124644,
              59.98907204209914
            ],
            [
              30.23080157223675,
              59.98879210936488
            ],
            [
              30.230722685701256,
              59.98851670055375
            ],
            [
              30.230647677998775,
              59.98825126061261
            ],
            [
              30.230586695193587,
              59.98799260856346
            ],
            [
              30.230527088894142,
              59.98773156766158
            ],
            [
              30.230454128808958,
              59.9874712952287
            ],
            [
              30.230385057783042,
              59.98721062880632
            ],
            [
              30.230330520556713,
              59.98696231942043
            ],
            [
              30.23027222799437,
              59.986709583595115
            ],
            [
              30.23021724366953,
              59.98645364122156
            ],
            [
              30.230125655677874,
              59.98619500327068
            ],
            [
              30.23008706527384,
              59.985929602529566
            ],
            [
              30.230002513730405,
              59.98567117492637
            ],
            [
              30.229930676328504,
              59.985414991417244
            ],
            [
              30.229829596204777,
              59.98515738860211
            ],
            [
              30.22974417546146,
              59.98489976371852
            ],
            [
              30.2297292095609,
              59.98464210120356
            ],
            [
              30.22966691441564,
              59.98440744953088
            ],
            [
              30.229568717574608,
              59.9841935331988
            ],
            [
              30.229480746100954,
              59.98397041128709
            ],
            [
              30.229375636080167,
              59.9837336067832
            ],
            [
              30.22923478851137,
              59.98350481518173
            ],
            [
              30.229090166331602,
              59.98326992274594
            ],
            [
              30.22893024580674,
              59.983044309165386
            ],
            [
              30.228742038050708,
              59.98281924792423
            ],
            [
              30.228550926648563,
              59.98260546396502
            ],
            [
              30.228332490042384,
              59.982396162045816
            ],
            [
              30.228106993973338,
              59.98220411734455
            ],
            [
              30.227859379305112,
              59.98201370990384
            ],
            [
              30.227591834736824,
              59.98182258968994
            ],
            [
              30.227311921232573,
              59.98162583653299
            ],
            [
              30.22700986162764,
              59.9814499433397
            ],
            [
              30.226657659003884,
              59.98125739984384
            ],
            [
              30.226296861890518,
              59.981074361679006
            ],
            [
              30.22596682901938,
              59.98093219642646
            ],
            [
              30.225605158648666,
              59.98078778207072
            ],
            [
              30.225242606509276,
              59.98065315914847
            ],
            [
              30.224870369841003,
              59.9805148368027
            ],
            [
              30.22449902788987,
              59.98038732903789
            ],
            [
              30.22405927568987,
              59.9802579379627
            ],
            [
              30.223671206137897,
              59.98014966386599
            ],
            [
              30.223671206137897,
              59.98014966386599
            ],
            [
              30.223671206137897,
              59.98014966386599
            ],
            [
              30.223671206137897,
              59.98014966386599
            ],
            [
              30.223671206137897,
              59.98014966386599
            ],
            [
              30.223671206137897,
              59.98014966386599
            ],
            [
              30.223671206137897,
              59.98014966386599
            ],
            [
              30.223671206137897,
              59.98014966386599
            ],
            [
              30.223671206137897,
              59.98014966386599
            ],
            [
              30.223671206137897,
              59.98014966386599
            ]
          ],
          [
            [
              30.219269323970778,
              59.97897133089262
            ],
            [
              30.218812267801706,
              59.97884106188205
            ],
            [
              30.218425510988343,
              59.97872441031042
            ],
            [
              30.21801149090821,
              59.97859288203957
            ],
            [
              30.217586390133096,
              59.97844435833213
            ],
            [
              30.21721988343161,
              59.97830150348148
            ],
            [
              30.216848584579598,
              59.9781315110294
            ],
            [
              30.216486135087486,
              59.977963714290134
            ],
            [
              30.216486135087486,
              59.977963714290134
            ],
            [
              30.216486135087486,
              59.977963714290134
            ],
            [
              30.216486135087486,
              59.977963714290134
            ],
            [
              30.216486135087486,
              59.977963714290134
            ],
            [
              30.216486135087486,
              59.977963714290134
            ],
            [
              30.216486135087486,
              59.977963714290134
            ],
            [
              30.216486135087486,
              59.977963714290134
            ],
            [
              30.216486135087486,
              59.977963714290134
            ],
            [
              30.216486135087486,
              59.977963714290134
            ],
            [
              30.216486135087486,
              59.977963714290134
            ],
            [
              30.216486135087486,
              59.977963714290134
            ],
            [
              30.216486135087486,
              59.977963714290134
            ],
            [
              30.216486135087486,
              59.977963714290134
            ],
            [
              30.216486135087486,
              59.977963714290134
            ],
            [
              30.216486135087486,
              59.977963714290134
            ],
            [
              30.216486135087486,
              59.977963714290134
            ],
            [
              30.216486135087486,
              59.977963714290134
            ],
            [
              30.216486135087486,
              59.977963714290134
            ],
            [
              30.216486135087486,
              59.977963714290134
            ],
            [
              30.216486135087486,
              59.977963714290134
            ],
            [
              30.216486135087486,
              59.977963714290134
            ],
            [
              30.216486135087486,
              59.977963714290134
            ],
            [
              30.216486135087486,
              59.977963714290134
            ],
            [
              30.216486135087486,
              59.977963714290134
            ],
            [
              30.216486135087486,
              59.977963714290134
            ],
            [
              30.2138892503038,
              59.9734718496914
            ],
            [
              30.2138892503038,
              59.9734718496914
            ],
            [
              30.2138892503038,
              59.9734718496914
            ],
            [
              30.2138892503038,
              59.9734718496914
            ],
            [
              30.2138892503038,
              59.9734718496914
            ],
            [
              30.2138892503038,
              59.9734718496914
            ],
            [
              30.2138892503038,
              59.9734718496914
            ],
            [
              30.2138892503038,
              59.9734718496914
            ],
            [
              30.2138892503038,
              59.9734718496914
            ],
            [
              30.2138892503038,
              59.9734718496914
            ],
            [
              30.2138892503038,
              59.9734718496914
            ],
            [
              30.2138892503038,
              59.9734718496914
            ]
          ],
          [
            [
              30.21593941700701,
              59.969140102547605
            ],
            [
              30.21598515772531,
              59.968914535695816
            ],
            [
              30.216027126512692,
              59.96868851814065
            ],
            [
              30.21609269604644,
              59.9684593987934
            ],
            [
              30.21611299025404,
              59.96822761989047
            ],
            [
              30.21613225596081,
              59.967994301121145
            ],
            [
              30.21616539575091,
              59.96777395300474
            ],
            [
              30.21619485374283,
              59.96755115020958
            ],
            [
              30.216228739612756,
              59.96732938643532
            ],
            [
              30.21626780917835,
              59.96710227910767
            ],
            [
              30.216292738796536,
              59.96687219702943
            ],
            [
              30.216331845763946,
              59.96665320384326
            ],
            [
              30.21636093359843,
              59.96642442822222
            ],
            [
              30.216390260011575,
              59.96615354159395
            ],
            [
              30.216413780423128,
              59.96591706368754
            ],
            [
              30.216413780423128,
              59.96591706368754
            ],
            [
              30.216413780423128,
              59.96591706368754
            ],
            [
              30.216413780423128,
              59.96591706368754
            ],
            [
              30.216413780423128,
              59.96591706368754
            ],
            [
              30.216413780423128,
              59.96591706368754
            ],
            [
              30.216413780423128,
              59.96591706368754
            ],
            [
              30.216413780423128,
              59.96591706368754
            ],
            [
              30.216413780423128,
              59.96591706368754
            ],
            [
              30.216413780423128,
              59.96591706368754
            ],
            [
              30.216413780423128,
              59.96591706368754
            ],
            [
              30.216413780423128,
              59.96591706368754
            ],
            [
              30.216413780423128,
              59.96591706368754
            ],
            [
              30.216413780423128,
              59.96591706368754
            ],
            [
              30.216413780423128,
              59.96591706368754
            ],
            [
              30.216413780423128,
              59.96591706368754
            ],
            [
              30.216413780423128,
              59.96591706368754
            ]
          ],
          [
            [
              30.21619330928512,
              59.96199599384562
            ],
            [
              30.21601458413636,
              59.96178353077463
            ],
            [
              30.215777740801155,
              59.96156625749142
            ],
            [
              30.215564905235237,
              59.96136175050453
            ],
            [
              30.215356071050227,
              59.96118169601732
            ],
            [
              30.215082053652367,
              59.961006473385176
            ],
            [
              30.214762633664673,
              59.96082399626627
            ],
            [
              30.214435233609954,
              59.96064188906428
            ],
            [
              30.214113536447417,
              59.9604613302772
            ],
            [
              30.21379103678555,
              59.96028371701451
            ],
            [
              30.213472409340014,
              59.96010262738657
            ],
            [
              30.213152614116687,
              59.959926557210586
            ],
            [
              30.212827825401824,
              59.959743643280774
            ],
            [
              30.212514112452006,
              59.95956535126165
            ],
            [
              30.212189191841677,
              59.959386485591494
            ],
            [
              30.21186262553114,
              59.959192228272045
            ],
            [
              30.211540680711643,
              59.95899329238421
            ],
            [
              30.211246487167458,
              59.95879161804248
            ],
            [
              30.210966446012772,
              59.95858364557813
            ],
            [
              30.210709339055185,
              59.958368667296575
            ],
            [
              30.210470110815784,
              59.95814887315263
            ],
            [
              30.210251392775003,
              59.95792581394099
            ],
            [
              30.21005626863924,
              59.95770010218093
            ],
            [
              30.209884656944432,
              59.95747238316842
            ],
            [
              30.209723161248178,
              59.95724174317808
            ],
            [
              30.209587590057463,
              59.957008700005126
            ],
            [
              30.209439126689507,
              59.956771256712535
            ],
            [
              30.209285595021115,
              59.95653279470716
            ],
            [
              30.209131758010653,
              59.956289522535386
            ],
            [
              30.208975888549606,
              59.95604714817546
            ],
            [
              30.20882002500726,
              59.95579686803495
            ],
            [
              30.208672431834845,
              59.955547614421995
            ],
            [
              30.208522930582106,
              59.955298636907955
            ],
            [
              30.20837277919577,
              59.95504962091925
            ],
            [
              30.20822354209829,
              59.95480503702849
            ],
            [
              30.208073774163516,
              59.95456171397502
            ],
            [
              30.207924331913777,
              59.95431958802816
            ],
            [
              30.20777688333137,
              59.95407503318707
            ],
            [
              30.20763131300165,
              59.95383376607153
            ],
            [
              30.207476957277315,
              59.95358880472872
            ],
            [
              30.20732859669483,
              59.95334586889149
            ],
            [
              30.207181410354753,
              59.95310074647941
            ],
            [
              30.207037997047614,
              59.952855852724895
            ],
            [
              30.206891416060927,
              59.952611358489676
            ],
            [
              30.206739420641135,
              59.95236587979802
            ],
            [
              30.2065883368665,
              59.952118937272914
            ],
            [
              30.206435707369952,
              59.95186662690668
            ],
            [
              30.206281984999446,
              59.95161418117583
            ],
            [
              30.20612530489817,
              59.95135984756162
            ],
            [
              30.20597159488822,
              59.95111026004133
            ],
            [
              30.20582113964855,
              59.950863351242624
            ],
            [
              30.205671708413263,
              59.950617132788736
            ],
            [
              30.205520289439285,
              59.95037564249715
            ],
            [
              30.20536844865327,
              59.9501339792461
            ],
            [
              30.205212556218196,
              59.949886469776445
            ],
            [
              30.20504661914233,
              59.949609475242355
            ],
            [
              30.204919834694696,
              59.94936301269751
            ],
            [
              30.204778976108955,
              59.94912077968361
            ],
            [
              30.204630505234736,
              59.9488721958866
            ],
            [
              30.20448565243837,
              59.94862192565248
            ],
            [
              30.204336869981454,
              59.948370524608634
            ],
            [
              30.204198776151376,
              59.94811849460018
            ],
            [
              30.20406476127295,
              59.94785812080571
            ],
            [
              30.2039445377643,
              59.94759363942467
            ],
            [
              30.20383808083249,
              59.94732310984662
            ],
            [
              30.20375250681044,
              59.9470474425613
            ],
            [
              30.203681340123172,
              59.94676850695933
            ],
            [
              30.203629174289883,
              59.946489319001415
            ],
            [
              30.203596763709445,
              59.94620822212744
            ],
            [
              30.20358047956102,
              59.94592125918386
            ],
            [
              30.203567133438963,
              59.94563690571434
            ],
            [
              30.20357954273012,
              59.94535468245939
            ],
            [
              30.20361149065304,
              59.94507337945986
            ],
            [
              30.203663899888173,
              59.94479205564747
            ],
            [
              30.203735064982972,
              59.944511937441305
            ],
            [
              30.20382116546285,
              59.94423098968695
            ],
            [
              30.203921384821932,
              59.94394901731523
            ],
            [
              30.204041783558534,
              59.943672263929315
            ],
            [
              30.204184468064398,
              59.9433892892648
            ],
            [
              30.20433821770215,
              59.943112937210294
            ],
            [
              30.20451510539523,
              59.94283921454786
            ],
            [
              30.204710774430488,
              59.94256818969057
            ],
            [
              30.20492034053712,
              59.9423014522139
            ],
            [
              30.20515174087123,
              59.94203397705677
            ],
            [
              30.205386821966005,
              59.9417685115941
            ],
            [
              30.205635472262184,
              59.94150327730476
            ],
            [
              30.20588178113118,
              59.94123913383735
            ],
            [
              30.206130539155087,
              59.94097316261013
            ],
            [
              30.20637124821583,
              59.94070476684897
            ],
            [
              30.206623464461142,
              59.940434463478695
            ],
            [
              30.20686760773179,
              59.940169025883286
            ],
            [
              30.20711780411796,
              59.9399009748502
            ],
            [
              30.207353632408434,
              59.93963398805258
            ],
            [
              30.20760314167446,
              59.939368046815645
            ],
            [
              30.207852921885916,
              59.93909885047683
            ],
            [
              30.20809536905174,
              59.93883006008601
            ],
            [
              30.208340200485257,
              59.93857056329966
            ],
            [
              30.20858116551212,
              59.93830777823835
            ],
            [
              30.20882542195874,
              59.93804769474876
            ],
            [
              30.209062463648646,
              59.9377865551947
            ],
            [
              30.20928652742418,
              59.937528922044415
            ],
            [
              30.209493720420518,
              59.937274447464375
            ],
            [
              30.20968114048967,
              59.93701990329732
            ],
            [
              30.209857763389635,
              59.93676853713263
            ],
            [
              30.210010517726232,
              59.9365165725969
            ],
            [
              30.210157599988893,
              59.936265368274434
            ],
            [
              30.210286656484886,
              59.93601280361055
            ],
            [
              30.21041122445917,
              59.9357628309002
            ],
            [
              30.2105169832444,
              59.93551453671899
            ],
            [
              30.2105983499485,
              59.93526869775546
            ],
            [
              30.210664583718692,
              59.9350288634937
            ],
            [
              30.21071786049412,
              59.93479223001688
            ],
            [
              30.210759478461398,
              59.934556392171245
            ],
            [
              30.21080197327228,
              59.93432598586557
            ],
            [
              30.21083219816036,
              59.93409663100697
            ],
            [
              30.210843056971658,
              59.93386410106314
            ],
            [
              30.21086780686209,
              59.933631370922924
            ],
            [
              30.210897019543733,
              59.93340287631562
            ],
            [
              30.21092483764852,
              59.933179753745875
            ],
            [
              30.210950877478524,
              59.93296011138837
            ],
            [
              30.2109788628394,
              59.93273971883316
            ],
            [
              30.211013973070916,
              59.932516752894685
            ],
            [
              30.21103507116732,
              59.93229961555484
            ],
            [
              30.211054212005156,
              59.93207946013699
            ],
            [
              30.211091725800706,
              59.931859378022864
            ],
            [
              30.211121392758532,
              59.931637026459285
            ],
            [
              30.211148707707814,
              59.931413835214336
            ],
            [
              30.211164275751415,
              59.93118687242166
            ],
            [
              30.211177153152786,
              59.93096007128284
            ],
            [
              30.211186830433697,
              59.93072527117155
            ],
            [
              30.211197887160747,
              59.93048809891213
            ],
            [
              30.211228529301643,
              59.93024861357399
            ],
            [
              30.211260866840007,
              59.930012073401514
            ],
            [
              30.211292155336693,
              59.92977454568467
            ],
            [
              30.21132024841739,
              59.92953297988655
            ],
            [
              30.211347843933925,
              59.92929087823846
            ],
            [
              30.21138043298718,
              59.929050204954954
            ],
            [
              30.211403490966436,
              59.92880065085936
            ],
            [
              30.211421001216518,
              59.928542966033284
            ],
            [
              30.21145451469806,
              59.92828431251565
            ],
            [
              30.211480137912886,
              59.92802396813045
            ],
            [
              30.211508640416127,
              59.927765531947394
            ],
            [
              30.211538272258686,
              59.9275060756154
            ],
            [
              30.211572415894704,
              59.927251288196935
            ],
            [
              30.21160569213901,
              59.92699993395317
            ],
            [
              30.211637788280377,
              59.92675160111527
            ],
            [
              30.21166628756259,
              59.926511569406955
            ],
            [
              30.211699628958293,
              59.92626772200203
            ],
            [
              30.211721437382508,
              59.926026082340194
            ],
            [
              30.211734850130853,
              59.92578675654092
            ],
            [
              30.211738975517367,
              59.925544314333294
            ],
            [
              30.211728832437522,
              59.92530928188676
            ],
            [
              30.211722781147685,
              59.92506636376558
            ],
            [
              30.21170662242657,
              59.92482483601859
            ],
            [
              30.211688572630695,
              59.92458628576057
            ],
            [
              30.21166092230351,
              59.92434770842764
            ],
            [
              30.211632492262996,
              59.924112212487366
            ],
            [
              30.211594731409008,
              59.92387641988199
            ],
            [
              30.211555906192096,
              59.923638321150065
            ],
            [
              30.211511723585915,
              59.9234004616548
            ],
            [
              30.21146608993383,
              59.9231617358853
            ],
            [
              30.211420321190975,
              59.92292155078978
            ],
            [
              30.21138000961882,
              59.92268392228105
            ],
            [
              30.21133982957173,
              59.92244445825477
            ],
            [
              30.21129743989015,
              59.922204999056305
            ],
            [
              30.211214008838407,
              59.92196701890377
            ],
            [
              30.21116007150792,
              59.921718792902524
            ],
            [
              30.211111233523667,
              59.92148466051788
            ],
            [
              30.21110510466891,
              59.92123933860568
            ],
            [
              30.211056835725895,
              59.92099949033387
            ],
            [
              30.211020101554855,
              59.92076137852391
            ],
            [
              30.21098246156774,
              59.920531067246316
            ],
            [
              30.21094850224849,
              59.92030088541315
            ],
            [
              30.210903655112332,
              59.92005878825188
            ],
            [
              30.210862992773276,
              59.919820325706205
            ],
            [
              30.21082481271299,
              59.91957862602929
            ],
            [
              30.210774120409596,
              59.919335349628625
            ],
            [
              30.21073219099429,
              59.919085130899084
            ],
            [
              30.210682638319078,
              59.91883812310118
            ],
            [
              30.210643477824796,
              59.918575196953626
            ],
            [
              30.21060301382901,
              59.9182989886104
            ],
            [
              30.210556976858125,
              59.91803568280217
            ],
            [
              30.21050641221528,
              59.9177705929056
            ],
            [
              30.210454764477255,
              59.91749448454016
            ],
            [
              30.21040507691267,
              59.917217323046806
            ],
            [
              30.210349189500135,
              59.91692627481849
            ],
            [
              30.21028494203614,
              59.916632675045506
            ],
            [
              30.21021119625265,
              59.9163472682931
            ],
            [
              30.21009406366613,
              59.91603842703473
            ],
            [
              30.210032190278856,
              59.91578099759624
            ],
            [
              30.209970094838816,
              59.915534852012065
            ],
            [
              30.209904998314553,
              59.91529121627825
            ],
            [
              30.20983730323987,
              59.91505002331092
            ],
            [
              30.209768889289688,
              59.91480846283569
            ],
            [
              30.209681149285505,
              59.91456454760598
            ],
            [
              30.209581238518474,
              59.914322931091945
            ],
            [
              30.209469904321676,
              59.91407961178482
            ],
            [
              30.20934695312321,
              59.91383787575172
            ],
            [
              30.20921106548086,
              59.91359768131338
            ],
            [
              30.209058589344075,
              59.91335712128304
            ],
            [
              30.208892464268207,
              59.91311498386037
            ],
            [
              30.208719389626104,
              59.91287773425111
            ],
            [
              30.208532057049513,
              59.91264695907728
            ],
            [
              30.208351388830764,
              59.91241970927757
            ],
            [
              30.208164291809386,
              59.912195365917654
            ],
            [
              30.207968039161315,
              59.91197309622874
            ],
            [
              30.207775049185305,
              59.91175047182475
            ],
            [
              30.207568645877192,
              59.91152749870926
            ],
            [
              30.20736471180686,
              59.91129805338983
            ],
            [
              30.207169291469604,
              59.91106872627333
            ],
            [
              30.20697729932546,
              59.91083003433192
            ],
            [
              30.206808025866124,
              59.91059080912966
            ],
            [
              30.20666727789555,
              59.91034838908242
            ],
            [
              30.206535673579435,
              59.91009885318738
            ],
            [
              30.206427509948774,
              59.90984904145049
            ],
            [
              30.206340929191274,
              59.90959438057628
            ],
            [
              30.20628439769753,
              59.9093436565683
            ],
            [
              30.206252497306295,
              59.909087133124764
            ],
            [
              30.20624446808728,
              59.908825948706486
            ],
            [
              30.206250670748165,
              59.90856542477635
            ],
            [
              30.206284170111662,
              59.90830525628162
            ],
            [
              30.206338165913586,
              59.908044845194446
            ],
            [
              30.206413606601252,
              59.90778930473284
            ],
            [
              30.206525890192637,
              59.90753754525262
            ],
            [
              30.206654162123368,
              59.90728427485719
            ],
            [
              30.206816548200486,
              59.90703256996522
            ],
            [
              30.207003116813514,
              59.906787116589214
            ],
            [
              30.207207033186904,
              59.90654473825553
            ],
            [
              30.207433462570027,
              59.906304917309875
            ],
            [
              30.20768612372805,
              59.90607442960253
            ],
            [
              30.20794641309567,
              59.90584543113169
            ],
            [
              30.2082382204599,
              59.9056288571135
            ],
            [
              30.20855641972768,
              59.90542045043739
            ],
            [
              30.208892960845105,
              59.90522073887831
            ],
            [
              30.20924431348209,
              59.90502661086404
            ],
            [
              30.209619986534655,
              59.904842926107605
            ],
            [
              30.210000275548357,
              59.90465407599175
            ],
            [
              30.210418099207246,
              59.90448670930866
            ],
            [
              30.210814458517945,
              59.90431773921689
            ],
            [
              30.21123808212207,
              59.90416305476414
            ],
            [
              30.211650990281,
              59.90401083200666
            ],
            [
              30.212051821637033,
              59.903856861687004
            ],
            [
              30.212511680629735,
              59.903689374399676
            ],
            [
              30.21293032005005,
              59.90353983899731
            ],
            [
              30.213353015307067,
              59.903386794394414
            ],
            [
              30.2137369176772,
              59.903238239456066
            ],
            [
              30.214157194966607,
              59.903116326554326
            ],
            [
              30.214157194966607,
              59.903116326554326
            ],
            [
              30.214157194966607,
              59.903116326554326
            ],
            [
              30.214157194966607,
              59.903116326554326
            ],
            [
              30.214157194966607,
              59.903116326554326
            ],
            [
              30.214157194966607,
              59.903116326554326
            ],
            [
              30.214157194966607,
              59.903116326554326
            ],
            [
              30.214157194966607,
              59.903116326554326
            ],
            [
              30.214157194966607,
              59.903116326554326
            ],
            [
              30.214157194966607,
              59.903116326554326
            ],
            [
              30.214157194966607,
              59.903116326554326
            ],
            [
              30.214157194966607,
              59.903116326554326
            ],
            [
              30.214157194966607,
              59.903116326554326
            ],
            [
              30.214157194966607,
              59.903116326554326
            ],
            [
              30.214157194966607,
              59.903116326554326
            ],
            [
              30.214157194966607,
              59.903116326554326
            ],
            [
              30.214157194966607,
              59.903116326554326
            ],
            [
              30.214157194966607,
              59.903116326554326
            ],
            [
              30.214157194966607,
              59.903116326554326
            ],
            [
              30.214157194966607,
              59.903116326554326
            ],
            [
              30.214157194966607,
              59.903116326554326
            ],
            [
              30.214157194966607,
              59.903116326554326
            ],
            [
              30.214157194966607,
              59.903116326554326
            ],
            [
              30.214157194966607,
              59.903116326554326
            ],
            [
              30.214157194966607,
              59.903116326554326
            ],
            [
              30.214157194966607,
              59.903116326554326
            ],
            [
              30.214157194966607,
              59.903116326554326
            ],
            [
              30.214157194966607,
              59.903116326554326
            ],
            [
              30.214157194966607,
              59.903116326554326
            ],
            [
              30.214157194966607,
              59.903116326554326
            ],
            [
              30.214157194966607,
              59.903116326554326
            ],
            [
              30.214157194966607,
              59.903116326554326
            ],
            [
              30.214157194966607,
              59.903116326554326
            ],
            [
              30.214157194966607,
              59.903116326554326
            ],
            [
              30.214157194966607,
              59.903116326554326
            ],
            [
              30.22152532322858,
              59.900481795082065
            ],
            [
              30.22152532322858,
              59.900481795082065
            ],
            [
              30.2217591649169,
              59.90041990624161
            ],
            [
              30.2217591649169,
              59.90041990624161
            ],
            [
              30.22198125438071,
              59.90034271710274
            ],
            [
              30.222032869804575,
              59.90032373983114
            ],
            [
              30.222032869804575,
              59.90032373983114
            ],
            [
              30.222032869804575,
              59.90032373983114
            ],
            [
              30.222032869804575,
              59.90032373983114
            ],
            [
              30.22244310315942,
              59.90021037095044
            ],
            [
              30.22244310315942,
              59.90021037095044
            ],
            [
              30.222614228735882,
              59.90015001427298
            ],
            [
              30.222760183665716,
              59.90011903290476
            ],
            [
              30.222760183665716,
              59.90011903290476
            ],
            [
              30.222760183665716,
              59.90011903290476
            ],
            [
              30.222760183665716,
              59.90011903290476
            ],
            [
              30.222760183665716,
              59.90011903290476
            ],
            [
              30.222760183665716,
              59.90011903290476
            ],
            [
              30.222760183665716,
              59.90011903290476
            ],
            [
              30.222760183665716,
              59.90011903290476
            ],
            [
              30.222760183665716,
              59.90011903290476
            ],
            [
              30.222760183665716,
              59.90011903290476
            ],
            [
              30.222760183665716,
              59.90011903290476
            ],
            [
              30.222760183665716,
              59.90011903290476
            ],
            [
              30.222760183665716,
              59.90011903290476
            ],
            [
              30.222760183665716,
              59.90011903290476
            ],
            [
              30.222760183665716,
              59.90011903290476
            ],
            [
              30.222760183665716,
              59.90011903290476
            ],
            [
              30.222760183665716,
              59.90011903290476
            ],
            [
              30.222760183665716,
              59.90011903290476
            ],
            [
              30.222760183665716,
              59.90011903290476
            ],
            [
              30.222760183665716,
              59.90011903290476
            ],
            [
              30.222760183665716,
              59.90011903290476
            ],
            [
              30.222760183665716,
              59.90011903290476
            ],
            [
              30.222760183665716,
              59.90011903290476
            ],
            [
              30.222760183665716,
              59.90011903290476
            ],
            [
              30.222760183665716,
              59.90011903290476
            ],
            [
              30.222760183665716,
              59.90011903290476
            ],
            [
              30.222760183665716,
              59.90011903290476
            ],
            [
              30.222760183665716,
              59.90011903290476
            ],
            [
              30.222760183665716,
              59.90011903290476
            ],
            [
              30.222760183665716,
              59.90011903290476
            ],
            [
              30.222760183665716,
              59.90011903290476
            ],
            [
              30.222760183665716,
              59.90011903290476
            ],
            [
              30.222760183665716,
              59.90011903290476
            ],
            [
              30.222760183665716,
              59.90011903290476
            ],
            [
              30.222760183665716,
              59.90011903290476
            ],
            [
              30.222760183665716,
              59.90011903290476
            ],
            [
              30.222760183665716,
              59.90011903290476
            ],
            [
              30.222760183665716,
              59.90011903290476
            ],
            [
              30.222760183665716,
              59.90011903290476
            ],
            [
              30.222760183665716,
              59.90011903290476
            ],
            [
              30.222760183665716,
              59.90011903290476
            ],
            [
              30.222760183665716,
              59.90011903290476
            ],
            [
              30.222760183665716,
              59.90011903290476
            ],
            [
              30.222760183665716,
              59.90011903290476
            ],
            [
              30.222760183665716,
              59.90011903290476
            ],
            [
              30.222760183665716,
              59.90011903290476
            ],
            [
              30.222760183665716,
              59.90011903290476
            ],
            [
              30.222760183665716,
              59.90011903290476
            ],
            [
              30.222760183665716,
              59.90011903290476
            ],
            [
              30.222760183665716,
              59.90011903290476
            ],
            [
              30.222760183665716,
              59.90011903290476
            ],
            [
              30.222760183665716,
              59.90011903290476
            ],
            [
              30.222760183665716,
              59.90011903290476
            ],
            [
              30.222760183665716,
              59.90011903290476
            ],
            [
              30.222760183665716,
              59.90011903290476
            ],
            [
              30.222760183665716,
              59.90011903290476
            ],
            [
              30.222760183665716,
              59.90011903290476
            ],
            [
              30.222760183665716,
              59.90011903290476
            ],
            [
              30.222760183665716,
              59.90011903290476
            ],
            [
              30.222760183665716,
              59.90011903290476
            ],
            [
              30.222760183665716,
              59.90011903290476
            ],
            [
              30.222760183665716,
              59.90011903290476
            ],
            [
              30.222760183665716,
              59.90011903290476
            ],
            [
              30.222760183665716,
              59.90011903290476
            ],
            [
              30.222760183665716,
              59.90011903290476
            ],
            [
              30.222760183665716,
              59.90011903290476
            ],
            [
              30.222760183665716,
              59.90011903290476
            ],
            [
              30.222760183665716,
              59.90011903290476
            ],
            [
              30.222760183665716,
              59.90011903290476
            ],
            [
              30.222760183665716,
              59.90011903290476
            ],
            [
              30.222760183665716,
              59.90011903290476
            ],
            [
              30.222760183665716,
              59.90011903290476
            ],
            [
              30.222760183665716,
              59.90011903290476
            ],
            [
              30.222760183665716,
              59.90011903290476
            ],
            [
              30.222760183665716,
              59.90011903290476
            ],
            [
              30.222760183665716,
              59.90011903290476
            ],
            [
              30.222760183665716,
              59.90011903290476
            ],
            [
              30.222760183665716,
              59.90011903290476
            ],
            [
              30.222760183665716,
              59.90011903290476
            ],
            [
              30.222760183665716,
              59.90011903290476
            ],
            [
              30.222760183665716,
              59.90011903290476
            ],
            [
              30.222760183665716,
              59.90011903290476
            ],
            [
              30.222760183665716,
              59.90011903290476
            ],
            [
              30.222760183665716,
              59.90011903290476
            ],
            [
              30.222760183665716,
              59.90011903290476
            ],
            [
              30.222760183665716,
              59.90011903290476
            ],
            [
              30.222760183665716,
              59.90011903290476
            ],
            [
              30.222760183665716,
              59.90011903290476
            ],
            [
              30.222760183665716,
              59.90011903290476
            ],
            [
              30.222760183665716,
              59.90011903290476
            ],
            [
              30.222760183665716,
              59.90011903290476
            ],
            [
              30.222760183665716,
              59.90011903290476
            ],
            [
              30.222760183665716,
              59.90011903290476
            ],
            [
              30.222760183665716,
              59.90011903290476
            ],
            [
              30.222760183665716,
              59.90011903290476
            ],
            [
              30.222760183665716,
              59.90011903290476
            ],
            [
              30.222760183665716,
              59.90011903290476
            ],
            [
              30.222760183665716,
              59.90011903290476
            ],
            [
              30.222760183665716,
              59.90011903290476
            ],
            [
              30.222760183665716,
              59.90011903290476
            ],
            [
              30.222760183665716,
              59.90011903290476
            ],
            [
              30.222760183665716,
              59.90011903290476
            ],
            [
              30.222760183665716,
              59.90011903290476
            ],
            [
              30.222760183665716,
              59.90011903290476
            ],
            [
              30.222760183665716,
              59.90011903290476
            ]
          ],
          [
            [
              30.271698270533342,
              59.883045444323855
            ],
            [
              30.27210923326623,
              59.882951980546615
            ],
            [
              30.272515977376038,
              59.88285811017222
            ],
            [
              30.272920891847647,
              59.88276864514293
            ],
            [
              30.27331771497722,
              59.882680899465036
            ],
            [
              30.27369126693946,
              59.882596531572965
            ],
            [
              30.27408608090742,
              59.882508006532284
            ],
            [
              30.27447132532786,
              59.882426831947285
            ],
            [
              30.274859100181093,
              59.88235098917619
            ],
            [
              30.275246374044603,
              59.88228296940173
            ],
            [
              30.27563503663971,
              59.88221791904006
            ],
            [
              30.27603173929283,
              59.88215136784033
            ],
            [
              30.27643415352623,
              59.88209879415732
            ],
            [
              30.27683831642674,
              59.882046279557336
            ],
            [
              30.277237290956585,
              59.882003309930575
            ],
            [
              30.277629813156025,
              59.88196739642248
            ],
            [
              30.278024308699095,
              59.88193564564846
            ],
            [
              30.278432308670034,
              59.881897829512745
            ],
            [
              30.27883881162464,
              59.88186094382506
            ],
            [
              30.279247756713588,
              59.881821389336295
            ],
            [
              30.279664559974496,
              59.881779344659535
            ],
            [
              30.280085925178078,
              59.88173576526735
            ],
            [
              30.280515434890734,
              59.88168238895867
            ],
            [
              30.280953672027714,
              59.881622394157304
            ],
            [
              30.281399610116253,
              59.881558917386364
            ],
            [
              30.2818292184175,
              59.881496254693324
            ],
            [
              30.282265765265894,
              59.88142362169342
            ],
            [
              30.282705662664466,
              59.88134668409092
            ],
            [
              30.28313020984214,
              59.88127360812792
            ],
            [
              30.283560670351246,
              59.881203294255364
            ],
            [
              30.283976176085737,
              59.88113447622605
            ],
            [
              30.28438072491754,
              59.88106803707991
            ],
            [
              30.284762555239944,
              59.8810178565819
            ],
            [
              30.285149800190137,
              59.880965164499145
            ],
            [
              30.28553317138578,
              59.88091357592109
            ],
            [
              30.285926963005654,
              59.88086386987504
            ],
            [
              30.28631597203148,
              59.880813270635244
            ],
            [
              30.286707688635392,
              59.88075702213229
            ],
            [
              30.28710608997981,
              59.88069459361071
            ],
            [
              30.287512870373803,
              59.880633006276035
            ],
            [
              30.28791238950514,
              59.8805677369926
            ],
            [
              30.288308839354844,
              59.88049235291679
            ],
            [
              30.28870891934623,
              59.8804081397201
            ],
            [
              30.289111931298027,
              59.88031511466027
            ],
            [
              30.289502104625246,
              59.88021155708485
            ],
            [
              30.289872247968702,
              59.88010215721399
            ],
            [
              30.290233204381995,
              59.8799849753117
            ],
            [
              30.29059675553835,
              59.87986082160862
            ],
            [
              30.29093359264646,
              59.87973362845783
            ],
            [
              30.291262608179938,
              59.879601256551574
            ],
            [
              30.291576639702644,
              59.87947242207647
            ],
            [
              30.29186506768608,
              59.87933390317131
            ],
            [
              30.292131052435714,
              59.87918472173302
            ],
            [
              30.292404260540003,
              59.87902899675779
            ],
            [
              30.29266824538844,
              59.87887187434545
            ],
            [
              30.292922318155078,
              59.87870579542053
            ],
            [
              30.293156405284392,
              59.87853985970521
            ],
            [
              30.293371363320087,
              59.87836770349432
            ],
            [
              30.293574018440736,
              59.878188167496575
            ],
            [
              30.293775098422362,
              59.87800484471306
            ],
            [
              30.293959165669175,
              59.8778181081036
            ],
            [
              30.29412803899543,
              59.877626259236216
            ],
            [
              30.294281834038003,
              59.877435411847344
            ],
            [
              30.294415489583077,
              59.87723883919431
            ],
            [
              30.294537366176968,
              59.87704036548352
            ],
            [
              30.294648630409206,
              59.87684296142799
            ],
            [
              30.29475665239435,
              59.87664688691527
            ],
            [
              30.29483544188509,
              59.87644061418456
            ],
            [
              30.294891388074863,
              59.87622972050087
            ],
            [
              30.294920865563142,
              59.876011054131176
            ],
            [
              30.294930542477946,
              59.875794993824165
            ],
            [
              30.294955085020806,
              59.87558317839206
            ],
            [
              30.294961218335757,
              59.87537423320451
            ],
            [
              30.29497218736293,
              59.87519180608373
            ],
            [
              30.294977634026345,
              59.87499657810982
            ],
            [
              30.294987850821645,
              59.874794662207286
            ],
            [
              30.29500477914279,
              59.874594743934274
            ],
            [
              30.295008524316167,
              59.87439291337311
            ],
            [
              30.29499990603773,
              59.87420609131624
            ],
            [
              30.294983839558814,
              59.87403738894832
            ],
            [
              30.29495991376953,
              59.87388712909387
            ],
            [
              30.294942651994575,
              59.873750792113334
            ],
            [
              30.294942651994575,
              59.873750792113334
            ],
            [
              30.294942651994575,
              59.873750792113334
            ],
            [
              30.294942651994575,
              59.873750792113334
            ],
            [
              30.294942651994575,
              59.873750792113334
            ],
            [
              30.294942651994575,
              59.873750792113334
            ],
            [
              30.294942651994575,
              59.873750792113334
            ]
          ],
          [
            [
              30.29474266292573,
              59.87322198795726
            ],
            [
              30.294885652106004,
              59.87313542222998
            ],
            [
              30.29440884659084,
              59.87314070624669
            ],
            [
              30.29423221540375,
              59.873117536164514
            ],
            [
              30.29423221540375,
              59.873117536164514
            ],
            [
              30.29423221540375,
              59.873117536164514
            ],
            [
              30.29423221540375,
              59.873117536164514
            ],
            [
              30.29423221540375,
              59.873117536164514
            ],
            [
              30.29423221540375,
              59.873117536164514
            ],
            [
              30.29423221540375,
              59.873117536164514
            ]
          ],
          [
            [
              30.29352276280881,
              59.873639180053864
            ],
            [
              30.293528845819218,
              59.87375934261376
            ],
            [
              30.293560551685726,
              59.87385216960886
            ],
            [
              30.293581727860413,
              59.873925207008945
            ],
            [
              30.293597971690513,
              59.873977379783334
            ],
            [
              30.293613481746448,
              59.87401967888155
            ],
            [
              30.293613481746448,
              59.87401967888155
            ],
            [
              30.293613481746448,
              59.87401967888155
            ],
            [
              30.293613481746448,
              59.87401967888155
            ],
            [
              30.293613481746448,
              59.87401967888155
            ],
            [
              30.293613481746448,
              59.87401967888155
            ],
            [
              30.293613481746448,
              59.87401967888155
            ]
          ],
          [
            [
              30.293790820986032,
              59.874377591596485
            ],
            [
              30.293798089010995,
              59.8744158617792
            ],
            [
              30.2938125540271,
              59.87443974051948
            ],
            [
              30.293815621014758,
              59.87445676143796
            ],
            [
              30.293817737315656,
              59.874465520479504
            ],
            [
              30.293823858035204,
              59.874472260503246
            ],
            [
              30.293831911402727,
              59.8744744507092
            ],
            [
              30.293835796237733,
              59.87448301462088
            ],
            [
              30.293837151416074,
              59.874497366591854
            ],
            [
              30.293842493035573,
              59.87450763267476
            ],
            [
              30.29384188711424,
              59.87452116420959
            ],
            [
              30.29384304895082,
              59.87453776644577
            ],
            [
              30.293842341896315,
              59.87453963672364
            ],
            [
              30.293841630845023,
              59.87454319955387
            ],
            [
              30.293846673146945,
              59.87454317083669
            ],
            [
              30.293846673146945,
              59.87454317083669
            ],
            [
              30.293846673146945,
              59.87454317083669
            ],
            [
              30.293846673146945,
              59.87454317083669
            ],
            [
              30.293846673146945,
              59.87454317083669
            ],
            [
              30.293864126023976,
              59.87455240670525
            ],
            [
              30.293864126023976,
              59.87455240670525
            ],
            [
              30.293864126023976,
              59.87455240670525
            ],
            [
              30.293864126023976,
              59.87455240670525
            ],
            [
              30.293864126023976,
              59.87455240670525
            ],
            [
              30.293864126023976,
              59.87455240670525
            ],
            [
              30.293864126023976,
              59.87455240670525
            ],
            [
              30.293864126023976,
              59.87455240670525
            ],
            [
              30.293864126023976,
              59.87455240670525
            ],
            [
              30.293864126023976,
              59.87455240670525
            ],
            [
              30.293864126023976,
              59.87455240670525
            ],
            [
              30.293864126023976,
              59.87455240670525
            ],
            [
              30.293864126023976,
              59.87455240670525
            ],
            [
              30.293864126023976,
              59.87455240670525
            ],
            [
              30.293876773380312,
              59.87457028228687
            ],
            [
              30.293877558411676,
              59.87457146708985
            ],
            [
              30.293873581935316,
              59.874590578577845
            ],
            [
              30.29388322280437,
              59.874616633353675
            ],
            [
              30.293914097795877,
              59.8746596201929
            ],
            [
              30.293940219739103,
              59.8747225252547
            ],
            [
              30.293990075023025,
              59.87479653671598
            ],
            [
              30.293990075023025,
              59.87479653671598
            ],
            [
              30.293990075023025,
              59.87479653671598
            ],
            [
              30.293990075023025,
              59.87479653671598
            ],
            [
              30.293990075023025,
              59.87479653671598
            ],
            [
              30.293990075023025,
              59.87479653671598
            ],
            [
              30.293990075023025,
              59.87479653671598
            ]
          ],
          [
            [
              30.294879142277118,
              59.875325859572726
            ],
            [
              30.295060619048417,
              59.87537521692645
            ],
            [
              30.295253529692847,
              59.87540900629604
            ],
            [
              30.295474445062368,
              59.875429403461254
            ],
            [
              30.295786060220816,
              59.87544723821469
            ],
            [
              30.295786060220816,
              59.87544723821469
            ],
            [
              30.295786060220816,
              59.87544723821469
            ],
            [
              30.295786060220816,
              59.87544723821469
            ],
            [
              30.295786060220816,
              59.87544723821469
            ],
            [
              30.295786060220816,
              59.87544723821469
            ],
            [
              30.295786060220816,
              59.87544723821469
            ]
          ],
          [
            [
              30.29700241923701,
              59.875437533987004
            ],
            [
              30.29704997832386,
              59.87543640717935
            ],
            [
              30.297062643241972,
              59.87543632385699
            ],
            [
              30.29704940443675,
              59.8754359591137
            ],
            [
              30.297050877939363,
              59.87543370831153
            ],
            [
              30.297044975099908,
              59.87543237721607
            ],
            [
              30.2970453907696,
              59.87543185451824
            ],
            [
              30.297038359374415,
              59.87543111822507
            ],
            [
              30.297042019300306,
              59.87543029597963
            ],
            [
              30.297037625980213,
              59.87542838186993
            ],
            [
              30.297031175975246,
              59.87542781570774
            ],
            [
              30.2970315381265,
              59.87542743040329
            ],
            [
              30.297032101538978,
              59.875428443893725
            ],
            [
              30.297032101538978,
              59.875428443893725
            ],
            [
              30.297032101538978,
              59.875428443893725
            ],
            [
              30.297032101538978,
              59.875428443893725
            ],
            [
              30.297032101538978,
              59.875428443893725
            ],
            [
              30.297032101538978,
              59.875428443893725
            ],
            [
              30.297032101538978,
              59.875428443893725
            ],
            [
              30.297032101538978,
              59.875428443893725
            ],
            [
              30.297032101538978,
              59.875428443893725
            ],
            [
              30.29702281265951,
              59.875430035964655
            ],
            [
              30.297019250275486,
              59.87543073789551
            ],
            [
              30.297017874480566,
              59.875431078554655
            ],
            [
              30.297017874480566,
              59.875431078554655
            ],
            [
              30.297017874480566,
              59.875431078554655
            ],
            [
              30.297017874480566,
              59.875431078554655
            ],
            [
              30.29700183467283,
              59.87543380944486
            ],
            [
              30.29700183467283,
              59.87543380944486
            ],
            [
              30.29700183467283,
              59.87543380944486
            ],
            [
              30.296986663959316,
              59.87543444834281
            ],
            [
              30.296986541131915,
              59.875434516394094
            ],
            [
              30.296979901878828,
              59.87543486808178
            ],
            [
              30.296979901878828,
              59.87543486808178
            ],
            [
              30.296979901878828,
              59.87543486808178
            ],
            [
              30.296977117747172,
              59.87543642256909
            ],
            [
              30.29697910784884,
              59.87543467398376
            ],
            [
              30.29698211849709,
              59.87543203797667
            ],
            [
              30.29700155774578,
              59.875432424154226
            ],
            [
              30.29702588721883,
              59.87543530927147
            ],
            [
              30.297088939607203,
              59.875433313080784
            ],
            [
              30.2971883433193,
              59.87543240750573
            ],
            [
              30.297306240227577,
              59.87543559989973
            ],
            [
              30.2974486288876,
              59.87543859837506
            ],
            [
              30.297598032405485,
              59.87544571139442
            ],
            [
              30.297598032405485,
              59.87544571139442
            ],
            [
              30.297598032405485,
              59.87544571139442
            ],
            [
              30.297598032405485,
              59.87544571139442
            ],
            [
              30.297598032405485,
              59.87544571139442
            ],
            [
              30.297598032405485,
              59.87544571139442
            ],
            [
              30.297598032405485,
              59.87544571139442
            ]
          ],
          [
            [
              30.29885489579478,
              59.87548240223931
            ],
            [
              30.299062891840375,
              59.87548592988372
            ],
            [
              30.29928979822722,
              59.87548961615142
            ],
            [
              30.299527675424017,
              59.875493480656615
            ],
            [
              30.299776840862418,
              59.87549752853863
            ],
            [
              30.300041076526117,
              59.87550182125187
            ],
            [
              30.300041076526117,
              59.87550182125187
            ],
            [
              30.300041076526117,
              59.87550182125187
            ],
            [
              30.300041076526117,
              59.87550182125187
            ],
            [
              30.300041076526117,
              59.87550182125187
            ],
            [
              30.300041076526117,
              59.87550182125187
            ],
            [
              30.300041076526117,
              59.87550182125187
            ]
          ],
          [
            [
              30.30203011703612,
              59.875533494041434
            ],
            [
              30.302294096574187,
              59.87553764693514
            ],
            [
              30.302552432532487,
              59.87554177727282
            ],
            [
              30.302796515523198,
              59.87554570751492
            ],
            [
              30.303036909361165,
              59.87554957836264
            ],
            [
              30.303261641203214,
              59.87555319701103
            ],
            [
              30.303469532940607,
              59.875556544511866
            ],
            [
              30.30367034699695,
              59.875559778037044
            ],
            [
              30.303867438960292,
              59.87556295162341
            ],
            [
              30.30403494079585,
              59.875565648758766
            ],
            [
              30.30403494079585,
              59.875565648758766
            ],
            [
              30.30403494079585,
              59.875565648758766
            ],
            [
              30.30403494079585,
              59.875565648758766
            ],
            [
              30.30403494079585,
              59.875565648758766
            ],
            [
              30.30403494079585,
              59.875565648758766
            ],
            [
              30.30403494079585,
              59.875565648758766
            ]
          ],
          [
            [
              30.304503063988616,
              59.875573186520974
            ],
            [
              30.30449806329117,
              59.875573105998555
            ],
            [
              30.304501437005335,
              59.875573160325025
            ],
            [
              30.304506441393745,
              59.87557324090485
            ],
            [
              30.304495196081696,
              59.875573059831886
            ],
            [
              30.304493020319963,
              59.8755730247965
            ],
            [
              30.304495141639336,
              59.875573058954615
            ],
            [
              30.304491043959516,
              59.87557299297374
            ],
            [
              30.30448375336365,
              59.875572875579415
            ],
            [
              30.304479605082875,
              59.8755728087833
            ],
            [
              30.304483435454827,
              59.87557287046016
            ],
            [
              30.30448224109984,
              59.8755728512276
            ],
            [
              30.304481751337256,
              59.87557284334404
            ],
            [
              30.304481751337317,
              59.87557284334307
            ],
            [
              30.304481751337338,
              59.8755728433428
            ],
            [
              30.304481751337317,
              59.87557284334307
            ],
            [
              30.304467454022127,
              59.87557261312685
            ],
            [
              30.30446734932905,
              59.87557261143976
            ],
            [
              30.304467349329,
              59.8755726114405
            ],
            [
              30.304467349329,
              59.87557261144056
            ],
            [
              30.304467349329006,
              59.87557261144043
            ],
            [
              30.304467349329,
              59.87557261144056
            ],
            [
              30.304467349329,
              59.87557261144056
            ],
            [
              30.304461719766792,
              59.87557252079005
            ],
            [
              30.30448481818296,
              59.875572892724946
            ],
            [
              30.304561462166387,
              59.8755741268537
            ],
            [
              30.30467424515862,
              59.8755759428949
            ],
            [
              30.30481362742763,
              59.875578187241416
            ],
            [
              30.30497500978552,
              59.87558078584596
            ],
            [
              30.30497500978552,
              59.87558078584596
            ],
            [
              30.30497500978552,
              59.87558078584596
            ],
            [
              30.30497500978552,
              59.87558078584596
            ],
            [
              30.30497500978552,
              59.87558078584596
            ],
            [
              30.30497500978552,
              59.87558078584596
            ],
            [
              30.30497500978552,
              59.87558078584596
            ]
          ],
          [
            [
              30.306503823397808,
              59.87560544848856
            ],
            [
              30.306742981682525,
              59.87560832037003
            ],
            [
              30.30697970070492,
              59.875610910002024
            ],
            [
              30.307219594542026,
              59.875613534364966
            ],
            [
              30.30745890023954,
              59.87561615229531
            ],
            [
              30.30769764800168,
              59.87561876412201
            ],
            [
              30.30792927408787,
              59.87562129804097
            ],
            [
              30.30816915675693,
              59.87562392228165
            ],
            [
              30.308433982769994,
              59.875626819347126
            ],
            [
              30.308700916431793,
              59.875631871273065
            ],
            [
              30.308957673121398,
              59.87563616208438
            ],
            [
              30.309219412745307,
              59.87564053616771
            ],
            [
              30.309479735236216,
              59.87564488657096
            ],
            [
              30.30973806037913,
              59.875649203597
            ],
            [
              30.309981522269005,
              59.87565327223627
            ],
            [
              30.310194975346494,
              59.87565683934831
            ],
            [
              30.310397135302377,
              59.8756601896624
            ],
            [
              30.31059532561801,
              59.87566347528504
            ],
            [
              30.310749906350658,
              59.87566603794291
            ],
            [
              30.310874591302493,
              59.87566810498329
            ],
            [
              30.310992797639624,
              59.87567006462841
            ],
            [
              30.310992797639624,
              59.87567006462841
            ],
            [
              30.310992797639624,
              59.87567006462841
            ],
            [
              30.310992797639624,
              59.87567006462841
            ],
            [
              30.310992797639624,
              59.87567006462841
            ],
            [
              30.310992797639624,
              59.87567006462841
            ],
            [
              30.310992797639624,
              59.87567006462841
            ]
          ],
          [
            [
              30.311281095533946,
              59.87567484727283
            ],
            [
              30.3113079392405,
              59.875675321759566
            ],
            [
              30.311330468721145,
              59.87567571998771
            ],
            [
              30.311351100437726,
              59.87567608467122
            ],
            [
              30.311370487312765,
              59.87567642735144
            ],
            [
              30.31137713721881,
              59.87567654489328
            ],
            [
              30.311380995235364,
              59.875676613084295
            ],
            [
              30.31137344893562,
              59.87567647969853
            ],
            [
              30.311373181898627,
              59.875676474980565
            ],
            [
              30.311373181898652,
              59.87567647498013
            ],
            [
              30.311373181898652,
              59.87567647498013
            ],
            [
              30.311373181898652,
              59.87567647498013
            ],
            [
              30.311373181898652,
              59.87567647498013
            ],
            [
              30.311373181898652,
              59.87567647498013
            ],
            [
              30.311385302300735,
              59.87567668921851
            ],
            [
              30.311393025597418,
              59.87567682573361
            ],
            [
              30.311408634227767,
              59.8756771016306
            ],
            [
              30.311416277889183,
              59.87567723673821
            ],
            [
              30.311417767248173,
              59.87567726306721
            ],
            [
              30.311424090552602,
              59.87567737483335
            ],
            [
              30.311428910241318,
              59.875677460031326
            ],
            [
              30.311428270469378,
              59.87567744871629
            ],
            [
              30.311434536203855,
              59.875677559471626
            ],
            [
              30.31143749349381,
              59.87567761174342
            ],
            [
              30.311437513194385,
              59.87567761209352
            ],
            [
              30.311437513194424,
              59.87567761209296
            ],
            [
              30.311437513194416,
              59.87567761209308
            ],
            [
              30.311437513194416,
              59.87567761209308
            ],
            [
              30.311437513194416,
              59.87567761209308
            ],
            [
              30.311437513194416,
              59.87567761209308
            ],
            [
              30.311452556438354,
              59.87567787799522
            ],
            [
              30.31146052522257,
              59.875678018850905
            ],
            [
              30.31148920016353,
              59.87567852570499
            ],
            [
              30.311550644791897,
              59.87567961179437
            ],
            [
              30.31163482661664,
              59.87568109977937
            ],
            [
              30.311745188699888,
              59.87568305053014
            ],
            [
              30.31188026851759,
              59.875685555101256
            ],
            [
              30.31188026851759,
              59.875685555101256
            ],
            [
              30.31188026851759,
              59.875685555101256
            ],
            [
              30.31188026851759,
              59.875685555101256
            ],
            [
              30.31188026851759,
              59.875685555101256
            ],
            [
              30.31188026851759,
              59.875685555101256
            ],
            [
              30.31188026851759,
              59.875685555101256
            ]
          ],
          [
            [
              30.312933616982328,
              59.87570816565647
            ],
            [
              30.313050100014493,
              59.87571066602217
            ],
            [
              30.313138592947674,
              59.875712565565124
            ],
            [
              30.313231307247662,
              59.87571369538779
            ],
            [
              30.313357896519456,
              59.875714688635995
            ],
            [
              30.31348882527566,
              59.875715715904114
            ],
            [
              30.31364760491388,
              59.87571706004188
            ],
            [
              30.31364760491388,
              59.87571706004188
            ],
            [
              30.31364760491388,
              59.87571706004188
            ],
            [
              30.31364760491388,
              59.87571706004188
            ],
            [
              30.31364760491388,
              59.87571706004188
            ],
            [
              30.31364760491388,
              59.87571706004188
            ],
            [
              30.31364760491388,
              59.87571706004188
            ]
          ],
          [
            [
              30.315319848634786,
              59.87574987329049
            ],
            [
              30.315633506178656,
              59.875757018665794
            ],
            [
              30.315951554283494,
              59.875762035137676
            ],
            [
              30.316266307846426,
              59.87576531988522
            ],
            [
              30.316562764043432,
              59.87577046011538
            ],
            [
              30.316861384359367,
              59.875773092363595
            ],
            [
              30.317151714731853,
              59.875768750344605
            ],
            [
              30.317444632650865,
              59.87577377073992
            ],
            [
              30.317728676887423,
              59.87577928795946
            ],
            [
              30.318009620417037,
              59.875786398082916
            ],
            [
              30.31829957131536,
              59.87578797072829
            ],
            [
              30.31859662823522,
              59.87578857714287
            ],
            [
              30.318897653501494,
              59.87578714071171
            ],
            [
              30.31919144830764,
              59.875793595592
            ],
            [
              30.31946549712445,
              59.875803756901696
            ],
            [
              30.31970105534191,
              59.87581221885674
            ],
            [
              30.31991720861134,
              59.875819656989236
            ],
            [
              30.32011858945238,
              59.87583688455494
            ],
            [
              30.320330320846168,
              59.875851453761655
            ],
            [
              30.320551546333096,
              59.8758656013086
            ],
            [
              30.320782166356004,
              59.87587768225521
            ],
            [
              30.3210269484932,
              59.8758698174417
            ],
            [
              30.32129124379103,
              59.87587339452372
            ],
            [
              30.32156494850559,
              59.87587709895773
            ],
            [
              30.321860131819932,
              59.87588109409221
            ],
            [
              30.321860131819932,
              59.87588109409221
            ],
            [
              30.321860131819932,
              59.87588109409221
            ],
            [
              30.321860131819932,
              59.87588109409221
            ],
            [
              30.321860131819932,
              59.87588109409221
            ],
            [
              30.321860131819932,
              59.87588109409221
            ],
            [
              30.321860131819932,
              59.87588109409221
            ]
          ],
          [
            [
              30.324152967794042,
              59.87592496781726
            ],
            [
              30.324462871297474,
              59.8759318885876
            ],
            [
              30.324769408427894,
              59.87592040139938
            ],
            [
              30.3250597891357,
              59.87592519606474
            ],
            [
              30.32533908638834,
              59.87592980771922
            ],
            [
              30.325606733973455,
              59.875934227018625
            ],
            [
              30.325864136066016,
              59.87593847712368
            ],
            [
              30.32609562146198,
              59.87594201446697
            ],
            [
              30.32627895674545,
              59.87594343404222
            ],
            [
              30.32627895674545,
              59.87594343404222
            ],
            [
              30.32627895674545,
              59.87594343404222
            ],
            [
              30.32627895674545,
              59.87594343404222
            ],
            [
              30.32627895674545,
              59.87594343404222
            ],
            [
              30.32627895674545,
              59.87594343404222
            ],
            [
              30.32627895674545,
              59.87594343404222
            ]
          ],
          [
            [
              30.327140657047515,
              59.8759521460776
            ],
            [
              30.3271820051627,
              59.875952575019305
            ],
            [
              30.327202460446728,
              59.87595278722178
            ],
            [
              30.327221284899377,
              59.87595298250375
            ],
            [
              30.32723586645808,
              59.875953133769286
            ],
            [
              30.32724908727901,
              59.87596905437405
            ],
            [
              30.327294199844303,
              59.87596639991679
            ],
            [
              30.327379028417145,
              59.87596406292581
            ],
            [
              30.327483897528364,
              59.87596395140139
            ],
            [
              30.32760841043105,
              59.8759643132673
            ],
            [
              30.32760841043105,
              59.8759643132673
            ],
            [
              30.32760841043105,
              59.8759643132673
            ],
            [
              30.32760841043105,
              59.8759643132673
            ],
            [
              30.32760841043105,
              59.8759643132673
            ],
            [
              30.32760841043105,
              59.8759643132673
            ],
            [
              30.32760841043105,
              59.8759643132673
            ]
          ],
          [
            [
              30.32870215367414,
              59.8759691470556
            ],
            [
              30.328900924598848,
              59.875972035338194
            ],
            [
              30.329107121339366,
              59.87597503150188
            ],
            [
              30.329301750625874,
              59.87597785985763
            ],
            [
              30.32948668657597,
              59.87599334785949
            ],
            [
              30.329661399673466,
              59.87599599142483
            ],
            [
              30.32980760544494,
              59.87599887818688
            ],
            [
              30.32992034063548,
              59.8759983171816
            ],
            [
              30.330023720065732,
              59.87599906576981
            ],
            [
              30.330119013307133,
              59.876002039731475
            ],
            [
              30.330202740604932,
              59.875990952729175
            ],
            [
              30.33026857545765,
              59.87599190941492
            ],
            [
              30.330316106698664,
              59.87599260012405
            ],
            [
              30.33033942509768,
              59.87599293898091
            ],
            [
              30.33032870916092,
              59.87600827257491
            ],
            [
              30.33033087011559,
              59.87600437678781
            ],
            [
              30.330328689204833,
              59.87600171578199
            ],
            [
              30.33033250989651,
              59.87599958256973
            ],
            [
              30.330339876763276,
              59.87599754036391
            ],
            [
              30.330343564170445,
              59.87599257673396
            ],
            [
              30.330348551763578,
              59.87598833442322
            ],
            [
              30.33037088775606,
              59.87598872734523
            ],
            [
              30.33039683253103,
              59.87598934048157
            ],
            [
              30.330442115467157,
              59.8759895468757
            ],
            [
              30.330512536823992,
              59.875994539481006
            ],
            [
              30.33060849321515,
              59.875999121895724
            ],
            [
              30.33060849321515,
              59.875999121895724
            ],
            [
              30.33060849321515,
              59.875999121895724
            ],
            [
              30.33060849321515,
              59.875999121895724
            ],
            [
              30.33060849321515,
              59.875999121895724
            ],
            [
              30.33060849321515,
              59.875999121895724
            ],
            [
              30.33060849321515,
              59.875999121895724
            ]
          ],
          [
            [
              30.331718747323098,
              59.87601391787008
            ],
            [
              30.331938275545674,
              59.87601712426205
            ],
            [
              30.332166138453875,
              59.87602045238871
            ],
            [
              30.332418963265173,
              59.87604040821327
            ],
            [
              30.332418963265173,
              59.87604040821327
            ],
            [
              30.332418963265173,
              59.87604040821327
            ],
            [
              30.332418963265173,
              59.87604040821327
            ],
            [
              30.332418963265173,
              59.87604040821327
            ],
            [
              30.332418963265173,
              59.87604040821327
            ],
            [
              30.332418963265173,
              59.87604040821327
            ]
          ],
          [
            [
              30.334171907753294,
              59.8760501891796
            ],
            [
              30.334392041021257,
              59.87604488087104
            ],
            [
              30.33458824089031,
              59.87604078664171
            ],
            [
              30.334762750330636,
              59.876035372198345
            ],
            [
              30.33491207197422,
              59.876031188853524
            ],
            [
              30.335051519148234,
              59.876031869763935
            ],
            [
              30.33517930083385,
              59.876029541418575
            ],
            [
              30.335275609598195,
              59.87602474569093
            ],
            [
              30.335321627667053,
              59.87601774883103
            ],
            [
              30.335350496736236,
              59.876018727446436
            ],
            [
              30.33538149983338,
              59.87601809108613
            ],
            [
              30.335405823464196,
              59.876020995782646
            ],
            [
              30.3354297828375,
              59.87602883616553
            ],
            [
              30.33543860764514,
              59.87603419551303
            ],
            [
              30.33543793986872,
              59.876034834615574
            ],
            [
              30.335435819699573,
              59.87603531710675
            ],
            [
              30.335455442046023,
              59.87604571957943
            ],
            [
              30.335457527084255,
              59.876047209515654
            ],
            [
              30.335459823139598,
              59.87604614945904
            ],
            [
              30.335461471351422,
              59.876042544791815
            ],
            [
              30.335464013044568,
              59.87604308726546
            ],
            [
              30.335477815544905,
              59.876044482926275
            ],
            [
              30.335489757745304,
              59.87604662865809
            ],
            [
              30.335503999629953,
              59.876049300378064
            ],
            [
              30.335549854080973,
              59.87604952097222
            ],
            [
              30.33560389973364,
              59.87604525019116
            ],
            [
              30.335618842508552,
              59.87604038875026
            ],
            [
              30.335637347414433,
              59.87603351624968
            ],
            [
              30.335682609673253,
              59.876027610503
            ],
            [
              30.335691601933565,
              59.87602709283072
            ],
            [
              30.33576684817015,
              59.876028325012506
            ],
            [
              30.33580730203747,
              59.876032498366534
            ],
            [
              30.33583026869998,
              59.87603507049776
            ],
            [
              30.335861426566588,
              59.87603804203368
            ],
            [
              30.335904261456875,
              59.876037717836724
            ],
            [
              30.335946929451787,
              59.876037456951735
            ],
            [
              30.335987313455608,
              59.87603723582926
            ],
            [
              30.336030677605667,
              59.87603483401247
            ],
            [
              30.336030677605667,
              59.87603483401247
            ],
            [
              30.336030677605667,
              59.87603483401247
            ],
            [
              30.336030677605667,
              59.87603483401247
            ],
            [
              30.336030677605667,
              59.87603483401247
            ],
            [
              30.336030677605667,
              59.87603483401247
            ],
            [
              30.336030677605667,
              59.87603483401247
            ]
          ],
          [
            [
              30.33621719925928,
              59.87562960118318
            ],
            [
              30.336213383945058,
              59.87551668920794
            ],
            [
              30.336228784757935,
              59.87539585541121
            ],
            [
              30.336228784757935,
              59.87539585541121
            ],
            [
              30.336228784757935,
              59.87539585541121
            ],
            [
              30.336228784757935,
              59.87539585541121
            ],
            [
              30.336228784757935,
              59.87539585541121
            ],
            [
              30.336228784757935,
              59.87539585541121
            ],
            [
              30.336228784757935,
              59.87539585541121
            ]
          ],
          [
            [
              30.336292921785557,
              59.874373450504606
            ],
            [
              30.3362930245617,
              59.87421747324884
            ],
            [
              30.336304630102944,
              59.874066024233386
            ],
            [
              30.33631262236269,
              59.873921511144474
            ],
            [
              30.33632198375898,
              59.87377977330515
            ],
            [
              30.336332576222606,
              59.87364693302948
            ],
            [
              30.336338864867464,
              59.873517384161445
            ],
            [
              30.336346733176445,
              59.873400694131405
            ],
            [
              30.336359610227486,
              59.873303768433814
            ],
            [
              30.336362418727504,
              59.87322399971901
            ],
            [
              30.336368551220524,
              59.87316012624139
            ],
            [
              30.33637320574886,
              59.87310492618511
            ],
            [
              30.33637425680494,
              59.8730536191867
            ],
            [
              30.336378580582878,
              59.873011179694
            ],
            [
              30.3363792671606,
              59.87298058400357
            ],
            [
              30.336378762933265,
              59.87295469490632
            ],
            [
              30.336381563814236,
              59.87292861811644
            ],
            [
              30.336382648104987,
              59.8729030756965
            ],
            [
              30.336375942735657,
              59.872883390381986
            ],
            [
              30.336375927448326,
              59.872864064865574
            ],
            [
              30.33637543141867,
              59.872847891091936
            ],
            [
              30.336375648262774,
              59.87282785379998
            ],
            [
              30.33636579693357,
              59.87281686734402
            ],
            [
              30.336362414276746,
              59.872804807890105
            ],
            [
              30.336363350566714,
              59.872795001454286
            ],
            [
              30.33635940673016,
              59.8727854818712
            ],
            [
              30.33635861298416,
              59.87278640853667
            ],
            [
              30.3363619774029,
              59.87278302546086
            ],
            [
              30.336365157234358,
              59.872780475155764
            ],
            [
              30.33635907956739,
              59.87278145085731
            ],
            [
              30.33635775463565,
              59.8727780285068
            ],
            [
              30.33635738833968,
              59.87277631254269
            ],
            [
              30.336356957725823,
              59.87277405801513
            ],
            [
              30.336357809713313,
              59.87276894747946
            ],
            [
              30.33636102914738,
              59.87276826841292
            ],
            [
              30.336368546695187,
              59.872771495571925
            ],
            [
              30.336364998997087,
              59.87277241470661
            ],
            [
              30.336364998997087,
              59.87277241470661
            ],
            [
              30.336364998997087,
              59.87277241470661
            ],
            [
              30.336364998997087,
              59.87277241470661
            ],
            [
              30.336364998997087,
              59.87277241470661
            ],
            [
              30.336364998997087,
              59.87277241470661
            ],
            [
              30.336364998997087,
              59.87277241470661
            ],
            [
              30.336364998997087,
              59.87277241470661
            ],
            [
              30.336364998997087,
              59.87277241470661
            ],
            [
              30.336364998997087,
              59.87277241470661
            ],
            [
              30.336364998997087,
              59.87277241470661
            ],
            [
              30.336364998997087,
              59.87277241470661
            ],
            [
              30.336364998997087,
              59.87277241470661
            ],
            [
              30.336364998997087,
              59.87277241470661
            ],
            [
              30.336364998997087,
              59.87277241470661
            ],
            [
              30.336364998997087,
              59.87277241470661
            ],
            [
              30.336364998997087,
              59.87277241470661
            ],
            [
              30.336364998997087,
              59.87277241470661
            ],
            [
              30.336364998997087,
              59.87277241470661
            ],
            [
              30.336364998997087,
              59.87277241470661
            ],
            [
              30.336364998997087,
              59.87277241470661
            ],
            [
              30.336364998997087,
              59.87277241470661
            ],
            [
              30.336364998997087,
              59.87277241470661
            ],
            [
              30.336364998997087,
              59.87277241470661
            ],
            [
              30.336364998997087,
              59.87277241470661
            ],
            [
              30.336364998997087,
              59.87277241470661
            ],
            [
              30.336364998997087,
              59.87277241470661
            ],
            [
              30.336364998997087,
              59.87277241470661
            ],
            [
              30.336364998997087,
              59.87277241470661
            ],
            [
              30.336364998997087,
              59.87277241470661
            ],
            [
              30.336364998997087,
              59.87277241470661
            ],
            [
              30.336364998997087,
              59.87277241470661
            ],
            [
              30.336364998997087,
              59.87277241470661
            ],
            [
              30.336364998997087,
              59.87277241470661
            ],
            [
              30.33635542623352,
              59.872779308833714
            ],
            [
              30.336358501586936,
              59.87277779319873
            ],
            [
              30.336358186917053,
              59.872774321955596
            ],
            [
              30.33635844307267,
              59.8727695053243
            ],
            [
              30.336358188358716,
              59.872766624920246
            ],
            [
              30.336354981597154,
              59.8727609470377
            ],
            [
              30.33635441097207,
              59.87276091474179
            ],
            [
              30.336355060142488,
              59.872761111952606
            ],
            [
              30.336355060142488,
              59.872761111952606
            ],
            [
              30.336355060142488,
              59.872761111952606
            ],
            [
              30.336355060142488,
              59.872761111952606
            ],
            [
              30.336355060142488,
              59.872761111952606
            ],
            [
              30.336355060142488,
              59.872761111952606
            ],
            [
              30.336362079490154,
              59.87276084996259
            ],
            [
              30.336361491453918,
              59.87275463345863
            ],
            [
              30.336363956316724,
              59.872728981443224
            ],
            [
              30.336364736293092,
              59.87268623501806
            ],
            [
              30.336364736293092,
              59.87268623501806
            ],
            [
              30.336364736293092,
              59.87268623501806
            ],
            [
              30.336364736293092,
              59.87268623501806
            ],
            [
              30.336364736293092,
              59.87268623501806
            ],
            [
              30.336364736293092,
              59.87268623501806
            ],
            [
              30.336364736293092,
              59.87268623501806
            ]
          ],
          [
            [
              30.336384208554986,
              59.87242805537142
            ],
            [
              30.3363844678554,
              59.87239779817898
            ],
            [
              30.336376794486846,
              59.872366003720586
            ],
            [
              30.336383911311444,
              59.872339991439
            ],
            [
              30.33639041410351,
              59.87232188721586
            ],
            [
              30.33639345884734,
              59.87231028687454
            ],
            [
              30.33639061063442,
              59.872305584351196
            ],
            [
              30.336393536475608,
              59.87230952752457
            ],
            [
              30.33639174382042,
              59.872309887055046
            ],
            [
              30.336394099041637,
              59.87231075402588
            ],
            [
              30.336397182794624,
              59.872309456531056
            ],
            [
              30.336397324688285,
              59.87230768664962
            ],
            [
              30.33640090168872,
              59.87230912292745
            ],
            [
              30.33640078024632,
              59.87230924027241
            ],
            [
              30.33640078024632,
              59.87230924027241
            ],
            [
              30.33640078024632,
              59.87230924027241
            ],
            [
              30.33640078024632,
              59.87230924027241
            ],
            [
              30.33640078024632,
              59.87230924027241
            ],
            [
              30.33640078024632,
              59.87230924027241
            ],
            [
              30.33640078024632,
              59.87230924027241
            ],
            [
              30.33640078024632,
              59.87230924027241
            ],
            [
              30.33640078024632,
              59.87230924027241
            ],
            [
              30.33640078024632,
              59.87230924027241
            ],
            [
              30.33640078024632,
              59.87230924027241
            ],
            [
              30.33640078024632,
              59.87230924027241
            ],
            [
              30.33640078024632,
              59.87230924027241
            ],
            [
              30.33640078024632,
              59.87230924027241
            ],
            [
              30.33640078024632,
              59.87230924027241
            ],
            [
              30.33639642224006,
              59.87231051842453
            ],
            [
              30.336396808662148,
              59.872309590923486
            ],
            [
              30.33640099963533,
              59.87230154726174
            ],
            [
              30.336401506408244,
              59.87229201337471
            ],
            [
              30.336402413770863,
              59.8722963435627
            ],
            [
              30.33640160206716,
              59.87229669780106
            ],
            [
              30.33640160206716,
              59.87229669780106
            ],
            [
              30.33640160206716,
              59.87229669780106
            ],
            [
              30.33640160206716,
              59.87229669780106
            ],
            [
              30.33640160206716,
              59.87229669780106
            ],
            [
              30.33640160206716,
              59.87229669780106
            ],
            [
              30.33640160206716,
              59.87229669780106
            ],
            [
              30.33640160206716,
              59.87229669780106
            ],
            [
              30.33640160206716,
              59.87229669780106
            ],
            [
              30.33640160206716,
              59.87229669780106
            ],
            [
              30.33640160206716,
              59.87229669780106
            ],
            [
              30.33640160206716,
              59.87229669780106
            ],
            [
              30.33640160206716,
              59.87229669780106
            ],
            [
              30.33640160206716,
              59.87229669780106
            ],
            [
              30.33640160206716,
              59.87229669780106
            ],
            [
              30.33640160206716,
              59.87229669780106
            ],
            [
              30.33640160206716,
              59.87229669780106
            ],
            [
              30.33640160206716,
              59.87229669780106
            ],
            [
              30.33640160206716,
              59.87229669780106
            ],
            [
              30.33640160206716,
              59.87229669780106
            ],
            [
              30.33640160206716,
              59.87229669780106
            ],
            [
              30.33640160206716,
              59.87229669780106
            ],
            [
              30.33640160206716,
              59.87229669780106
            ],
            [
              30.33640160206716,
              59.87229669780106
            ],
            [
              30.33640160206716,
              59.87229669780106
            ],
            [
              30.33640160206716,
              59.87229669780106
            ],
            [
              30.33640160206716,
              59.87229669780106
            ],
            [
              30.33640160206716,
              59.87229669780106
            ],
            [
              30.33640160206716,
              59.87229669780106
            ],
            [
              30.33640160206716,
              59.87229669780106
            ],
            [
              30.33640160206716,
              59.87229669780106
            ],
            [
              30.33640160206716,
              59.87229669780106
            ],
            [
              30.33640160206716,
              59.87229669780106
            ],
            [
              30.33640160206716,
              59.87229669780106
            ],
            [
              30.33640160206716,
              59.87229669780106
            ],
            [
              30.33640160206716,
              59.87229669780106
            ],
            [
              30.33640160206716,
              59.87229669780106
            ],
            [
              30.33640160206716,
              59.87229669780106
            ],
            [
              30.33640160206716,
              59.87229669780106
            ],
            [
              30.33640160206716,
              59.87229669780106
            ],
            [
              30.33640160206716,
              59.87229669780106
            ],
            [
              30.33640160206716,
              59.87229669780106
            ],
            [
              30.33640160206716,
              59.87229669780106
            ],
            [
              30.33640160206716,
              59.87229669780106
            ],
            [
              30.33640160206716,
              59.87229669780106
            ],
            [
              30.33640160206716,
              59.87229669780106
            ],
            [
              30.33639513401329,
              59.87229891561201
            ],
            [
              30.33639687949076,
              59.87229508443543
            ],
            [
              30.336397512136298,
              59.872293600904065
            ],
            [
              30.336399240794904,
              59.87229332974435
            ],
            [
              30.33640308205287,
              59.87228793067848
            ],
            [
              30.336406483403035,
              59.87226560491746
            ],
            [
              30.336409675434858,
              59.872235924279224
            ],
            [
              30.336407307428345,
              59.87220617442658
            ],
            [
              30.336407307428345,
              59.87220617442658
            ],
            [
              30.336407307428345,
              59.87220617442658
            ],
            [
              30.336407307428345,
              59.87220617442658
            ],
            [
              30.336407307428345,
              59.87220617442658
            ],
            [
              30.336407307428345,
              59.87220617442658
            ],
            [
              30.336407307428345,
              59.87220617442658
            ]
          ],
          [
            [
              30.33649280139858,
              59.8719059103653
            ],
            [
              30.336762928330515,
              59.87190531152946
            ],
            [
              30.336927071064643,
              59.87191385562479
            ],
            [
              30.337108993396154,
              59.87191767622273
            ],
            [
              30.337108993396154,
              59.87191767622273
            ],
            [
              30.337108993396154,
              59.87191767622273
            ],
            [
              30.337108993396154,
              59.87191767622273
            ],
            [
              30.337108993396154,
              59.87191767622273
            ],
            [
              30.337108993396154,
              59.87191767622273
            ],
            [
              30.337108993396154,
              59.87191767622273
            ]
          ],
          [
            [
              30.338546031747466,
              59.871944118999174
            ],
            [
              30.33876052655212,
              59.87194960703771
            ],
            [
              30.338987612620592,
              59.87195720361178
            ],
            [
              30.33921393472438,
              59.87196099597998
            ],
            [
              30.339435298915678,
              59.871963388236296
            ],
            [
              30.33965507608057,
              59.87196816031419
            ],
            [
              30.33987304855568,
              59.87195560970069
            ],
            [
              30.340098838260907,
              59.8719586877024
            ],
            [
              30.340321988138957,
              59.871976964280776
            ],
            [
              30.340561289706745,
              59.871973600646726
            ],
            [
              30.34080295169157,
              59.87196942187015
            ],
            [
              30.341050828070045,
              59.87196132927828
            ],
            [
              30.34127742556638,
              59.87195783205925
            ],
            [
              30.341490788436836,
              59.87195532523244
            ],
            [
              30.34169936732826,
              59.8719557453587
            ],
            [
              30.34169936732826,
              59.8719557453587
            ],
            [
              30.34169936732826,
              59.8719557453587
            ],
            [
              30.34169936732826,
              59.8719557453587
            ],
            [
              30.34169936732826,
              59.8719557453587
            ],
            [
              30.34169936732826,
              59.8719557453587
            ],
            [
              30.34169936732826,
              59.8719557453587
            ]
          ],
          [
            [
              30.342676618948307,
              59.871979938685044
            ],
            [
              30.3427385930873,
              59.87198073056537
            ],
            [
              30.342793106684425,
              59.87198149495442
            ],
            [
              30.342838990774986,
              59.8719821383373
            ],
            [
              30.34286365170267,
              59.8719824841318
            ],
            [
              30.342880889418833,
              59.871982725838855
            ],
            [
              30.342889030240148,
              59.87198283998873
            ],
            [
              30.34289406427847,
              59.87198291057663
            ],
            [
              30.34288377558529,
              59.87198276630888
            ],
            [
              30.342877891089547,
              59.87196900599526
            ],
            [
              30.342870894026824,
              59.87197173832688
            ],
            [
              30.34286513057473,
              59.87197357559223
            ],
            [
              30.34285958053974,
              59.871974476778185
            ],
            [
              30.34285376372076,
              59.87197609686117
            ],
            [
              30.3428527818983,
              59.87197666372849
            ],
            [
              30.342854812189582,
              59.87197756752423
            ],
            [
              30.34287596013242,
              59.87197866077573
            ],
            [
              30.342903607872195,
              59.87198269938462
            ],
            [
              30.342918215061054,
              59.871983548529386
            ],
            [
              30.342912304354876,
              59.871983463136175
            ],
            [
              30.34292201736549,
              59.87198250448194
            ],
            [
              30.34297019086973,
              59.871985231593214
            ],
            [
              30.343066049040196,
              59.87199131390907
            ],
            [
              30.343180497097077,
              59.87199735479814
            ],
            [
              30.343180497097077,
              59.87199735479814
            ],
            [
              30.343180497097077,
              59.87199735479814
            ],
            [
              30.343180497097077,
              59.87199735479814
            ],
            [
              30.343180497097077,
              59.87199735479814
            ],
            [
              30.343180497097077,
              59.87199735479814
            ],
            [
              30.343180497097077,
              59.87199735479814
            ]
          ],
          [
            [
              30.344249159235495,
              59.8720220484149
            ],
            [
              30.344444204091452,
              59.872025720583515
            ],
            [
              30.344607922782547,
              59.87203533492328
            ],
            [
              30.344747023709846,
              59.872048544080755
            ],
            [
              30.344858944722855,
              59.872062395590106
            ],
            [
              30.344858944722855,
              59.872062395590106
            ],
            [
              30.344858944722855,
              59.872062395590106
            ],
            [
              30.344858944722855,
              59.872062395590106
            ],
            [
              30.344858944722855,
              59.872062395590106
            ],
            [
              30.344858944722855,
              59.872062395590106
            ],
            [
              30.344858944722855,
              59.872062395590106
            ]
          ],
          [
            [
              30.344942539619684,
              59.87207586732524
            ],
            [
              30.344898806896087,
              59.872206029958114
            ],
            [
              30.344885981839404,
              59.87224226201209
            ],
            [
              30.344874666922866,
              59.87227223170793
            ],
            [
              30.344862183592433,
              59.87230030184572
            ],
            [
              30.344836788242752,
              59.87232583033326
            ],
            [
              30.34483036401595,
              59.87234085758375
            ],
            [
              30.344856814968097,
              59.87236095879172
            ],
            [
              30.344854798598902,
              59.87236890047274
            ],
            [
              30.34483692376802,
              59.872386251291346
            ],
            [
              30.344830361946737,
              59.87240372513081
            ],
            [
              30.344824946986122,
              59.87241811856266
            ],
            [
              30.34482307012244,
              59.872423107422364
            ],
            [
              30.344816573728103,
              59.872440375227285
            ],
            [
              30.34481794878148,
              59.87243672030497
            ],
            [
              30.344800237673635,
              59.87243551463578
            ],
            [
              30.344796376291917,
              59.87244055761197
            ],
            [
              30.34479278410296,
              59.87244364239542
            ],
            [
              30.34478818232815,
              59.872448152174876
            ],
            [
              30.344784453979734,
              59.87245043587502
            ],
            [
              30.344781620659592,
              59.872452948213315
            ],
            [
              30.344781620659592,
              59.872452948213315
            ],
            [
              30.344781620659592,
              59.872452948213315
            ],
            [
              30.344781620659592,
              59.872452948213315
            ],
            [
              30.344781620659592,
              59.872452948213315
            ],
            [
              30.344781620659592,
              59.872452948213315
            ],
            [
              30.344781620659592,
              59.872452948213315
            ]
          ],
          [
            [
              30.344409051143383,
              59.87238819021704
            ],
            [
              30.34441517186952,
              59.87238820684883
            ],
            [
              30.344418530664935,
              59.87238821597622
            ],
            [
              30.344423434142513,
              59.87238822930097
            ],
            [
              30.34443124990329,
              59.872388250539984
            ],
            [
              30.344445283604884,
              59.872388288674856
            ],
            [
              30.34444896898368,
              59.87238829868894
            ],
            [
              30.344446537619998,
              59.87238829208181
            ],
            [
              30.344441916943712,
              59.87238827952588
            ],
            [
              30.344446135270918,
              59.87238829098908
            ],
            [
              30.344450975524314,
              59.872388304141374
            ],
            [
              30.34444864389186,
              59.87238829780554
            ],
            [
              30.344448890943536,
              59.87238829847665
            ],
            [
              30.344429028549538,
              59.87238824450292
            ],
            [
              30.344420671040258,
              59.87238822179248
            ],
            [
              30.344393409964127,
              59.87238814771372
            ],
            [
              30.344393029035107,
              59.8723881466784
            ],
            [
              30.34439020710152,
              59.87238813900993
            ],
            [
              30.34439020710152,
              59.87238813900993
            ],
            [
              30.344390207101526,
              59.8723881390099
            ],
            [
              30.344390207101526,
              59.872388139009864
            ],
            [
              30.344390207101526,
              59.872388139009864
            ],
            [
              30.34438747340001,
              59.872388131581374
            ],
            [
              30.344388927136407,
              59.87238813553158
            ],
            [
              30.344388927136404,
              59.872388135531594
            ],
            [
              30.344388927136414,
              59.87238813553151
            ],
            [
              30.344388927136407,
              59.87238813553158
            ],
            [
              30.344388927136414,
              59.87238813553151
            ],
            [
              30.344388927136414,
              59.87238813553153
            ],
            [
              30.344388927136407,
              59.87238813553158
            ],
            [
              30.344388927136404,
              59.872388135531594
            ],
            [
              30.344388927136414,
              59.87238813553151
            ],
            [
              30.344388927136414,
              59.87238813553151
            ],
            [
              30.344388927136414,
              59.87238813553151
            ],
            [
              30.344378587811775,
              59.87238810743538
            ],
            [
              30.34437060388035,
              59.872388085739466
            ],
            [
              30.344372106425112,
              59.87238808982279
            ],
            [
              30.34437210642512,
              59.87238808982285
            ],
            [
              30.34437210642512,
              59.87238808982285
            ],
            [
              30.34437210642512,
              59.87238808982285
            ],
            [
              30.34437210642512,
              59.87238808982285
            ],
            [
              30.34437210642512,
              59.87238808982285
            ],
            [
              30.34437210642512,
              59.87238808982285
            ],
            [
              30.344356882959307,
              59.87238804845479
            ],
            [
              30.344349100241228,
              59.8723880273062
            ],
            [
              30.3443275690254,
              59.87238796879748
            ],
            [
              30.344339841836582,
              59.87238800214776
            ],
            [
              30.344333118893356,
              59.872387983878106
            ],
            [
              30.344322634566847,
              59.8723879553882
            ],
            [
              30.344318230065774,
              59.87238794341941
            ],
            [
              30.34431862385674,
              59.872387944490576
            ],
            [
              30.344320500546118,
              59.872387949590454
            ],
            [
              30.344319768943972,
              59.872387947602085
            ],
            [
              30.344313321772773,
              59.87238793008317
            ],
            [
              30.34430366668475,
              59.87238790792047
            ],
            [
              30.34430366668475,
              59.87238790792047
            ],
            [
              30.34429711231745,
              59.87238790792033
            ],
            [
              30.344292978013097,
              59.8723879079203
            ],
            [
              30.344292881223915,
              59.872387907920114
            ],
            [
              30.344294472555998,
              59.87238790792034
            ],
            [
              30.344300387333053,
              59.87238790791964
            ],
            [
              30.344312060233776,
              59.87238792665424
            ],
            [
              30.344317871270377,
              59.872387942445016
            ],
            [
              30.34432451217739,
              59.8723879604915
            ],
            [
              30.344327076695883,
              59.872387967460554
            ],
            [
              30.344333224876493,
              59.87238798416704
            ],
            [
              30.344332850589428,
              59.87238798315001
            ],
            [
              30.34433505351305,
              59.8723879891368
            ],
            [
              30.34433107983582,
              59.872387978338345
            ],
            [
              30.34434068344167,
              59.87238800443581
            ],
            [
              30.344339961334384,
              59.87240281231809
            ],
            [
              30.344341281946388,
              59.872402507131056
            ],
            [
              30.344346963132615,
              59.872401374339844
            ],
            [
              30.34435248990544,
              59.87240214095978
            ],
            [
              30.34436348367528,
              59.872401431401805
            ],
            [
              30.344372577608787,
              59.87240116527565
            ],
            [
              30.344378925633702,
              59.87240015569929
            ],
            [
              30.344387456628123,
              59.87240462768269
            ],
            [
              30.344391595055527,
              59.87240222741569
            ],
            [
              30.344392267451962,
              59.87240415549907
            ],
            [
              30.344397408925857,
              59.872388158580755
            ],
            [
              30.34440306336141,
              59.872403464719625
            ],
            [
              30.34440306336141,
              59.872403464719625
            ],
            [
              30.34441170083158,
              59.872400824069494
            ],
            [
              30.34440681465587,
              59.87239849364545
            ],
            [
              30.344402349156216,
              59.872395925544524
            ],
            [
              30.344402349156216,
              59.872395925544524
            ],
            [
              30.344402349156216,
              59.872395925544524
            ],
            [
              30.344402349156216,
              59.872395925544524
            ],
            [
              30.344402349156216,
              59.872395925544524
            ],
            [
              30.344402349156216,
              59.872395925544524
            ],
            [
              30.34439522322772,
              59.87239833198595
            ],
            [
              30.344399782531987,
              59.872400271371916
            ],
            [
              30.34440249965718,
              59.87240288527835
            ],
            [
              30.344405754787644,
              59.872403875643165
            ],
            [
              30.344409121557167,
              59.87240265730936
            ],
            [
              30.344414236798613,
              59.87240195388483
            ],
            [
              30.344414236798613,
              59.87240195388483
            ],
            [
              30.34441683986667,
              59.87239925466354
            ],
            [
              30.344418406241413,
              59.872398585072965
            ],
            [
              30.344421223422366,
              59.87239620040267
            ],
            [
              30.344424390853156,
              59.872397427092096
            ],
            [
              30.34442913767299,
              59.872398210601936
            ],
            [
              30.344437191069744,
              59.872398853127734
            ],
            [
              30.34443792879075,
              59.872398586607225
            ],
            [
              30.344437217430787,
              59.872398562743804
            ],
            [
              30.344437217430787,
              59.872398562743804
            ],
            [
              30.344437217430787,
              59.872398562743804
            ],
            [
              30.344437217430787,
              59.872398562743804
            ],
            [
              30.344437217430787,
              59.872398562743804
            ],
            [
              30.344437217430787,
              59.872398562743804
            ],
            [
              30.344437217430787,
              59.872398562743804
            ],
            [
              30.344437217430787,
              59.872398562743804
            ],
            [
              30.344437217430787,
              59.872398562743804
            ],
            [
              30.344437217430787,
              59.872398562743804
            ],
            [
              30.344452188014774,
              59.872388307436545
            ],
            [
              30.344453877802096,
              59.87238831202835
            ],
            [
              30.34445275607909,
              59.872388308980064
            ],
            [
              30.344454610797385,
              59.87238831402015
            ],
            [
              30.344453681043625,
              59.87238831149351
            ],
            [
              30.344454586590647,
              59.87238831395395
            ],
            [
              30.34445308927451,
              59.87238830988562
            ],
            [
              30.344455509759698,
              59.8723883164623
            ],
            [
              30.34445814246323,
              59.87238832361697
            ],
            [
              30.344458325574983,
              59.87238832411377
            ],
            [
              30.34445567539425,
              59.87238831691219
            ],
            [
              30.344457002954194,
              59.8723883205195
            ],
            [
              30.344458882481018,
              59.87238832562685
            ],
            [
              30.344456583181596,
              59.872388319379425
            ],
            [
              30.344448956157414,
              59.8723882986539
            ],
            [
              30.34444643536576,
              59.872388291803674
            ],
            [
              30.34444746136339,
              59.8723882945924
            ],
            [
              30.344448241959025,
              59.872388296713495
            ],
            [
              30.34445034083496,
              59.872388302416496
            ],
            [
              30.344451814888878,
              59.87238830642215
            ],
            [
              30.344451814888878,
              59.87238830642201
            ],
            [
              30.344451814888878,
              59.872388306421975
            ],
            [
              30.344453082373345,
              59.87240473880514
            ],
            [
              30.34445134495206,
              59.872388305145044
            ],
            [
              30.344451670168578,
              59.87238830602888
            ],
            [
              30.344451670168578,
              59.87238830602878
            ],
            [
              30.344451670168578,
              59.87238830602883
            ],
            [
              30.344448702796786,
              59.87238829796492
            ],
            [
              30.344450769550317,
              59.87238830358127
            ],
            [
              30.34445171312804,
              59.87238830614492
            ],
            [
              30.344449744002812,
              59.87238830079472
            ],
            [
              30.34444872798476,
              59.87238829803406
            ],
            [
              30.344447010677655,
              59.87238829336703
            ],
            [
              30.3444364283494,
              59.87240469299038
            ],
            [
              30.344431937813617,
              59.8724040905225
            ],
            [
              30.344426432210902,
              59.87240212697946
            ],
            [
              30.344425381936137,
              59.87240208471654
            ],
            [
              30.34442684944386,
              59.872400806109056
            ],
            [
              30.344426130901947,
              59.87240153465454
            ],
            [
              30.344423571125052,
              59.8724005431685
            ],
            [
              30.344428193383347,
              59.87240038433251
            ],
            [
              30.34443634504676,
              59.872397821564526
            ],
            [
              30.34443830111285,
              59.87239665069272
            ],
            [
              30.344441132789186,
              59.87239293111556
            ],
            [
              30.344439475665595,
              59.8723931105805
            ],
            [
              30.34443153883303,
              59.872395362998205
            ],
            [
              30.344423007290867,
              59.872396249279916
            ],
            [
              30.344416615924697,
              59.87239923914677
            ],
            [
              30.34440677220448,
              59.872400639851996
            ],
            [
              30.34440049566679,
              59.87240414772158
            ],
            [
              30.34440435309929,
              59.87240294492711
            ],
            [
              30.34441264942246,
              59.87240047416488
            ],
            [
              30.34441466778456,
              59.872401885262185
            ],
            [
              30.344412913856242,
              59.87240302539246
            ],
            [
              30.344413871618304,
              59.87238820331616
            ],
            [
              30.344408499153754,
              59.87238818871775
            ],
            [
              30.344400824090588,
              59.87238816786061
            ],
            [
              30.344366548764047,
              59.87240439263414
            ],
            [
              30.344329917410505,
              59.872387975180494
            ],
            [
              30.344297392177502,
              59.87238790792118
            ],
            [
              30.34427181166442,
              59.872387653975885
            ],
            [
              30.344233062621214,
              59.87238714792835
            ],
            [
              30.344197655782292,
              59.872402039670405
            ],
            [
              30.344159854146326,
              59.872395792691854
            ],
            [
              30.344159854146326,
              59.872395792691854
            ],
            [
              30.344159854146326,
              59.872395792691854
            ],
            [
              30.344159854146326,
              59.872395792691854
            ],
            [
              30.344159854146326,
              59.872395792691854
            ],
            [
              30.344159854146326,
              59.872395792691854
            ],
            [
              30.344159854146326,
              59.872395792691854
            ]
          ],
          [
            [
              30.343989809307857,
              59.872377900080856
            ],
            [
              30.34398456667774,
              59.87237787034181
            ],
            [
              30.343989494308456,
              59.87237789829405
            ],
            [
              30.343999654502266,
              59.872377955926666
            ],
            [
              30.34400679496466,
              59.87237799642991
            ],
            [
              30.344012799349063,
              59.87237803048903
            ],
            [
              30.344019801019193,
              59.87237807020515
            ],
            [
              30.34402816225942,
              59.87237811763356
            ],
            [
              30.34403502853778,
              59.87237815658183
            ],
            [
              30.344036441334215,
              59.872378164596455
            ],
            [
              30.34404106420848,
              59.87237819081842
            ],
            [
              30.34405566069868,
              59.872378273617834
            ],
            [
              30.344058878376725,
              59.87237829187067
            ],
            [
              30.34405876246364,
              59.872378291213565
            ],
            [
              30.344053635151088,
              59.87237826212791
            ],
            [
              30.34406178309478,
              59.872378308348715
            ],
            [
              30.344071382495567,
              59.87237836280135
            ],
            [
              30.344091706115304,
              59.87237847808937
            ],
            [
              30.344131272407303,
              59.87237870253372
            ],
            [
              30.344182821215323,
              59.87237890528005
            ],
            [
              30.34423019657516,
              59.87237890527897
            ],
            [
              30.344277672836903,
              59.87237942507345
            ],
            [
              30.34434273720663,
              59.87237960528057
            ],
            [
              30.34434273720663,
              59.87237960528057
            ],
            [
              30.34434273720663,
              59.87237960528057
            ],
            [
              30.34434273720663,
              59.87237960528057
            ],
            [
              30.34434273720663,
              59.87237960528057
            ]
          ]
        ]
      }
    }
  ]
}