{
  "type": "FeatureCollection",
  "features": [
    {
      "type": "Feature",
      "properties": {
        "name": "recorded GPS",
        "point_count": 1985,
        "synthetically_corrupted": false
      },
      "geometry": {
        "type": "LineString",
        "coordinates": [
          [
            30.22821136919105,
            60.03427576103313
          ],
          [
            30.22837731186391,
            60.034134411601066
          ],
          [
            30.228552973739568,
            60.03398478327323
          ],
          [
            30.228706211152545,
            60.03385425602208
          ],
          [
            30.228853850000476,
            60.03372849764709
          ],
          [
            30.228986049252114,
            60.033615890687194
          ],
          [
            30.229098555623683,
            60.03352005803738
          ],
          [
            30.22920363714583,
            60.03343054913748
          ],
          [
            30.229302426803955,
            60.03334642671803
          ],
          [
            30.229372147853372,
            60.0332870528031
          ],
          [
            30.229431209363977,
            60.03323675651414
          ],
          [
            30.22949832238634,
            60.03317960363664
          ],
          [
            30.229539382856274,
            60.03314463685554
          ],
          [
            30.229579331871555,
            60.03308392776033
          ],
          [
            30.229612551091595,
            60.03306206488408
          ],
          [
            30.229640957272583,
            60.03303697943641
          ],
          [
            30.229684437294203,
            60.032996650617974
          ],
          [
            30.22976858975769,
            60.03294944617948
          ],
          [
            30.22979001401071,
            60.032866508161526
          ],
          [
            30.22986691815186,
            60.03278798927835
          ],
          [
            30.22993230345239,
            60.032698178674565
          ],
          [
            30.230026336801153,
            60.03261249734723
          ],
          [
            30.230226706448455,
            60.03255937164217
          ],
          [
            30.23017189890863,
            60.03241693965022
          ],
          [
            30.23026771757347,
            60.032320037189976
          ],
          [
            30.23040615219721,
            60.032215063210415
          ],
          [
            30.23047349612095,
            60.032136491254384
          ],
          [
            30.230542794293726,
            60.03206107580411
          ],
          [
            30.23060565068692,
            60.03198370111796
          ],
          [
            30.23067389675846,
            60.03190484027751
          ],
          [
            30.230743501701824,
            60.03182697596461
          ],
          [
            30.230846508437864,
            60.031765481732194
          ],
          [
            30.230897663105893,
            60.031705408389094
          ],
          [
            30.230963971586792,
            60.03164662630442
          ],
          [
            30.23102939318487,
            60.031600278250366
          ],
          [
            30.231093942879053,
            60.031546413587755
          ],
          [
            30.231118732812643,
            60.03149230331108
          ],
          [
            30.231163138442046,
            60.031450876328236
          ],
          [
            30.23119611439342,
            60.03141219413952
          ],
          [
            30.23121245518903,
            60.03137322768287
          ],
          [
            30.23118090224247,
            60.031338502917095
          ],
          [
            30.231208698189214,
            60.0313144816026
          ],
          [
            30.23122713612056,
            60.03129854754825
          ],
          [
            30.23127182951293,
            60.03127528385224
          ],
          [
            30.23131490335501,
            60.031248143643055
          ],
          [
            30.23135973159368,
            60.03121012904195
          ],
          [
            30.231386149146797,
            60.031160814684725
          ],
          [
            30.2314452245756,
            60.03110918138976
          ],
          [
            30.23150577864655,
            60.03105625600557
          ],
          [
            30.231636352384204,
            60.031010608434286
          ],
          [
            30.231721258905626,
            60.030939150102164
          ],
          [
            30.231816026206506,
            60.03084932526909
          ],
          [
            30.231922452185923,
            60.03076676748258
          ],
          [
            30.232043819091043,
            60.030681139186775
          ],
          [
            30.232161282059845,
            60.03058493824356
          ],
          [
            30.232278520382742,
            60.030490053678115
          ],
          [
            30.232392580915878,
            60.03039873156674
          ],
          [
            30.232511595608113,
            60.03030534547304
          ],
          [
            30.232631532279616,
            60.03021116710235
          ],
          [
            30.232737927880397,
            60.03011926053885
          ],
          [
            30.232858421470954,
            60.03002675682619
          ],
          [
            30.232991759097047,
            60.029932602589305
          ],
          [
            30.233131144269244,
            60.029836057823545
          ],
          [
            30.23327265064162,
            60.0297220757773
          ],
          [
            30.233416094801296,
            60.029612343465175
          ],
          [
            30.233752079070438,
            60.02955815024346
          ],
          [
            30.23388034595344,
            60.029449216906464
          ],
          [
            30.234005318969782,
            60.029341688034776
          ],
          [
            30.234125697512837,
            60.02923675404348
          ],
          [
            30.234250910791598,
            60.02912477779731
          ],
          [
            30.23437411500469,
            60.02901351546613
          ],
          [
            30.234492733351942,
            60.02890592918175
          ],
          [
            30.234611805623953,
            60.02880237594976
          ],
          [
            30.234731624327953,
            60.02869809628603
          ],
          [
            30.234847027374588,
            60.028597659663404
          ],
          [
            30.23496639241608,
            60.02849367572974
          ],
          [
            30.235091701841665,
            60.02838424182276
          ],
          [
            30.235215743887743,
            60.028275914791756
          ],
          [
            30.235337921147632,
            60.02816902405516
          ],
          [
            30.23545066844799,
            60.028070347278046
          ],
          [
            30.235559990741514,
            60.02797478107745
          ],
          [
            30.235655878617433,
            60.02789157791808
          ],
          [
            30.23574031421108,
            60.02781831165593
          ],
          [
            30.2357967638101,
            60.027769328640815
          ],
          [
            30.23580445787205,
            60.02773032838336
          ],
          [
            30.235848348694137,
            60.02770127237966
          ],
          [
            30.235883285729216,
            60.027674151624126
          ],
          [
            30.235911044089374,
            60.027642926433415
          ],
          [
            30.23596242083724,
            60.027626235784986
          ],
          [
            30.235989791605576,
            60.02760099618502
          ],
          [
            30.235825504897605,
            60.02754011816547
          ],
          [
            30.235712286100714,
            60.02751702194142
          ],
          [
            30.235568680070728,
            60.02748896539628
          ],
          [
            30.23541916749323,
            60.0274518673786
          ],
          [
            30.235275804411167,
            60.02740831709349
          ],
          [
            30.235138358729547,
            60.027365611857725
          ],
          [
            30.234991402278183,
            60.02733024894524
          ],
          [
            30.23483502643636,
            60.02731758560635
          ],
          [
            30.234689795284243,
            60.027321434685405
          ],
          [
            30.234559229864,
            60.027337363795034
          ],
          [
            30.23443664703245,
            60.02735334386965
          ],
          [
            30.234308126006567,
            60.02735916567074
          ],
          [
            30.234184725385933,
            60.02734685031605
          ],
          [
            30.23408600829073,
            60.02734334065104
          ],
          [
            30.23402380989778,
            60.02732489068762
          ],
          [
            30.233991974495318,
            60.02731544732201
          ],
          [
            30.233977816029206,
            60.02731124745737
          ],
          [
            30.23397688451182,
            60.027310971152595
          ],
          [
            30.23398707205818,
            60.027297803659216
          ],
          [
            30.23399006714942,
            60.027297673218094
          ],
          [
            30.23398433047579,
            60.027296267550206
          ],
          [
            30.23398119359346,
            60.027296320929416
          ],
          [
            30.23398112699015,
            60.02729585585492
          ],
          [
            30.233980321610254,
            60.02729407871545
          ],
          [
            30.233979519392307,
            60.0272929122471
          ],
          [
            30.23396271677064,
            60.02730676855594
          ],
          [
            30.233976476695414,
            60.02729318147945
          ],
          [
            30.23397112628484,
            60.027295552818366
          ],
          [
            30.233971173428394,
            60.027295569994926
          ],
          [
            30.233971173428394,
            60.027295569994926
          ],
          [
            30.233958990707674,
            60.027302825664705
          ],
          [
            30.233935279760402,
            60.027296744011686
          ],
          [
            30.2338933999367,
            60.02728259537165
          ],
          [
            30.23382715368303,
            60.02726148544414
          ],
          [
            30.233737454647375,
            60.02723042630951
          ],
          [
            30.23361915350472,
            60.02719414072372
          ],
          [
            30.233475851023996,
            60.02714829723071
          ],
          [
            30.233322658699624,
            60.027100342545005
          ],
          [
            30.233144816386154,
            60.02704608140096
          ],
          [
            30.232945125330037,
            60.02698429290362
          ],
          [
            30.23272787293418,
            60.02691973609624
          ],
          [
            30.232502046329813,
            60.026858012844606
          ],
          [
            30.232273180071928,
            60.02679180528452
          ],
          [
            30.232059014715812,
            60.02672527410125
          ],
          [
            30.231867694562737,
            60.02665341252788
          ],
          [
            30.231685366125742,
            60.02658054181965
          ],
          [
            30.23152473485891,
            60.02651490112756
          ],
          [
            30.231382560662986,
            60.02645633231275
          ],
          [
            30.231259112852243,
            60.026408694361436
          ],
          [
            30.231134028652434,
            60.02635818966822
          ],
          [
            30.231022575423214,
            60.02631245334286
          ],
          [
            30.23094499490187,
            60.026278749982794
          ],
          [
            30.23087549518821,
            60.026248326066856
          ],
          [
            30.23080367925202,
            60.02621949194058
          ],
          [
            30.23075118066154,
            60.02619839554777
          ],
          [
            30.23071610317102,
            60.026182969160786
          ],
          [
            30.23068776086847,
            60.02616462996985
          ],
          [
            30.23065499169784,
            60.026141136217944
          ],
          [
            30.230597363260014,
            60.02610692142641
          ],
          [
            30.23050399736814,
            60.026085966953204
          ],
          [
            30.23042155094642,
            60.026052775196796
          ],
          [
            30.230349599265736,
            60.02602379028317
          ],
          [
            30.230283591642547,
            60.025978106125244
          ],
          [
            30.23018313035899,
            60.025945665391774
          ],
          [
            30.2300810732808,
            60.02590576002039
          ],
          [
            30.229965273134653,
            60.025865437321784
          ],
          [
            30.22983670473946,
            60.02581776103812
          ],
          [
            30.229707911579414,
            60.02576480630994
          ],
          [
            30.22956409302954,
            60.025707034865114
          ],
          [
            30.229436332168994,
            60.02565450410593
          ],
          [
            30.22931618893555,
            60.02560917568944
          ],
          [
            30.229223997792353,
            60.025570975542486
          ],
          [
            30.22915102136131,
            60.025540873567465
          ],
          [
            30.22909092707524,
            60.02551860161672
          ],
          [
            30.229052998172993,
            60.025502633992666
          ],
          [
            30.229045987010828,
            60.025500270465415
          ],
          [
            30.22903804334565,
            60.025498408061736
          ],
          [
            30.229037894151823,
            60.02549814023795
          ],
          [
            30.2290368247169,
            60.02549892948799
          ],
          [
            30.229038872343736,
            60.02550011091122
          ],
          [
            30.229037048407836,
            60.025500502942144
          ],
          [
            30.229038185723315,
            60.02550209308873
          ],
          [
            30.22903959910357,
            60.02550313950802
          ],
          [
            30.22903853320378,
            60.02550428396693
          ],
          [
            30.229038173114667,
            60.02550536648209
          ],
          [
            30.229038311810694,
            60.025506511961964
          ],
          [
            30.22903886406977,
            60.02550705260669
          ],
          [
            30.22903886406977,
            60.02550705260669
          ],
          [
            30.22903886406977,
            60.02550705260669
          ],
          [
            30.22903886406977,
            60.02550705260669
          ],
          [
            30.22903886406977,
            60.02550705260669
          ],
          [
            30.22903886406977,
            60.02550705260669
          ],
          [
            30.22903886406977,
            60.02550705260669
          ],
          [
            30.22903886406977,
            60.02550705260669
          ],
          [
            30.22903886406977,
            60.02550705260669
          ],
          [
            30.22903886406977,
            60.02550705260669
          ],
          [
            30.22903886406977,
            60.02550705260669
          ],
          [
            30.22903886406977,
            60.02550705260669
          ],
          [
            30.229039057873187,
            60.025511504647156
          ],
          [
            30.229038868436394,
            60.025511372471826
          ],
          [
            30.229036667480244,
            60.02551032895585
          ],
          [
            30.229036667480244,
            60.02551032895585
          ],
          [
            30.229036667480244,
            60.02551032895585
          ],
          [
            30.229036667480244,
            60.02551032895585
          ],
          [
            30.229036667480244,
            60.02551032895585
          ],
          [
            30.229036667480244,
            60.02551032895585
          ],
          [
            30.229036667480244,
            60.02551032895585
          ],
          [
            30.229036667480244,
            60.02551032895585
          ],
          [
            30.229036667480244,
            60.02551032895585
          ],
          [
            30.229036667480244,
            60.02551032895585
          ],
          [
            30.229036667480244,
            60.02551032895585
          ],
          [
            30.229036667480244,
            60.02551032895585
          ],
          [
            30.229036667480244,
            60.02551032895585
          ],
          [
            30.229036667480244,
            60.02551032895585
          ],
          [
            30.229036667480244,
            60.02551032895585
          ],
          [
            30.229036667480244,
            60.02551032895585
          ],
          [
            30.229036667480244,
            60.02551032895585
          ],
          [
            30.229036667480244,
            60.02551032895585
          ],
          [
            30.229036667480244,
            60.02551032895585
          ],
          [
            30.229036667480244,
            60.02551032895585
          ],
          [
            30.229036667480244,
            60.02551032895585
          ],
          [
            30.229036667480244,
            60.02551032895585
          ],
          [
            30.229036667480244,
            60.02551032895585
          ],
          [
            30.229036667480244,
            60.02551032895585
          ],
          [
            30.229036667480244,
            60.02551032895585
          ],
          [
            30.229036667480244,
            60.02551032895585
          ],
          [
            30.229036667480244,
            60.02551032895585
          ],
          [
            30.229036667480244,
            60.02551032895585
          ],
          [
            30.229036667480244,
            60.02551032895585
          ],
          [
            30.229036667480244,
            60.02551032895585
          ],
          [
            30.229036667480244,
            60.02551032895585
          ],
          [
            30.229036667480244,
            60.02551032895585
          ],
          [
            30.229036667480244,
            60.02551032895585
          ],
          [
            30.229036667480244,
            60.02551032895585
          ],
          [
            30.229036667480244,
            60.02551032895585
          ],
          [
            30.229036667480244,
            60.02551032895585
          ],
          [
            30.229020922770243,
            60.02550433544033
          ],
          [
            30.229017808742476,
            60.02550340802803
          ],
          [
            30.229014048947832,
            60.02550174246237
          ],
          [
            30.22901729846307,
            60.02550232634502
          ],
          [
            30.22901729846307,
            60.02550232634502
          ],
          [
            30.22901729846307,
            60.02550232634502
          ],
          [
            30.22901729846307,
            60.02550232634502
          ],
          [
            30.22901729846307,
            60.02550232634502
          ],
          [
            30.22901729846307,
            60.02550232634502
          ],
          [
            30.22901729846307,
            60.02550232634502
          ],
          [
            30.229021378509465,
            60.02550139759552
          ],
          [
            30.228996381003004,
            60.02549080644909
          ],
          [
            30.22894743711118,
            60.02547037756004
          ],
          [
            30.228863421958422,
            60.02543590371016
          ],
          [
            30.22876557067144,
            60.0253952427507
          ],
          [
            30.228639621390002,
            60.02534398779683
          ],
          [
            30.22848854150153,
            60.025283490508215
          ],
          [
            30.228333189153027,
            60.025219692837254
          ],
          [
            30.228148304745275,
            60.02514940057609
          ],
          [
            30.22795698831776,
            60.02507102687138
          ],
          [
            30.227769939775882,
            60.024992620806934
          ],
          [
            30.227569177190794,
            60.02491013277688
          ],
          [
            30.22736334173043,
            60.02482352288355
          ],
          [
            30.227146313084074,
            60.02473397759913
          ],
          [
            30.22692569955874,
            60.02464338774923
          ],
          [
            30.226697225949042,
            60.02454771101662
          ],
          [
            30.22646190129345,
            60.02444696024942
          ],
          [
            30.226226298519304,
            60.02434944707205
          ],
          [
            30.22600132098781,
            60.02425594506644
          ],
          [
            30.22578545816267,
            60.02416870175874
          ],
          [
            30.225597885862268,
            60.02409606845549
          ],
          [
            30.22542531602888,
            60.0240278747665
          ],
          [
            30.22528010866215,
            60.02397015962819
          ],
          [
            30.225155387056837,
            60.02391706760101
          ],
          [
            30.22504878517794,
            60.02387315023983
          ],
          [
            30.224966116137015,
            60.0238379155813
          ],
          [
            30.224890200464287,
            60.02380910458088
          ],
          [
            30.224807146521357,
            60.02377540720691
          ],
          [
            30.22469437938417,
            60.02373022513015
          ],
          [
            30.224576450285642,
            60.02368115850423
          ],
          [
            30.224442820677034,
            60.023624732463155
          ],
          [
            30.22429017931108,
            60.02355723236336
          ],
          [
            30.224105736115344,
            60.02348188869383
          ],
          [
            30.223916004450352,
            60.02340192690034
          ],
          [
            30.223730262469047,
            60.02332306444041
          ],
          [
            30.223539019911865,
            60.02324672048688
          ],
          [
            30.22334661251501,
            60.0231717326067
          ],
          [
            30.22317137366087,
            60.02310263254823
          ],
          [
            30.22300458323086,
            60.023038001090136
          ],
          [
            30.222862438714692,
            60.02297945885005
          ],
          [
            30.22271653474601,
            60.0229186889554
          ],
          [
            30.222585992293276,
            60.02286725113198
          ],
          [
            30.222472335530632,
            60.0228200310146
          ],
          [
            30.22237677912282,
            60.02278467863261
          ],
          [
            30.222301987651996,
            60.0227553331796
          ],
          [
            30.222240897842685,
            60.02272897146461
          ],
          [
            30.22219108475205,
            60.022707285392265
          ],
          [
            30.22215729520845,
            60.022692503375225
          ],
          [
            30.222132044688973,
            60.022683368854196
          ],
          [
            30.22212256400458,
            60.02268064517476
          ],
          [
            30.22212070470035,
            60.02267829963116
          ],
          [
            30.222125025297377,
            60.02267773652659
          ],
          [
            30.2221298768594,
            60.02267813447541
          ],
          [
            30.222125997591743,
            60.022676566587485
          ],
          [
            30.222119659273538,
            60.02267367854155
          ],
          [
            30.222109198117035,
            60.02266749943603
          ],
          [
            30.222109346081954,
            60.022668535378266
          ],
          [
            30.222105038815624,
            60.022669169581995
          ],
          [
            30.222104417740518,
            60.02267064140037
          ],
          [
            30.222098585059786,
            60.02267060316195
          ],
          [
            30.222098585059786,
            60.02267060316195
          ],
          [
            30.222098585059786,
            60.02267060316195
          ],
          [
            30.222098585059786,
            60.02267060316195
          ],
          [
            30.222098585059786,
            60.02267060316195
          ],
          [
            30.222098585059786,
            60.02267060316195
          ],
          [
            30.222098585059786,
            60.02267060316195
          ],
          [
            30.222090491382197,
            60.02267749335079
          ],
          [
            30.22208530214318,
            60.02267558475955
          ],
          [
            30.22208116350712,
            60.022671826762135
          ],
          [
            30.22208116350712,
            60.022671826762135
          ],
          [
            30.22206534452629,
            60.022663431569036
          ],
          [
            30.222058423169255,
            60.02266053814255
          ],
          [
            30.222058423169255,
            60.02266053814255
          ],
          [
            30.222037472262123,
            60.022655820124605
          ],
          [
            30.222035025544418,
            60.02265609703286
          ],
          [
            30.222031700611446,
            60.022653727196655
          ],
          [
            30.222031700611446,
            60.022653727196655
          ],
          [
            30.222031700611446,
            60.022653727196655
          ],
          [
            30.222031700611446,
            60.022653727196655
          ],
          [
            30.222031700611446,
            60.022653727196655
          ],
          [
            30.222031700611446,
            60.022653727196655
          ],
          [
            30.222031700611446,
            60.022653727196655
          ],
          [
            30.222031700611446,
            60.022653727196655
          ],
          [
            30.222031700611446,
            60.022653727196655
          ],
          [
            30.222031700611446,
            60.022653727196655
          ],
          [
            30.222031700611446,
            60.022653727196655
          ],
          [
            30.222031700611446,
            60.022653727196655
          ],
          [
            30.222031700611446,
            60.022653727196655
          ],
          [
            30.222031700611446,
            60.022653727196655
          ],
          [
            30.222031700611446,
            60.022653727196655
          ],
          [
            30.222031700611446,
            60.022653727196655
          ],
          [
            30.222031700611446,
            60.022653727196655
          ],
          [
            30.222031700611446,
            60.022653727196655
          ],
          [
            30.222031700611446,
            60.022653727196655
          ],
          [
            30.22198889784894,
            60.022648332449954
          ],
          [
            30.221985354112256,
            60.02264810200796
          ],
          [
            30.221990907516524,
            60.022646321124384
          ],
          [
            30.222003670236504,
            60.02264516658509
          ],
          [
            30.222016502568508,
            60.022644324501194
          ],
          [
            30.222016502568508,
            60.022644324501194
          ],
          [
            30.222016502568508,
            60.022644324501194
          ],
          [
            30.222016502568508,
            60.022644324501194
          ],
          [
            30.222016502568508,
            60.022644324501194
          ],
          [
            30.222016502568508,
            60.022644324501194
          ],
          [
            30.222016502568508,
            60.022644324501194
          ],
          [
            30.222016502568508,
            60.022644324501194
          ],
          [
            30.222016502568508,
            60.022644324501194
          ],
          [
            30.222016502568508,
            60.022644324501194
          ],
          [
            30.222016502568508,
            60.022644324501194
          ],
          [
            30.222016502568508,
            60.022644324501194
          ],
          [
            30.222016502568508,
            60.022644324501194
          ],
          [
            30.222016502568508,
            60.022644324501194
          ],
          [
            30.222016502568508,
            60.022644324501194
          ],
          [
            30.222016502568508,
            60.022644324501194
          ],
          [
            30.222055735528745,
            60.02263611181399
          ],
          [
            30.222037388380958,
            60.02262776847351
          ],
          [
            30.2219933228867,
            60.02261056079663
          ],
          [
            30.221919599786293,
            60.02258215045879
          ],
          [
            30.221819058902422,
            60.022547459763686
          ],
          [
            30.221711405203195,
            60.02251777022526
          ],
          [
            30.221580721857567,
            60.022483917348396
          ],
          [
            30.221479102722515,
            60.02242090492064
          ],
          [
            30.221262899223834,
            60.022401344340835
          ],
          [
            30.221059223804804,
            60.02238144543238
          ],
          [
            30.220858721426158,
            60.022347466197935
          ],
          [
            30.220659674888406,
            60.02231196214393
          ],
          [
            30.220464895984364,
            60.02225490677606
          ],
          [
            30.220224552343876,
            60.022212980244056
          ],
          [
            30.21996875327075,
            60.02219166354876
          ],
          [
            30.219708984132453,
            60.02213785288314
          ],
          [
            30.21943894745751,
            60.02207101102421
          ],
          [
            30.219184788225856,
            60.02200005966469
          ],
          [
            30.218938504398565,
            60.02190649552557
          ],
          [
            30.218703956318592,
            60.02180385386634
          ],
          [
            30.218483130249183,
            60.02169876945396
          ],
          [
            30.218276960398217,
            60.02159329136241
          ],
          [
            30.21839192388738,
            60.02137668454371
          ],
          [
            30.21828479781193,
            60.021283178028916
          ],
          [
            30.218212786972227,
            60.021177403546346
          ],
          [
            30.218188234094015,
            60.02108436450622
          ],
          [
            30.21819257193375,
            60.0210091628524
          ],
          [
            30.218215463314365,
            60.02093765617011
          ],
          [
            30.218258014178613,
            60.020864437116835
          ],
          [
            30.21833002745757,
            60.02078658890584
          ],
          [
            30.218442088999726,
            60.02070715142693
          ],
          [
            30.218596681513226,
            60.02063253940745
          ],
          [
            30.218797412904742,
            60.020570129777504
          ],
          [
            30.2190384604737,
            60.0205269230854
          ],
          [
            30.2193076348825,
            60.02049086351508
          ],
          [
            30.21958478323369,
            60.02044203080537
          ],
          [
            30.219859286940856,
            60.020378404598816
          ],
          [
            30.22010326433007,
            60.02028775168652
          ],
          [
            30.220330548803705,
            60.020180190308714
          ],
          [
            30.220490125799678,
            60.02004881095444
          ],
          [
            30.220610804550343,
            60.01989635169654
          ],
          [
            30.220769760951324,
            60.01975180072634
          ],
          [
            30.22093477145004,
            60.01960160474736
          ],
          [
            30.22110072652363,
            60.019450528920174
          ],
          [
            30.221266218739782,
            60.01929984331036
          ],
          [
            30.22142741075973,
            60.0191529041942
          ],
          [
            30.221585257864042,
            60.019009096233255
          ],
          [
            30.221732698218528,
            60.01887482421166
          ],
          [
            30.221869857810777,
            60.01874991476779
          ],
          [
            30.221993980964204,
            60.01863687740914
          ],
          [
            30.222107366236617,
            60.01853361890785
          ],
          [
            30.222215307321395,
            60.01843531835152
          ],
          [
            30.22231610606455,
            60.01834368464804
          ],
          [
            30.22241217588844,
            60.01825657970916
          ],
          [
            30.222496598853958,
            60.01817998544941
          ],
          [
            30.222580273849374,
            60.018102829532125
          ],
          [
            30.222663652367764,
            60.01802768699105
          ],
          [
            30.22275313857543,
            60.01794588123698
          ],
          [
            30.222913268245385,
            60.01785301580156
          ],
          [
            30.223072841788387,
            60.01776479044895
          ],
          [
            30.22326821910406,
            60.017657772589736
          ],
          [
            30.223422490835663,
            60.01753800896828
          ],
          [
            30.223627538914833,
            60.017433629925044
          ],
          [
            30.22383564593551,
            60.017318305634966
          ],
          [
            30.224048388293756,
            60.01720048880416
          ],
          [
            30.224266138249977,
            60.017080536031855
          ],
          [
            30.22444783782661,
            60.01691274914343
          ],
          [
            30.22463070384689,
            60.01676378310206
          ],
          [
            30.224820530969428,
            60.01660882052378
          ],
          [
            30.22501771566693,
            60.01644802248183
          ],
          [
            30.22522124912723,
            60.01628209112957
          ],
          [
            30.2254316588415,
            60.016110372486466
          ],
          [
            30.225643092078464,
            60.015937989207245
          ],
          [
            30.225859408326706,
            60.015761663869135
          ],
          [
            30.22607784067489,
            60.01558354873371
          ],
          [
            30.226264303025282,
            60.015401239757836
          ],
          [
            30.22648077523444,
            60.01522347511726
          ],
          [
            30.22671058761975,
            60.01504712790836
          ],
          [
            30.22693251743282,
            60.01487085858931
          ],
          [
            30.227163122188774,
            60.01468628730261
          ],
          [
            30.227386286041426,
            60.01449932206205
          ],
          [
            30.227617758082893,
            60.01431128520364
          ],
          [
            30.2278533140266,
            60.014117844496845
          ],
          [
            30.22809194749586,
            60.013922542079406
          ],
          [
            30.22833029501203,
            60.01372919297278
          ],
          [
            30.228573271017535,
            60.01353505758988
          ],
          [
            30.22881920346476,
            60.0133484755817
          ],
          [
            30.229061610302608,
            60.0131494001291
          ],
          [
            30.229309258219832,
            60.012938376697946
          ],
          [
            30.22956635791672,
            60.012725693812335
          ],
          [
            30.229821786526244,
            60.012509829023365
          ],
          [
            30.2300757697818,
            60.01229345161675
          ],
          [
            30.23032959253758,
            60.01207293832983
          ],
          [
            30.23059459381334,
            60.01185169663463
          ],
          [
            30.230847132160545,
            60.01163330472711
          ],
          [
            30.23112061057387,
            60.01141109602855
          ],
          [
            30.23138179712345,
            60.01118712629709
          ],
          [
            30.23164021063343,
            60.010963919414074
          ],
          [
            30.23189382015967,
            60.010739333234845
          ],
          [
            30.232158323801833,
            60.01051166951292
          ],
          [
            30.232409650943307,
            60.010281183200114
          ],
          [
            30.232630357044858,
            60.01004216749355
          ],
          [
            30.23283815128717,
            60.00979896556847
          ],
          [
            30.23302388607523,
            60.00954773090056
          ],
          [
            30.23317754804872,
            60.00929769453509
          ],
          [
            30.233314333475768,
            60.00904931210581
          ],
          [
            30.23343085299356,
            60.00879521865484
          ],
          [
            30.233531830962246,
            60.008537573873724
          ],
          [
            30.233587085142418,
            60.00827527980404
          ],
          [
            30.23363349752362,
            60.00801076984441
          ],
          [
            30.23363967515826,
            60.00775033400105
          ],
          [
            30.233622651136994,
            60.007489132338534
          ],
          [
            30.233579405983914,
            60.00723338847689
          ],
          [
            30.233532657580607,
            60.006982811644015
          ],
          [
            30.233477590155985,
            60.00672881095193
          ],
          [
            30.233250724922147,
            60.00648707180119
          ],
          [
            30.23318788238659,
            60.00623429605694
          ],
          [
            30.23329613393629,
            60.00597609479507
          ],
          [
            30.233236404810146,
            60.005727084126214
          ],
          [
            30.233164342572515,
            60.0054786427712
          ],
          [
            30.23310042342058,
            60.00522807478592
          ],
          [
            30.233039520059865,
            60.004979292984274
          ],
          [
            30.232984653417162,
            60.004727312478
          ],
          [
            30.232926548732717,
            60.00447048351309
          ],
          [
            30.232863093499923,
            60.00421418801688
          ],
          [
            30.23279508510021,
            60.0039565825786
          ],
          [
            30.232732180872194,
            60.00369764137913
          ],
          [
            30.232671155785354,
            60.0034369641462
          ],
          [
            30.232622827314778,
            60.0031748203486
          ],
          [
            30.232577314471175,
            60.002927470167435
          ],
          [
            30.23253442317599,
            60.00268873475287
          ],
          [
            30.23249340788136,
            60.002437661043956
          ],
          [
            30.2324453722337,
            60.002192928212224
          ],
          [
            30.232408698690698,
            60.001945065254326
          ],
          [
            30.23236338929326,
            60.001706987332135
          ],
          [
            30.232300838934272,
            60.001465050567155
          ],
          [
            30.23222805399042,
            60.00121605938898
          ],
          [
            30.232157890651308,
            60.000975081767656
          ],
          [
            30.23212682556551,
            60.00073285181549
          ],
          [
            30.23205698834728,
            60.00049755561709
          ],
          [
            30.23201846989746,
            60.00026602178245
          ],
          [
            30.23197011110702,
            60.00004150276466
          ],
          [
            30.23192624440897,
            59.999819109225584
          ],
          [
            30.23186244864826,
            59.99959666128999
          ],
          [
            30.231800579257836,
            59.99938005684991
          ],
          [
            30.23173431750787,
            59.999157208673985
          ],
          [
            30.231685146581047,
            59.99894128562843
          ],
          [
            30.2316384690688,
            59.998727091578196
          ],
          [
            30.231582851365793,
            59.99850565910399
          ],
          [
            30.231538840045403,
            59.99828461978956
          ],
          [
            30.23150927663861,
            59.99806378869499
          ],
          [
            30.23147296283835,
            59.99785048801467
          ],
          [
            30.231420639301607,
            59.99760934140752
          ],
          [
            30.23135486633966,
            59.99736780904634
          ],
          [
            30.231303806717392,
            59.99713380124408
          ],
          [
            30.23125107439946,
            59.99688124012398
          ],
          [
            30.231221230159385,
            59.99663100279939
          ],
          [
            30.23123933920973,
            59.99638669205897
          ],
          [
            30.231223348537615,
            59.996131822394204
          ],
          [
            30.231196002613252,
            59.99587144363732
          ],
          [
            30.231164395550998,
            59.99559917205479
          ],
          [
            30.231174680675558,
            59.99533444964531
          ],
          [
            30.23119967768805,
            59.99507373700273
          ],
          [
            30.23121723125418,
            59.99481521769511
          ],
          [
            30.231249977604246,
            59.994558377166626
          ],
          [
            30.231288482438252,
            59.994308093564584
          ],
          [
            30.231319331779996,
            59.99405458774565
          ],
          [
            30.231352400764635,
            59.993799499237944
          ],
          [
            30.231381733867515,
            59.99354698406779
          ],
          [
            30.23139928572265,
            59.993281996550834
          ],
          [
            30.23141264537048,
            59.993018828612705
          ],
          [
            30.231428755620712,
            59.9927527704878
          ],
          [
            30.231429489267416,
            59.99248098921346
          ],
          [
            30.23144342882538,
            59.99220567493648
          ],
          [
            30.231432662447133,
            59.99192777299226
          ],
          [
            30.231424064491005,
            59.991644344227204
          ],
          [
            30.231401759406292,
            59.99135552833691
          ],
          [
            30.231374557199697,
            59.991067887606874
          ],
          [
            30.2313233392469,
            59.990781089364226
          ],
          [
            30.231255988173018,
            59.990492631734895
          ],
          [
            30.231171468456033,
            59.99020975546776
          ],
          [
            30.231098918983275,
            59.989927829795775
          ],
          [
            30.231022350960494,
            59.98964400862813
          ],
          [
            30.23093336043124,
            59.98935883769743
          ],
          [
            30.23086384124644,
            59.98907204209914
          ],
          [
            30.23080157223675,
            59.988792109364866
          ],
          [
            30.230722685701256,
            59.98851670055375
          ],
          [
            30.230647677998775,
            59.98825126061261
          ],
          [
            30.230586695193587,
            59.98799260856346
          ],
          [
            30.230527088894142,
            59.98773156766156
          ],
          [
            30.230454128808958,
            59.9874712952287
          ],
          [
            30.230385057783042,
            59.98721062880632
          ],
          [
            30.230330520556713,
            59.986962319420414
          ],
          [
            30.23027222799437,
            59.986709583595115
          ],
          [
            30.23021724366953,
            59.986453641221544
          ],
          [
            30.230125655677874,
            59.98619500327068
          ],
          [
            30.23008706527384,
            59.985929602529566
          ],
          [
            30.230002513730405,
            59.985671174926374
          ],
          [
            30.229930676328504,
            59.985414991417244
          ],
          [
            30.229829596204777,
            59.98515738860211
          ],
          [
            30.22974417546146,
            59.98489976371852
          ],
          [
            30.2297292095609,
            59.98464210120356
          ],
          [
            30.22966691441564,
            59.98440744953088
          ],
          [
            30.229568717574608,
            59.984193533198805
          ],
          [
            30.229480746100958,
            59.9839704112871
          ],
          [
            30.229375636080164,
            59.9837336067832
          ],
          [
            30.229234788511366,
            59.98350481518174
          ],
          [
            30.229090166331602,
            59.983269922745954
          ],
          [
            30.228930245806737,
            59.983044309165386
          ],
          [
            30.228742038050708,
            59.98281924792425
          ],
          [
            30.228550926648563,
            59.98260546396501
          ],
          [
            30.228332490042384,
            59.982396162045816
          ],
          [
            30.228106993973338,
            59.98220411734454
          ],
          [
            30.227859379305112,
            59.982013709903825
          ],
          [
            30.227591834736824,
            59.981822589689955
          ],
          [
            30.227311921232577,
            59.98162583653299
          ],
          [
            30.227009861627636,
            59.98144994333969
          ],
          [
            30.226657659003884,
            59.98125739984383
          ],
          [
            30.226296861890514,
            59.98107436167901
          ],
          [
            30.225966829019384,
            59.980932196426465
          ],
          [
            30.225605158648666,
            59.98078778207072
          ],
          [
            30.22524260650928,
            59.980653159148446
          ],
          [
            30.224870369841,
            59.98051483680269
          ],
          [
            30.22449902788987,
            59.98038732903788
          ],
          [
            30.22405927568987,
            59.98025793796269
          ],
          [
            30.223671206137894,
            59.98014966386598
          ],
          [
            30.220694831369634,
            59.97919631305532
          ],
          [
            30.220223392205227,
            59.97909901729145
          ],
          [
            30.21969568333654,
            59.97908828964504
          ],
          [
            30.219269323970778,
            59.97897133089262
          ],
          [
            30.218812267801702,
            59.978841061882065
          ],
          [
            30.218425510988343,
            59.97872441031043
          ],
          [
            30.218011490908207,
            59.978592882039585
          ],
          [
            30.217586390133096,
            59.97844435833215
          ],
          [
            30.21721988343161,
            59.97830150348149
          ],
          [
            30.216848584579598,
            59.97813151102938
          ],
          [
            30.216486135087486,
            59.97796371429014
          ],
          [
            30.21616514883551,
            59.97780215138682
          ],
          [
            30.21587497407317,
            59.97764977624977
          ],
          [
            30.215542806087726,
            59.97746790353552
          ],
          [
            30.215262637346832,
            59.97727582239772
          ],
          [
            30.21497584890363,
            59.97707134867359
          ],
          [
            30.213948019412168,
            59.973883857124505
          ],
          [
            30.21394792010849,
            59.973883193095084
          ],
          [
            30.213889319119815,
            59.9734727692685
          ],
          [
            30.2138892503038,
            59.9734718496914
          ],
          [
            30.215050604034662,
            59.97086882507994
          ],
          [
            30.215244125798566,
            59.97050997526812
          ],
          [
            30.215420653649804,
            59.97028030765528
          ],
          [
            30.215592499160238,
            59.9700618231671
          ],
          [
            30.215728705211667,
            59.96983249531378
          ],
          [
            30.215853778777927,
            59.96960335115642
          ],
          [
            30.21588077441824,
            59.96936558166004
          ],
          [
            30.21593941700701,
            59.96914010254762
          ],
          [
            30.21598515772531,
            59.9689145356958
          ],
          [
            30.216027126512696,
            59.968688518140645
          ],
          [
            30.21609269604644,
            59.9684593987934
          ],
          [
            30.21611299025404,
            59.96822761989047
          ],
          [
            30.21613225596081,
            59.96799430112113
          ],
          [
            30.21616539575091,
            59.96777395300474
          ],
          [
            30.21619485374283,
            59.96755115020958
          ],
          [
            30.216228739612756,
            59.9673293864353
          ],
          [
            30.21626780917835,
            59.96710227910767
          ],
          [
            30.216292738796536,
            59.96687219702943
          ],
          [
            30.216331845763946,
            59.966653203843244
          ],
          [
            30.21636093359843,
            59.96642442822222
          ],
          [
            30.216390260011575,
            59.96615354159395
          ],
          [
            30.216413780423128,
            59.96591706368754
          ],
          [
            30.21663908279245,
            59.96267909974619
          ],
          [
            30.216522977715986,
            59.9624178913901
          ],
          [
            30.216358772858207,
            59.96221633869626
          ],
          [
            30.21619330928512,
            59.961995993845626
          ],
          [
            30.21601458413636,
            59.96178353077462
          ],
          [
            30.215777740801155,
            59.961566257491405
          ],
          [
            30.215564905235237,
            59.96136175050453
          ],
          [
            30.215356071050227,
            59.96118169601732
          ],
          [
            30.215082053652367,
            59.96100647338519
          ],
          [
            30.214762633664673,
            59.96082399626627
          ],
          [
            30.214435233609954,
            59.96064188906428
          ],
          [
            30.214113536447417,
            59.96046133027721
          ],
          [
            30.21379103678555,
            59.96028371701451
          ],
          [
            30.213472409340014,
            59.96010262738657
          ],
          [
            30.213152614116687,
            59.959926557210586
          ],
          [
            30.212827825401824,
            59.95974364328078
          ],
          [
            30.212514112452006,
            59.95956535126164
          ],
          [
            30.212189191841677,
            59.9593864855915
          ],
          [
            30.21186262553114,
            59.959192228272045
          ],
          [
            30.211540680711643,
            59.95899329238419
          ],
          [
            30.211246487167458,
            59.95879161804248
          ],
          [
            30.210966446012772,
            59.95858364557813
          ],
          [
            30.210709339055185,
            59.95836866729656
          ],
          [
            30.210470110815784,
            59.958148873152616
          ],
          [
            30.210251392775003,
            59.95792581394099
          ],
          [
            30.21005626863924,
            59.95770010218093
          ],
          [
            30.209884656944432,
            59.95747238316842
          ],
          [
            30.209723161248178,
            59.957241743178066
          ],
          [
            30.209587590057463,
            59.957008700005126
          ],
          [
            30.209439126689507,
            59.956771256712535
          ],
          [
            30.209285595021115,
            59.95653279470716
          ],
          [
            30.209131758010653,
            59.956289522535386
          ],
          [
            30.208975888549606,
            59.95604714817544
          ],
          [
            30.20882002500726,
            59.95579686803495
          ],
          [
            30.208672431834845,
            59.955547614421995
          ],
          [
            30.208522930582106,
            59.955298636907955
          ],
          [
            30.20837277919577,
            59.95504962091925
          ],
          [
            30.20822354209829,
            59.95480503702849
          ],
          [
            30.208073774163516,
            59.95456171397502
          ],
          [
            30.207924331913777,
            59.95431958802818
          ],
          [
            30.20777688333137,
            59.95407503318707
          ],
          [
            30.20763131300165,
            59.95383376607153
          ],
          [
            30.207476957277315,
            59.95358880472872
          ],
          [
            30.20732859669483,
            59.95334586889149
          ],
          [
            30.207181410354753,
            59.95310074647941
          ],
          [
            30.207037997047614,
            59.952855852724895
          ],
          [
            30.206891416060927,
            59.952611358489676
          ],
          [
            30.206739420641135,
            59.95236587979802
          ],
          [
            30.2065883368665,
            59.952118937272914
          ],
          [
            30.206435707369952,
            59.95186662690668
          ],
          [
            30.206281984999446,
            59.95161418117584
          ],
          [
            30.20612530489817,
            59.951359847561605
          ],
          [
            30.20597159488822,
            59.95111026004133
          ],
          [
            30.20582113964855,
            59.95086335124261
          ],
          [
            30.205671708413263,
            59.950617132788736
          ],
          [
            30.205520289439285,
            59.95037564249715
          ],
          [
            30.20536844865327,
            59.9501339792461
          ],
          [
            30.205212556218196,
            59.949886469776445
          ],
          [
            30.20504661914233,
            59.94960947524234
          ],
          [
            30.204919834694696,
            59.94936301269751
          ],
          [
            30.204778976108955,
            59.94912077968361
          ],
          [
            30.204630505234736,
            59.9488721958866
          ],
          [
            30.20448565243837,
            59.94862192565247
          ],
          [
            30.204336869981454,
            59.94837052460864
          ],
          [
            30.204198776151376,
            59.948118494600195
          ],
          [
            30.20406476127295,
            59.94785812080571
          ],
          [
            30.2039445377643,
            59.94759363942467
          ],
          [
            30.20383808083249,
            59.94732310984662
          ],
          [
            30.20375250681044,
            59.94704744256131
          ],
          [
            30.203681340123172,
            59.946768506959316
          ],
          [
            30.203629174289883,
            59.946489319001415
          ],
          [
            30.203596763709445,
            59.94620822212744
          ],
          [
            30.20358047956102,
            59.94592125918385
          ],
          [
            30.203567133438963,
            59.94563690571434
          ],
          [
            30.20357954273012,
            59.94535468245939
          ],
          [
            30.20361149065304,
            59.94507337945986
          ],
          [
            30.203663899888173,
            59.94479205564747
          ],
          [
            30.203735064982972,
            59.94451193744129
          ],
          [
            30.20382116546285,
            59.944230989686936
          ],
          [
            30.203921384821932,
            59.94394901731521
          ],
          [
            30.204041783558534,
            59.943672263929315
          ],
          [
            30.204184468064398,
            59.94338928926481
          ],
          [
            30.20433821770215,
            59.943112937210294
          ],
          [
            30.20451510539523,
            59.94283921454786
          ],
          [
            30.204710774430488,
            59.94256818969058
          ],
          [
            30.20492034053712,
            59.9423014522139
          ],
          [
            30.20515174087123,
            59.94203397705677
          ],
          [
            30.205386821966005,
            59.9417685115941
          ],
          [
            30.205635472262184,
            59.94150327730476
          ],
          [
            30.20588178113118,
            59.94123913383736
          ],
          [
            30.206130539155087,
            59.94097316261013
          ],
          [
            30.20637124821583,
            59.94070476684897
          ],
          [
            30.206623464461142,
            59.940434463478695
          ],
          [
            30.20686760773179,
            59.94016902588327
          ],
          [
            30.20711780411796,
            59.9399009748502
          ],
          [
            30.207353632408434,
            59.93963398805258
          ],
          [
            30.20760314167446,
            59.939368046815645
          ],
          [
            30.207852921885916,
            59.93909885047683
          ],
          [
            30.20809536905174,
            59.93883006008601
          ],
          [
            30.208340200485257,
            59.93857056329966
          ],
          [
            30.20858116551212,
            59.93830777823835
          ],
          [
            30.20882542195874,
            59.93804769474875
          ],
          [
            30.209062463648646,
            59.9377865551947
          ],
          [
            30.20928652742418,
            59.937528922044415
          ],
          [
            30.209493720420518,
            59.93727444746438
          ],
          [
            30.20968114048967,
            59.937019903297305
          ],
          [
            30.209857763389635,
            59.936768537132615
          ],
          [
            30.210010517726232,
            59.9365165725969
          ],
          [
            30.210157599988893,
            59.93626536827442
          ],
          [
            30.210286656484886,
            59.93601280361055
          ],
          [
            30.21041122445917,
            59.9357628309002
          ],
          [
            30.2105169832444,
            59.935514536719005
          ],
          [
            30.2105983499485,
            59.93526869775545
          ],
          [
            30.210664583718692,
            59.9350288634937
          ],
          [
            30.21071786049412,
            59.93479223001689
          ],
          [
            30.210759478461398,
            59.93455639217123
          ],
          [
            30.21080197327228,
            59.93432598586557
          ],
          [
            30.21083219816036,
            59.93409663100697
          ],
          [
            30.210843056971658,
            59.93386410106313
          ],
          [
            30.21086780686209,
            59.93363137092293
          ],
          [
            30.210897019543733,
            59.933402876315625
          ],
          [
            30.21092483764852,
            59.933179753745875
          ],
          [
            30.210950877478524,
            59.93296011138837
          ],
          [
            30.2109788628394,
            59.93273971883317
          ],
          [
            30.211013973070916,
            59.932516752894685
          ],
          [
            30.21103507116732,
            59.93229961555484
          ],
          [
            30.211054212005156,
            59.93207946013699
          ],
          [
            30.211091725800706,
            59.93185937802288
          ],
          [
            30.211121392758532,
            59.931637026459285
          ],
          [
            30.211148707707814,
            59.93141383521432
          ],
          [
            30.211164275751415,
            59.93118687242166
          ],
          [
            30.211177153152786,
            59.93096007128285
          ],
          [
            30.211186830433697,
            59.93072527117157
          ],
          [
            30.211197887160747,
            59.93048809891213
          ],
          [
            30.211228529301643,
            59.93024861357399
          ],
          [
            30.211260866840007,
            59.9300120734015
          ],
          [
            30.211292155336693,
            59.92977454568469
          ],
          [
            30.21132024841739,
            59.92953297988655
          ],
          [
            30.211347843933925,
            59.92929087823846
          ],
          [
            30.21138043298718,
            59.92905020495497
          ],
          [
            30.211403490966436,
            59.92880065085936
          ],
          [
            30.211421001216518,
            59.92854296603329
          ],
          [
            30.21145451469806,
            59.928284312515636
          ],
          [
            30.211480137912886,
            59.92802396813045
          ],
          [
            30.211508640416127,
            59.927765531947394
          ],
          [
            30.211538272258686,
            59.92750607561538
          ],
          [
            30.211572415894704,
            59.92725128819696
          ],
          [
            30.21160569213901,
            59.926999933953155
          ],
          [
            30.211637788280377,
            59.92675160111527
          ],
          [
            30.21166628756259,
            59.926511569406955
          ],
          [
            30.211699628958293,
            59.926267722002045
          ],
          [
            30.211721437382508,
            59.926026082340194
          ],
          [
            30.211734850130853,
            59.92578675654092
          ],
          [
            30.211738975517367,
            59.925544314333294
          ],
          [
            30.211728832437522,
            59.92530928188676
          ],
          [
            30.211722781147685,
            59.92506636376558
          ],
          [
            30.21170662242657,
            59.92482483601857
          ],
          [
            30.211688572630695,
            59.92458628576057
          ],
          [
            30.21166092230351,
            59.92434770842764
          ],
          [
            30.211632492262996,
            59.92411221248735
          ],
          [
            30.211594731409008,
            59.923876419882006
          ],
          [
            30.211555906192096,
            59.923638321150065
          ],
          [
            30.211511723585915,
            59.9234004616548
          ],
          [
            30.21146608993383,
            59.92316173588529
          ],
          [
            30.211420321190975,
            59.92292155078978
          ],
          [
            30.21138000961882,
            59.92268392228106
          ],
          [
            30.21133982957173,
            59.92244445825476
          ],
          [
            30.21129743989015,
            59.922204999056305
          ],
          [
            30.211214008838407,
            59.92196701890377
          ],
          [
            30.21116007150792,
            59.92171879290252
          ],
          [
            30.211111233523663,
            59.921484660517876
          ],
          [
            30.21110510466891,
            59.92123933860568
          ],
          [
            30.211056835725895,
            59.92099949033387
          ],
          [
            30.211020101554855,
            59.92076137852391
          ],
          [
            30.21098246156774,
            59.920531067246316
          ],
          [
            30.21094850224849,
            59.92030088541315
          ],
          [
            30.210903655112332,
            59.92005878825188
          ],
          [
            30.210862992773276,
            59.91982032570619
          ],
          [
            30.21082481271299,
            59.9195786260293
          ],
          [
            30.210774120409596,
            59.919335349628625
          ],
          [
            30.21073219099429,
            59.91908513089909
          ],
          [
            30.210682638319078,
            59.91883812310118
          ],
          [
            30.210643477824796,
            59.91857519695361
          ],
          [
            30.21060301382901,
            59.91829898861041
          ],
          [
            30.210556976858125,
            59.91803568280217
          ],
          [
            30.21050641221528,
            59.9177705929056
          ],
          [
            30.210454764477255,
            59.91749448454014
          ],
          [
            30.21040507691267,
            59.917217323046806
          ],
          [
            30.210349189500135,
            59.91692627481849
          ],
          [
            30.21028494203614,
            59.916632675045506
          ],
          [
            30.21021119625265,
            59.9163472682931
          ],
          [
            30.21009406366613,
            59.91603842703473
          ],
          [
            30.210032190278856,
            59.91578099759624
          ],
          [
            30.209970094838816,
            59.91553485201205
          ],
          [
            30.209904998314553,
            59.915291216278234
          ],
          [
            30.20983730323987,
            59.915050023310926
          ],
          [
            30.209768889289688,
            59.91480846283569
          ],
          [
            30.209681149285505,
            59.91456454760598
          ],
          [
            30.209581238518474,
            59.91432293109195
          ],
          [
            30.209469904321676,
            59.91407961178482
          ],
          [
            30.20934695312321,
            59.91383787575172
          ],
          [
            30.20921106548086,
            59.91359768131338
          ],
          [
            30.209058589344075,
            59.91335712128304
          ],
          [
            30.208892464268207,
            59.91311498386037
          ],
          [
            30.208719389626104,
            59.91287773425111
          ],
          [
            30.208532057049513,
            59.91264695907728
          ],
          [
            30.208351388830764,
            59.91241970927757
          ],
          [
            30.208164291809386,
            59.912195365917654
          ],
          [
            30.207968039161315,
            59.91197309622873
          ],
          [
            30.207775049185305,
            59.91175047182475
          ],
          [
            30.207568645877192,
            59.91152749870926
          ],
          [
            30.20736471180686,
            59.911298053389814
          ],
          [
            30.207169291469604,
            59.91106872627333
          ],
          [
            30.20697729932546,
            59.91083003433192
          ],
          [
            30.206808025866124,
            59.910590809129644
          ],
          [
            30.20666727789555,
            59.91034838908242
          ],
          [
            30.206535673579435,
            59.910098853187385
          ],
          [
            30.206427509948774,
            59.90984904145049
          ],
          [
            30.206340929191274,
            59.909594380576266
          ],
          [
            30.20628439769753,
            59.9093436565683
          ],
          [
            30.206252497306295,
            59.909087133124764
          ],
          [
            30.20624446808728,
            59.908825948706486
          ],
          [
            30.206250670748165,
            59.90856542477635
          ],
          [
            30.206284170111662,
            59.90830525628163
          ],
          [
            30.206338165913586,
            59.908044845194446
          ],
          [
            30.206413606601252,
            59.90778930473284
          ],
          [
            30.206525890192637,
            59.90753754525262
          ],
          [
            30.206654162123368,
            59.9072842748572
          ],
          [
            30.206816548200486,
            59.90703256996523
          ],
          [
            30.207003116813514,
            59.906787116589214
          ],
          [
            30.207207033186904,
            59.90654473825553
          ],
          [
            30.207433462570027,
            59.906304917309875
          ],
          [
            30.20768612372805,
            59.90607442960253
          ],
          [
            30.20794641309567,
            59.90584543113169
          ],
          [
            30.2082382204599,
            59.9056288571135
          ],
          [
            30.20855641972768,
            59.905420450437404
          ],
          [
            30.208892960845105,
            59.90522073887831
          ],
          [
            30.20924431348209,
            59.90502661086405
          ],
          [
            30.209619986534655,
            59.90484292610761
          ],
          [
            30.210000275548357,
            59.904654075991765
          ],
          [
            30.210418099207246,
            59.90448670930866
          ],
          [
            30.210814458517945,
            59.90431773921689
          ],
          [
            30.21123808212207,
            59.90416305476414
          ],
          [
            30.211650990281,
            59.90401083200665
          ],
          [
            30.212051821637033,
            59.903856861687004
          ],
          [
            30.212511680629735,
            59.903689374399676
          ],
          [
            30.21293032005005,
            59.9035398389973
          ],
          [
            30.213353015307067,
            59.903386794394414
          ],
          [
            30.2137369176772,
            59.903238239456066
          ],
          [
            30.214157194966607,
            59.903116326554326
          ],
          [
            30.21786753614633,
            59.9017026654814
          ],
          [
            30.217869587934608,
            59.90170192869063
          ],
          [
            30.22037398847402,
            59.9008113316156
          ],
          [
            30.22037491610641,
            59.90081105355515
          ],
          [
            30.22132274798803,
            59.90054077415677
          ],
          [
            30.221323877674834,
            59.9005404447739
          ],
          [
            30.22152507396474,
            59.900481871934
          ],
          [
            30.22152532322858,
            59.900481795082065
          ],
          [
            30.2217591649169,
            59.90041990624161
          ],
          [
            30.22198125438071,
            59.90034271710274
          ],
          [
            30.222031552211238,
            59.90032419811162
          ],
          [
            30.222032869804575,
            59.900323739831144
          ],
          [
            30.22244211468352,
            59.900210714758465
          ],
          [
            30.222442704213943,
            59.90021050971016
          ],
          [
            30.22244310315942,
            59.900210370950425
          ],
          [
            30.222595363008406,
            59.90015753755449
          ],
          [
            30.22261330003284,
            59.90015032562256
          ],
          [
            30.222614228735882,
            59.90015001427299
          ],
          [
            30.222759308063694,
            59.90011931916756
          ],
          [
            30.222760183665716,
            59.90011903290476
          ],
          [
            30.223513145492056,
            59.899886300448195
          ],
          [
            30.223513495638286,
            59.89988620226731
          ],
          [
            30.224204016991386,
            59.899692796509356
          ],
          [
            30.22420407416778,
            59.89969278789826
          ],
          [
            30.224257111680664,
            59.899683513404256
          ],
          [
            30.246517849041787,
            59.8932722497173
          ],
          [
            30.246922125887327,
            59.89315188845638
          ],
          [
            30.24711709929438,
            59.89319338981926
          ],
          [
            30.247451331411813,
            59.8930428633069
          ],
          [
            30.24779587926082,
            59.892890735148924
          ],
          [
            30.2481363402422,
            59.89272586195057
          ],
          [
            30.248449313483956,
            59.89255876037451
          ],
          [
            30.24876674644947,
            59.89238911782758
          ],
          [
            30.249069463595667,
            59.89222733983622
          ],
          [
            30.249365711817465,
            59.892063544055475
          ],
          [
            30.249617352042815,
            59.89188657003199
          ],
          [
            30.249871738292505,
            59.89170724603718
          ],
          [
            30.250110036341656,
            59.891503895735575
          ],
          [
            30.250333953317778,
            59.89131281764818
          ],
          [
            30.250558482841925,
            59.891112144686
          ],
          [
            30.25075605057123,
            59.8908878903553
          ],
          [
            30.250945805365973,
            59.89067250472207
          ],
          [
            30.251130585098107,
            59.890462765917704
          ],
          [
            30.251305360250267,
            59.890264383012884
          ],
          [
            30.251493171574378,
            59.890051203177684
          ],
          [
            30.251717601669583,
            59.88984395469568
          ],
          [
            30.251904473454466,
            59.88962462562283
          ],
          [
            30.252081787664448,
            59.889406147974
          ],
          [
            30.25228598508502,
            59.88920177969918
          ],
          [
            30.252513965454895,
            59.88900260104429
          ],
          [
            30.252795009417035,
            59.88879617860741
          ],
          [
            30.25306509601411,
            59.888603104596754
          ],
          [
            30.253356898048782,
            59.888421305487434
          ],
          [
            30.25367543023632,
            59.88824480370924
          ],
          [
            30.25397959900007,
            59.88808595457199
          ],
          [
            30.254310754474282,
            59.887934908302945
          ],
          [
            30.254658028681508,
            59.88778130316603
          ],
          [
            30.25500475774523,
            59.88764426976285
          ],
          [
            30.255376670401613,
            59.88750992964678
          ],
          [
            30.255748161051173,
            59.88738684284359
          ],
          [
            30.25611400406879,
            59.887252289163314
          ],
          [
            30.256489086232442,
            59.887123455427606
          ],
          [
            30.25687898696813,
            59.88698370308334
          ],
          [
            30.257253737066137,
            59.88685887461088
          ],
          [
            30.257679012823775,
            59.88673764227442
          ],
          [
            30.25807880648081,
            59.886621874599726
          ],
          [
            30.25847798761509,
            59.88650936911884
          ],
          [
            30.25887039998849,
            59.88640630183541
          ],
          [
            30.259270496568664,
            59.88629106528677
          ],
          [
            30.259677614187318,
            59.88618390175218
          ],
          [
            30.260077264090317,
            59.88607911093763
          ],
          [
            30.260484058626293,
            59.885975243981626
          ],
          [
            30.26089024816389,
            59.88587224229653
          ],
          [
            30.26129818670673,
            59.88576594445435
          ],
          [
            30.261699306819974,
            59.885658740038636
          ],
          [
            30.262101352314996,
            59.88554739545681
          ],
          [
            30.262493484629154,
            59.885439258917565
          ],
          [
            30.262898531173683,
            59.88533354250857
          ],
          [
            30.263294437599978,
            59.88522427385746
          ],
          [
            30.26368889986798,
            59.88511610337559
          ],
          [
            30.26407395411818,
            59.88500235011206
          ],
          [
            30.26446877378381,
            59.884890909741145
          ],
          [
            30.264859373955144,
            59.8847756659309
          ],
          [
            30.265253130935296,
            59.884664006663975
          ],
          [
            30.26565261095104,
            59.884550764719506
          ],
          [
            30.26603955615978,
            59.88443879868273
          ],
          [
            30.26642918103398,
            59.884327585207785
          ],
          [
            30.266834447467613,
            59.88423176922153
          ],
          [
            30.267249494718875,
            59.88413075734817
          ],
          [
            30.26766753289446,
            59.884020216345576
          ],
          [
            30.268121932875957,
            59.883911219192925
          ],
          [
            30.26851647613441,
            59.88381414884378
          ],
          [
            30.26894325235178,
            59.88370012413953
          ],
          [
            30.269348932254214,
            59.88358718355215
          ],
          [
            30.269764766535637,
            59.88348146504357
          ],
          [
            30.27015623644361,
            59.883393783005324
          ],
          [
            30.27054501351202,
            59.88330480165629
          ],
          [
            30.270929004908634,
            59.883220251186266
          ],
          [
            30.271318447692092,
            59.88313415852946
          ],
          [
            30.271698270533342,
            59.883045444323855
          ],
          [
            30.27210923326623,
            59.882951980546615
          ],
          [
            30.272515977376038,
            59.88285811017222
          ],
          [
            30.272920891847647,
            59.88276864514294
          ],
          [
            30.27331771497722,
            59.882680899465036
          ],
          [
            30.27369126693946,
            59.882596531572965
          ],
          [
            30.27408608090742,
            59.88250800653227
          ],
          [
            30.27447132532786,
            59.882426831947285
          ],
          [
            30.274859100181093,
            59.88235098917619
          ],
          [
            30.275246374044603,
            59.88228296940173
          ],
          [
            30.27563503663971,
            59.882217919040066
          ],
          [
            30.27603173929283,
            59.88215136784033
          ],
          [
            30.27643415352623,
            59.88209879415732
          ],
          [
            30.27683831642674,
            59.88204627955732
          ],
          [
            30.277237290956585,
            59.88200330993056
          ],
          [
            30.277629813156025,
            59.88196739642248
          ],
          [
            30.278024308699095,
            59.88193564564846
          ],
          [
            30.278432308670034,
            59.881897829512745
          ],
          [
            30.27883881162464,
            59.88186094382506
          ],
          [
            30.279247756713588,
            59.88182138933628
          ],
          [
            30.279664559974496,
            59.881779344659535
          ],
          [
            30.280085925178078,
            59.88173576526735
          ],
          [
            30.280515434890734,
            59.88168238895866
          ],
          [
            30.280953672027714,
            59.881622394157304
          ],
          [
            30.281399610116253,
            59.881558917386364
          ],
          [
            30.2818292184175,
            59.88149625469334
          ],
          [
            30.282265765265894,
            59.88142362169342
          ],
          [
            30.282705662664466,
            59.88134668409091
          ],
          [
            30.28313020984214,
            59.881273608127906
          ],
          [
            30.283560670351246,
            59.881203294255364
          ],
          [
            30.283976176085737,
            59.88113447622605
          ],
          [
            30.28438072491754,
            59.88106803707991
          ],
          [
            30.284762555239944,
            59.88101785658191
          ],
          [
            30.285149800190137,
            59.880965164499145
          ],
          [
            30.28553317138578,
            59.88091357592109
          ],
          [
            30.285926963005654,
            59.88086386987504
          ],
          [
            30.28631597203148,
            59.880813270635244
          ],
          [
            30.286707688635392,
            59.8807570221323
          ],
          [
            30.28710608997981,
            59.88069459361072
          ],
          [
            30.287512870373803,
            59.88063300627602
          ],
          [
            30.28791238950514,
            59.8805677369926
          ],
          [
            30.288308839354844,
            59.88049235291679
          ],
          [
            30.28870891934623,
            59.88040813972011
          ],
          [
            30.289111931298027,
            59.88031511466027
          ],
          [
            30.289502104625246,
            59.88021155708485
          ],
          [
            30.289872247968702,
            59.880102157213976
          ],
          [
            30.290233204381995,
            59.8799849753117
          ],
          [
            30.29059675553835,
            59.87986082160862
          ],
          [
            30.29093359264646,
            59.87973362845783
          ],
          [
            30.291262608179938,
            59.87960125655158
          ],
          [
            30.291576639702644,
            59.87947242207647
          ],
          [
            30.29186506768608,
            59.87933390317132
          ],
          [
            30.292131052435714,
            59.879184721733026
          ],
          [
            30.292404260540003,
            59.87902899675779
          ],
          [
            30.29266824538844,
            59.87887187434544
          ],
          [
            30.292922318155078,
            59.87870579542053
          ],
          [
            30.293156405284392,
            59.87853985970521
          ],
          [
            30.293371363320087,
            59.87836770349432
          ],
          [
            30.293574018440736,
            59.878188167496575
          ],
          [
            30.293775098422362,
            59.87800484471307
          ],
          [
            30.293959165669175,
            59.877818108103604
          ],
          [
            30.29412803899543,
            59.8776262592362
          ],
          [
            30.294281834038003,
            59.87743541184733
          ],
          [
            30.294415489583077,
            59.87723883919431
          ],
          [
            30.294537366176968,
            59.87704036548351
          ],
          [
            30.294648630409206,
            59.876842961427975
          ],
          [
            30.29475665239435,
            59.87664688691527
          ],
          [
            30.29483544188509,
            59.87644061418456
          ],
          [
            30.294891388074863,
            59.876229720500874
          ],
          [
            30.294920865563142,
            59.876011054131176
          ],
          [
            30.294930542477946,
            59.87579499382418
          ],
          [
            30.294955085020806,
            59.87558317839206
          ],
          [
            30.294961218335757,
            59.87537423320451
          ],
          [
            30.29497218736293,
            59.87519180608374
          ],
          [
            30.294977634026345,
            59.87499657810982
          ],
          [
            30.294987850821645,
            59.874794662207286
          ],
          [
            30.29500477914279,
            59.874594743934274
          ],
          [
            30.295008524316167,
            59.87439291337311
          ],
          [
            30.29499990603773,
            59.874206091316225
          ],
          [
            30.294983839558814,
            59.87403738894832
          ],
          [
            30.29495991376953,
            59.87388712909387
          ],
          [
            30.294942651994575,
            59.873750792113334
          ],
          [
            30.29491734593576,
            59.873646881588186
          ],
          [
            30.29488778110894,
            59.873554991090366
          ],
          [
            30.294863724151504,
            59.87348248142774
          ],
          [
            30.294852193804115,
            59.873426380485206
          ],
          [
            30.294832824634604,
            59.87336833473775
          ],
          [
            30.29480158261692,
            59.87330193688021
          ],
          [
            30.29474266292573,
            59.87322198795726
          ],
          [
            30.294885652106007,
            59.87313542222998
          ],
          [
            30.29440884659084,
            59.873140706246666
          ],
          [
            30.29423221540375,
            59.87311753616452
          ],
          [
            30.29404393217226,
            59.873116614464934
          ],
          [
            30.293874603806586,
            59.873142363723204
          ],
          [
            30.293697783127676,
            59.873200359464064
          ],
          [
            30.29356712236989,
            59.873284868874755
          ],
          [
            30.293482322225888,
            59.87339461829266
          ],
          [
            30.29349349717561,
            59.873510318840346
          ],
          [
            30.29352276280881,
            59.87363918005385
          ],
          [
            30.293528845819218,
            59.873759342613745
          ],
          [
            30.293560551685726,
            59.87385216960886
          ],
          [
            30.293581727860413,
            59.873925207008945
          ],
          [
            30.293597971690513,
            59.87397737978332
          ],
          [
            30.293613481746448,
            59.87401967888155
          ],
          [
            30.293631382268583,
            59.874059423133716
          ],
          [
            30.293651860299676,
            59.87410368943743
          ],
          [
            30.29368782905338,
            59.87415426906781
          ],
          [
            30.293723230294983,
            59.8742096824595
          ],
          [
            30.29375196279655,
            59.87426971096858
          ],
          [
            30.293771742110597,
            59.874326959965835
          ],
          [
            30.293790820986032,
            59.874377591596485
          ],
          [
            30.293798089010995,
            59.8744158617792
          ],
          [
            30.2938125540271,
            59.87443974051946
          ],
          [
            30.293815621014758,
            59.87445676143796
          ],
          [
            30.293817737315656,
            59.87446552047949
          ],
          [
            30.293823858035204,
            59.874472260503246
          ],
          [
            30.293831911402727,
            59.8744744507092
          ],
          [
            30.293835796237733,
            59.87448301462088
          ],
          [
            30.293837151416074,
            59.874497366591854
          ],
          [
            30.293842493035573,
            59.87450763267476
          ],
          [
            30.29384188711424,
            59.87452116420959
          ],
          [
            30.29384304895082,
            59.87453776644577
          ],
          [
            30.293842341896315,
            59.87453963672364
          ],
          [
            30.293841630845016,
            59.87454319955387
          ],
          [
            30.293846673146945,
            59.87454317083668
          ],
          [
            30.293846673146945,
            59.87454317083668
          ],
          [
            30.293846673146945,
            59.87454317083668
          ],
          [
            30.293846673146945,
            59.87454317083668
          ],
          [
            30.293846673146945,
            59.87454317083668
          ],
          [
            30.293864126023976,
            59.87455240670525
          ],
          [
            30.293864126023976,
            59.87455240670525
          ],
          [
            30.293864126023976,
            59.87455240670525
          ],
          [
            30.293864126023976,
            59.87455240670525
          ],
          [
            30.293864126023976,
            59.87455240670525
          ],
          [
            30.293864126023976,
            59.87455240670525
          ],
          [
            30.293864126023976,
            59.87455240670525
          ],
          [
            30.293864126023976,
            59.87455240670525
          ],
          [
            30.293864126023976,
            59.87455240670525
          ],
          [
            30.293864126023976,
            59.87455240670525
          ],
          [
            30.293864126023976,
            59.87455240670525
          ],
          [
            30.293864126023976,
            59.87455240670525
          ],
          [
            30.293864126023976,
            59.87455240670525
          ],
          [
            30.293864126023976,
            59.87455240670525
          ],
          [
            30.293876773380312,
            59.87457028228688
          ],
          [
            30.293877558411676,
            59.87457146708985
          ],
          [
            30.293873581935316,
            59.874590578577845
          ],
          [
            30.29388322280437,
            59.874616633353675
          ],
          [
            30.293914097795877,
            59.8746596201929
          ],
          [
            30.293940219739103,
            59.8747225252547
          ],
          [
            30.293990075023025,
            59.87479653671598
          ],
          [
            30.294063180524773,
            59.87486682881204
          ],
          [
            30.294154610803854,
            59.874951296976086
          ],
          [
            30.294269204096082,
            59.8750358591667
          ],
          [
            30.29440150732848,
            59.87512330763108
          ],
          [
            30.29455260429806,
            59.87520652140076
          ],
          [
            30.294712381749733,
            59.87527573284532
          ],
          [
            30.294879142277118,
            59.875325859572726
          ],
          [
            30.295060619048417,
            59.87537521692645
          ],
          [
            30.295253529692847,
            59.87540900629604
          ],
          [
            30.295474445062364,
            59.87542940346126
          ],
          [
            30.295786060220816,
            59.87544723821469
          ],
          [
            30.29609706297921,
            59.87545606732454
          ],
          [
            30.296328569967685,
            59.87545606445488
          ],
          [
            30.296509290160735,
            59.87545023044311
          ],
          [
            30.29667280931428,
            59.875445379247054
          ],
          [
            30.29681183996937,
            59.87544372174707
          ],
          [
            30.296909676066257,
            59.875441303227724
          ],
          [
            30.29700241923701,
            59.87543753398699
          ],
          [
            30.29704997832386,
            59.87543640717935
          ],
          [
            30.297062643241972,
            59.87543632385699
          ],
          [
            30.29704940443675,
            59.8754359591137
          ],
          [
            30.297050877939363,
            59.87543370831153
          ],
          [
            30.297044975099908,
            59.87543237721607
          ],
          [
            30.2970453907696,
            59.87543185451824
          ],
          [
            30.297038359374415,
            59.87543111822507
          ],
          [
            30.297042019300306,
            59.87543029597963
          ],
          [
            30.297037625980213,
            59.87542838186992
          ],
          [
            30.297031175975246,
            59.875427815707724
          ],
          [
            30.2970315381265,
            59.87542743040329
          ],
          [
            30.297032101538978,
            59.875428443893725
          ],
          [
            30.297032101538978,
            59.875428443893725
          ],
          [
            30.297032101538978,
            59.875428443893725
          ],
          [
            30.297032101538978,
            59.875428443893725
          ],
          [
            30.297032101538978,
            59.875428443893725
          ],
          [
            30.297032101538978,
            59.875428443893725
          ],
          [
            30.297032101538978,
            59.875428443893725
          ],
          [
            30.297032101538978,
            59.875428443893725
          ],
          [
            30.297032101538978,
            59.875428443893725
          ],
          [
            30.29702281265951,
            59.875430035964655
          ],
          [
            30.297019250275486,
            59.875430737895506
          ],
          [
            30.297017874480566,
            59.875431078554655
          ],
          [
            30.297017874480566,
            59.875431078554655
          ],
          [
            30.297017874480566,
            59.875431078554655
          ],
          [
            30.297017874480566,
            59.875431078554655
          ],
          [
            30.29700183467283,
            59.87543380944486
          ],
          [
            30.29700183467283,
            59.87543380944486
          ],
          [
            30.29700183467283,
            59.87543380944486
          ],
          [
            30.296986663959316,
            59.875434448342794
          ],
          [
            30.296986541131915,
            59.875434516394094
          ],
          [
            30.296979901878828,
            59.87543486808178
          ],
          [
            30.296979901878828,
            59.87543486808178
          ],
          [
            30.296979901878828,
            59.87543486808178
          ],
          [
            30.296977117747172,
            59.87543642256909
          ],
          [
            30.29697910784884,
            59.87543467398376
          ],
          [
            30.29698211849709,
            59.87543203797667
          ],
          [
            30.29700155774578,
            59.87543242415424
          ],
          [
            30.29702588721883,
            59.87543530927147
          ],
          [
            30.297088939607203,
            59.875433313080784
          ],
          [
            30.2971883433193,
            59.87543240750573
          ],
          [
            30.297306240227577,
            59.87543559989972
          ],
          [
            30.2974486288876,
            59.87543859837506
          ],
          [
            30.297598032405485,
            59.875445711394406
          ],
          [
            30.29776206471683,
            59.875451770205686
          ],
          [
            30.29793078950785,
            59.87545668128677
          ],
          [
            30.298110952905283,
            59.87546042219015
          ],
          [
            30.298297125841458,
            59.875470568367405
          ],
          [
            30.29848454932611,
            59.87548027774603
          ],
          [
            30.298669890325392,
            59.875479254708466
          ],
          [
            30.298854895794783,
            59.87548240223931
          ],
          [
            30.299062891840375,
            59.87548592988372
          ],
          [
            30.29928979822722,
            59.875489616151405
          ],
          [
            30.299527675424017,
            59.875493480656615
          ],
          [
            30.299776840862414,
            59.87549752853863
          ],
          [
            30.300041076526117,
            59.87550182125187
          ],
          [
            30.300321436415278,
            59.87550634326792
          ],
          [
            30.30061478903632,
            59.87551078398768
          ],
          [
            30.300907578369667,
            59.875515599360845
          ],
          [
            30.301192330639896,
            59.875519803618545
          ],
          [
            30.301480316634983,
            59.87552463390918
          ],
          [
            30.301756930126267,
            59.87552919629941
          ],
          [
            30.302030117036118,
            59.875533494041434
          ],
          [
            30.302294096574187,
            59.875537646935136
          ],
          [
            30.302552432532487,
            59.87554177727283
          ],
          [
            30.302796515523198,
            59.875545707514924
          ],
          [
            30.303036909361165,
            59.87554957836264
          ],
          [
            30.303261641203214,
            59.87555319701103
          ],
          [
            30.303469532940603,
            59.875556544511866
          ],
          [
            30.30367034699695,
            59.875559778037044
          ],
          [
            30.303867438960292,
            59.875562951623415
          ],
          [
            30.30403494079585,
            59.87556564875875
          ],
          [
            30.30416652482239,
            59.875567767541405
          ],
          [
            30.30426994169607,
            59.875569432761985
          ],
          [
            30.3043609464798,
            59.8755708981289
          ],
          [
            30.304425498987044,
            59.875571937563286
          ],
          [
            30.30447584857169,
            59.87557274829305
          ],
          [
            30.304498483357214,
            59.875573112761515
          ],
          [
            30.30450306398862,
            59.875573186520974
          ],
          [
            30.304498063291174,
            59.87557310599855
          ],
          [
            30.30450143700533,
            59.875573160325025
          ],
          [
            30.30450644139374,
            59.87557324090486
          ],
          [
            30.3044951960817,
            59.87557305983187
          ],
          [
            30.30449302031996,
            59.875573024796516
          ],
          [
            30.304495141639332,
            59.8755730589546
          ],
          [
            30.30449104395952,
            59.875572992973744
          ],
          [
            30.30448375336365,
            59.8755728755794
          ],
          [
            30.30447960508287,
            59.875572808783296
          ],
          [
            30.304483435454824,
            59.875572870460175
          ],
          [
            30.30448224109984,
            59.875572851227616
          ],
          [
            30.304481751337256,
            59.87557284334405
          ],
          [
            30.30448175133732,
            59.87557284334305
          ],
          [
            30.304481751337335,
            59.875572843342795
          ],
          [
            30.30448175133732,
            59.87557284334305
          ],
          [
            30.304467454022127,
            59.87557261312685
          ],
          [
            30.304467349329048,
            59.87557261143975
          ],
          [
            30.304467349329002,
            59.8755726114405
          ],
          [
            30.304467349329,
            59.875572611440546
          ],
          [
            30.304467349329006,
            59.87557261144041
          ],
          [
            30.304467349329,
            59.875572611440546
          ],
          [
            30.304467349329,
            59.875572611440546
          ],
          [
            30.304461719766792,
            59.87557252079004
          ],
          [
            30.30448481818296,
            59.875572892724946
          ],
          [
            30.30456146216638,
            59.87557412685371
          ],
          [
            30.304674245158616,
            59.8755759428949
          ],
          [
            30.304813627427627,
            59.8755781872414
          ],
          [
            30.30497500978552,
            59.87558078584595
          ],
          [
            30.30513964546051,
            59.875583436817266
          ],
          [
            30.30533457525403,
            59.87558657559216
          ],
          [
            30.30554929327766,
            59.875590035244514
          ],
          [
            30.305769343764037,
            59.87559379444721
          ],
          [
            30.306002419183105,
            59.87559691424707
          ],
          [
            30.306251037196983,
            59.87560125614165
          ],
          [
            30.30650382339781,
            59.87560544848855
          ],
          [
            30.30674298168253,
            59.875608320370006
          ],
          [
            30.306979700704918,
            59.87561091000203
          ],
          [
            30.30721959454203,
            59.875613534364966
          ],
          [
            30.30745890023954,
            59.87561615229531
          ],
          [
            30.30769764800168,
            59.875618764122024
          ],
          [
            30.30792927408787,
            59.87562129804097
          ],
          [
            30.30816915675693,
            59.87562392228164
          ],
          [
            30.308433982769998,
            59.87562681934713
          ],
          [
            30.308700916431793,
            59.87563187127304
          ],
          [
            30.308957673121398,
            59.87563616208438
          ],
          [
            30.30921941274531,
            59.875640536167715
          ],
          [
            30.309479735236216,
            59.87564488657095
          ],
          [
            30.30973806037913,
            59.875649203597
          ],
          [
            30.309981522269005,
            59.87565327223628
          ],
          [
            30.31019497534649,
            59.875656839348316
          ],
          [
            30.310397135302374,
            59.8756601896624
          ],
          [
            30.310595325618007,
            59.87566347528503
          ],
          [
            30.310749906350658,
            59.875666037942906
          ],
          [
            30.31087459130249,
            59.875668104983305
          ],
          [
            30.310992797639624,
            59.87567006462841
          ],
          [
            30.311080037971433,
            59.87567151091023
          ],
          [
            30.311149902884583,
            59.87567266913931
          ],
          [
            30.311186580189013,
            59.87567327717982
          ],
          [
            30.311225774903942,
            59.87567392695535
          ],
          [
            30.311240722117788,
            59.875674174755076
          ],
          [
            30.311257306706498,
            59.87567444968885
          ],
          [
            30.311281095533943,
            59.87567484727283
          ],
          [
            30.3113079392405,
            59.87567532175957
          ],
          [
            30.311330468721145,
            59.875675719987704
          ],
          [
            30.31135110043773,
            59.875676084671206
          ],
          [
            30.311370487312765,
            59.87567642735143
          ],
          [
            30.311377137218805,
            59.875676544893274
          ],
          [
            30.31138099523536,
            59.8756766130843
          ],
          [
            30.311373448935615,
            59.87567647969853
          ],
          [
            30.311373181898624,
            59.875676474980565
          ],
          [
            30.311373181898652,
            59.87567647498014
          ],
          [
            30.311373181898652,
            59.87567647498014
          ],
          [
            30.311373181898652,
            59.87567647498014
          ],
          [
            30.311373181898652,
            59.87567647498014
          ],
          [
            30.311373181898652,
            59.87567647498014
          ],
          [
            30.311385302300735,
            59.8756766892185
          ],
          [
            30.311393025597418,
            59.87567682573361
          ],
          [
            30.311408634227767,
            59.8756771016306
          ],
          [
            30.311416277889183,
            59.87567723673823
          ],
          [
            30.31141776724817,
            59.8756772630672
          ],
          [
            30.311424090552602,
            59.87567737483335
          ],
          [
            30.311428910241318,
            59.875677460031326
          ],
          [
            30.311428270469378,
            59.87567744871628
          ],
          [
            30.311434536203855,
            59.875677559471626
          ],
          [
            30.311437493493806,
            59.875677611743406
          ],
          [
            30.311437513194385,
            59.87567761209353
          ],
          [
            30.311437513194424,
            59.87567761209294
          ],
          [
            30.311437513194416,
            59.87567761209308
          ],
          [
            30.311437513194416,
            59.87567761209308
          ],
          [
            30.311437513194416,
            59.87567761209308
          ],
          [
            30.311437513194416,
            59.87567761209308
          ],
          [
            30.311452556438358,
            59.8756778779952
          ],
          [
            30.311460525222568,
            59.8756780188509
          ],
          [
            30.311489200163532,
            59.87567852570498
          ],
          [
            30.3115506447919,
            59.875679611794375
          ],
          [
            30.31163482661664,
            59.875681099779385
          ],
          [
            30.311745188699888,
            59.87568305053015
          ],
          [
            30.31188026851759,
            59.87568555510125
          ],
          [
            30.312033425673782,
            59.87568884268721
          ],
          [
            30.3121912957121,
            59.875692231430094
          ],
          [
            30.31234510071124,
            59.87569553291869
          ],
          [
            30.312508720810076,
            59.87569904509019
          ],
          [
            30.312665438753132,
            59.87570240910946
          ],
          [
            30.312813148303817,
            59.87570557975454
          ],
          [
            30.312933616982328,
            59.87570816565648
          ],
          [
            30.313050100014493,
            59.87571066602219
          ],
          [
            30.313138592947674,
            59.87571256556514
          ],
          [
            30.313231307247655,
            59.87571369538779
          ],
          [
            30.313357896519456,
            59.87571468863599
          ],
          [
            30.313488825275655,
            59.87571571590412
          ],
          [
            30.313647604913875,
            59.87571706004189
          ],
          [
            30.313836636419172,
            59.87571945561595
          ],
          [
            30.314046516970972,
            59.87572318204006
          ],
          [
            30.31426667037487,
            59.875739515902644
          ],
          [
            30.31449701426059,
            59.875742680074175
          ],
          [
            30.314762393278517,
            59.875745844595336
          ],
          [
            30.315038662227682,
            59.87574583559694
          ],
          [
            30.315319848634786,
            59.87574987329049
          ],
          [
            30.315633506178656,
            59.875757018665794
          ],
          [
            30.315951554283487,
            59.875762035137676
          ],
          [
            30.316266307846426,
            59.875765319885225
          ],
          [
            30.316562764043432,
            59.87577046011538
          ],
          [
            30.316861384359367,
            59.87577309236358
          ],
          [
            30.317151714731853,
            59.87576875034461
          ],
          [
            30.317444632650865,
            59.87577377073992
          ],
          [
            30.317728676887423,
            59.87577928795946
          ],
          [
            30.318009620417037,
            59.875786398082916
          ],
          [
            30.31829957131536,
            59.87578797072829
          ],
          [
            30.31859662823522,
            59.87578857714287
          ],
          [
            30.318897653501494,
            59.87578714071172
          ],
          [
            30.319191448307635,
            59.875793595592
          ],
          [
            30.31946549712445,
            59.87580375690168
          ],
          [
            30.31970105534191,
            59.87581221885674
          ],
          [
            30.319917208611347,
            59.875819656989236
          ],
          [
            30.32011858945238,
            59.87583688455494
          ],
          [
            30.320330320846168,
            59.875851453761655
          ],
          [
            30.320551546333096,
            59.8758656013086
          ],
          [
            30.320782166356004,
            59.87587768225521
          ],
          [
            30.32102694849319,
            59.875869817441696
          ],
          [
            30.32129124379103,
            59.875873394523715
          ],
          [
            30.321564948505586,
            59.87587709895772
          ],
          [
            30.32186013181993,
            59.8758810940922
          ],
          [
            30.322164491101862,
            59.87588521341585
          ],
          [
            30.322478892927556,
            59.87588910199351
          ],
          [
            30.322808670565827,
            59.87589312098776
          ],
          [
            30.323139651021755,
            59.87591052848178
          ],
          [
            30.32347946190895,
            59.875916331782065
          ],
          [
            30.32382186583933,
            59.875920012389436
          ],
          [
            30.324152967794042,
            59.87592496781725
          ],
          [
            30.324462871297477,
            59.87593188858761
          ],
          [
            30.324769408427894,
            59.87592040139937
          ],
          [
            30.3250597891357,
            59.87592519606474
          ],
          [
            30.325339086388336,
            59.87592980771923
          ],
          [
            30.325606733973455,
            59.875934227018625
          ],
          [
            30.325864136066016,
            59.87593847712368
          ],
          [
            30.32609562146198,
            59.87594201446697
          ],
          [
            30.32627895674545,
            59.875943434042235
          ],
          [
            30.326441822340513,
            59.87594469508987
          ],
          [
            30.326596246503225,
            59.87594649840703
          ],
          [
            30.32673162496419,
            59.875947902812364
          ],
          [
            30.326841493033882,
            59.87594904257645
          ],
          [
            30.326946864653333,
            59.87595013569472
          ],
          [
            30.327053390480515,
            59.87595124078036
          ],
          [
            30.327140657047515,
            59.875952146077594
          ],
          [
            30.32718200516269,
            59.87595257501931
          ],
          [
            30.327202460446728,
            59.87595278722179
          ],
          [
            30.327221284899373,
            59.87595298250375
          ],
          [
            30.32723586645808,
            59.87595313376929
          ],
          [
            30.32724908727901,
            59.87596905437405
          ],
          [
            30.327294199844303,
            59.87596639991679
          ],
          [
            30.327379028417138,
            59.87596406292581
          ],
          [
            30.327483897528364,
            59.87596395140139
          ],
          [
            30.32760841043105,
            59.8759643132673
          ],
          [
            30.327748720856036,
            59.87596681522476
          ],
          [
            30.32788913345734,
            59.875970043090256
          ],
          [
            30.32802752064345,
            59.87597693358138
          ],
          [
            30.328181446608546,
            59.875962794979195
          ],
          [
            30.32834338219249,
            59.875964086329134
          ],
          [
            30.328517048399295,
            59.875965471175626
          ],
          [
            30.328702153674133,
            59.875969147055606
          ],
          [
            30.328900924598848,
            59.875972035338194
          ],
          [
            30.32910712133937,
            59.87597503150189
          ],
          [
            30.32930175062587,
            59.875977859857635
          ],
          [
            30.32948668657597,
            59.875993347859506
          ],
          [
            30.329661399673466,
            59.87599599142483
          ],
          [
            30.32980760544494,
            59.87599887818688
          ],
          [
            30.32992034063548,
            59.8759983171816
          ],
          [
            30.330023720065732,
            59.87599906576981
          ],
          [
            30.330119013307133,
            59.876002039731475
          ],
          [
            30.33020274060493,
            59.875990952729175
          ],
          [
            30.330268575457648,
            59.87599190941492
          ],
          [
            30.330316106698664,
            59.87599260012404
          ],
          [
            30.330339425097677,
            59.87599293898091
          ],
          [
            30.33032870916092,
            59.87600827257491
          ],
          [
            30.33033087011558,
            59.87600437678781
          ],
          [
            30.330328689204833,
            59.876001715782
          ],
          [
            30.33033250989651,
            59.87599958256974
          ],
          [
            30.330339876763276,
            59.87599754036391
          ],
          [
            30.330343564170445,
            59.87599257673396
          ],
          [
            30.330348551763585,
            59.875988334423205
          ],
          [
            30.33037088775606,
            59.87598872734524
          ],
          [
            30.33039683253103,
            59.87598934048157
          ],
          [
            30.330442115467157,
            59.8759895468757
          ],
          [
            30.330512536823992,
            59.875994539481006
          ],
          [
            30.33060849321514,
            59.87599912189573
          ],
          [
            30.3307163302913,
            59.876003606551826
          ],
          [
            30.33086093253075,
            59.87601005755353
          ],
          [
            30.331024971708842,
            59.87601498130913
          ],
          [
            30.33116873848424,
            59.87602112823145
          ],
          [
            30.331334468383556,
            59.876007043795525
          ],
          [
            30.331516170043322,
            59.87601080382663
          ],
          [
            30.331718747323098,
            59.87601391787007
          ],
          [
            30.331938275545678,
            59.87601712426205
          ],
          [
            30.33216613845388,
            59.876020452388694
          ],
          [
            30.33241896326518,
            59.87604040821327
          ],
          [
            30.332687162841903,
            59.87603595099218
          ],
          [
            30.33294792888274,
            59.87602974233352
          ],
          [
            30.333194222232333,
            59.87602600501883
          ],
          [
            30.33343060091004,
            59.876027344414375
          ],
          [
            30.33367776534707,
            59.87603637768969
          ],
          [
            30.33393239606973,
            59.87604370865199
          ],
          [
            30.33417190775329,
            59.8760501891796
          ],
          [
            30.334392041021257,
            59.87604488087103
          ],
          [
            30.33458824089031,
            59.87604078664171
          ],
          [
            30.334762750330636,
            59.876035372198345
          ],
          [
            30.334912071974212,
            59.87603118885353
          ],
          [
            30.335051519148234,
            59.87603186976394
          ],
          [
            30.33517930083385,
            59.87602954141858
          ],
          [
            30.335275609598202,
            59.876024745690934
          ],
          [
            30.335321627667053,
            59.87601774883102
          ],
          [
            30.33535049673623,
            59.876018727446436
          ],
          [
            30.33538149983338,
            59.87601809108613
          ],
          [
            30.335405823464196,
            59.876020995782646
          ],
          [
            30.3354297828375,
            59.87602883616553
          ],
          [
            30.33543860764515,
            59.87603419551303
          ],
          [
            30.33543793986872,
            59.876034834615574
          ],
          [
            30.33543581969957,
            59.87603531710675
          ],
          [
            30.335455442046015,
            59.876045719579416
          ],
          [
            30.33545752708426,
            59.87604720951564
          ],
          [
            30.335459823139598,
            59.87604614945903
          ],
          [
            30.335461471351422,
            59.876042544791815
          ],
          [
            30.33546401304457,
            59.87604308726546
          ],
          [
            30.335477815544905,
            59.876044482926275
          ],
          [
            30.335489757745297,
            59.876046628658074
          ],
          [
            30.335503999629953,
            59.876049300378064
          ],
          [
            30.335549854080973,
            59.876049520972224
          ],
          [
            30.33560389973364,
            59.87604525019116
          ],
          [
            30.33561884250856,
            59.87604038875025
          ],
          [
            30.335637347414426,
            59.87603351624968
          ],
          [
            30.335682609673253,
            59.87602761050301
          ],
          [
            30.335691601933565,
            59.876027092830704
          ],
          [
            30.33576684817015,
            59.876028325012506
          ],
          [
            30.33580730203747,
            59.876032498366534
          ],
          [
            30.335830268699986,
            59.87603507049774
          ],
          [
            30.335861426566595,
            59.87603804203368
          ],
          [
            30.335904261456882,
            59.876037717836724
          ],
          [
            30.335946929451787,
            59.876037456951735
          ],
          [
            30.335987313455608,
            59.87603723582926
          ],
          [
            30.336030677605667,
            59.87603483401247
          ],
          [
            30.336088032770753,
            59.876043627704625
          ],
          [
            30.336142731312826,
            59.87604530777288
          ],
          [
            30.33619219858914,
            59.87603779288003
          ],
          [
            30.33622734949264,
            59.875892463995186
          ],
          [
            30.336223816795375,
            59.87581433732546
          ],
          [
            30.336225674285963,
            59.87572953833585
          ],
          [
            30.33621719925928,
            59.875629601183164
          ],
          [
            30.336213383945058,
            59.87551668920795
          ],
          [
            30.336228784757942,
            59.87539585541121
          ],
          [
            30.336246812480745,
            59.87526422911398
          ],
          [
            30.336262579985085,
            59.875124150980625
          ],
          [
            30.33627645852812,
            59.874976705547674
          ],
          [
            30.3362846543413,
            59.87482918949923
          ],
          [
            30.336291635349887,
            59.87468365998362
          ],
          [
            30.33629307039273,
            59.874530328590446
          ],
          [
            30.33629292178555,
            59.87437345050462
          ],
          [
            30.336293024561694,
            59.87421747324884
          ],
          [
            30.336304630102944,
            59.87406602423339
          ],
          [
            30.33631262236269,
            59.873921511144474
          ],
          [
            30.336321983758975,
            59.87377977330515
          ],
          [
            30.336332576222606,
            59.87364693302948
          ],
          [
            30.33633886486746,
            59.873517384161445
          ],
          [
            30.336346733176445,
            59.87340069413139
          ],
          [
            30.336359610227493,
            59.873303768433814
          ],
          [
            30.336362418727497,
            59.87322399971901
          ],
          [
            30.336368551220517,
            59.87316012624139
          ],
          [
            30.33637320574886,
            59.87310492618512
          ],
          [
            30.33637425680494,
            59.873053619186685
          ],
          [
            30.33637858058287,
            59.87301117969401
          ],
          [
            30.3363792671606,
            59.87298058400357
          ],
          [
            30.336378762933258,
            59.872954694906305
          ],
          [
            30.336381563814236,
            59.872928618116454
          ],
          [
            30.336382648104987,
            59.872903075696506
          ],
          [
            30.336375942735664,
            59.872883390381986
          ],
          [
            30.33637592744832,
            59.872864064865574
          ],
          [
            30.33637543141867,
            59.872847891091936
          ],
          [
            30.336375648262774,
            59.87282785379999
          ],
          [
            30.33636579693357,
            59.872816867344035
          ],
          [
            30.336362414276746,
            59.872804807890105
          ],
          [
            30.336363350566714,
            59.8727950014543
          ],
          [
            30.33635940673016,
            59.8727854818712
          ],
          [
            30.336358612984167,
            59.872786408536676
          ],
          [
            30.3363619774029,
            59.87278302546086
          ],
          [
            30.33636515723435,
            59.872780475155764
          ],
          [
            30.33635907956739,
            59.872781450857296
          ],
          [
            30.33635775463565,
            59.87277802850679
          ],
          [
            30.33635738833968,
            59.87277631254269
          ],
          [
            30.336356957725823,
            59.87277405801514
          ],
          [
            30.33635780971332,
            59.87276894747946
          ],
          [
            30.33636102914738,
            59.87276826841292
          ],
          [
            30.336368546695187,
            59.87277149557191
          ],
          [
            30.336364998997087,
            59.872772414706596
          ],
          [
            30.336364998997087,
            59.872772414706596
          ],
          [
            30.336364998997087,
            59.872772414706596
          ],
          [
            30.336364998997087,
            59.872772414706596
          ],
          [
            30.336364998997087,
            59.872772414706596
          ],
          [
            30.336364998997087,
            59.872772414706596
          ],
          [
            30.336364998997087,
            59.872772414706596
          ],
          [
            30.336364998997087,
            59.872772414706596
          ],
          [
            30.336364998997087,
            59.872772414706596
          ],
          [
            30.336364998997087,
            59.872772414706596
          ],
          [
            30.336364998997087,
            59.872772414706596
          ],
          [
            30.336364998997087,
            59.872772414706596
          ],
          [
            30.336364998997087,
            59.872772414706596
          ],
          [
            30.336364998997087,
            59.872772414706596
          ],
          [
            30.336364998997087,
            59.872772414706596
          ],
          [
            30.336364998997087,
            59.872772414706596
          ],
          [
            30.336364998997087,
            59.872772414706596
          ],
          [
            30.336364998997087,
            59.872772414706596
          ],
          [
            30.336364998997087,
            59.872772414706596
          ],
          [
            30.336364998997087,
            59.872772414706596
          ],
          [
            30.336364998997087,
            59.872772414706596
          ],
          [
            30.336364998997087,
            59.872772414706596
          ],
          [
            30.336364998997087,
            59.872772414706596
          ],
          [
            30.336364998997087,
            59.872772414706596
          ],
          [
            30.336364998997087,
            59.872772414706596
          ],
          [
            30.336364998997087,
            59.872772414706596
          ],
          [
            30.336364998997087,
            59.872772414706596
          ],
          [
            30.336364998997087,
            59.872772414706596
          ],
          [
            30.336364998997087,
            59.872772414706596
          ],
          [
            30.336364998997087,
            59.872772414706596
          ],
          [
            30.336364998997087,
            59.872772414706596
          ],
          [
            30.336364998997087,
            59.872772414706596
          ],
          [
            30.336364998997087,
            59.872772414706596
          ],
          [
            30.336364998997087,
            59.872772414706596
          ],
          [
            30.33635542623352,
            59.872779308833714
          ],
          [
            30.336358501586936,
            59.87277779319873
          ],
          [
            30.336358186917053,
            59.872774321955596
          ],
          [
            30.33635844307267,
            59.8727695053243
          ],
          [
            30.336358188358716,
            59.87276662492025
          ],
          [
            30.336354981597154,
            59.8727609470377
          ],
          [
            30.33635441097207,
            59.87276091474179
          ],
          [
            30.336355060142488,
            59.872761111952606
          ],
          [
            30.336355060142488,
            59.872761111952606
          ],
          [
            30.336355060142488,
            59.872761111952606
          ],
          [
            30.336355060142488,
            59.872761111952606
          ],
          [
            30.336355060142488,
            59.872761111952606
          ],
          [
            30.336355060142488,
            59.872761111952606
          ],
          [
            30.336362079490154,
            59.87276084996259
          ],
          [
            30.336361491453918,
            59.87275463345863
          ],
          [
            30.336363956316724,
            59.872728981443224
          ],
          [
            30.336364736293092,
            59.87268623501806
          ],
          [
            30.336365061950666,
            59.87263902442873
          ],
          [
            30.33636797934746,
            59.87259156381122
          ],
          [
            30.33636917991328,
            59.87255271857255
          ],
          [
            30.336375213589406,
            59.872520302547485
          ],
          [
            30.336378169558163,
            59.872490066842694
          ],
          [
            30.336384419596705,
            59.87245740361449
          ],
          [
            30.336384208554986,
            59.87242805537143
          ],
          [
            30.3363844678554,
            59.87239779817898
          ],
          [
            30.336376794486846,
            59.87236600372059
          ],
          [
            30.336383911311444,
            59.87233999143901
          ],
          [
            30.336390414103516,
            59.872321887215854
          ],
          [
            30.33639345884734,
            59.872310286874544
          ],
          [
            30.33639061063442,
            59.872305584351196
          ],
          [
            30.336393536475608,
            59.87230952752457
          ],
          [
            30.33639174382043,
            59.87230988705503
          ],
          [
            30.336394099041637,
            59.87231075402588
          ],
          [
            30.336397182794624,
            59.87230945653104
          ],
          [
            30.336397324688285,
            59.87230768664962
          ],
          [
            30.33640090168872,
            59.872309122927454
          ],
          [
            30.33640078024632,
            59.87230924027241
          ],
          [
            30.33640078024632,
            59.87230924027241
          ],
          [
            30.33640078024632,
            59.87230924027241
          ],
          [
            30.33640078024632,
            59.87230924027241
          ],
          [
            30.33640078024632,
            59.87230924027241
          ],
          [
            30.33640078024632,
            59.87230924027241
          ],
          [
            30.33640078024632,
            59.87230924027241
          ],
          [
            30.33640078024632,
            59.87230924027241
          ],
          [
            30.33640078024632,
            59.87230924027241
          ],
          [
            30.33640078024632,
            59.87230924027241
          ],
          [
            30.33640078024632,
            59.87230924027241
          ],
          [
            30.33640078024632,
            59.87230924027241
          ],
          [
            30.33640078024632,
            59.87230924027241
          ],
          [
            30.33640078024632,
            59.87230924027241
          ],
          [
            30.33640078024632,
            59.87230924027241
          ],
          [
            30.33639642224006,
            59.87231051842453
          ],
          [
            30.336396808662155,
            59.872309590923486
          ],
          [
            30.33640099963533,
            59.87230154726175
          ],
          [
            30.336401506408244,
            59.8722920133747
          ],
          [
            30.336402413770863,
            59.87229634356272
          ],
          [
            30.336401602067166,
            59.87229669780106
          ],
          [
            30.336401602067166,
            59.87229669780106
          ],
          [
            30.336401602067166,
            59.87229669780106
          ],
          [
            30.336401602067166,
            59.87229669780106
          ],
          [
            30.336401602067166,
            59.87229669780106
          ],
          [
            30.336401602067166,
            59.87229669780106
          ],
          [
            30.336401602067166,
            59.87229669780106
          ],
          [
            30.336401602067166,
            59.87229669780106
          ],
          [
            30.336401602067166,
            59.87229669780106
          ],
          [
            30.336401602067166,
            59.87229669780106
          ],
          [
            30.336401602067166,
            59.87229669780106
          ],
          [
            30.336401602067166,
            59.87229669780106
          ],
          [
            30.336401602067166,
            59.87229669780106
          ],
          [
            30.336401602067166,
            59.87229669780106
          ],
          [
            30.336401602067166,
            59.87229669780106
          ],
          [
            30.336401602067166,
            59.87229669780106
          ],
          [
            30.336401602067166,
            59.87229669780106
          ],
          [
            30.336401602067166,
            59.87229669780106
          ],
          [
            30.336401602067166,
            59.87229669780106
          ],
          [
            30.336401602067166,
            59.87229669780106
          ],
          [
            30.336401602067166,
            59.87229669780106
          ],
          [
            30.336401602067166,
            59.87229669780106
          ],
          [
            30.336401602067166,
            59.87229669780106
          ],
          [
            30.336401602067166,
            59.87229669780106
          ],
          [
            30.336401602067166,
            59.87229669780106
          ],
          [
            30.336401602067166,
            59.87229669780106
          ],
          [
            30.336401602067166,
            59.87229669780106
          ],
          [
            30.336401602067166,
            59.87229669780106
          ],
          [
            30.336401602067166,
            59.87229669780106
          ],
          [
            30.336401602067166,
            59.87229669780106
          ],
          [
            30.336401602067166,
            59.87229669780106
          ],
          [
            30.336401602067166,
            59.87229669780106
          ],
          [
            30.336401602067166,
            59.87229669780106
          ],
          [
            30.336401602067166,
            59.87229669780106
          ],
          [
            30.336401602067166,
            59.87229669780106
          ],
          [
            30.336401602067166,
            59.87229669780106
          ],
          [
            30.336401602067166,
            59.87229669780106
          ],
          [
            30.336401602067166,
            59.87229669780106
          ],
          [
            30.336401602067166,
            59.87229669780106
          ],
          [
            30.336401602067166,
            59.87229669780106
          ],
          [
            30.336401602067166,
            59.87229669780106
          ],
          [
            30.336401602067166,
            59.87229669780106
          ],
          [
            30.336401602067166,
            59.87229669780106
          ],
          [
            30.336401602067166,
            59.87229669780106
          ],
          [
            30.336401602067166,
            59.87229669780106
          ],
          [
            30.336401602067166,
            59.87229669780106
          ],
          [
            30.33639513401329,
            59.87229891561201
          ],
          [
            30.33639687949076,
            59.87229508443543
          ],
          [
            30.336397512136298,
            59.87229360090405
          ],
          [
            30.336399240794908,
            59.87229332974436
          ],
          [
            30.33640308205287,
            59.87228793067848
          ],
          [
            30.336406483403035,
            59.872265604917445
          ],
          [
            30.336409675434858,
            59.872235924279224
          ],
          [
            30.336407307428345,
            59.87220617442658
          ],
          [
            30.33640279933511,
            59.87217289852763
          ],
          [
            30.336404552868277,
            59.87212860176477
          ],
          [
            30.336407660137862,
            59.87208298654996
          ],
          [
            30.336415306264584,
            59.87203217163039
          ],
          [
            30.336448267568986,
            59.87198053590359
          ],
          [
            30.336501028287067,
            59.87193804223156
          ],
          [
            30.336492801398578,
            59.87190591036529
          ],
          [
            30.336762928330515,
            59.87190531152946
          ],
          [
            30.336927071064643,
            59.87191385562479
          ],
          [
            30.337108993396154,
            59.87191767622273
          ],
          [
            30.33730911132235,
            59.87192087755136
          ],
          [
            30.337518924146647,
            59.87192307767212
          ],
          [
            30.337728039875874,
            59.87192504591126
          ],
          [
            30.33793715951796,
            59.871929136123924
          ],
          [
            30.33814021413713,
            59.87193299951619
          ],
          [
            30.33834230729042,
            59.87193805001942
          ],
          [
            30.338546031747473,
            59.871944118999174
          ],
          [
            30.33876052655212,
            59.87194960703771
          ],
          [
            30.338987612620592,
            59.87195720361178
          ],
          [
            30.33921393472438,
            59.87196099597998
          ],
          [
            30.339435298915678,
            59.871963388236296
          ],
          [
            30.33965507608057,
            59.87196816031419
          ],
          [
            30.33987304855569,
            59.87195560970068
          ],
          [
            30.340098838260904,
            59.87195868770241
          ],
          [
            30.340321988138957,
            59.871976964280776
          ],
          [
            30.340561289706738,
            59.871973600646726
          ],
          [
            30.34080295169157,
            59.87196942187015
          ],
          [
            30.34105082807005,
            59.87196132927828
          ],
          [
            30.34127742556638,
            59.87195783205925
          ],
          [
            30.341490788436836,
            59.87195532523245
          ],
          [
            30.34169936732826,
            59.8719557453587
          ],
          [
            30.3418940240086,
            59.87196908841018
          ],
          [
            30.34204907141801,
            59.87197139131685
          ],
          [
            30.342206964978654,
            59.87197370561488
          ],
          [
            30.34236145229026,
            59.87197596701507
          ],
          [
            30.34249692094898,
            59.87197794998
          ],
          [
            30.342598056443766,
            59.871978994823074
          ],
          [
            30.342676618948303,
            59.871979938685044
          ],
          [
            30.342738593087297,
            59.871980730565376
          ],
          [
            30.342793106684425,
            59.871981494954426
          ],
          [
            30.342838990774982,
            59.8719821383373
          ],
          [
            30.34286365170268,
            59.87198248413179
          ],
          [
            30.34288088941883,
            59.87198272583885
          ],
          [
            30.342889030240148,
            59.871982839988725
          ],
          [
            30.34289406427847,
            59.87198291057662
          ],
          [
            30.34288377558529,
            59.871982766308875
          ],
          [
            30.342877891089554,
            59.87196900599526
          ],
          [
            30.342870894026824,
            59.87197173832688
          ],
          [
            30.34286513057473,
            59.87197357559223
          ],
          [
            30.34285958053974,
            59.871974476778185
          ],
          [
            30.34285376372076,
            59.871976096861154
          ],
          [
            30.3428527818983,
            59.871976663728496
          ],
          [
            30.342854812189582,
            59.87197756752423
          ],
          [
            30.342875960132414,
            59.87197866077573
          ],
          [
            30.342903607872202,
            59.871982699384624
          ],
          [
            30.34291821506106,
            59.87198354852939
          ],
          [
            30.342912304354876,
            59.871983463136175
          ],
          [
            30.34292201736549,
            59.87198250448193
          ],
          [
            30.34297019086973,
            59.87198523159322
          ],
          [
            30.343066049040193,
            59.87199131390907
          ],
          [
            30.343180497097077,
            59.87199735479814
          ],
          [
            30.343303650211737,
            59.872001449392506
          ],
          [
            30.34342657089681,
            59.87200756730013
          ],
          [
            30.343576428289698,
            59.872010451986185
          ],
          [
            30.343732436977973,
            59.8720162185332
          ],
          [
            30.343897460614375,
            59.87202043652295
          ],
          [
            30.34406618647108,
            59.872020763969175
          ],
          [
            30.344249159235495,
            59.872022048414884
          ],
          [
            30.344444204091452,
            59.872025720583515
          ],
          [
            30.344607922782547,
            59.87203533492328
          ],
          [
            30.344747023709846,
            59.872048544080755
          ],
          [
            30.344858944722855,
            59.872062395590106
          ],
          [
            30.34492756247063,
            59.87207291148873
          ],
          [
            30.34494875447594,
            59.87207696223642
          ],
          [
            30.34494409790004,
            59.872080081952866
          ],
          [
            30.344964232754585,
            59.87206624443937
          ],
          [
            30.344966463683612,
            59.87206645995459
          ],
          [
            30.344960925257862,
            59.872065924938035
          ],
          [
            30.34494253961968,
            59.87207586732524
          ],
          [
            30.344898806896087,
            59.872206029958114
          ],
          [
            30.344885981839404,
            59.87224226201209
          ],
          [
            30.344874666922866,
            59.87227223170793
          ],
          [
            30.344862183592433,
            59.87230030184573
          ],
          [
            30.344836788242752,
            59.872325830333274
          ],
          [
            30.34483036401595,
            59.87234085758375
          ],
          [
            30.3448568149681,
            59.87236095879171
          ],
          [
            30.344854798598902,
            59.872368900472736
          ],
          [
            30.34483692376802,
            59.87238625129135
          ],
          [
            30.344830361946737,
            59.87240372513081
          ],
          [
            30.344824946986126,
            59.87241811856267
          ],
          [
            30.34482307012244,
            59.87242310742237
          ],
          [
            30.344816573728096,
            59.872440375227285
          ],
          [
            30.344817948781483,
            59.87243672030497
          ],
          [
            30.344800237673635,
            59.87243551463578
          ],
          [
            30.344796376291914,
            59.87244055761197
          ],
          [
            30.344792784102957,
            59.87244364239543
          ],
          [
            30.34478818232815,
            59.87244815217486
          ],
          [
            30.344784453979738,
            59.87245043587502
          ],
          [
            30.344781620659592,
            59.872452948213315
          ],
          [
            30.34448636605618,
            59.872388400311905
          ],
          [
            30.344462606082935,
            59.8723883357467
          ],
          [
            30.344433970680196,
            59.8723882579327
          ],
          [
            30.34441271805476,
            59.87238820018128
          ],
          [
            30.344409141812527,
            59.8723881904624
          ],
          [
            30.344403854343604,
            59.87238817609479
          ],
          [
            30.34440905114339,
            59.872388190217045
          ],
          [
            30.344415171869517,
            59.87238820684883
          ],
          [
            30.34441853066493,
            59.87238821597621
          ],
          [
            30.34442343414252,
            59.872388229300974
          ],
          [
            30.344431249903288,
            59.87238825053996
          ],
          [
            30.34444528360488,
            59.872388288674856
          ],
          [
            30.344448968983684,
            59.87238829868894
          ],
          [
            30.344446537619994,
            59.872388292081794
          ],
          [
            30.34444191694371,
            59.87238827952588
          ],
          [
            30.344446135270914,
            59.872388290989086
          ],
          [
            30.34445097552432,
            59.872388304141374
          ],
          [
            30.344448643891855,
            59.87238829780554
          ],
          [
            30.344448890943536,
            59.87238829847665
          ],
          [
            30.344429028549538,
            59.8723882445029
          ],
          [
            30.344420671040254,
            59.87238822179249
          ],
          [
            30.344393409964127,
            59.872388147713714
          ],
          [
            30.344393029035103,
            59.87238814667839
          ],
          [
            30.344390207101526,
            59.872388139009914
          ],
          [
            30.344390207101526,
            59.872388139009914
          ],
          [
            30.344390207101526,
            59.8723881390099
          ],
          [
            30.344390207101526,
            59.87238813900986
          ],
          [
            30.344390207101526,
            59.87238813900986
          ],
          [
            30.3443874734,
            59.87238813158139
          ],
          [
            30.34438892713641,
            59.87238813553159
          ],
          [
            30.34438892713641,
            59.872388135531594
          ],
          [
            30.344388927136414,
            59.87238813553151
          ],
          [
            30.34438892713641,
            59.87238813553158
          ],
          [
            30.344388927136414,
            59.87238813553151
          ],
          [
            30.34438892713641,
            59.872388135531544
          ],
          [
            30.34438892713641,
            59.87238813553159
          ],
          [
            30.34438892713641,
            59.872388135531594
          ],
          [
            30.344388927136414,
            59.87238813553151
          ],
          [
            30.344388927136414,
            59.87238813553151
          ],
          [
            30.344388927136414,
            59.87238813553151
          ],
          [
            30.344378587811775,
            59.87238810743537
          ],
          [
            30.34437060388035,
            59.87238808573946
          ],
          [
            30.34437210642512,
            59.8723880898228
          ],
          [
            30.34437210642512,
            59.872388089822834
          ],
          [
            30.34437210642512,
            59.872388089822834
          ],
          [
            30.34437210642512,
            59.872388089822834
          ],
          [
            30.34437210642512,
            59.872388089822834
          ],
          [
            30.34437210642512,
            59.872388089822834
          ],
          [
            30.34437210642512,
            59.872388089822856
          ],
          [
            30.344356882959307,
            59.87238804845479
          ],
          [
            30.344349100241224,
            59.87238802730619
          ],
          [
            30.344327569025396,
            59.87238796879749
          ],
          [
            30.344339841836582,
            59.87238800214777
          ],
          [
            30.344333118893356,
            59.872387983878106
          ],
          [
            30.344322634566836,
            59.87238795538819
          ],
          [
            30.344318230065777,
            59.87238794341942
          ],
          [
            30.344318623856736,
            59.872387944490576
          ],
          [
            30.34432050054612,
            59.87238794959045
          ],
          [
            30.344319768943972,
            59.872387947602085
          ],
          [
            30.344313321772773,
            59.872387930083185
          ],
          [
            30.34430366668475,
            59.87238790792046
          ],
          [
            30.34430366668475,
            59.87238790792046
          ],
          [
            30.34429711231745,
            59.87238790792032
          ],
          [
            30.34429297801309,
            59.872387907920306
          ],
          [
            30.344292881223915,
            59.87238790792012
          ],
          [
            30.34429447255599,
            59.872387907920334
          ],
          [
            30.344300387333053,
            59.872387907919645
          ],
          [
            30.344312060233772,
            59.872387926654234
          ],
          [
            30.344317871270377,
            59.872387942445016
          ],
          [
            30.34432451217739,
            59.87238796049149
          ],
          [
            30.344327076695883,
            59.872387967460554
          ],
          [
            30.344333224876483,
            59.87238798416702
          ],
          [
            30.344332850589428,
            59.87238798315
          ],
          [
            30.344335053513046,
            59.872387989136804
          ],
          [
            30.344331079835815,
            59.87238797833835
          ],
          [
            30.344340683441665,
            59.8723880044358
          ],
          [
            30.344339961334384,
            59.87240281231809
          ],
          [
            30.34434128194639,
            59.872402507131056
          ],
          [
            30.344346963132615,
            59.87240137433986
          ],
          [
            30.34435248990544,
            59.872402140959764
          ],
          [
            30.344363483675284,
            59.872401431401805
          ],
          [
            30.34437257760878,
            59.87240116527565
          ],
          [
            30.344378925633702,
            59.87240015569929
          ],
          [
            30.344387456628127,
            59.87240462768268
          ],
          [
            30.344391595055527,
            59.87240222741569
          ],
          [
            30.344392267451962,
            59.872404155499055
          ],
          [
            30.344397408925857,
            59.87238815858076
          ],
          [
            30.34440306336141,
            59.872403464719625
          ],
          [
            30.34440306336141,
            59.872403464719625
          ],
          [
            30.34441170083158,
            59.87240082406948
          ],
          [
            30.344406814655876,
            59.87239849364545
          ],
          [
            30.344402349156216,
            59.872395925544524
          ],
          [
            30.344402349156216,
            59.872395925544524
          ],
          [
            30.344402349156216,
            59.872395925544524
          ],
          [
            30.344402349156216,
            59.872395925544524
          ],
          [
            30.344402349156216,
            59.872395925544524
          ],
          [
            30.344402349156216,
            59.872395925544524
          ],
          [
            30.34439522322773,
            59.87239833198595
          ],
          [
            30.344399782531987,
            59.872400271371916
          ],
          [
            30.34440249965718,
            59.87240288527833
          ],
          [
            30.344405754787644,
            59.87240387564318
          ],
          [
            30.344409121557167,
            59.87240265730936
          ],
          [
            30.344414236798613,
            59.87240195388484
          ],
          [
            30.344414236798613,
            59.87240195388484
          ],
          [
            30.34441683986667,
            59.87239925466353
          ],
          [
            30.344418406241413,
            59.872398585072965
          ],
          [
            30.34442122342236,
            59.87239620040267
          ],
          [
            30.344424390853156,
            59.87239742709209
          ],
          [
            30.34442913767299,
            59.87239821060195
          ],
          [
            30.344437191069744,
            59.872398853127734
          ],
          [
            30.34443792879075,
            59.87239858660721
          ],
          [
            30.344437217430787,
            59.872398562743804
          ],
          [
            30.344437217430787,
            59.872398562743804
          ],
          [
            30.344437217430787,
            59.872398562743804
          ],
          [
            30.344437217430787,
            59.872398562743804
          ],
          [
            30.344437217430787,
            59.872398562743804
          ],
          [
            30.344437217430787,
            59.872398562743804
          ],
          [
            30.344437217430787,
            59.872398562743804
          ],
          [
            30.344437217430787,
            59.872398562743804
          ],
          [
            30.344437217430787,
            59.872398562743804
          ],
          [
            30.344437217430787,
            59.872398562743804
          ],
          [
            30.344452188014778,
            59.87238830743654
          ],
          [
            30.3444538778021,
            59.87238831202834
          ],
          [
            30.344452756079082,
            59.872388308980064
          ],
          [
            30.344454610797385,
            59.87238831402015
          ],
          [
            30.344453681043632,
            59.87238831149351
          ],
          [
            30.344454586590647,
            59.87238831395395
          ],
          [
            30.34445308927451,
            59.87238830988562
          ],
          [
            30.344455509759687,
            59.87238831646231
          ],
          [
            30.344458142463232,
            59.87238832361696
          ],
          [
            30.344458325574976,
            59.872388324113764
          ],
          [
            30.34445567539425,
            59.87238831691218
          ],
          [
            30.344457002954194,
            59.87238832051951
          ],
          [
            30.344458882481018,
            59.87238832562685
          ],
          [
            30.344456583181593,
            59.87238831937942
          ],
          [
            30.344448956157407,
            59.872388298653895
          ],
          [
            30.34444643536576,
            59.87238829180366
          ],
          [
            30.34444746136339,
            59.87238829459241
          ],
          [
            30.344448241959025,
            59.87238829671349
          ],
          [
            30.34445034083496,
            59.8723883024165
          ],
          [
            30.344451814888878,
            59.872388306422145
          ],
          [
            30.344451814888878,
            59.872388306422
          ],
          [
            30.344451814888878,
            59.872388306421975
          ],
          [
            30.344453082373345,
            59.87240473880514
          ],
          [
            30.34445134495206,
            59.87238830514502
          ],
          [
            30.344451670168574,
            59.87238830602887
          ],
          [
            30.344451670168574,
            59.872388306028775
          ],
          [
            30.344451670168574,
            59.87238830602881
          ],
          [
            30.344448702796786,
            59.87238829796491
          ],
          [
            30.344450769550313,
            59.87238830358126
          ],
          [
            30.34445171312804,
            59.87238830614492
          ],
          [
            30.34444974400281,
            59.872388300794704
          ],
          [
            30.344448727984748,
            59.87238829803406
          ],
          [
            30.34444701067765,
            59.87238829336703
          ],
          [
            30.3444364283494,
            59.872404692990365
          ],
          [
            30.34443193781361,
            59.8724040905225
          ],
          [
            30.344426432210902,
            59.87240212697946
          ],
          [
            30.344425381936137,
            59.87240208471654
          ],
          [
            30.34442684944386,
            59.872400806109056
          ],
          [
            30.344426130901947,
            59.87240153465454
          ],
          [
            30.344423571125052,
            59.8724005431685
          ],
          [
            30.344428193383347,
            59.872400384332515
          ],
          [
            30.34443634504676,
            59.872397821564526
          ],
          [
            30.34443830111285,
            59.87239665069272
          ],
          [
            30.344441132789186,
            59.87239293111556
          ],
          [
            30.344439475665595,
            59.87239311058051
          ],
          [
            30.34443153883303,
            59.87239536299821
          ],
          [
            30.344423007290867,
            59.872396249279916
          ],
          [
            30.344416615924697,
            59.87239923914678
          ],
          [
            30.34440677220448,
            59.87240063985198
          ],
          [
            30.34440049566679,
            59.87240414772158
          ],
          [
            30.34440435309929,
            59.872402944927096
          ],
          [
            30.34441264942246,
            59.87240047416488
          ],
          [
            30.34441466778456,
            59.872401885262185
          ],
          [
            30.344412913856242,
            59.872403025392444
          ],
          [
            30.3444138716183,
            59.87238820331616
          ],
          [
            30.344408499153754,
            59.87238818871774
          ],
          [
            30.344400824090588,
            59.87238816786062
          ],
          [
            30.344366548764047,
            59.87240439263414
          ],
          [
            30.344329917410494,
            59.872387975180494
          ],
          [
            30.344297392177502,
            59.87238790792117
          ],
          [
            30.34427181166442,
            59.87238765397587
          ],
          [
            30.344233062621214,
            59.872387147928336
          ],
          [
            30.344197655782292,
            59.872402039670405
          ],
          [
            30.344159854146326,
            59.872395792691854
          ],
          [
            30.34413017246111,
            59.872390856708115
          ],
          [
            30.344097442108392,
            59.87239019314153
          ],
          [
            30.344070266488355,
            59.87238879341441
          ],
          [
            30.344036292514907,
            59.872380600149434
          ],
          [
            30.344017966854995,
            59.87237667803455
          ],
          [
            30.344002678223312,
            59.8723689811827
          ],
          [
            30.343989809307857,
            59.872377900080856
          ],
          [
            30.343984566677747,
            59.872377870341786
          ],
          [
            30.343989494308456,
            59.872377898294054
          ],
          [
            30.343999654502266,
            59.872377955926666
          ],
          [
            30.344006794964656,
            59.8723779964299
          ],
          [
            30.344012799349066,
            59.87237803048903
          ],
          [
            30.344019801019193,
            59.872378070205144
          ],
          [
            30.344028162259416,
            59.87237811763356
          ],
          [
            30.344035028537775,
            59.87237815658184
          ],
          [
            30.344036441334215,
            59.87237816459646
          ],
          [
            30.34404106420848,
            59.87237819081842
          ],
          [
            30.344055660698675,
            59.87237827361784
          ],
          [
            30.344058878376725,
            59.87237829187065
          ],
          [
            30.344058762463643,
            59.87237829121354
          ],
          [
            30.344053635151088,
            59.87237826212792
          ],
          [
            30.344061783094777,
            59.87237830834873
          ],
          [
            30.344071382495567,
            59.87237836280134
          ],
          [
            30.344091706115304,
            59.87237847808937
          ],
          [
            30.344131272407296,
            59.8723787025337
          ],
          [
            30.344182821215323,
            59.87237890528005
          ],
          [
            30.34423019657516,
            59.872378905278985
          ],
          [
            30.344277672836895,
            59.872379425073454
          ],
          [
            30.34434273720663,
            59.87237960528057
          ],
          [
            30.344383720737387,
            59.872379818623564
          ],
          [
            30.344368166264477,
            59.872379776355864
          ],
          [
            30.344364540390554,
            59.87237976650273
          ],
          [
            30.34437028853288,
            59.8723797821223
          ]
        ]
      }
    },
    {
      "type": "Feature",
      "properties": {
        "monotonic_time": 65919.138078928,
        "horizontal_accuracy": 6.720205032197062,
        "speed": 18.3675260523678,
        "course": 149.57261657714844,
        "synthetic": false
      },
      "geometry": {
        "type": "Point",
        "coordinates": [
          30.22821136919105,
          60.03427576103313
        ]
      }
    },
    {
      "type": "Feature",
      "properties": {
        "monotonic_time": 65920.1380701065,
        "horizontal_accuracy": 7.087177598037724,
        "speed": 18.22346915368977,
        "course": 149.57261657714844,
        "synthetic": false
      },
      "geometry": {
        "type": "Point",
        "coordinates": [
          30.22837731186391,
          60.034134411601066
        ]
      }
    },
    {
      "type": "Feature",
      "properties": {
        "monotonic_time": 65921.13806092739,
        "horizontal_accuracy": 8.051877838630055,
        "speed": 17.791495812215928,
        "course": 149.57261657714844,
        "synthetic": false
      },
      "geometry": {
        "type": "Point",
        "coordinates": [
          30.228552973739568,
          60.03398478327323
        ]
      }
    },
    {
      "type": "Feature",
      "properties": {
        "monotonic_time": 65922.1380521059,
        "horizontal_accuracy": 6.253438235261223,
        "speed": 16.83377449687982,
        "course": 149.57261657714844,
        "synthetic": false
      },
      "geometry": {
        "type": "Point",
        "coordinates": [
          30.228706211152545,
          60.03385425602208
        ]
      }
    },
    {
      "type": "Feature",
      "properties": {
        "monotonic_time": 65923.13804388046,
        "horizontal_accuracy": 7.801688858459921,
        "speed": 15.441471571583396,
        "course": 149.57261657714844,
        "synthetic": false
      },
      "geometry": {
        "type": "Point",
        "coordinates": [
          30.228853850000476,
          60.03372849764709
        ]
      }
    },
    {
      "type": "Feature",
      "properties": {
        "monotonic_time": 65924.13803470135,
        "horizontal_accuracy": 6.482685367742545,
        "speed": 13.719505563740821,
        "course": 149.57261657714844,
        "synthetic": false
      },
      "geometry": {
        "type": "Point",
        "coordinates": [
          30.228986049252114,
          60.033615890687194
        ]
      }
    },
    {
      "type": "Feature",
      "properties": {
        "monotonic_time": 65925.13802611828,
        "horizontal_accuracy": 6.534587610704545,
        "speed": 11.724509643853757,
        "course": 149.57261657714844,
        "synthetic": false
      },
      "geometry": {
        "type": "Point",
        "coordinates": [
          30.229098555623683,
          60.03352005803738
        ]
      }
    },
    {
      "type": "Feature",
      "properties": {
        "monotonic_time": 65926.13801801205,
        "horizontal_accuracy": 6.707610204321024,
        "speed": 10.427275743698484,
        "course": 149.57261657714844,
        "synthetic": false
      },
      "geometry": {
        "type": "Point",
        "coordinates": [
          30.22920363714583,
          60.03343054913748
        ]
      }
    },
    {
      "type": "Feature",
      "properties": {
        "monotonic_time": 65927.13800919056,
        "horizontal_accuracy": 9.331422421167622,
        "speed": 9.386065201997873,
        "course": 149.5665740966797,
        "synthetic": false
      },
      "geometry": {
        "type": "Point",
        "coordinates": [
          30.229302426803955,
          60.03334642671803
        ]
      }
    },
    {
      "type": "Feature",
      "properties": {
        "monotonic_time": 65928.13800036907,
        "horizontal_accuracy": 8.077807777367617,
        "speed": 8.14307419185168,
        "course": 149.5665740966797,
        "synthetic": false
      },
      "geometry": {
        "type": "Point",
        "coordinates": [
          30.229372147853372,
          60.0332870528031
        ]
      }
    },
    {
      "type": "Feature",
      "properties": {
        "monotonic_time": 65929.13799142838,
        "horizontal_accuracy": 6.682554751381709,
        "speed": 6.279611184595476,
        "course": 149.5665740966797,
        "synthetic": false
      },
      "geometry": {
        "type": "Point",
        "coordinates": [
          30.229431209363977,
          60.03323675651414
        ]
      }
    },
    {
      "type": "Feature",
      "properties": {
        "monotonic_time": 65930.13798236847,
        "horizontal_accuracy": 7.932842567208049,
        "speed": 5.5678330112669565,
        "course": 149.5665740966797,
        "synthetic": false
      },
      "geometry": {
        "type": "Point",
        "coordinates": [
          30.22949832238634,
          60.03317960363664
        ]
      }
    },
    {
      "type": "Feature",
      "properties": {
        "monotonic_time": 65931.13797342777,
        "horizontal_accuracy": 8.585110163308952,
        "speed": 4.054130366810646,
        "course": 149.5665740966797,
        "synthetic": false
      },
      "geometry": {
        "type": "Point",
        "coordinates": [
          30.229539382856274,
          60.03314463685554
        ]
      }
    },
    {
      "type": "Feature",
      "properties": {
        "monotonic_time": 65932.13796496391,
        "horizontal_accuracy": 11.386274731308156,
        "speed": 3.074084969696018,
        "course": 149.5665740966797,
        "synthetic": false
      },
      "geometry": {
        "type": "Point",
        "coordinates": [
          30.229579331871555,
          60.03308392776033
        ]
      }
    },
    {
      "type": "Feature",
      "properties": {
        "monotonic_time": 65933.137955904,
        "horizontal_accuracy": 10.957319274737609,
        "speed": 3.102968085748659,
        "course": 149.5665740966797,
        "synthetic": false
      },
      "geometry": {
        "type": "Point",
        "coordinates": [
          30.229612551091595,
          60.03306206488408
        ]
      }
    },
    {
      "type": "Feature",
      "properties": {
        "monotonic_time": 65934.1379468441,
        "horizontal_accuracy": 9.829439847724446,
        "speed": 3.246720160319137,
        "course": 149.5665740966797,
        "synthetic": false
      },
      "geometry": {
        "type": "Point",
        "coordinates": [
          30.229640957272583,
          60.03303697943641
        ]
      }
    },
    {
      "type": "Feature",
      "properties": {
        "monotonic_time": 65935.1379377842,
        "horizontal_accuracy": 9.647555865693194,
        "speed": 4.42973444129714,
        "course": 149.5665740966797,
        "synthetic": false
      },
      "geometry": {
        "type": "Point",
        "coordinates": [
          30.229684437294203,
          60.032996650617974
        ]
      }
    },
    {
      "type": "Feature",
      "properties": {
        "monotonic_time": 65936.13792943954,
        "horizontal_accuracy": 9.939159729278927,
        "speed": 5.926490989859563,
        "course": 149.5665740966797,
        "synthetic": false
      },
      "geometry": {
        "type": "Point",
        "coordinates": [
          30.22976858975769,
          60.03294944617948
        ]
      }
    },
    {
      "type": "Feature",
      "properties": {
        "monotonic_time": 65937.13792037964,
        "horizontal_accuracy": 10.586461431297247,
        "speed": 6.609285377961141,
        "course": 148.15991040565856,
        "synthetic": false
      },
      "geometry": {
        "type": "Point",
        "coordinates": [
          30.22979001401071,
          60.032866508161526
        ]
      }
    },
    {
      "type": "Feature",
      "properties": {
        "monotonic_time": 65938.13791143894,
        "horizontal_accuracy": 13.564762052553965,
        "speed": 7.309723151891235,
        "course": 147.6417710631194,
        "synthetic": false
      },
      "geometry": {
        "type": "Point",
        "coordinates": [
          30.22986691815186,
          60.03278798927835
        ]
      }
    },
    {
      "type": "Feature",
      "properties": {
        "monotonic_time": 65939.13790261745,
        "horizontal_accuracy": 13.581023224350972,
        "speed": 8.484735430437958,
        "course": 147.35458535540448,
        "synthetic": false
      },
      "geometry": {
        "type": "Point",
        "coordinates": [
          30.22993230345239,
          60.032698178674565
        ]
      }
    },
    {
      "type": "Feature",
      "properties": {
        "monotonic_time": 65940.13789463043,
        "horizontal_accuracy": 14.532665669676547,
        "speed": 8.825390287762376,
        "course": 146.9987489802844,
        "synthetic": false
      },
      "geometry": {
        "type": "Point",
        "coordinates": [
          30.230026336801153,
          60.03261249734723
        ]
      }
    },
    {
      "type": "Feature",
      "properties": {
        "monotonic_time": 65941.13788485527,
        "horizontal_accuracy": 15.272950200384123,
        "speed": 8.761661235246235,
        "course": 149.55845642089844,
        "synthetic": false
      },
      "geometry": {
        "type": "Point",
        "coordinates": [
          30.230226706448455,
          60.03255937164217
        ]
      }
    },
    {
      "type": "Feature",
      "properties": {
        "monotonic_time": 65942.1378762722,
        "horizontal_accuracy": 19.840571273748786,
        "speed": 9.072946964384933,
        "course": 147.50319386012978,
        "synthetic": false
      },
      "geometry": {
        "type": "Point",
        "coordinates": [
          30.23017189890863,
          60.03241693965022
        ]
      }
    },
    {
      "type": "Feature",
      "properties": {
        "monotonic_time": 65943.13786756992,
        "horizontal_accuracy": 22.87200206922438,
        "speed": 9.560963529987578,
        "course": 147.2478854370241,
        "synthetic": false
      },
      "geometry": {
        "type": "Point",
        "coordinates": [
          30.23026771757347,
          60.032320037189976
        ]
      }
    },
    {
      "type": "Feature",
      "properties": {
        "monotonic_time": 65944.13785934448,
        "horizontal_accuracy": 25.410516095573918,
        "speed": 10.186243431862133,
        "course": 147.22322087908924,
        "synthetic": false
      },
      "geometry": {
        "type": "Point",
        "coordinates": [
          30.23040615219721,
          60.032215063210415
        ]
      }
    },
    {
      "type": "Feature",
      "properties": {
        "monotonic_time": 65945.1378506422,
        "horizontal_accuracy": 22.573844194221916,
        "speed": 9.755078855438242,
        "course": 147.16454953799249,
        "synthetic": false
      },
      "geometry": {
        "type": "Point",
        "coordinates": [
          30.23047349612095,
          60.032136491254384
        ]
      }
    },
    {
      "type": "Feature",
      "properties": {
        "monotonic_time": 65946.13784110546,
        "horizontal_accuracy": 18.5489499356862,
        "speed": 9.228794855517734,
        "course": 147.20028814232523,
        "synthetic": false
      },
      "geometry": {
        "type": "Point",
        "coordinates": [
          30.230542794293726,
          60.03206107580411
        ]
      }
    },
    {
      "type": "Feature",
      "properties": {
        "monotonic_time": 65947.13783299923,
        "horizontal_accuracy": 19.192113279434754,
        "speed": 8.801670043301158,
        "course": 146.9473567625337,
        "synthetic": false
      },
      "geometry": {
        "type": "Point",
        "coordinates": [
          30.23060565068692,
          60.03198370111796
        ]
      }
    },
    {
      "type": "Feature",
      "properties": {
        "monotonic_time": 65948.13782322407,
        "horizontal_accuracy": 20.28138455749293,
        "speed": 8.429829096122821,
        "course": 146.96254674476444,
        "synthetic": false
      },
      "geometry": {
        "type": "Point",
        "coordinates": [
          30.23067389675846,
          60.03190484027751
        ]
      }
    },
    {
      "type": "Feature",
      "properties": {
        "monotonic_time": 65949.13781535625,
        "horizontal_accuracy": 26.409163506493613,
        "speed": 7.944290523397347,
        "course": 146.95061925475284,
        "synthetic": false
      },
      "geometry": {
        "type": "Point",
        "coordinates": [
          30.230743501701824,
          60.03182697596461
        ]
      }
    },
    {
      "type": "Feature",
      "properties": {
        "monotonic_time": 65950.13780653477,
        "horizontal_accuracy": 25.312825777621637,
        "speed": 7.49681431221321,
        "course": 147.15463901379513,
        "synthetic": false
      },
      "geometry": {
        "type": "Point",
        "coordinates": [
          30.230846508437864,
          60.031765481732194
        ]
      }
    },
    {
      "type": "Feature",
      "properties": {
        "monotonic_time": 65951.13779699802,
        "horizontal_accuracy": 28.08753068819876,
        "speed": 6.712687093504877,
        "course": 147.3746259560004,
        "synthetic": false
      },
      "geometry": {
        "type": "Point",
        "coordinates": [
          30.230897663105893,
          60.031705408389094
        ]
      }
    },
    {
      "type": "Feature",
      "properties": {
        "monotonic_time": 65952.13778853416,
        "horizontal_accuracy": 25.515291664259674,
        "speed": 6.24890229650553,
        "course": 147.55112351696198,
        "synthetic": false
      },
      "geometry": {
        "type": "Point",
        "coordinates": [
          30.230963971586792,
          60.03164662630442
        ]
      }
    },
    {
      "type": "Feature",
      "properties": {
        "monotonic_time": 65953.13777935505,
        "horizontal_accuracy": 23.541771945465666,
        "speed": 5.3794404066118915,
        "course": 147.69677892792217,
        "synthetic": false
      },
      "geometry": {
        "type": "Point",
        "coordinates": [
          30.23102939318487,
          60.031600278250366
        ]
      }
    },
    {
      "type": "Feature",
      "properties": {
        "monotonic_time": 65954.13777112961,
        "horizontal_accuracy": 22.513452565194118,
        "speed": 4.478309714241316,
        "course": 147.27950611803843,
        "synthetic": false
      },
      "geometry": {
        "type": "Point",
        "coordinates": [
          30.231093942879053,
          60.031546413587755
        ]
      }
    },
    {
      "type": "Feature",
      "properties": {
        "monotonic_time": 65955.1377619505,
        "horizontal_accuracy": 21.277997845731505,
        "speed": 2.951779258231948,
        "course": 147.0110494143812,
        "synthetic": false
      },
      "geometry": {
        "type": "Point",
        "coordinates": [
          30.231118732812643,
          60.03149230331108
        ]
      }
    },
    {
      "type": "Feature",
      "properties": {
        "monotonic_time": 65956.137753129,
        "horizontal_accuracy": 20.606614945868746,
        "speed": 1.8305494916693885,
        "course": 146.84206450465996,
        "synthetic": false
      },
      "geometry": {
        "type": "Point",
        "coordinates": [
          30.231163138442046,
          60.031450876328236
        ]
      }
    },
    {
      "type": "Feature",
      "properties": {
        "monotonic_time": 65957.13774442673,
        "horizontal_accuracy": 19.137205426365846,
        "speed": 0.7542869890767055,
        "course": 146.86223554456402,
        "synthetic": false
      },
      "geometry": {
        "type": "Point",
        "coordinates": [
          30.23119611439342,
          60.03141219413952
        ]
      }
    },
    {
      "type": "Feature",
      "properties": {
        "monotonic_time": 65958.13773536682,
        "horizontal_accuracy": 17.51200170643322,
        "speed": 0.764402295219196,
        "course": 146.86479745172065,
        "synthetic": false
      },
      "geometry": {
        "type": "Point",
        "coordinates": [
          30.23121245518903,
          60.03137322768287
        ]
      }
    },
    {
      "type": "Feature",
      "properties": {
        "monotonic_time": 65959.13772642612,
        "horizontal_accuracy": 16.01475706059506,
        "speed": 0.8623503042360661,
        "course": 149.9288330078125,
        "synthetic": false
      },
      "geometry": {
        "type": "Point",
        "coordinates": [
          30.23118090224247,
          60.031338502917095
        ]
      }
    },
    {
      "type": "Feature",
      "properties": {
        "monotonic_time": 65960.13771820068,
        "horizontal_accuracy": 15.802606917046097,
        "speed": 1.2854071043143542,
        "course": 149.9288330078125,
        "synthetic": false
      },
      "geometry": {
        "type": "Point",
        "coordinates": [
          30.231208698189214,
          60.0313144816026
        ]
      }
    },
    {
      "type": "Feature",
      "properties": {
        "monotonic_time": 65961.13770890236,
        "horizontal_accuracy": 15.111860865040338,
        "speed": 1.675999336073552,
        "course": 149.9288330078125,
        "synthetic": false
      },
      "geometry": {
        "type": "Point",
        "coordinates": [
          30.23122713612056,
          60.03129854754825
        ]
      }
    },
    {
      "type": "Feature",
      "properties": {
        "monotonic_time": 65962.13770008087,
        "horizontal_accuracy": 14.458100088188331,
        "speed": 2.107410633066995,
        "course": 149.9288330078125,
        "synthetic": false
      },
      "geometry": {
        "type": "Point",
        "coordinates": [
          30.23127182951293,
          60.03127528385224
        ]
      }
    },
    {
      "type": "Feature",
      "properties": {
        "monotonic_time": 65963.13769125938,
        "horizontal_accuracy": 13.882630389020079,
        "speed": 2.9574913079132426,
        "course": 149.9288330078125,
        "synthetic": false
      },
      "geometry": {
        "type": "Point",
        "coordinates": [
          30.23131490335501,
          60.031248143643055
        ]
      }
    },
    {
      "type": "Feature",
      "properties": {
        "monotonic_time": 65964.13768315315,
        "horizontal_accuracy": 13.461727372267069,
        "speed": 4.224410820265072,
        "course": 149.9288330078125,
        "synthetic": false
      },
      "geometry": {
        "type": "Point",
        "coordinates": [
          30.23135973159368,
          60.03121012904195
        ]
      }
    },
    {
      "type": "Feature",
      "properties": {
        "monotonic_time": 65965.13767445087,
        "horizontal_accuracy": 13.283261866309687,
        "speed": 5.289508816546446,
        "course": 150.20907592773438,
        "synthetic": false
      },
      "geometry": {
        "type": "Point",
        "coordinates": [
          30.231386149146797,
          60.031160814684725
        ]
      }
    },
    {
      "type": "Feature",
      "properties": {
        "monotonic_time": 65966.13766551018,
        "horizontal_accuracy": 12.799824142221667,
        "speed": 6.419096788359497,
        "course": 150.20907592773438,
        "synthetic": false
      },
      "geometry": {
        "type": "Point",
        "coordinates": [
          30.2314452245756,
          60.03110918138976
        ]
      }
    },
    {
      "type": "Feature",
      "properties": {
        "monotonic_time": 65967.13765609264,
        "horizontal_accuracy": 12.444745289762452,
        "speed": 7.194488216384715,
        "course": 150.20907592773438,
        "synthetic": false
      },
      "geometry": {
        "type": "Point",
        "coordinates": [
          30.23150577864655,
          60.03105625600557
        ]
      }
    },
    {
      "type": "Feature",
      "properties": {
        "monotonic_time": 65968.13764739037,
        "horizontal_accuracy": 12.266487229729151,
        "speed": 7.893908961268054,
        "course": 147.94928578738327,
        "synthetic": false
      },
      "geometry": {
        "type": "Point",
        "coordinates": [
          30.231636352384204,
          60.031010608434286
        ]
      }
    },
    {
      "type": "Feature",
      "properties": {
        "monotonic_time": 65969.13763916492,
        "horizontal_accuracy": 10.334098640083198,
        "speed": 8.968669790014538,
        "course": 148.1096822406163,
        "synthetic": false
      },
      "geometry": {
        "type": "Point",
        "coordinates": [
          30.231721258905626,
          60.030939150102164
        ]
      }
    },
    {
      "type": "Feature",
      "properties": {
        "monotonic_time": 65970.13762974739,
        "horizontal_accuracy": 10.777925894570863,
        "speed": 9.996923413828407,
        "course": 148.67277087221092,
        "synthetic": false
      },
      "geometry": {
        "type": "Point",
        "coordinates": [
          30.231816026206506,
          60.03084932526909
        ]
      }
    },
    {
      "type": "Feature",
      "properties": {
        "monotonic_time": 65971.13762116432,
        "horizontal_accuracy": 11.46159934792321,
        "speed": 10.661208061774595,
        "course": 148.31662768100006,
        "synthetic": false
      },
      "geometry": {
        "type": "Point",
        "coordinates": [
          30.231922452185923,
          60.03076676748258
        ]
      }
    },
    {
      "type": "Feature",
      "properties": {
        "monotonic_time": 65972.13761222363,
        "horizontal_accuracy": 10.884957397477779,
        "speed": 11.327747675972951,
        "course": 148.14091782154551,
        "synthetic": false
      },
      "geometry": {
        "type": "Point",
        "coordinates": [
          30.232043819091043,
          60.030681139186775
        ]
      }
    },
    {
      "type": "Feature",
      "properties": {
        "monotonic_time": 65973.13760328293,
        "horizontal_accuracy": 11.195148699426838,
        "speed": 11.501223782606466,
        "course": 148.051989839278,
        "synthetic": false
      },
      "geometry": {
        "type": "Point",
        "coordinates": [
          30.232161282059845,
          60.03058493824356
        ]
      }
    },
    {
      "type": "Feature",
      "properties": {
        "monotonic_time": 65974.13759446144,
        "horizontal_accuracy": 10.573620488534402,
        "speed": 11.574351514109672,
        "course": 147.91124986996883,
        "synthetic": false
      },
      "geometry": {
        "type": "Point",
        "coordinates": [
          30.232278520382742,
          60.030490053678115
        ]
      }
    },
    {
      "type": "Feature",
      "properties": {
        "monotonic_time": 65975.13758575916,
        "horizontal_accuracy": 9.688923760331104,
        "speed": 11.70981377318496,
        "course": 148.15120288310177,
        "synthetic": false
      },
      "geometry": {
        "type": "Point",
        "coordinates": [
          30.232392580915878,
          60.03039873156674
        ]
      }
    },
    {
      "type": "Feature",
      "properties": {
        "monotonic_time": 65976.13757753372,
        "horizontal_accuracy": 9.36949589212144,
        "speed": 11.802383205994442,
        "course": 148.46855534468867,
        "synthetic": false
      },
      "geometry": {
        "type": "Point",
        "coordinates": [
          30.232511595608113,
          60.03030534547304
        ]
      }
    },
    {
      "type": "Feature",
      "properties": {
        "monotonic_time": 65977.13756871223,
        "horizontal_accuracy": 9.027093492344644,
        "speed": 11.95370854652644,
        "course": 148.91684396262107,
        "synthetic": false
      },
      "geometry": {
        "type": "Point",
        "coordinates": [
          30.232631532279616,
          60.03021116710235
        ]
      }
    },
    {
      "type": "Feature",
      "properties": {
        "monotonic_time": 65978.13755965233,
        "horizontal_accuracy": 6.843930725922665,
        "speed": 12.074111811805755,
        "course": 149.22045597479885,
        "synthetic": false
      },
      "geometry": {
        "type": "Point",
        "coordinates": [
          30.232737927880397,
          60.03011926053885
        ]
      }
    },
    {
      "type": "Feature",
      "properties": {
        "monotonic_time": 65979.13755106926,
        "horizontal_accuracy": 6.952751192092675,
        "speed": 12.251166478789214,
        "course": 149.14994389521559,
        "synthetic": false
      },
      "geometry": {
        "type": "Point",
        "coordinates": [
          30.232858421470954,
          60.03002675682619
        ]
      }
    },
    {
      "type": "Feature",
      "properties": {
        "monotonic_time": 65980.13754236698,
        "horizontal_accuracy": 6.851204002883235,
        "speed": 12.690457064592207,
        "course": 148.9655800006148,
        "synthetic": false
      },
      "geometry": {
        "type": "Point",
        "coordinates": [
          30.232991759097047,
          60.029932602589305
        ]
      }
    },
    {
      "type": "Feature",
      "properties": {
        "monotonic_time": 65981.1375335455,
        "horizontal_accuracy": 6.942102748539041,
        "speed": 13.538650128810769,
        "course": 148.78175130540924,
        "synthetic": false
      },
      "geometry": {
        "type": "Point",
        "coordinates": [
          30.233131144269244,
          60.029836057823545
        ]
      }
    },
    {
      "type": "Feature",
      "properties": {
        "monotonic_time": 65982.13752436638,
        "horizontal_accuracy": 7.775376661952558,
        "speed": 14.495583103136056,
        "course": 148.99267085594738,
        "synthetic": false
      },
      "geometry": {
        "type": "Point",
        "coordinates": [
          30.23327265064162,
          60.0297220757773
        ]
      }
    },
    {
      "type": "Feature",
      "properties": {
        "monotonic_time": 65983.1375156641,
        "horizontal_accuracy": 7.204131250974498,
        "speed": 14.779174613821361,
        "course": 149.049204969988,
        "synthetic": false
      },
      "geometry": {
        "type": "Point",
        "coordinates": [
          30.233416094801296,
          60.029612343465175
        ]
      }
    },
    {
      "type": "Feature",
      "properties": {
        "monotonic_time": 65984.13750636578,
        "horizontal_accuracy": 13.054839587839496,
        "speed": 14.71809761513864,
        "course": 149.57691955566406,
        "synthetic": false
      },
      "geometry": {
        "type": "Point",
        "coordinates": [
          30.233752079070438,
          60.02955815024346
        ]
      }
    },
    {
      "type": "Feature",
      "properties": {
        "monotonic_time": 65985.13693487644,
        "horizontal_accuracy": 12.434098713286572,
        "speed": 14.712282800817475,
        "course": 149.4978485107422,
        "synthetic": false
      },
      "geometry": {
        "type": "Point",
        "coordinates": [
          30.23388034595344,
          60.029449216906464
        ]
      }
    },
    {
      "type": "Feature",
      "properties": {
        "monotonic_time": 65986.13694012165,
        "horizontal_accuracy": 11.940580906039985,
        "speed": 14.603970836387225,
        "course": 150.14332580566406,
        "synthetic": false
      },
      "geometry": {
        "type": "Point",
        "coordinates": [
          30.234005318969782,
          60.029341688034776
        ]
      }
    },
    {
      "type": "Feature",
      "properties": {
        "monotonic_time": 65987.13693118095,
        "horizontal_accuracy": 11.052817554841576,
        "speed": 14.406296307933271,
        "course": 150.14332580566406,
        "synthetic": false
      },
      "geometry": {
        "type": "Point",
        "coordinates": [
          30.234125697512837,
          60.02923675404348
        ]
      }
    },
    {
      "type": "Feature",
      "properties": {
        "monotonic_time": 65988.13696146011,
        "horizontal_accuracy": 10.699101292430669,
        "speed": 14.305522170148704,
        "course": 150.99697875976562,
        "synthetic": false
      },
      "geometry": {
        "type": "Point",
        "coordinates": [
          30.234250910791598,
          60.02912477779731
        ]
      }
    },
    {
      "type": "Feature",
      "properties": {
        "monotonic_time": 65989.13684427738,
        "horizontal_accuracy": 6.575030925803376,
        "speed": 14.400380346298151,
        "course": 151.11524963378906,
        "synthetic": false
      },
      "geometry": {
        "type": "Point",
        "coordinates": [
          30.23437411500469,
          60.02901351546613
        ]
      }
    },
    {
      "type": "Feature",
      "properties": {
        "monotonic_time": 65990.13683593273,
        "horizontal_accuracy": 8.107019811953483,
        "speed": 14.579384933869747,
        "course": 151.11524963378906,
        "synthetic": false
      },
      "geometry": {
        "type": "Point",
        "coordinates": [
          30.234492733351942,
          60.02890592918175
        ]
      }
    },
    {
      "type": "Feature",
      "properties": {
        "monotonic_time": 65991.13744938374,
        "horizontal_accuracy": 6.478811230166254,
        "speed": 14.161724178271369,
        "course": 150.1038818359375,
        "synthetic": false
      },
      "geometry": {
        "type": "Point",
        "coordinates": [
          30.234611805623953,
          60.02880237594976
        ]
      }
    },
    {
      "type": "Feature",
      "properties": {
        "monotonic_time": 65992.13693165779,
        "horizontal_accuracy": 7.028689309626913,
        "speed": 13.7723208539695,
        "course": 150.1038818359375,
        "synthetic": false
      },
      "geometry": {
        "type": "Point",
        "coordinates": [
          30.234731624327953,
          60.02869809628603
        ]
      }
    },
    {
      "type": "Feature",
      "properties": {
        "monotonic_time": 65993.1369227171,
        "horizontal_accuracy": 6.4105167558047125,
        "speed": 13.675753776171467,
        "course": 150.1038818359375,
        "synthetic": false
      },
      "geometry": {
        "type": "Point",
        "coordinates": [
          30.234847027374588,
          60.028597659663404
        ]
      }
    },
    {
      "type": "Feature",
      "properties": {
        "monotonic_time": 65994.13676798344,
        "horizontal_accuracy": 5.474357544058809,
        "speed": 13.86612592514553,
        "course": 150.18893432617188,
        "synthetic": false
      },
      "geometry": {
        "type": "Point",
        "coordinates": [
          30.23496639241608,
          60.02849367572974
        ]
      }
    },
    {
      "type": "Feature",
      "properties": {
        "monotonic_time": 65995.13720822334,
        "horizontal_accuracy": 5.289968109872578,
        "speed": 14.078003218008167,
        "course": 150.18893432617188,
        "synthetic": false
      },
      "geometry": {
        "type": "Point",
        "coordinates": [
          30.235091701841665,
          60.02838424182276
        ]
      }
    },
    {
      "type": "Feature",
      "properties": {
        "monotonic_time": 65996.13719892502,
        "horizontal_accuracy": 5.455810901782858,
        "speed": 14.163289247973529,
        "course": 150.18893432617188,
        "synthetic": false
      },
      "geometry": {
        "type": "Point",
        "coordinates": [
          30.235215743887743,
          60.028275914791756
        ]
      }
    },
    {
      "type": "Feature",
      "properties": {
        "monotonic_time": 65997.1374680996,
        "horizontal_accuracy": 5.551373590906716,
        "speed": 14.002668422726993,
        "course": 150.242431640625,
        "synthetic": false
      },
      "geometry": {
        "type": "Point",
        "coordinates": [
          30.235337921147632,
          60.02816902405516
        ]
      }
    },
    {
      "type": "Feature",
      "properties": {
        "monotonic_time": 65998.13690686226,
        "horizontal_accuracy": 7.106782595930767,
        "speed": 13.149046442229162,
        "course": 150.242431640625,
        "synthetic": false
      },
      "geometry": {
        "type": "Point",
        "coordinates": [
          30.23545066844799,
          60.028070347278046
        ]
      }
    },
    {
      "type": "Feature",
      "properties": {
        "monotonic_time": 65999.13689732552,
        "horizontal_accuracy": 5.65508026305264,
        "speed": 12.36231425229826,
        "course": 150.02980041503906,
        "synthetic": false
      },
      "geometry": {
        "type": "Point",
        "coordinates": [
          30.235559990741514,
          60.02797478107745
        ]
      }
    },
    {
      "type": "Feature",
      "properties": {
        "monotonic_time": 66000.13688850403,
        "horizontal_accuracy": 6.421845194754368,
        "speed": 11.198914736020653,
        "course": 150.02980041503906,
        "synthetic": false
      },
      "geometry": {
        "type": "Point",
        "coordinates": [
          30.235655878617433,
          60.02789157791808
        ]
      }
    },
    {
      "type": "Feature",
      "properties": {
        "monotonic_time": 66001.13688004017,
        "horizontal_accuracy": 6.145629365077496,
        "speed": 9.159796586753352,
        "course": 150.02980041503906,
        "synthetic": false
      },
      "geometry": {
        "type": "Point",
        "coordinates": [
          30.23574031421108,
          60.02781831165593
        ]
      }
    },
    {
      "type": "Feature",
      "properties": {
        "monotonic_time": 66002.13687062263,
        "horizontal_accuracy": 5.71694293688538,
        "speed": 6.219980503262503,
        "course": 150.02980041503906,
        "synthetic": false
      },
      "geometry": {
        "type": "Point",
        "coordinates": [
          30.2357967638101,
          60.027769328640815
        ]
      }
    },
    {
      "type": "Feature",
      "properties": {
        "monotonic_time": 66003.13686299324,
        "horizontal_accuracy": 5.493253720576533,
        "speed": 5.090983374339086,
        "course": 148.20668029785156,
        "synthetic": false
      },
      "geometry": {
        "type": "Point",
        "coordinates": [
          30.23580445787205,
          60.02773032838336
        ]
      }
    },
    {
      "type": "Feature",
      "properties": {
        "monotonic_time": 66004.13685417175,
        "horizontal_accuracy": 5.467981801343603,
        "speed": 4.745346386760145,
        "course": 148.20668029785156,
        "synthetic": false
      },
      "geometry": {
        "type": "Point",
        "coordinates": [
          30.235848348694137,
          60.02770127237966
        ]
      }
    },
    {
      "type": "Feature",
      "properties": {
        "monotonic_time": 66005.13684439659,
        "horizontal_accuracy": 5.856676566724232,
        "speed": 4.444613729403121,
        "course": 148.20668029785156,
        "synthetic": false
      },
      "geometry": {
        "type": "Point",
        "coordinates": [
          30.235883285729216,
          60.027674151624126
        ]
      }
    },
    {
      "type": "Feature",
      "properties": {
        "monotonic_time": 66006.13683569431,
        "horizontal_accuracy": 5.568473787901351,
        "speed": 4.207904787379524,
        "course": 148.20668029785156,
        "synthetic": false
      },
      "geometry": {
        "type": "Point",
        "coordinates": [
          30.235911044089374,
          60.027642926433415
        ]
      }
    },
    {
      "type": "Feature",
      "properties": {
        "monotonic_time": 66007.13682687283,
        "horizontal_accuracy": 5.718289996093209,
        "speed": 4.462457354412871,
        "course": 180.59818263355882,
        "synthetic": false
      },
      "geometry": {
        "type": "Point",
        "coordinates": [
          30.23596242083724,
          60.027626235784986
        ]
      }
    },
    {
      "type": "Feature",
      "properties": {
        "monotonic_time": 66008.1368188858,
        "horizontal_accuracy": 5.833132545669324,
        "speed": 5.004115627111068,
        "course": 200.82344006203238,
        "synthetic": false
      },
      "geometry": {
        "type": "Point",
        "coordinates": [
          30.235989791605576,
          60.02760099618502
        ]
      }
    },
    {
      "type": "Feature",
      "properties": {
        "monotonic_time": 66009.13680922985,
        "horizontal_accuracy": 5.72869140679279,
        "speed": 5.5029650279970985,
        "course": 222.06778146326113,
        "synthetic": false
      },
      "geometry": {
        "type": "Point",
        "coordinates": [
          30.235825504897605,
          60.02754011816547
        ]
      }
    },
    {
      "type": "Feature",
      "properties": {
        "monotonic_time": 66010.13680112362,
        "horizontal_accuracy": 5.688959938877169,
        "speed": 6.661073965685241,
        "course": 238.7692055377326,
        "synthetic": false
      },
      "geometry": {
        "type": "Point",
        "coordinates": [
          30.235712286100714,
          60.02751702194142
        ]
      }
    },
    {
      "type": "Feature",
      "properties": {
        "monotonic_time": 66011.13679242134,
        "horizontal_accuracy": 5.54556653223563,
        "speed": 8.093712080605947,
        "course": 238.66190682127424,
        "synthetic": false
      },
      "geometry": {
        "type": "Point",
        "coordinates": [
          30.235568680070728,
          60.02748896539628
        ]
      }
    },
    {
      "type": "Feature",
      "properties": {
        "monotonic_time": 66012.1367830038,
        "horizontal_accuracy": 4.9534571956179745,
        "speed": 9.13461803117532,
        "course": 237.25240997667635,
        "synthetic": false
      },
      "geometry": {
        "type": "Point",
        "coordinates": [
          30.23541916749323,
          60.0274518673786
        ]
      }
    },
    {
      "type": "Feature",
      "properties": {
        "monotonic_time": 66013.13677430153,
        "horizontal_accuracy": 4.6123896146770464,
        "speed": 9.39043407928571,
        "course": 236.4343468577061,
        "synthetic": false
      },
      "geometry": {
        "type": "Point",
        "coordinates": [
          30.235275804411167,
          60.02740831709349
        ]
      }
    },
    {
      "type": "Feature",
      "properties": {
        "monotonic_time": 66014.13676595688,
        "horizontal_accuracy": 3.8220569175947547,
        "speed": 8.994782853102993,
        "course": 239.5588153711187,
        "synthetic": false
      },
      "geometry": {
        "type": "Point",
        "coordinates": [
          30.235138358729547,
          60.027365611857725
        ]
      }
    },
    {
      "type": "Feature",
      "properties": {
        "monotonic_time": 66015.13675630093,
        "horizontal_accuracy": 3.841788473226326,
        "speed": 8.513107090004807,
        "course": 247.403815209426,
        "synthetic": false
      },
      "geometry": {
        "type": "Point",
        "coordinates": [
          30.234991402278183,
          60.02733024894524
        ]
      }
    },
    {
      "type": "Feature",
      "properties": {
        "monotonic_time": 66016.13674736023,
        "horizontal_accuracy": 3.5108327500188663,
        "speed": 7.734011608845012,
        "course": 258.94523305060045,
        "synthetic": false
      },
      "geometry": {
        "type": "Point",
        "coordinates": [
          30.23483502643636,
          60.02731758560635
        ]
      }
    },
    {
      "type": "Feature",
      "properties": {
        "monotonic_time": 66017.13673889637,
        "horizontal_accuracy": 3.6948326865006216,
        "speed": 7.138027313600684,
        "course": 272.1213886164311,
        "synthetic": false
      },
      "geometry": {
        "type": "Point",
        "coordinates": [
          30.234689795284243,
          60.027321434685405
        ]
      }
    },
    {
      "type": "Feature",
      "properties": {
        "monotonic_time": 66018.13673055172,
        "horizontal_accuracy": 3.3544340602122324,
        "speed": 6.836606579323867,
        "course": 281.60347005376815,
        "synthetic": false
      },
      "geometry": {
        "type": "Point",
        "coordinates": [
          30.234559229864,
          60.027337363795034
        ]
      }
    },
    {
      "type": "Feature",
      "properties": {
        "monotonic_time": 66019.13672101498,
        "horizontal_accuracy": 3.3984272319288804,
        "speed": 6.884149614212029,
        "course": 282.1724269439729,
        "synthetic": false
      },
      "geometry": {
        "type": "Point",
        "coordinates": [
          30.23443664703245,
          60.02735334386965
        ]
      }
    },
    {
      "type": "Feature",
      "properties": {
        "monotonic_time": 66020.13671243191,
        "horizontal_accuracy": 3.442528692309714,
        "speed": 7.140732302850739,
        "course": 272.02856489409777,
        "synthetic": false
      },
      "geometry": {
        "type": "Point",
        "coordinates": [
          30.234308126006567,
          60.02735916567074
        ]
      }
    },
    {
      "type": "Feature",
      "properties": {
        "monotonic_time": 66021.13670396805,
        "horizontal_accuracy": 3.3927162466286616,
        "speed": 6.781263523620244,
        "course": 253.8574582245844,
        "synthetic": false
      },
      "geometry": {
        "type": "Point",
        "coordinates": [
          30.234184725385933,
          60.02734685031605
        ]
      }
    },
    {
      "type": "Feature",
      "properties": {
        "monotonic_time": 66022.13669538498,
        "horizontal_accuracy": 3.6079542131922957,
        "speed": 5.038405897489192,
        "course": 239.3396759033203,
        "synthetic": false
      },
      "geometry": {
        "type": "Point",
        "coordinates": [
          30.23408600829073,
          60.02734334065104
        ]
      }
    },
    {
      "type": "Feature",
      "properties": {
        "monotonic_time": 66023.13668680191,
        "horizontal_accuracy": 3.3780112323363687,
        "speed": 3.8055886490634614,
        "course": 239.3396759033203,
        "synthetic": false
      },
      "geometry": {
        "type": "Point",
        "coordinates": [
          30.23402380989778,
          60.02732489068762
        ]
      }
    },
    {
      "type": "Feature",
      "properties": {
        "monotonic_time": 66024.13667798042,
        "horizontal_accuracy": 3.319575929219181,
        "speed": 2.4087494511373206,
        "course": 239.3396759033203,
        "synthetic": false
      },
      "geometry": {
        "type": "Point",
        "coordinates": [
          30.233991974495318,
          60.02731544732201
        ]
      }
    },
    {
      "type": "Feature",
      "properties": {
        "monotonic_time": 66025.13666892052,
        "horizontal_accuracy": 3.328811655006024,
        "speed": 0.8898331812835439,
        "course": 239.3396759033203,
        "synthetic": false
      },
      "geometry": {
        "type": "Point",
        "coordinates": [
          30.233977816029206,
          60.02731124745737
        ]
      }
    },
    {
      "type": "Feature",
      "properties": {
        "monotonic_time": 66026.13666033745,
        "horizontal_accuracy": 3.5087658431628435,
        "speed": 0.1714171312396999,
        "course": 239.3396759033203,
        "synthetic": false
      },
      "geometry": {
        "type": "Point",
        "coordinates": [
          30.23397688451182,
          60.027310971152595
        ]
      }
    },
    {
      "type": "Feature",
      "properties": {
        "monotonic_time": 66027.13665127754,
        "horizontal_accuracy": 3.6612681484080802,
        "speed": 0.20615957751666641,
        "course": 239.3396759033203,
        "synthetic": false
      },
      "geometry": {
        "type": "Point",
        "coordinates": [
          30.23398707205818,
          60.027297803659216
        ]
      }
    },
    {
      "type": "Feature",
      "properties": {
        "monotonic_time": 66028.13664197922,
        "horizontal_accuracy": 3.590956731567308,
        "speed": 0.1181704868481293,
        "course": 239.3396759033203,
        "synthetic": false
      },
      "geometry": {
        "type": "Point",
        "coordinates": [
          30.23399006714942,
          60.027297673218094
        ]
      }
    },
    {
      "type": "Feature",
      "properties": {
        "monotonic_time": 66029.13663363457,
        "horizontal_accuracy": 3.6780221665102295,
        "speed": 0.1293461457635015,
        "course": 239.3396759033203,
        "synthetic": false
      },
      "geometry": {
        "type": "Point",
        "coordinates": [
          30.23398433047579,
          60.027296267550206
        ]
      }
    },
    {
      "type": "Feature",
      "properties": {
        "monotonic_time": 66030.13662481308,
        "horizontal_accuracy": 3.7073066699384736,
        "speed": 0.09277134158553509,
        "course": 239.3396759033203,
        "synthetic": false
      },
      "geometry": {
        "type": "Point",
        "coordinates": [
          30.23398119359346,
          60.027296320929416
        ]
      }
    },
    {
      "type": "Feature",
      "properties": {
        "monotonic_time": 66031.13661587238,
        "horizontal_accuracy": 3.748370176057585,
        "speed": 0.07255021850994935,
        "course": 239.3396759033203,
        "synthetic": false
      },
      "geometry": {
        "type": "Point",
        "coordinates": [
          30.23398112699015,
          60.02729585585492
        ]
      }
    },
    {
      "type": "Feature",
      "properties": {
        "monotonic_time": 66032.13660752773,
        "horizontal_accuracy": 3.7595994780939823,
        "speed": 0.07347809332472255,
        "course": 239.3396759033203,
        "synthetic": false
      },
      "geometry": {
        "type": "Point",
        "coordinates": [
          30.233980321610254,
          60.02729407871545
        ]
      }
    },
    {
      "type": "Feature",
      "properties": {
        "monotonic_time": 66033.13659858704,
        "horizontal_accuracy": 3.6339138011174263,
        "speed": 0.07289398267572522,
        "course": 239.3396759033203,
        "synthetic": false
      },
      "geometry": {
        "type": "Point",
        "coordinates": [
          30.233979519392307,
          60.0272929122471
        ]
      }
    },
    {
      "type": "Feature",
      "properties": {
        "monotonic_time": 66034.13658976555,
        "horizontal_accuracy": 3.6874234651729525,
        "speed": 0.06719830725181747,
        "course": 239.3396759033203,
        "synthetic": false
      },
      "geometry": {
        "type": "Point",
        "coordinates": [
          30.23396271677064,
          60.02730676855594
        ]
      }
    },
    {
      "type": "Feature",
      "properties": {
        "monotonic_time": 66035.13658082485,
        "horizontal_accuracy": 3.767339520240899,
        "speed": 0.028024916248994433,
        "course": 239.3396759033203,
        "synthetic": false
      },
      "geometry": {
        "type": "Point",
        "coordinates": [
          30.233976476695414,
          60.02729318147945
        ]
      }
    },
    {
      "type": "Feature",
      "properties": {
        "monotonic_time": 66036.13657188416,
        "horizontal_accuracy": 3.8897197930092675,
        "speed": 0.044278910588817326,
        "course": 239.3396759033203,
        "synthetic": false
      },
      "geometry": {
        "type": "Point",
        "coordinates": [
          30.23397112628484,
          60.027295552818366
        ]
      }
    },
    {
      "type": "Feature",
      "properties": {
        "monotonic_time": 66037.13656330109,
        "horizontal_accuracy": 4.074620877679096,
        "speed": 0,
        "course": 239.3396759033203,
        "synthetic": false
      },
      "geometry": {
        "type": "Point",
        "coordinates": [
          30.233971173428394,
          60.027295569994926
        ]
      }
    },
    {
      "type": "Feature",
      "properties": {
        "monotonic_time": 66038.13655388355,
        "horizontal_accuracy": 4.179386965897067,
        "speed": 0,
        "course": 239.3396759033203,
        "synthetic": false
      },
      "geometry": {
        "type": "Point",
        "coordinates": [
          30.233971173428394,
          60.027295569994926
        ]
      }
    },
    {
      "type": "Feature",
      "properties": {
        "monotonic_time": 66039.1365454197,
        "horizontal_accuracy": 4.304728989168996,
        "speed": 0.3688186721831511,
        "course": 239.3396759033203,
        "synthetic": false
      },
      "geometry": {
        "type": "Point",
        "coordinates": [
          30.233958990707674,
          60.027302825664705
        ]
      }
    },
    {
      "type": "Feature",
      "properties": {
        "monotonic_time": 66040.1365365982,
        "horizontal_accuracy": 4.301784754377088,
        "speed": 1.4996280501524233,
        "course": 239.3396759033203,
        "synthetic": false
      },
      "geometry": {
        "type": "Point",
        "coordinates": [
          30.233935279760402,
          60.027296744011686
        ]
      }
    },
    {
      "type": "Feature",
      "properties": {
        "monotonic_time": 66041.13652801514,
        "horizontal_accuracy": 4.334943503748107,
        "speed": 2.997616371761298,
        "course": 239.2006072998047,
        "synthetic": false
      },
      "geometry": {
        "type": "Point",
        "coordinates": [
          30.2338933999367,
          60.02728259537165
        ]
      }
    },
    {
      "type": "Feature",
      "properties": {
        "monotonic_time": 66042.1365184784,
        "horizontal_accuracy": 4.404917452338676,
        "speed": 4.575780384638767,
        "course": 239.2006072998047,
        "synthetic": false
      },
      "geometry": {
        "type": "Point",
        "coordinates": [
          30.23382715368303,
          60.02726148544414
        ]
      }
    },
    {
      "type": "Feature",
      "properties": {
        "monotonic_time": 66043.13651049137,
        "horizontal_accuracy": 4.401400438771731,
        "speed": 6.088916487133279,
        "course": 239.2006072998047,
        "synthetic": false
      },
      "geometry": {
        "type": "Point",
        "coordinates": [
          30.233737454647375,
          60.02723042630951
        ]
      }
    },
    {
      "type": "Feature",
      "properties": {
        "monotonic_time": 66044.13650131226,
        "horizontal_accuracy": 4.512529010589057,
        "speed": 7.572186346824565,
        "course": 237.84877014160156,
        "synthetic": false
      },
      "geometry": {
        "type": "Point",
        "coordinates": [
          30.23361915350472,
          60.02719414072372
        ]
      }
    },
    {
      "type": "Feature",
      "properties": {
        "monotonic_time": 66045.13649237156,
        "horizontal_accuracy": 4.464008887057501,
        "speed": 9.171493346009836,
        "course": 237.84877014160156,
        "synthetic": false
      },
      "geometry": {
        "type": "Point",
        "coordinates": [
          30.233475851023996,
          60.02714829723071
        ]
      }
    },
    {
      "type": "Feature",
      "properties": {
        "monotonic_time": 66046.13648355007,
        "horizontal_accuracy": 4.309707570626697,
        "speed": 9.97587350966468,
        "course": 237.84877014160156,
        "synthetic": false
      },
      "geometry": {
        "type": "Point",
        "coordinates": [
          30.233322658699624,
          60.027100342545005
        ]
      }
    },
    {
      "type": "Feature",
      "properties": {
        "monotonic_time": 66047.13647472858,
        "horizontal_accuracy": 4.849881867131299,
        "speed": 11.258312160021513,
        "course": 237.84877014160156,
        "synthetic": false
      },
      "geometry": {
        "type": "Point",
        "coordinates": [
          30.233144816386154,
          60.02704608140096
        ]
      }
    },
    {
      "type": "Feature",
      "properties": {
        "monotonic_time": 66048.13646674156,
        "horizontal_accuracy": 4.294115874652671,
        "speed": 12.509816959094167,
        "course": 237.84877014160156,
        "synthetic": false
      },
      "geometry": {
        "type": "Point",
        "coordinates": [
          30.232945125330037,
          60.02698429290362
        ]
      }
    },
    {
      "type": "Feature",
      "properties": {
        "monotonic_time": 66049.13645732403,
        "horizontal_accuracy": 3.5679511576787926,
        "speed": 13.707140600222,
        "course": 237.8121337890625,
        "synthetic": false
      },
      "geometry": {
        "type": "Point",
        "coordinates": [
          30.23272787293418,
          60.02691973609624
        ]
      }
    },
    {
      "type": "Feature",
      "properties": {
        "monotonic_time": 66050.13644826412,
        "horizontal_accuracy": 3.3262679655926424,
        "speed": 14.019248217789402,
        "course": 237.8121337890625,
        "synthetic": false
      },
      "geometry": {
        "type": "Point",
        "coordinates": [
          30.232502046329813,
          60.026858012844606
        ]
      }
    },
    {
      "type": "Feature",
      "properties": {
        "monotonic_time": 66051.13644015789,
        "horizontal_accuracy": 3.1819498756802123,
        "speed": 14.023673104617794,
        "course": 235.15672302246094,
        "synthetic": false
      },
      "geometry": {
        "type": "Point",
        "coordinates": [
          30.232273180071928,
          60.02679180528452
        ]
      }
    },
    {
      "type": "Feature",
      "properties": {
        "monotonic_time": 66052.13643050194,
        "horizontal_accuracy": 3.1133560426776214,
        "speed": 13.890573091425855,
        "course": 235.0128936767578,
        "synthetic": false
      },
      "geometry": {
        "type": "Point",
        "coordinates": [
          30.232059014715812,
          60.02672527410125
        ]
      }
    },
    {
      "type": "Feature",
      "properties": {
        "monotonic_time": 66053.1364222765,
        "horizontal_accuracy": 3.0755139267188363,
        "speed": 13.492797735858707,
        "course": 231.825439453125,
        "synthetic": false
      },
      "geometry": {
        "type": "Point",
        "coordinates": [
          30.231867694562737,
          60.02665341252788
        ]
      }
    },
    {
      "type": "Feature",
      "properties": {
        "monotonic_time": 66054.13641381264,
        "horizontal_accuracy": 3.0397973343160083,
        "speed": 13.101643184136696,
        "course": 231.825439453125,
        "synthetic": false
      },
      "geometry": {
        "type": "Point",
        "coordinates": [
          30.231685366125742,
          60.02658054181965
        ]
      }
    },
    {
      "type": "Feature",
      "properties": {
        "monotonic_time": 66055.13640511036,
        "horizontal_accuracy": 3.007867571043632,
        "speed": 11.99267549464666,
        "course": 231.825439453125,
        "synthetic": false
      },
      "geometry": {
        "type": "Point",
        "coordinates": [
          30.23152473485891,
          60.02651490112756
        ]
      }
    },
    {
      "type": "Feature",
      "properties": {
        "monotonic_time": 66056.13639557362,
        "horizontal_accuracy": 3.0178885096538584,
        "speed": 10.760512027016782,
        "course": 231.825439453125,
        "synthetic": false
      },
      "geometry": {
        "type": "Point",
        "coordinates": [
          30.231382560662986,
          60.02645633231275
        ]
      }
    },
    {
      "type": "Feature",
      "properties": {
        "monotonic_time": 66057.1363863945,
        "horizontal_accuracy": 3.033314344580284,
        "speed": 9.35891868463152,
        "course": 231.0552520751953,
        "synthetic": false
      },
      "geometry": {
        "type": "Point",
        "coordinates": [
          30.231259112852243,
          60.026408694361436
        ]
      }
    },
    {
      "type": "Feature",
      "properties": {
        "monotonic_time": 66058.13637781143,
        "horizontal_accuracy": 3.1879761776293942,
        "speed": 8.802771880132463,
        "course": 231.0552520751953,
        "synthetic": false
      },
      "geometry": {
        "type": "Point",
        "coordinates": [
          30.231134028652434,
          60.02635818966822
        ]
      }
    },
    {
      "type": "Feature",
      "properties": {
        "monotonic_time": 66059.13636946678,
        "horizontal_accuracy": 3.026904246687234,
        "speed": 7.948649166095201,
        "course": 231.0552520751953,
        "synthetic": false
      },
      "geometry": {
        "type": "Point",
        "coordinates": [
          30.231022575423214,
          60.02631245334286
        ]
      }
    },
    {
      "type": "Feature",
      "properties": {
        "monotonic_time": 66060.13636004925,
        "horizontal_accuracy": 3.0170843774150855,
        "speed": 6.550162772189336,
        "course": 231.0552520751953,
        "synthetic": false
      },
      "geometry": {
        "type": "Point",
        "coordinates": [
          30.23094499490187,
          60.026278749982794
        ]
      }
    },
    {
      "type": "Feature",
      "properties": {
        "monotonic_time": 66061.13635158539,
        "horizontal_accuracy": 2.989475820637101,
        "speed": 5.777132635201292,
        "course": 231.0552520751953,
        "synthetic": false
      },
      "geometry": {
        "type": "Point",
        "coordinates": [
          30.23087549518821,
          60.026248326066856
        ]
      }
    },
    {
      "type": "Feature",
      "properties": {
        "monotonic_time": 66062.13634288311,
        "horizontal_accuracy": 2.9742734957444252,
        "speed": 5.329441713598712,
        "course": 231.0552520751953,
        "synthetic": false
      },
      "geometry": {
        "type": "Point",
        "coordinates": [
          30.23080367925202,
          60.02621949194058
        ]
      }
    },
    {
      "type": "Feature",
      "properties": {
        "monotonic_time": 66063.13633418083,
        "horizontal_accuracy": 2.9685801938429264,
        "speed": 3.937431711677021,
        "course": 230.98040771484375,
        "synthetic": false
      },
      "geometry": {
        "type": "Point",
        "coordinates": [
          30.23075118066154,
          60.02619839554777
        ]
      }
    },
    {
      "type": "Feature",
      "properties": {
        "monotonic_time": 66064.13632524014,
        "horizontal_accuracy": 2.9752806422358633,
        "speed": 2.94545497213504,
        "course": 230.98040771484375,
        "synthetic": false
      },
      "geometry": {
        "type": "Point",
        "coordinates": [
          30.23071610317102,
          60.026182969160786
        ]
      }
    },
    {
      "type": "Feature",
      "properties": {
        "monotonic_time": 66065.13631665707,
        "horizontal_accuracy": 2.902331660358977,
        "speed": 3.103333447598197,
        "course": 230.98040771484375,
        "synthetic": false
      },
      "geometry": {
        "type": "Point",
        "coordinates": [
          30.23068776086847,
          60.02616462996985
        ]
      }
    },
    {
      "type": "Feature",
      "properties": {
        "monotonic_time": 66066.136308074,
        "horizontal_accuracy": 2.8405318262943795,
        "speed": 3.6638607123272924,
        "course": 230.98040771484375,
        "synthetic": false
      },
      "geometry": {
        "type": "Point",
        "coordinates": [
          30.23065499169784,
          60.026141136217944
        ]
      }
    },
    {
      "type": "Feature",
      "properties": {
        "monotonic_time": 66067.13629889488,
        "horizontal_accuracy": 2.7986377540109486,
        "speed": 4.87457351503891,
        "course": 230.98040771484375,
        "synthetic": false
      },
      "geometry": {
        "type": "Point",
        "coordinates": [
          30.230597363260014,
          60.02610692142641
        ]
      }
    },
    {
      "type": "Feature",
      "properties": {
        "monotonic_time": 66068.13628959656,
        "horizontal_accuracy": 2.785357946461027,
        "speed": 5.763893480608969,
        "course": 230.98040771484375,
        "synthetic": false
      },
      "geometry": {
        "type": "Point",
        "coordinates": [
          30.23050399736814,
          60.026085966953204
        ]
      }
    },
    {
      "type": "Feature",
      "properties": {
        "monotonic_time": 66069.13628137112,
        "horizontal_accuracy": 2.7907487256551424,
        "speed": 5.820065162928067,
        "course": 231.167724609375,
        "synthetic": false
      },
      "geometry": {
        "type": "Point",
        "coordinates": [
          30.23042155094642,
          60.026052775196796
        ]
      }
    },
    {
      "type": "Feature",
      "properties": {
        "monotonic_time": 66070.13627290726,
        "horizontal_accuracy": 2.7876466901416013,
        "speed": 5.617303207340593,
        "course": 231.167724609375,
        "synthetic": false
      },
      "geometry": {
        "type": "Point",
        "coordinates": [
          30.230349599265736,
          60.02602379028317
        ]
      }
    },
    {
      "type": "Feature",
      "properties": {
        "monotonic_time": 66071.13626420498,
        "horizontal_accuracy": 2.769904988428754,
        "speed": 5.792890044259797,
        "course": 231.167724609375,
        "synthetic": false
      },
      "geometry": {
        "type": "Point",
        "coordinates": [
          30.230283591642547,
          60.025978106125244
        ]
      }
    },
    {
      "type": "Feature",
      "properties": {
        "monotonic_time": 66072.13625478745,
        "horizontal_accuracy": 2.7765540846056456,
        "speed": 6.385279769602319,
        "course": 231.167724609375,
        "synthetic": false
      },
      "geometry": {
        "type": "Point",
        "coordinates": [
          30.23018313035899,
          60.025945665391774
        ]
      }
    },
    {
      "type": "Feature",
      "properties": {
        "monotonic_time": 66073.13624608517,
        "horizontal_accuracy": 2.8041509126273683,
        "speed": 6.923875485729914,
        "course": 231.129638671875,
        "synthetic": false
      },
      "geometry": {
        "type": "Point",
        "coordinates": [
          30.2300810732808,
          60.02590576002039
        ]
      }
    },
    {
      "type": "Feature",
      "properties": {
        "monotonic_time": 66074.13623726368,
        "horizontal_accuracy": 2.8120678286021747,
        "speed": 7.4235071776943045,
        "course": 231.129638671875,
        "synthetic": false
      },
      "geometry": {
        "type": "Point",
        "coordinates": [
          30.229965273134653,
          60.025865437321784
        ]
      }
    },
    {
      "type": "Feature",
      "properties": {
        "monotonic_time": 66075.1362285614,
        "horizontal_accuracy": 2.863118140372105,
        "speed": 8.358226919648438,
        "course": 231.129638671875,
        "synthetic": false
      },
      "geometry": {
        "type": "Point",
        "coordinates": [
          30.22983670473946,
          60.02581776103812
        ]
      }
    },
    {
      "type": "Feature",
      "properties": {
        "monotonic_time": 66076.1362195015,
        "horizontal_accuracy": 2.9164470370470803,
        "speed": 9.084814975300176,
        "course": 231.129638671875,
        "synthetic": false
      },
      "geometry": {
        "type": "Point",
        "coordinates": [
          30.229707911579414,
          60.02576480630994
        ]
      }
    },
    {
      "type": "Feature",
      "properties": {
        "monotonic_time": 66077.13621068001,
        "horizontal_accuracy": 2.9921303603213385,
        "speed": 10.082785400911755,
        "course": 231.129638671875,
        "synthetic": false
      },
      "geometry": {
        "type": "Point",
        "coordinates": [
          30.22956409302954,
          60.025707034865114
        ]
      }
    },
    {
      "type": "Feature",
      "properties": {
        "monotonic_time": 66078.13620197773,
        "horizontal_accuracy": 2.9696895210344203,
        "speed": 8.69136429344953,
        "course": 231.129638671875,
        "synthetic": false
      },
      "geometry": {
        "type": "Point",
        "coordinates": [
          30.229436332168994,
          60.02565450410593
        ]
      }
    },
    {
      "type": "Feature",
      "properties": {
        "monotonic_time": 66079.13619279861,
        "horizontal_accuracy": 2.977442682145165,
        "speed": 7.466773753541227,
        "course": 230.7782745361328,
        "synthetic": false
      },
      "geometry": {
        "type": "Point",
        "coordinates": [
          30.22931618893555,
          60.02560917568944
        ]
      }
    },
    {
      "type": "Feature",
      "properties": {
        "monotonic_time": 66080.13618409634,
        "horizontal_accuracy": 2.9775072580806587,
        "speed": 6.3502318929261685,
        "course": 231.03741455078125,
        "synthetic": false
      },
      "geometry": {
        "type": "Point",
        "coordinates": [
          30.229223997792353,
          60.025570975542486
        ]
      }
    },
    {
      "type": "Feature",
      "properties": {
        "monotonic_time": 66081.13617527485,
        "horizontal_accuracy": 2.9858192726331683,
        "speed": 5.042916032079725,
        "course": 231.1230010986328,
        "synthetic": false
      },
      "geometry": {
        "type": "Point",
        "coordinates": [
          30.22915102136131,
          60.025540873567465
        ]
      }
    },
    {
      "type": "Feature",
      "properties": {
        "monotonic_time": 66082.13616669178,
        "horizontal_accuracy": 2.997344653679477,
        "speed": 3.7358646492854217,
        "course": 231.1230010986328,
        "synthetic": false
      },
      "geometry": {
        "type": "Point",
        "coordinates": [
          30.22909092707524,
          60.02551860161672
        ]
      }
    },
    {
      "type": "Feature",
      "properties": {
        "monotonic_time": 66083.13615751266,
        "horizontal_accuracy": 2.9782975639354525,
        "speed": 2.2076239881919584,
        "course": 231.1230010986328,
        "synthetic": false
      },
      "geometry": {
        "type": "Point",
        "coordinates": [
          30.229052998172993,
          60.025502633992666
        ]
      }
    },
    {
      "type": "Feature",
      "properties": {
        "monotonic_time": 66084.1361490488,
        "horizontal_accuracy": 2.9616728436823987,
        "speed": 0.45771095684252044,
        "course": 231.1230010986328,
        "synthetic": false
      },
      "geometry": {
        "type": "Point",
        "coordinates": [
          30.229045987010828,
          60.025500270465415
        ]
      }
    },
    {
      "type": "Feature",
      "properties": {
        "monotonic_time": 66085.13614058495,
        "horizontal_accuracy": 2.9594584206515493,
        "speed": 0.23522840224020025,
        "course": 231.1230010986328,
        "synthetic": false
      },
      "geometry": {
        "type": "Point",
        "coordinates": [
          30.22903804334565,
          60.025498408061736
        ]
      }
    },
    {
      "type": "Feature",
      "properties": {
        "monotonic_time": 66086.13613116741,
        "horizontal_accuracy": 2.9650844841066806,
        "speed": 0.06873465183573167,
        "course": 231.1230010986328,
        "synthetic": false
      },
      "geometry": {
        "type": "Point",
        "coordinates": [
          30.229037894151823,
          60.02549814023795
        ]
      }
    },
    {
      "type": "Feature",
      "properties": {
        "monotonic_time": 66087.13612282276,
        "horizontal_accuracy": 2.993868599958632,
        "speed": 0.041259073604464576,
        "course": 231.1230010986328,
        "synthetic": false
      },
      "geometry": {
        "type": "Point",
        "coordinates": [
          30.2290368247169,
          60.02549892948799
        ]
      }
    },
    {
      "type": "Feature",
      "properties": {
        "monotonic_time": 66088.13611364365,
        "horizontal_accuracy": 2.9916454739443874,
        "speed": 0.026603360762942417,
        "course": 231.1230010986328,
        "synthetic": false
      },
      "geometry": {
        "type": "Point",
        "coordinates": [
          30.229038872343736,
          60.02550011091122
        ]
      }
    },
    {
      "type": "Feature",
      "properties": {
        "monotonic_time": 66089.13610553741,
        "horizontal_accuracy": 3.01105590527958,
        "speed": 0.04003706566194731,
        "course": 231.1230010986328,
        "synthetic": false
      },
      "geometry": {
        "type": "Point",
        "coordinates": [
          30.229037048407836,
          60.025500502942144
        ]
      }
    },
    {
      "type": "Feature",
      "properties": {
        "monotonic_time": 66090.13609647751,
        "horizontal_accuracy": 3.0168195970026996,
        "speed": 0.029393150424541336,
        "course": 231.1230010986328,
        "synthetic": false
      },
      "geometry": {
        "type": "Point",
        "coordinates": [
          30.229038185723315,
          60.02550209308873
        ]
      }
    },
    {
      "type": "Feature",
      "properties": {
        "monotonic_time": 66091.13608753681,
        "horizontal_accuracy": 3.025430652878341,
        "speed": 0.053046695921571484,
        "course": 231.1230010986328,
        "synthetic": false
      },
      "geometry": {
        "type": "Point",
        "coordinates": [
          30.22903959910357,
          60.02550313950802
        ]
      }
    },
    {
      "type": "Feature",
      "properties": {
        "monotonic_time": 66092.13607859612,
        "horizontal_accuracy": 3.032047426399854,
        "speed": 0.04693025763364977,
        "course": 231.1230010986328,
        "synthetic": false
      },
      "geometry": {
        "type": "Point",
        "coordinates": [
          30.22903853320378,
          60.02550428396693
        ]
      }
    },
    {
      "type": "Feature",
      "properties": {
        "monotonic_time": 66093.13606953621,
        "horizontal_accuracy": 3.0460205828630644,
        "speed": 0.04453279315990586,
        "course": 231.1230010986328,
        "synthetic": false
      },
      "geometry": {
        "type": "Point",
        "coordinates": [
          30.229038173114667,
          60.02550536648209
        ]
      }
    },
    {
      "type": "Feature",
      "properties": {
        "monotonic_time": 66094.13606131077,
        "horizontal_accuracy": 3.030598227692978,
        "speed": 0.07708981160978198,
        "course": 231.1230010986328,
        "synthetic": false
      },
      "geometry": {
        "type": "Point",
        "coordinates": [
          30.229038311810694,
          60.025506511961964
        ]
      }
    },
    {
      "type": "Feature",
      "properties": {
        "monotonic_time": 66095.13605225086,
        "horizontal_accuracy": 3.0282658188977387,
        "speed": 0,
        "course": 231.1230010986328,
        "synthetic": false
      },
      "geometry": {
        "type": "Point",
        "coordinates": [
          30.22903886406977,
          60.02550705260669
        ]
      }
    },
    {
      "type": "Feature",
      "properties": {
        "monotonic_time": 66096.13604307175,
        "horizontal_accuracy": 3.0283421657983416,
        "speed": 0,
        "course": 231.1230010986328,
        "synthetic": false
      },
      "geometry": {
        "type": "Point",
        "coordinates": [
          30.22903886406977,
          60.02550705260669
        ]
      }
    },
    {
      "type": "Feature",
      "properties": {
        "monotonic_time": 66097.1360347271,
        "horizontal_accuracy": 3.0267720188627805,
        "speed": 0,
        "course": 231.1230010986328,
        "synthetic": false
      },
      "geometry": {
        "type": "Point",
        "coordinates": [
          30.22903886406977,
          60.02550705260669
        ]
      }
    },
    {
      "type": "Feature",
      "properties": {
        "monotonic_time": 66098.13602566719,
        "horizontal_accuracy": 3.0335528974037573,
        "speed": 0,
        "course": 231.1230010986328,
        "synthetic": false
      },
      "geometry": {
        "type": "Point",
        "coordinates": [
          30.22903886406977,
          60.02550705260669
        ]
      }
    },
    {
      "type": "Feature",
      "properties": {
        "monotonic_time": 66099.13601696491,
        "horizontal_accuracy": 3.001612543931102,
        "speed": 0,
        "course": 231.1230010986328,
        "synthetic": false
      },
      "geometry": {
        "type": "Point",
        "coordinates": [
          30.22903886406977,
          60.02550705260669
        ]
      }
    },
    {
      "type": "Feature",
      "properties": {
        "monotonic_time": 66100.13600802422,
        "horizontal_accuracy": 2.9825052452530167,
        "speed": 0,
        "course": 231.1230010986328,
        "synthetic": false
      },
      "geometry": {
        "type": "Point",
        "coordinates": [
          30.22903886406977,
          60.02550705260669
        ]
      }
    },
    {
      "type": "Feature",
      "properties": {
        "monotonic_time": 66101.13599979877,
        "horizontal_accuracy": 2.964267340572317,
        "speed": 0,
        "course": 231.1230010986328,
        "synthetic": false
      },
      "geometry": {
        "type": "Point",
        "coordinates": [
          30.22903886406977,
          60.02550705260669
        ]
      }
    },
    {
      "type": "Feature",
      "properties": {
        "monotonic_time": 66102.13599038124,
        "horizontal_accuracy": 2.9511328692346366,
        "speed": 0,
        "course": 231.1230010986328,
        "synthetic": false
      },
      "geometry": {
        "type": "Point",
        "coordinates": [
          30.22903886406977,
          60.02550705260669
        ]
      }
    },
    {
      "type": "Feature",
      "properties": {
        "monotonic_time": 66103.13598155975,
        "horizontal_accuracy": 2.9587963947310882,
        "speed": 0,
        "course": 231.1230010986328,
        "synthetic": false
      },
      "geometry": {
        "type": "Point",
        "coordinates": [
          30.22903886406977,
          60.02550705260669
        ]
      }
    },
    {
      "type": "Feature",
      "properties": {
        "monotonic_time": 66104.13597273827,
        "horizontal_accuracy": 2.946283288270052,
        "speed": 0,
        "course": 231.1230010986328,
        "synthetic": false
      },
      "geometry": {
        "type": "Point",
        "coordinates": [
          30.22903886406977,
          60.02550705260669
        ]
      }
    },
    {
      "type": "Feature",
      "properties": {
        "monotonic_time": 66105.13596451283,
        "horizontal_accuracy": 2.933362844385009,
        "speed": 0,
        "course": 231.1230010986328,
        "synthetic": false
      },
      "geometry": {
        "type": "Point",
        "coordinates": [
          30.22903886406977,
          60.02550705260669
        ]
      }
    },
    {
      "type": "Feature",
      "properties": {
        "monotonic_time": 66106.1359552145,
        "horizontal_accuracy": 2.9134657372309967,
        "speed": 0,
        "course": 231.1230010986328,
        "synthetic": false
      },
      "geometry": {
        "type": "Point",
        "coordinates": [
          30.22903886406977,
          60.02550705260669
        ]
      }
    },
    {
      "type": "Feature",
      "properties": {
        "monotonic_time": 66107.13594675064,
        "horizontal_accuracy": 2.909132500313419,
        "speed": 0.04084231845124569,
        "course": 231.1230010986328,
        "synthetic": false
      },
      "geometry": {
        "type": "Point",
        "coordinates": [
          30.229039057873187,
          60.025511504647156
        ]
      }
    },
    {
      "type": "Feature",
      "properties": {
        "monotonic_time": 66108.13593769073,
        "horizontal_accuracy": 2.897265910257406,
        "speed": 0.029981428929012267,
        "course": 231.1230010986328,
        "synthetic": false
      },
      "geometry": {
        "type": "Point",
        "coordinates": [
          30.229038868436394,
          60.025511372471826
        ]
      }
    },
    {
      "type": "Feature",
      "properties": {
        "monotonic_time": 66109.13592863083,
        "horizontal_accuracy": 2.8883333662497064,
        "speed": 0,
        "course": 231.1230010986328,
        "synthetic": false
      },
      "geometry": {
        "type": "Point",
        "coordinates": [
          30.229036667480244,
          60.02551032895585
        ]
      }
    },
    {
      "type": "Feature",
      "properties": {
        "monotonic_time": 66110.13592076302,
        "horizontal_accuracy": 2.8775241988427216,
        "speed": 0,
        "course": 231.1230010986328,
        "synthetic": false
      },
      "geometry": {
        "type": "Point",
        "coordinates": [
          30.229036667480244,
          60.02551032895585
        ]
      }
    },
    {
      "type": "Feature",
      "properties": {
        "monotonic_time": 66111.13568139076,
        "horizontal_accuracy": 2.8609271623639874,
        "speed": 0,
        "course": 231.1230010986328,
        "synthetic": false
      },
      "geometry": {
        "type": "Point",
        "coordinates": [
          30.229036667480244,
          60.02551032895585
        ]
      }
    },
    {
      "type": "Feature",
      "properties": {
        "monotonic_time": 66112.1355959177,
        "horizontal_accuracy": 2.848923886336611,
        "speed": 0,
        "course": 231.1230010986328,
        "synthetic": false
      },
      "geometry": {
        "type": "Point",
        "coordinates": [
          30.229036667480244,
          60.02551032895585
        ]
      }
    },
    {
      "type": "Feature",
      "properties": {
        "monotonic_time": 66113.13558673859,
        "horizontal_accuracy": 2.8229475008600002,
        "speed": 0,
        "course": 231.1230010986328,
        "synthetic": false
      },
      "geometry": {
        "type": "Point",
        "coordinates": [
          30.229036667480244,
          60.02551032895585
        ]
      }
    },
    {
      "type": "Feature",
      "properties": {
        "monotonic_time": 66114.13527047634,
        "horizontal_accuracy": 2.8050305349048172,
        "speed": 0,
        "course": 231.1230010986328,
        "synthetic": false
      },
      "geometry": {
        "type": "Point",
        "coordinates": [
          30.229036667480244,
          60.02551032895585
        ]
      }
    },
    {
      "type": "Feature",
      "properties": {
        "monotonic_time": 66115.13540780544,
        "horizontal_accuracy": 2.790374875711279,
        "speed": 0,
        "course": 231.1230010986328,
        "synthetic": false
      },
      "geometry": {
        "type": "Point",
        "coordinates": [
          30.229036667480244,
          60.02551032895585
        ]
      }
    },
    {
      "type": "Feature",
      "properties": {
        "monotonic_time": 66116.13539862633,
        "horizontal_accuracy": 2.807716343593487,
        "speed": 0,
        "course": 231.1230010986328,
        "synthetic": false
      },
      "geometry": {
        "type": "Point",
        "coordinates": [
          30.229036667480244,
          60.02551032895585
        ]
      }
    },
    {
      "type": "Feature",
      "properties": {
        "monotonic_time": 66117.13544166088,
        "horizontal_accuracy": 2.8143785973359505,
        "speed": 0,
        "course": 231.1230010986328,
        "synthetic": false
      },
      "geometry": {
        "type": "Point",
        "coordinates": [
          30.229036667480244,
          60.02551032895585
        ]
      }
    },
    {
      "type": "Feature",
      "properties": {
        "monotonic_time": 66118.1352339983,
        "horizontal_accuracy": 2.7990914694780655,
        "speed": 0,
        "course": 231.1230010986328,
        "synthetic": false
      },
      "geometry": {
        "type": "Point",
        "coordinates": [
          30.229036667480244,
          60.02551032895585
        ]
      }
    },
    {
      "type": "Feature",
      "properties": {
        "monotonic_time": 66119.13522577286,
        "horizontal_accuracy": 2.7742780259427677,
        "speed": 0,
        "course": 231.1230010986328,
        "synthetic": false
      },
      "geometry": {
        "type": "Point",
        "coordinates": [
          30.229036667480244,
          60.02551032895585
        ]
      }
    },
    {
      "type": "Feature",
      "properties": {
        "monotonic_time": 66120.13526260853,
        "horizontal_accuracy": 2.763207547804896,
        "speed": 0,
        "course": 231.1230010986328,
        "synthetic": false
      },
      "geometry": {
        "type": "Point",
        "coordinates": [
          30.229036667480244,
          60.02551032895585
        ]
      }
    },
    {
      "type": "Feature",
      "properties": {
        "monotonic_time": 66121.13505744934,
        "horizontal_accuracy": 2.7470464245018014,
        "speed": 0,
        "course": 231.1230010986328,
        "synthetic": false
      },
      "geometry": {
        "type": "Point",
        "coordinates": [
          30.229036667480244,
          60.02551032895585
        ]
      }
    },
    {
      "type": "Feature",
      "properties": {
        "monotonic_time": 66122.13504874706,
        "horizontal_accuracy": 2.7315519266335895,
        "speed": 0,
        "course": 231.1230010986328,
        "synthetic": false
      },
      "geometry": {
        "type": "Point",
        "coordinates": [
          30.229036667480244,
          60.02551032895585
        ]
      }
    },
    {
      "type": "Feature",
      "properties": {
        "monotonic_time": 66123.13582837582,
        "horizontal_accuracy": 2.724423230281934,
        "speed": 0,
        "course": 231.1230010986328,
        "synthetic": false
      },
      "geometry": {
        "type": "Point",
        "coordinates": [
          30.229036667480244,
          60.02551032895585
        ]
      }
    },
    {
      "type": "Feature",
      "properties": {
        "monotonic_time": 66124.1351954937,
        "horizontal_accuracy": 2.712630868853652,
        "speed": 0,
        "course": 231.1230010986328,
        "synthetic": false
      },
      "geometry": {
        "type": "Point",
        "coordinates": [
          30.229036667480244,
          60.02551032895585
        ]
      }
    },
    {
      "type": "Feature",
      "properties": {
        "monotonic_time": 66125.13518667221,
        "horizontal_accuracy": 2.713418030638883,
        "speed": 0,
        "course": 231.1230010986328,
        "synthetic": false
      },
      "geometry": {
        "type": "Point",
        "coordinates": [
          30.229036667480244,
          60.02551032895585
        ]
      }
    },
    {
      "type": "Feature",
      "properties": {
        "monotonic_time": 66126.1351788044,
        "horizontal_accuracy": 2.695698861411746,
        "speed": 0,
        "course": 231.1230010986328,
        "synthetic": false
      },
      "geometry": {
        "type": "Point",
        "coordinates": [
          30.229036667480244,
          60.02551032895585
        ]
      }
    },
    {
      "type": "Feature",
      "properties": {
        "monotonic_time": 66127.13516926765,
        "horizontal_accuracy": 2.68804553739108,
        "speed": 0,
        "course": 231.1230010986328,
        "synthetic": false
      },
      "geometry": {
        "type": "Point",
        "coordinates": [
          30.229036667480244,
          60.02551032895585
        ]
      }
    },
    {
      "type": "Feature",
      "properties": {
        "monotonic_time": 66128.13516116142,
        "horizontal_accuracy": 2.6805881945497823,
        "speed": 0,
        "course": 231.1230010986328,
        "synthetic": false
      },
      "geometry": {
        "type": "Point",
        "coordinates": [
          30.229036667480244,
          60.02551032895585
        ]
      }
    },
    {
      "type": "Feature",
      "properties": {
        "monotonic_time": 66129.1351518631,
        "horizontal_accuracy": 2.6833613720884664,
        "speed": 0,
        "course": 231.1230010986328,
        "synthetic": false
      },
      "geometry": {
        "type": "Point",
        "coordinates": [
          30.229036667480244,
          60.02551032895585
        ]
      }
    },
    {
      "type": "Feature",
      "properties": {
        "monotonic_time": 66130.13514316082,
        "horizontal_accuracy": 2.675359070919391,
        "speed": 0,
        "course": 231.1230010986328,
        "synthetic": false
      },
      "geometry": {
        "type": "Point",
        "coordinates": [
          30.229036667480244,
          60.02551032895585
        ]
      }
    },
    {
      "type": "Feature",
      "properties": {
        "monotonic_time": 66131.13513445854,
        "horizontal_accuracy": 2.6684049305343054,
        "speed": 0,
        "course": 231.1230010986328,
        "synthetic": false
      },
      "geometry": {
        "type": "Point",
        "coordinates": [
          30.229036667480244,
          60.02551032895585
        ]
      }
    },
    {
      "type": "Feature",
      "properties": {
        "monotonic_time": 66132.13512504101,
        "horizontal_accuracy": 2.660310715822126,
        "speed": 0,
        "course": 231.1230010986328,
        "synthetic": false
      },
      "geometry": {
        "type": "Point",
        "coordinates": [
          30.229036667480244,
          60.02551032895585
        ]
      }
    },
    {
      "type": "Feature",
      "properties": {
        "monotonic_time": 66133.1351171732,
        "horizontal_accuracy": 2.6506368050327977,
        "speed": 0,
        "course": 231.1230010986328,
        "synthetic": false
      },
      "geometry": {
        "type": "Point",
        "coordinates": [
          30.229036667480244,
          60.02551032895585
        ]
      }
    },
    {
      "type": "Feature",
      "properties": {
        "monotonic_time": 66134.13510799408,
        "horizontal_accuracy": 2.655344582251147,
        "speed": 0,
        "course": 231.1230010986328,
        "synthetic": false
      },
      "geometry": {
        "type": "Point",
        "coordinates": [
          30.229036667480244,
          60.02551032895585
        ]
      }
    },
    {
      "type": "Feature",
      "properties": {
        "monotonic_time": 66135.13509881496,
        "horizontal_accuracy": 2.646479942159211,
        "speed": 0,
        "course": 231.1230010986328,
        "synthetic": false
      },
      "geometry": {
        "type": "Point",
        "coordinates": [
          30.229036667480244,
          60.02551032895585
        ]
      }
    },
    {
      "type": "Feature",
      "properties": {
        "monotonic_time": 66136.13509070873,
        "horizontal_accuracy": 2.6720691782557116,
        "speed": 0,
        "course": 231.1230010986328,
        "synthetic": false
      },
      "geometry": {
        "type": "Point",
        "coordinates": [
          30.229036667480244,
          60.02551032895585
        ]
      }
    },
    {
      "type": "Feature",
      "properties": {
        "monotonic_time": 66137.13508188725,
        "horizontal_accuracy": 2.7305577220121084,
        "speed": 0,
        "course": 231.1230010986328,
        "synthetic": false
      },
      "geometry": {
        "type": "Point",
        "coordinates": [
          30.229036667480244,
          60.02551032895585
        ]
      }
    },
    {
      "type": "Feature",
      "properties": {
        "monotonic_time": 66138.13507270813,
        "horizontal_accuracy": 2.750702092022212,
        "speed": 0,
        "course": 231.1230010986328,
        "synthetic": false
      },
      "geometry": {
        "type": "Point",
        "coordinates": [
          30.229036667480244,
          60.02551032895585
        ]
      }
    },
    {
      "type": "Feature",
      "properties": {
        "monotonic_time": 66139.13506400585,
        "horizontal_accuracy": 2.782800022180472,
        "speed": 0,
        "course": 231.1230010986328,
        "synthetic": false
      },
      "geometry": {
        "type": "Point",
        "coordinates": [
          30.229036667480244,
          60.02551032895585
        ]
      }
    },
    {
      "type": "Feature",
      "properties": {
        "monotonic_time": 66140.13505518436,
        "horizontal_accuracy": 2.8397846807794322,
        "speed": 0,
        "course": 231.1230010986328,
        "synthetic": false
      },
      "geometry": {
        "type": "Point",
        "coordinates": [
          30.229036667480244,
          60.02551032895585
        ]
      }
    },
    {
      "type": "Feature",
      "properties": {
        "monotonic_time": 66141.1350466013,
        "horizontal_accuracy": 2.899999483276875,
        "speed": 0,
        "course": 231.1230010986328,
        "synthetic": false
      },
      "geometry": {
        "type": "Point",
        "coordinates": [
          30.229036667480244,
          60.02551032895585
        ]
      }
    },
    {
      "type": "Feature",
      "properties": {
        "monotonic_time": 66142.1350376606,
        "horizontal_accuracy": 2.956893152105593,
        "speed": 0,
        "course": 231.1230010986328,
        "synthetic": false
      },
      "geometry": {
        "type": "Point",
        "coordinates": [
          30.229036667480244,
          60.02551032895585
        ]
      }
    },
    {
      "type": "Feature",
      "properties": {
        "monotonic_time": 66143.13502883911,
        "horizontal_accuracy": 2.9416112355846353,
        "speed": 0,
        "course": 231.1230010986328,
        "synthetic": false
      },
      "geometry": {
        "type": "Point",
        "coordinates": [
          30.229036667480244,
          60.02551032895585
        ]
      }
    },
    {
      "type": "Feature",
      "properties": {
        "monotonic_time": 66144.13501954079,
        "horizontal_accuracy": 3.0081859599859904,
        "speed": 0,
        "course": 231.1230010986328,
        "synthetic": false
      },
      "geometry": {
        "type": "Point",
        "coordinates": [
          30.229036667480244,
          60.02551032895585
        ]
      }
    },
    {
      "type": "Feature",
      "properties": {
        "monotonic_time": 66145.13501131535,
        "horizontal_accuracy": 3.0150404570574993,
        "speed": 0.39397198668701155,
        "course": 231.1230010986328,
        "synthetic": false
      },
      "geometry": {
        "type": "Point",
        "coordinates": [
          30.229020922770243,
          60.02550433544033
        ]
      }
    },
    {
      "type": "Feature",
      "properties": {
        "monotonic_time": 66146.13500249386,
        "horizontal_accuracy": 2.9666553905521367,
        "speed": 0.12040954647359862,
        "course": 231.1230010986328,
        "synthetic": false
      },
      "geometry": {
        "type": "Point",
        "coordinates": [
          30.229017808742476,
          60.02550340802803
        ]
      }
    },
    {
      "type": "Feature",
      "properties": {
        "monotonic_time": 66147.13499343395,
        "horizontal_accuracy": 2.9751284350176364,
        "speed": 0.06765104546252097,
        "course": 231.1230010986328,
        "synthetic": false
      },
      "geometry": {
        "type": "Point",
        "coordinates": [
          30.229014048947832,
          60.02550174246237
        ]
      }
    },
    {
      "type": "Feature",
      "properties": {
        "monotonic_time": 66148.13498485088,
        "horizontal_accuracy": 2.9965066613067437,
        "speed": 0,
        "course": 231.1230010986328,
        "synthetic": false
      },
      "geometry": {
        "type": "Point",
        "coordinates": [
          30.22901729846307,
          60.02550232634502
        ]
      }
    },
    {
      "type": "Feature",
      "properties": {
        "monotonic_time": 66149.1349760294,
        "horizontal_accuracy": 2.9662806153972254,
        "speed": 0,
        "course": 231.1230010986328,
        "synthetic": false
      },
      "geometry": {
        "type": "Point",
        "coordinates": [
          30.22901729846307,
          60.02550232634502
        ]
      }
    },
    {
      "type": "Feature",
      "properties": {
        "monotonic_time": 66150.13496756554,
        "horizontal_accuracy": 2.969328087500392,
        "speed": 0,
        "course": 231.1230010986328,
        "synthetic": false
      },
      "geometry": {
        "type": "Point",
        "coordinates": [
          30.22901729846307,
          60.02550232634502
        ]
      }
    },
    {
      "type": "Feature",
      "properties": {
        "monotonic_time": 66151.13495826721,
        "horizontal_accuracy": 2.9658181458670025,
        "speed": 0,
        "course": 231.1230010986328,
        "synthetic": false
      },
      "geometry": {
        "type": "Point",
        "coordinates": [
          30.22901729846307,
          60.02550232634502
        ]
      }
    },
    {
      "type": "Feature",
      "properties": {
        "monotonic_time": 66152.13494932652,
        "horizontal_accuracy": 3.0062774151353655,
        "speed": 0,
        "course": 231.1230010986328,
        "synthetic": false
      },
      "geometry": {
        "type": "Point",
        "coordinates": [
          30.22901729846307,
          60.02550232634502
        ]
      }
    },
    {
      "type": "Feature",
      "properties": {
        "monotonic_time": 66153.1349401474,
        "horizontal_accuracy": 2.959927650164113,
        "speed": 0,
        "course": 231.1230010986328,
        "synthetic": false
      },
      "geometry": {
        "type": "Point",
        "coordinates": [
          30.22901729846307,
          60.02550232634502
        ]
      }
    },
    {
      "type": "Feature",
      "properties": {
        "monotonic_time": 66154.13493192196,
        "horizontal_accuracy": 2.9337617865699794,
        "speed": 0,
        "course": 231.1230010986328,
        "synthetic": false
      },
      "geometry": {
        "type": "Point",
        "coordinates": [
          30.22901729846307,
          60.02550232634502
        ]
      }
    },
    {
      "type": "Feature",
      "properties": {
        "monotonic_time": 66155.13492333889,
        "horizontal_accuracy": 2.97231823412862,
        "speed": 0.4866520785346191,
        "course": 231.1230010986328,
        "synthetic": false
      },
      "geometry": {
        "type": "Point",
        "coordinates": [
          30.229021378509465,
          60.02550139759552
        ]
      }
    },
    {
      "type": "Feature",
      "properties": {
        "monotonic_time": 66156.13491427898,
        "horizontal_accuracy": 3.021033633744837,
        "speed": 1.925088580630662,
        "course": 231.1230010986328,
        "synthetic": false
      },
      "geometry": {
        "type": "Point",
        "coordinates": [
          30.228996381003004,
          60.02549080644909
        ]
      }
    },
    {
      "type": "Feature",
      "properties": {
        "monotonic_time": 66157.13490593433,
        "horizontal_accuracy": 3.0306472179318655,
        "speed": 3.829969862559148,
        "course": 231.1230010986328,
        "synthetic": false
      },
      "geometry": {
        "type": "Point",
        "coordinates": [
          30.22894743711118,
          60.02547037756004
        ]
      }
    },
    {
      "type": "Feature",
      "properties": {
        "monotonic_time": 66158.1348965168,
        "horizontal_accuracy": 2.9924016923845436,
        "speed": 5.976339211027594,
        "course": 231.00938415527344,
        "synthetic": false
      },
      "geometry": {
        "type": "Point",
        "coordinates": [
          30.228863421958422,
          60.02543590371016
        ]
      }
    },
    {
      "type": "Feature",
      "properties": {
        "monotonic_time": 66159.13488817215,
        "horizontal_accuracy": 2.983786161113048,
        "speed": 7.481528699404745,
        "course": 230.96937561035156,
        "synthetic": false
      },
      "geometry": {
        "type": "Point",
        "coordinates": [
          30.22876557067144,
          60.0253952427507
        ]
      }
    },
    {
      "type": "Feature",
      "properties": {
        "monotonic_time": 66160.13487887383,
        "horizontal_accuracy": 2.8975367857675094,
        "speed": 9.261990884382174,
        "course": 230.96937561035156,
        "synthetic": false
      },
      "geometry": {
        "type": "Point",
        "coordinates": [
          30.228639621390002,
          60.02534398779683
        ]
      }
    },
    {
      "type": "Feature",
      "properties": {
        "monotonic_time": 66161.13487064838,
        "horizontal_accuracy": 2.816158598616365,
        "speed": 10.875058082673208,
        "course": 230.96937561035156,
        "synthetic": false
      },
      "geometry": {
        "type": "Point",
        "coordinates": [
          30.22848854150153,
          60.025283490508215
        ]
      }
    },
    {
      "type": "Feature",
      "properties": {
        "monotonic_time": 66162.13486135006,
        "horizontal_accuracy": 2.845899809215494,
        "speed": 11.57590708215477,
        "course": 230.79518127441406,
        "synthetic": false
      },
      "geometry": {
        "type": "Point",
        "coordinates": [
          30.228333189153027,
          60.025219692837254
        ]
      }
    },
    {
      "type": "Feature",
      "properties": {
        "monotonic_time": 66163.13485217094,
        "horizontal_accuracy": 3.091670251105048,
        "speed": 12.91276368371198,
        "course": 230.79518127441406,
        "synthetic": false
      },
      "geometry": {
        "type": "Point",
        "coordinates": [
          30.228148304745275,
          60.02514940057609
        ]
      }
    },
    {
      "type": "Feature",
      "properties": {
        "monotonic_time": 66164.13484430313,
        "horizontal_accuracy": 3.189024624148131,
        "speed": 13.6752214797364,
        "course": 230.78564453125,
        "synthetic": false
      },
      "geometry": {
        "type": "Point",
        "coordinates": [
          30.22795698831776,
          60.02507102687138
        ]
      }
    },
    {
      "type": "Feature",
      "properties": {
        "monotonic_time": 66165.1348350048,
        "horizontal_accuracy": 2.9893751842593517,
        "speed": 13.769588306554283,
        "course": 230.0841064453125,
        "synthetic": false
      },
      "geometry": {
        "type": "Point",
        "coordinates": [
          30.227769939775882,
          60.024992620806934
        ]
      }
    },
    {
      "type": "Feature",
      "properties": {
        "monotonic_time": 66166.1348259449,
        "horizontal_accuracy": 3.0385082858966244,
        "speed": 14.350330210025971,
        "course": 230.0841064453125,
        "synthetic": false
      },
      "geometry": {
        "type": "Point",
        "coordinates": [
          30.227569177190794,
          60.02491013277688
        ]
      }
    },
    {
      "type": "Feature",
      "properties": {
        "monotonic_time": 66167.13481712341,
        "horizontal_accuracy": 3.1178175513058606,
        "speed": 14.994404264016113,
        "course": 230.0841064453125,
        "synthetic": false
      },
      "geometry": {
        "type": "Point",
        "coordinates": [
          30.22736334173043,
          60.02482352288355
        ]
      }
    },
    {
      "type": "Feature",
      "properties": {
        "monotonic_time": 66168.13480842113,
        "horizontal_accuracy": 3.3273819168237355,
        "speed": 15.61745638149497,
        "course": 230.0841064453125,
        "synthetic": false
      },
      "geometry": {
        "type": "Point",
        "coordinates": [
          30.227146313084074,
          60.02473397759913
        ]
      }
    },
    {
      "type": "Feature",
      "properties": {
        "monotonic_time": 66169.13479936123,
        "horizontal_accuracy": 3.7164666863098597,
        "speed": 16.134868977578833,
        "course": 230.7510528564453,
        "synthetic": false
      },
      "geometry": {
        "type": "Point",
        "coordinates": [
          30.22692569955874,
          60.02464338774923
        ]
      }
    },
    {
      "type": "Feature",
      "properties": {
        "monotonic_time": 66170.13479077816,
        "horizontal_accuracy": 3.3893069992701865,
        "speed": 16.74692369051838,
        "course": 230.7510528564453,
        "synthetic": false
      },
      "geometry": {
        "type": "Point",
        "coordinates": [
          30.226697225949042,
          60.02454771101662
        ]
      }
    },
    {
      "type": "Feature",
      "properties": {
        "monotonic_time": 66171.13478183746,
        "horizontal_accuracy": 3.486016074385898,
        "speed": 17.11007893542144,
        "course": 230.7510528564453,
        "synthetic": false
      },
      "geometry": {
        "type": "Point",
        "coordinates": [
          30.22646190129345,
          60.02444696024942
        ]
      }
    },
    {
      "type": "Feature",
      "properties": {
        "monotonic_time": 66172.13477396965,
        "horizontal_accuracy": 3.27804749332917,
        "speed": 16.84654634087413,
        "course": 230.7510528564453,
        "synthetic": false
      },
      "geometry": {
        "type": "Point",
        "coordinates": [
          30.226226298519304,
          60.02434944707205
        ]
      }
    },
    {
      "type": "Feature",
      "properties": {
        "monotonic_time": 66173.13476419449,
        "horizontal_accuracy": 3.2004453425452843,
        "speed": 16.216527665506984,
        "course": 230.7510528564453,
        "synthetic": false
      },
      "geometry": {
        "type": "Point",
        "coordinates": [
          30.22600132098781,
          60.02425594506644
        ]
      }
    },
    {
      "type": "Feature",
      "properties": {
        "monotonic_time": 66174.13475584984,
        "horizontal_accuracy": 3.2345695230103293,
        "speed": 15.151613200772374,
        "course": 230.7510528564453,
        "synthetic": false
      },
      "geometry": {
        "type": "Point",
        "coordinates": [
          30.22578545816267,
          60.02416870175874
        ]
      }
    },
    {
      "type": "Feature",
      "properties": {
        "monotonic_time": 66175.13474702835,
        "horizontal_accuracy": 3.2107220618830636,
        "speed": 13.323788304260882,
        "course": 230.7510528564453,
        "synthetic": false
      },
      "geometry": {
        "type": "Point",
        "coordinates": [
          30.225597885862268,
          60.02409606845549
        ]
      }
    },
    {
      "type": "Feature",
      "properties": {
        "monotonic_time": 66176.13473784924,
        "horizontal_accuracy": 3.1020926215834734,
        "speed": 11.693562785453487,
        "course": 230.96929931640625,
        "synthetic": false
      },
      "geometry": {
        "type": "Point",
        "coordinates": [
          30.22542531602888,
          60.0240278747665
        ]
      }
    },
    {
      "type": "Feature",
      "properties": {
        "monotonic_time": 66177.13472950459,
        "horizontal_accuracy": 3.042265798851416,
        "speed": 10.273645311405115,
        "course": 230.96929931640625,
        "synthetic": false
      },
      "geometry": {
        "type": "Point",
        "coordinates": [
          30.22528010866215,
          60.02397015962819
        ]
      }
    },
    {
      "type": "Feature",
      "properties": {
        "monotonic_time": 66178.1347208023,
        "horizontal_accuracy": 3.011650069960889,
        "speed": 8.96474930124903,
        "course": 230.96929931640625,
        "synthetic": false
      },
      "geometry": {
        "type": "Point",
        "coordinates": [
          30.225155387056837,
          60.02391706760101
        ]
      }
    },
    {
      "type": "Feature",
      "properties": {
        "monotonic_time": 66179.1347117424,
        "horizontal_accuracy": 2.9735031448659828,
        "speed": 7.530238765913368,
        "course": 230.96929931640625,
        "synthetic": false
      },
      "geometry": {
        "type": "Point",
        "coordinates": [
          30.22504878517794,
          60.02387315023983
        ]
      }
    },
    {
      "type": "Feature",
      "properties": {
        "monotonic_time": 66180.1347026825,
        "horizontal_accuracy": 2.945398679610602,
        "speed": 6.062372556084903,
        "course": 230.96929931640625,
        "synthetic": false
      },
      "geometry": {
        "type": "Point",
        "coordinates": [
          30.224966116137015,
          60.0238379155813
        ]
      }
    },
    {
      "type": "Feature",
      "properties": {
        "monotonic_time": 66181.1346937418,
        "horizontal_accuracy": 2.9128342508627205,
        "speed": 5.606928084541505,
        "course": 229.30864667137172,
        "synthetic": false
      },
      "geometry": {
        "type": "Point",
        "coordinates": [
          30.224890200464287,
          60.02380910458088
        ]
      }
    },
    {
      "type": "Feature",
      "properties": {
        "monotonic_time": 66182.13468492031,
        "horizontal_accuracy": 2.8993176634304887,
        "speed": 6.41642115353203,
        "course": 229.03591123726295,
        "synthetic": false
      },
      "geometry": {
        "type": "Point",
        "coordinates": [
          30.224807146521357,
          60.02377540720691
        ]
      }
    },
    {
      "type": "Feature",
      "properties": {
        "monotonic_time": 66183.13467693329,
        "horizontal_accuracy": 2.9008025175030006,
        "speed": 7.82134748086567,
        "course": 228.74550689482626,
        "synthetic": false
      },
      "geometry": {
        "type": "Point",
        "coordinates": [
          30.22469437938417,
          60.02373022513015
        ]
      }
    },
    {
      "type": "Feature",
      "properties": {
        "monotonic_time": 66184.13466739655,
        "horizontal_accuracy": 2.926635568518652,
        "speed": 8.855368726755701,
        "course": 228.4931688934343,
        "synthetic": false
      },
      "geometry": {
        "type": "Point",
        "coordinates": [
          30.224576450285642,
          60.02368115850423
        ]
      }
    },
    {
      "type": "Feature",
      "properties": {
        "monotonic_time": 66185.13465833664,
        "horizontal_accuracy": 2.9600378774497362,
        "speed": 10.008870743053027,
        "course": 228.677745074874,
        "synthetic": false
      },
      "geometry": {
        "type": "Point",
        "coordinates": [
          30.224442820677034,
          60.023624732463155
        ]
      }
    },
    {
      "type": "Feature",
      "properties": {
        "monotonic_time": 66186.1346501112,
        "horizontal_accuracy": 3.019045096893081,
        "speed": 11.303156080169057,
        "course": 228.72817459422615,
        "synthetic": false
      },
      "geometry": {
        "type": "Point",
        "coordinates": [
          30.22429017931108,
          60.02355723236336
        ]
      }
    },
    {
      "type": "Feature",
      "properties": {
        "monotonic_time": 66187.13464081287,
        "horizontal_accuracy": 3.080556178659265,
        "speed": 12.725418749632363,
        "course": 228.9283473152631,
        "synthetic": false
      },
      "geometry": {
        "type": "Point",
        "coordinates": [
          30.224105736115344,
          60.02348188869383
        ]
      }
    },
    {
      "type": "Feature",
      "properties": {
        "monotonic_time": 66188.13463270664,
        "horizontal_accuracy": 3.141406153456658,
        "speed": 13.418619783487573,
        "course": 229.10733923971955,
        "synthetic": false
      },
      "geometry": {
        "type": "Point",
        "coordinates": [
          30.223916004450352,
          60.02340192690034
        ]
      }
    },
    {
      "type": "Feature",
      "properties": {
        "monotonic_time": 66189.13462412357,
        "horizontal_accuracy": 3.2466044240681606,
        "speed": 13.620293689984157,
        "course": 229.3734400033104,
        "synthetic": false
      },
      "geometry": {
        "type": "Point",
        "coordinates": [
          30.223730262469047,
          60.02332306444041
        ]
      }
    },
    {
      "type": "Feature",
      "properties": {
        "monotonic_time": 66190.13461434841,
        "horizontal_accuracy": 3.2859428937946986,
        "speed": 13.018500070095728,
        "course": 229.614266919119,
        "synthetic": false
      },
      "geometry": {
        "type": "Point",
        "coordinates": [
          30.223539019911865,
          60.02324672048688
        ]
      }
    },
    {
      "type": "Feature",
      "properties": {
        "monotonic_time": 66191.13460600376,
        "horizontal_accuracy": 3.3133293585843133,
        "speed": 12.440928347102389,
        "course": 229.3802653022319,
        "synthetic": false
      },
      "geometry": {
        "type": "Point",
        "coordinates": [
          30.22334661251501,
          60.0231717326067
        ]
      }
    },
    {
      "type": "Feature",
      "properties": {
        "monotonic_time": 66192.13459694386,
        "horizontal_accuracy": 3.222245735760555,
        "speed": 11.615397771269945,
        "course": 229.18510249968097,
        "synthetic": false
      },
      "geometry": {
        "type": "Point",
        "coordinates": [
          30.22317137366087,
          60.02310263254823
        ]
      }
    },
    {
      "type": "Feature",
      "properties": {
        "monotonic_time": 66193.13458871841,
        "horizontal_accuracy": 3.1833708890142813,
        "speed": 11.423026096064904,
        "course": 228.97945996741956,
        "synthetic": false
      },
      "geometry": {
        "type": "Point",
        "coordinates": [
          30.22300458323086,
          60.023038001090136
        ]
      }
    },
    {
      "type": "Feature",
      "properties": {
        "monotonic_time": 66194.04292356968,
        "horizontal_accuracy": 3.157024019150231,
        "speed": 10.523458672039826,
        "course": 228.62565252996566,
        "synthetic": false
      },
      "geometry": {
        "type": "Point",
        "coordinates": [
          30.222862438714692,
          60.02297945885005
        ]
      }
    },
    {
      "type": "Feature",
      "properties": {
        "monotonic_time": 66195.04283106327,
        "horizontal_accuracy": 3.1648051210096577,
        "speed": 10.078293111074375,
        "course": 228.63578090861662,
        "synthetic": false
      },
      "geometry": {
        "type": "Point",
        "coordinates": [
          30.22271653474601,
          60.0229186889554
        ]
      }
    },
    {
      "type": "Feature",
      "properties": {
        "monotonic_time": 66196.04272580147,
        "horizontal_accuracy": 3.182478001934037,
        "speed": 8.929843340291184,
        "course": 228.7479105665362,
        "synthetic": false
      },
      "geometry": {
        "type": "Point",
        "coordinates": [
          30.222585992293276,
          60.02286725113198
        ]
      }
    },
    {
      "type": "Feature",
      "properties": {
        "monotonic_time": 66197.04262471199,
        "horizontal_accuracy": 3.187624052925904,
        "speed": 7.668636840346758,
        "course": 229.8248138429146,
        "synthetic": false
      },
      "geometry": {
        "type": "Point",
        "coordinates": [
          30.222472335530632,
          60.0228200310146
        ]
      }
    },
    {
      "type": "Feature",
      "properties": {
        "monotonic_time": 66198.04252958298,
        "horizontal_accuracy": 3.268948009554267,
        "speed": 6.583142105486742,
        "course": 230.22822236599455,
        "synthetic": false
      },
      "geometry": {
        "type": "Point",
        "coordinates": [
          30.22237677912282,
          60.02278467863261
        ]
      }
    },
    {
      "type": "Feature",
      "properties": {
        "monotonic_time": 66199.04243922234,
        "horizontal_accuracy": 3.35029485228095,
        "speed": 5.275209062895445,
        "course": 230.0318321846796,
        "synthetic": false
      },
      "geometry": {
        "type": "Point",
        "coordinates": [
          30.222301987651996,
          60.0227553331796
        ]
      }
    },
    {
      "type": "Feature",
      "properties": {
        "monotonic_time": 66200.04235327244,
        "horizontal_accuracy": 3.4597432048491923,
        "speed": 4.375761871836744,
        "course": 230.14110864130598,
        "synthetic": false
      },
      "geometry": {
        "type": "Point",
        "coordinates": [
          30.222240897842685,
          60.02272897146461
        ]
      }
    },
    {
      "type": "Feature",
      "properties": {
        "monotonic_time": 66201.04227101803,
        "horizontal_accuracy": 3.5293688674115957,
        "speed": 3.3130619256713834,
        "course": 229.86436786064777,
        "synthetic": false
      },
      "geometry": {
        "type": "Point",
        "coordinates": [
          30.22219108475205,
          60.022707285392265
        ]
      }
    },
    {
      "type": "Feature",
      "properties": {
        "monotonic_time": 66202.04219436646,
        "horizontal_accuracy": 3.5324540317397126,
        "speed": 2.107386019141969,
        "course": 229.69551063761378,
        "synthetic": false
      },
      "geometry": {
        "type": "Point",
        "coordinates": [
          30.22215729520845,
          60.022692503375225
        ]
      }
    },
    {
      "type": "Feature",
      "properties": {
        "monotonic_time": 66203.04212093353,
        "horizontal_accuracy": 3.467075655940158,
        "speed": 0.9467034118673084,
        "course": 229.55429081154054,
        "synthetic": false
      },
      "geometry": {
        "type": "Point",
        "coordinates": [
          30.222132044688973,
          60.022683368854196
        ]
      }
    },
    {
      "type": "Feature",
      "properties": {
        "monotonic_time": 66204.04205024242,
        "horizontal_accuracy": 3.455973147875145,
        "speed": 0.6167943146393788,
        "course": 229.46718767635008,
        "synthetic": false
      },
      "geometry": {
        "type": "Point",
        "coordinates": [
          30.22212256400458,
          60.02268064517476
        ]
      }
    },
    {
      "type": "Feature",
      "properties": {
        "monotonic_time": 66205.0419832468,
        "horizontal_accuracy": 3.593474172741166,
        "speed": 0.16516362950971933,
        "course": 229.42519490963357,
        "synthetic": false
      },
      "geometry": {
        "type": "Point",
        "coordinates": [
          30.22212070470035,
          60.02267829963116
        ]
      }
    },
    {
      "type": "Feature",
      "properties": {
        "monotonic_time": 66206.04191982746,
        "horizontal_accuracy": 3.9363183427184976,
        "speed": 0.08383321402101176,
        "course": 229.49236937358847,
        "synthetic": false
      },
      "geometry": {
        "type": "Point",
        "coordinates": [
          30.222125025297377,
          60.02267773652659
        ]
      }
    },
    {
      "type": "Feature",
      "properties": {
        "monotonic_time": 66207.04185891151,
        "horizontal_accuracy": 3.9139774505684994,
        "speed": 0.05241547700565006,
        "course": 229.54377535305642,
        "synthetic": false
      },
      "geometry": {
        "type": "Point",
        "coordinates": [
          30.2221298768594,
          60.02267813447541
        ]
      }
    },
    {
      "type": "Feature",
      "properties": {
        "monotonic_time": 66208.04180133343,
        "horizontal_accuracy": 3.9770429746445375,
        "speed": 0.023356843067536145,
        "course": 229.5521979305321,
        "synthetic": false
      },
      "geometry": {
        "type": "Point",
        "coordinates": [
          30.222125997591743,
          60.022676566587485
        ]
      }
    },
    {
      "type": "Feature",
      "properties": {
        "monotonic_time": 66209.04174530506,
        "horizontal_accuracy": 4.157071779255194,
        "speed": 0.0357526695574038,
        "course": 230.76451110839844,
        "synthetic": false
      },
      "geometry": {
        "type": "Point",
        "coordinates": [
          30.222119659273538,
          60.02267367854155
        ]
      }
    },
    {
      "type": "Feature",
      "properties": {
        "monotonic_time": 66210.04169213772,
        "horizontal_accuracy": 4.2266028559095385,
        "speed": 0.10478803614234454,
        "course": 230.76451110839844,
        "synthetic": false
      },
      "geometry": {
        "type": "Point",
        "coordinates": [
          30.222109198117035,
          60.02266749943603
        ]
      }
    },
    {
      "type": "Feature",
      "properties": {
        "monotonic_time": 66211.04164218903,
        "horizontal_accuracy": 4.248593462878775,
        "speed": 0.07085887580652384,
        "course": 230.76451110839844,
        "synthetic": false
      },
      "geometry": {
        "type": "Point",
        "coordinates": [
          30.222109346081954,
          60.022668535378266
        ]
      }
    },
    {
      "type": "Feature",
      "properties": {
        "monotonic_time": 66212.04159355164,
        "horizontal_accuracy": 4.49848234060945,
        "speed": 0.07715178673699645,
        "course": 230.76451110839844,
        "synthetic": false
      },
      "geometry": {
        "type": "Point",
        "coordinates": [
          30.222105038815624,
          60.022669169581995
        ]
      }
    },
    {
      "type": "Feature",
      "properties": {
        "monotonic_time": 66213.04154753685,
        "horizontal_accuracy": 4.433166926208479,
        "speed": 0.061531185270183274,
        "course": 230.76451110839844,
        "synthetic": false
      },
      "geometry": {
        "type": "Point",
        "coordinates": [
          30.222104417740518,
          60.02267064140037
        ]
      }
    },
    {
      "type": "Feature",
      "properties": {
        "monotonic_time": 66214.04150235653,
        "horizontal_accuracy": 4.4962525545425915,
        "speed": 0,
        "course": 230.76451110839844,
        "synthetic": false
      },
      "geometry": {
        "type": "Point",
        "coordinates": [
          30.222098585059786,
          60.02267060316195
        ]
      }
    },
    {
      "type": "Feature",
      "properties": {
        "monotonic_time": 66215.04145884514,
        "horizontal_accuracy": 4.646078279149652,
        "speed": 0,
        "course": 230.76451110839844,
        "synthetic": false
      },
      "geometry": {
        "type": "Point",
        "coordinates": [
          30.222098585059786,
          60.02267060316195
        ]
      }
    },
    {
      "type": "Feature",
      "properties": {
        "monotonic_time": 66216.04141807556,
        "horizontal_accuracy": 4.812958081107728,
        "speed": 0,
        "course": 230.76451110839844,
        "synthetic": false
      },
      "geometry": {
        "type": "Point",
        "coordinates": [
          30.222098585059786,
          60.02267060316195
        ]
      }
    },
    {
      "type": "Feature",
      "properties": {
        "monotonic_time": 66217.0413788557,
        "horizontal_accuracy": 4.961969515550521,
        "speed": 0,
        "course": 230.76451110839844,
        "synthetic": false
      },
      "geometry": {
        "type": "Point",
        "coordinates": [
          30.222098585059786,
          60.02267060316195
        ]
      }
    },
    {
      "type": "Feature",
      "properties": {
        "monotonic_time": 66218.04134058952,
        "horizontal_accuracy": 5.092597402362003,
        "speed": 0,
        "course": 230.76451110839844,
        "synthetic": false
      },
      "geometry": {
        "type": "Point",
        "coordinates": [
          30.222098585059786,
          60.02267060316195
        ]
      }
    },
    {
      "type": "Feature",
      "properties": {
        "monotonic_time": 66219.0413031578,
        "horizontal_accuracy": 5.157871070110781,
        "speed": 0,
        "course": 230.76451110839844,
        "synthetic": false
      },
      "geometry": {
        "type": "Point",
        "coordinates": [
          30.222098585059786,
          60.02267060316195
        ]
      }
    },
    {
      "type": "Feature",
      "properties": {
        "monotonic_time": 66220.04126703739,
        "horizontal_accuracy": 5.114580307877752,
        "speed": 0,
        "course": 230.76451110839844,
        "synthetic": false
      },
      "geometry": {
        "type": "Point",
        "coordinates": [
          30.222098585059786,
          60.02267060316195
        ]
      }
    },
    {
      "type": "Feature",
      "properties": {
        "monotonic_time": 66221.04123294353,
        "horizontal_accuracy": 5.264363260750269,
        "speed": 0.37445085461129757,
        "course": 230.76451110839844,
        "synthetic": false
      },
      "geometry": {
        "type": "Point",
        "coordinates": [
          30.222090491382197,
          60.02267749335079
        ]
      }
    },
    {
      "type": "Feature",
      "properties": {
        "monotonic_time": 66222.04119956493,
        "horizontal_accuracy": 5.29543955537132,
        "speed": 0.2297240021717101,
        "course": 230.76451110839844,
        "synthetic": false
      },
      "geometry": {
        "type": "Point",
        "coordinates": [
          30.22208530214318,
          60.02267558475955
        ]
      }
    },
    {
      "type": "Feature",
      "properties": {
        "monotonic_time": 66223.04116690159,
        "horizontal_accuracy": 5.227138382672123,
        "speed": 0,
        "course": 230.76451110839844,
        "synthetic": false
      },
      "geometry": {
        "type": "Point",
        "coordinates": [
          30.22208116350712,
          60.022671826762135
        ]
      }
    },
    {
      "type": "Feature",
      "properties": {
        "monotonic_time": 66224.04113543034,
        "horizontal_accuracy": 5.290845920337438,
        "speed": 0,
        "course": 230.76451110839844,
        "synthetic": false
      },
      "geometry": {
        "type": "Point",
        "coordinates": [
          30.22208116350712,
          60.022671826762135
        ]
      }
    },
    {
      "type": "Feature",
      "properties": {
        "monotonic_time": 66225.04110562801,
        "horizontal_accuracy": 5.410737665977655,
        "speed": 0.03561113195087414,
        "course": 230.76451110839844,
        "synthetic": false
      },
      "geometry": {
        "type": "Point",
        "coordinates": [
          30.22206534452629,
          60.022663431569036
        ]
      }
    },
    {
      "type": "Feature",
      "properties": {
        "monotonic_time": 66226.04107606411,
        "horizontal_accuracy": 5.506814727417662,
        "speed": 0,
        "course": 230.76451110839844,
        "synthetic": false
      },
      "geometry": {
        "type": "Point",
        "coordinates": [
          30.222058423169255,
          60.02266053814255
        ]
      }
    },
    {
      "type": "Feature",
      "properties": {
        "monotonic_time": 66227.04104709625,
        "horizontal_accuracy": 5.477098762863941,
        "speed": 0,
        "course": 230.76451110839844,
        "synthetic": false
      },
      "geometry": {
        "type": "Point",
        "coordinates": [
          30.222058423169255,
          60.02266053814255
        ]
      }
    },
    {
      "type": "Feature",
      "properties": {
        "monotonic_time": 66228.04101860523,
        "horizontal_accuracy": 5.407517384815442,
        "speed": 0.225968477780844,
        "course": 230.76451110839844,
        "synthetic": false
      },
      "geometry": {
        "type": "Point",
        "coordinates": [
          30.222037472262123,
          60.022655820124605
        ]
      }
    },
    {
      "type": "Feature",
      "properties": {
        "monotonic_time": 66229.04099190235,
        "horizontal_accuracy": 5.398054961921026,
        "speed": 0.0643334877925211,
        "course": 230.76451110839844,
        "synthetic": false
      },
      "geometry": {
        "type": "Point",
        "coordinates": [
          30.222035025544418,
          60.02265609703286
        ]
      }
    },
    {
      "type": "Feature",
      "properties": {
        "monotonic_time": 66230.04096472263,
        "horizontal_accuracy": 5.374780251628333,
        "speed": 0,
        "course": 230.76451110839844,
        "synthetic": false
      },
      "geometry": {
        "type": "Point",
        "coordinates": [
          30.222031700611446,
          60.022653727196655
        ]
      }
    },
    {
      "type": "Feature",
      "properties": {
        "monotonic_time": 66231.04093873501,
        "horizontal_accuracy": 5.317928737037114,
        "speed": 0,
        "course": 230.76451110839844,
        "synthetic": false
      },
      "geometry": {
        "type": "Point",
        "coordinates": [
          30.222031700611446,
          60.022653727196655
        ]
      }
    },
    {
      "type": "Feature",
      "properties": {
        "monotonic_time": 66232.0409141779,
        "horizontal_accuracy": 5.246953042818024,
        "speed": 0,
        "course": 230.76451110839844,
        "synthetic": false
      },
      "geometry": {
        "type": "Point",
        "coordinates": [
          30.222031700611446,
          60.022653727196655
        ]
      }
    },
    {
      "type": "Feature",
      "properties": {
        "monotonic_time": 66233.04088878632,
        "horizontal_accuracy": 5.179564818782908,
        "speed": 0,
        "course": 230.76451110839844,
        "synthetic": false
      },
      "geometry": {
        "type": "Point",
        "coordinates": [
          30.222031700611446,
          60.022653727196655
        ]
      }
    },
    {
      "type": "Feature",
      "properties": {
        "monotonic_time": 66234.04086434841,
        "horizontal_accuracy": 5.066460882201142,
        "speed": 0,
        "course": 230.76451110839844,
        "synthetic": false
      },
      "geometry": {
        "type": "Point",
        "coordinates": [
          30.222031700611446,
          60.022653727196655
        ]
      }
    },
    {
      "type": "Feature",
      "properties": {
        "monotonic_time": 66235.04084074497,
        "horizontal_accuracy": 5.024186600352308,
        "speed": 0,
        "course": 230.76451110839844,
        "synthetic": false
      },
      "geometry": {
        "type": "Point",
        "coordinates": [
          30.222031700611446,
          60.022653727196655
        ]
      }
    },
    {
      "type": "Feature",
      "properties": {
        "monotonic_time": 66236.04081714153,
        "horizontal_accuracy": 5.09623215039152,
        "speed": 0,
        "course": 230.76451110839844,
        "synthetic": false
      },
      "geometry": {
        "type": "Point",
        "coordinates": [
          30.222031700611446,
          60.022653727196655
        ]
      }
    },
    {
      "type": "Feature",
      "properties": {
        "monotonic_time": 66237.04052627087,
        "horizontal_accuracy": 5.0384697856982985,
        "speed": 0,
        "course": 230.76451110839844,
        "synthetic": false
      },
      "geometry": {
        "type": "Point",
        "coordinates": [
          30.222031700611446,
          60.022653727196655
        ]
      }
    },
    {
      "type": "Feature",
      "properties": {
        "monotonic_time": 66238.0401134491,
        "horizontal_accuracy": 5.1159475495305715,
        "speed": 0,
        "course": 230.76451110839844,
        "synthetic": false
      },
      "geometry": {
        "type": "Point",
        "coordinates": [
          30.222031700611446,
          60.022653727196655
        ]
      }
    },
    {
      "type": "Feature",
      "properties": {
        "monotonic_time": 66239.04009091854,
        "horizontal_accuracy": 5.393297427712631,
        "speed": 0,
        "course": 230.76451110839844,
        "synthetic": false
      },
      "geometry": {
        "type": "Point",
        "coordinates": [
          30.222031700611446,
          60.022653727196655
        ]
      }
    },
    {
      "type": "Feature",
      "properties": {
        "monotonic_time": 66240.03983652592,
        "horizontal_accuracy": 5.43345078649577,
        "speed": 0,
        "course": 230.76451110839844,
        "synthetic": false
      },
      "geometry": {
        "type": "Point",
        "coordinates": [
          30.222031700611446,
          60.022653727196655
        ]
      }
    },
    {
      "type": "Feature",
      "properties": {
        "monotonic_time": 66241.03989923,
        "horizontal_accuracy": 5.412961363060725,
        "speed": 0,
        "course": 230.76451110839844,
        "synthetic": false
      },
      "geometry": {
        "type": "Point",
        "coordinates": [
          30.222031700611446,
          60.022653727196655
        ]
      }
    },
    {
      "type": "Feature",
      "properties": {
        "monotonic_time": 66242.03987789154,
        "horizontal_accuracy": 5.492907658144186,
        "speed": 0,
        "course": 230.76451110839844,
        "synthetic": false
      },
      "geometry": {
        "type": "Point",
        "coordinates": [
          30.222031700611446,
          60.022653727196655
        ]
      }
    },
    {
      "type": "Feature",
      "properties": {
        "monotonic_time": 66243.0400402546,
        "horizontal_accuracy": 5.6349844461428225,
        "speed": 0,
        "course": 230.76451110839844,
        "synthetic": false
      },
      "geometry": {
        "type": "Point",
        "coordinates": [
          30.222031700611446,
          60.022653727196655
        ]
      }
    },
    {
      "type": "Feature",
      "properties": {
        "monotonic_time": 66244.04007709026,
        "horizontal_accuracy": 5.730438163023692,
        "speed": 0,
        "course": 230.76451110839844,
        "synthetic": false
      },
      "geometry": {
        "type": "Point",
        "coordinates": [
          30.222031700611446,
          60.022653727196655
        ]
      }
    },
    {
      "type": "Feature",
      "properties": {
        "monotonic_time": 66245.04005670547,
        "horizontal_accuracy": 5.917987191215825,
        "speed": 0,
        "course": 230.76451110839844,
        "synthetic": false
      },
      "geometry": {
        "type": "Point",
        "coordinates": [
          30.222031700611446,
          60.022653727196655
        ]
      }
    },
    {
      "type": "Feature",
      "properties": {
        "monotonic_time": 66246.04022908211,
        "horizontal_accuracy": 5.832155184442104,
        "speed": 0,
        "course": 230.76451110839844,
        "synthetic": false
      },
      "geometry": {
        "type": "Point",
        "coordinates": [
          30.222031700611446,
          60.022653727196655
        ]
      }
    },
    {
      "type": "Feature",
      "properties": {
        "monotonic_time": 66247.04033243656,
        "horizontal_accuracy": 5.976553595344633,
        "speed": 0,
        "course": 230.76451110839844,
        "synthetic": false
      },
      "geometry": {
        "type": "Point",
        "coordinates": [
          30.222031700611446,
          60.022653727196655
        ]
      }
    },
    {
      "type": "Feature",
      "properties": {
        "monotonic_time": 66248.0403124094,
        "horizontal_accuracy": 5.878501358034054,
        "speed": 0,
        "course": 230.76451110839844,
        "synthetic": false
      },
      "geometry": {
        "type": "Point",
        "coordinates": [
          30.222031700611446,
          60.022653727196655
        ]
      }
    },
    {
      "type": "Feature",
      "properties": {
        "monotonic_time": 66249.03991222382,
        "horizontal_accuracy": 5.934795094078066,
        "speed": 0.21562627731336986,
        "course": 230.76451110839844,
        "synthetic": false
      },
      "geometry": {
        "type": "Point",
        "coordinates": [
          30.22198889784894,
          60.022648332449954
        ]
      }
    },
    {
      "type": "Feature",
      "properties": {
        "monotonic_time": 66250.0398286581,
        "horizontal_accuracy": 5.864485559930537,
        "speed": 0.15294868857439325,
        "course": 230.76451110839844,
        "synthetic": false
      },
      "geometry": {
        "type": "Point",
        "coordinates": [
          30.221985354112256,
          60.02264810200796
        ]
      }
    },
    {
      "type": "Feature",
      "properties": {
        "monotonic_time": 66251.03980898857,
        "horizontal_accuracy": 5.827901480039631,
        "speed": 0.07082349563590618,
        "course": 230.76451110839844,
        "synthetic": false
      },
      "geometry": {
        "type": "Point",
        "coordinates": [
          30.221990907516524,
          60.022646321124384
        ]
      }
    },
    {
      "type": "Feature",
      "properties": {
        "monotonic_time": 66252.03979051113,
        "horizontal_accuracy": 5.849955460388176,
        "speed": 0.07976444777413005,
        "course": 230.76451110839844,
        "synthetic": false
      },
      "geometry": {
        "type": "Point",
        "coordinates": [
          30.222003670236504,
          60.02264516658509
        ]
      }
    },
    {
      "type": "Feature",
      "properties": {
        "monotonic_time": 66253.03977203369,
        "horizontal_accuracy": 5.861919154988595,
        "speed": 0,
        "course": 230.76451110839844,
        "synthetic": false
      },
      "geometry": {
        "type": "Point",
        "coordinates": [
          30.222016502568508,
          60.022644324501194
        ]
      }
    },
    {
      "type": "Feature",
      "properties": {
        "monotonic_time": 66254.03975236416,
        "horizontal_accuracy": 5.745141004921978,
        "speed": 0,
        "course": 230.76451110839844,
        "synthetic": false
      },
      "geometry": {
        "type": "Point",
        "coordinates": [
          30.222016502568508,
          60.022644324501194
        ]
      }
    },
    {
      "type": "Feature",
      "properties": {
        "monotonic_time": 66255.0397336483,
        "horizontal_accuracy": 5.96179699224877,
        "speed": 0,
        "course": 230.76451110839844,
        "synthetic": false
      },
      "geometry": {
        "type": "Point",
        "coordinates": [
          30.222016502568508,
          60.022644324501194
        ]
      }
    },
    {
      "type": "Feature",
      "properties": {
        "monotonic_time": 66256.03971529007,
        "horizontal_accuracy": 6.125528034068943,
        "speed": 0,
        "course": 230.76451110839844,
        "synthetic": false
      },
      "geometry": {
        "type": "Point",
        "coordinates": [
          30.222016502568508,
          60.022644324501194
        ]
      }
    },
    {
      "type": "Feature",
      "properties": {
        "monotonic_time": 66257.03969717026,
        "horizontal_accuracy": 6.2770487709319065,
        "speed": 0,
        "course": 230.76451110839844,
        "synthetic": false
      },
      "geometry": {
        "type": "Point",
        "coordinates": [
          30.222016502568508,
          60.022644324501194
        ]
      }
    },
    {
      "type": "Feature",
      "properties": {
        "monotonic_time": 66258.0396784544,
        "horizontal_accuracy": 6.463373164291373,
        "speed": 0,
        "course": 230.76451110839844,
        "synthetic": false
      },
      "geometry": {
        "type": "Point",
        "coordinates": [
          30.222016502568508,
          60.022644324501194
        ]
      }
    },
    {
      "type": "Feature",
      "properties": {
        "monotonic_time": 66259.03966069221,
        "horizontal_accuracy": 6.696549197399352,
        "speed": 0,
        "course": 230.76451110839844,
        "synthetic": false
      },
      "geometry": {
        "type": "Point",
        "coordinates": [
          30.222016502568508,
          60.022644324501194
        ]
      }
    },
    {
      "type": "Feature",
      "properties": {
        "monotonic_time": 66260.03964304924,
        "horizontal_accuracy": 6.670684377369877,
        "speed": 0,
        "course": 230.76451110839844,
        "synthetic": false
      },
      "geometry": {
        "type": "Point",
        "coordinates": [
          30.222016502568508,
          60.022644324501194
        ]
      }
    },
    {
      "type": "Feature",
      "properties": {
        "monotonic_time": 66261.03962469101,
        "horizontal_accuracy": 6.838041303861947,
        "speed": 0,
        "course": 230.76451110839844,
        "synthetic": false
      },
      "geometry": {
        "type": "Point",
        "coordinates": [
          30.222016502568508,
          60.022644324501194
        ]
      }
    },
    {
      "type": "Feature",
      "properties": {
        "monotonic_time": 66262.0396066904,
        "horizontal_accuracy": 6.98151525038077,
        "speed": 0,
        "course": 230.76451110839844,
        "synthetic": false
      },
      "geometry": {
        "type": "Point",
        "coordinates": [
          30.222016502568508,
          60.022644324501194
        ]
      }
    },
    {
      "type": "Feature",
      "properties": {
        "monotonic_time": 66263.03958928585,
        "horizontal_accuracy": 7.194603150760689,
        "speed": 0,
        "course": 230.76451110839844,
        "synthetic": false
      },
      "geometry": {
        "type": "Point",
        "coordinates": [
          30.222016502568508,
          60.022644324501194
        ]
      }
    },
    {
      "type": "Feature",
      "properties": {
        "monotonic_time": 66264.03957092762,
        "horizontal_accuracy": 7.31726399758964,
        "speed": 0,
        "course": 230.76451110839844,
        "synthetic": false
      },
      "geometry": {
        "type": "Point",
        "coordinates": [
          30.222016502568508,
          60.022644324501194
        ]
      }
    },
    {
      "type": "Feature",
      "properties": {
        "monotonic_time": 66265.03955352306,
        "horizontal_accuracy": 7.372411670797018,
        "speed": 0,
        "course": 230.76451110839844,
        "synthetic": false
      },
      "geometry": {
        "type": "Point",
        "coordinates": [
          30.222016502568508,
          60.022644324501194
        ]
      }
    },
    {
      "type": "Feature",
      "properties": {
        "monotonic_time": 66266.03953564167,
        "horizontal_accuracy": 7.550879350984141,
        "speed": 0,
        "course": 230.76451110839844,
        "synthetic": false
      },
      "geometry": {
        "type": "Point",
        "coordinates": [
          30.222016502568508,
          60.022644324501194
        ]
      }
    },
    {
      "type": "Feature",
      "properties": {
        "monotonic_time": 66267.03951787949,
        "horizontal_accuracy": 7.595449607612555,
        "speed": 0,
        "course": 230.76451110839844,
        "synthetic": false
      },
      "geometry": {
        "type": "Point",
        "coordinates": [
          30.222016502568508,
          60.022644324501194
        ]
      }
    },
    {
      "type": "Feature",
      "properties": {
        "monotonic_time": 66268.03950107098,
        "horizontal_accuracy": 7.438254931585951,
        "speed": 0,
        "course": 230.76451110839844,
        "synthetic": false
      },
      "geometry": {
        "type": "Point",
        "coordinates": [
          30.222016502568508,
          60.022644324501194
        ]
      }
    },
    {
      "type": "Feature",
      "properties": {
        "monotonic_time": 66269.039483428,
        "horizontal_accuracy": 7.412158266417883,
        "speed": 0.5883667905639436,
        "course": 230.76451110839844,
        "synthetic": false
      },
      "geometry": {
        "type": "Point",
        "coordinates": [
          30.222055735528745,
          60.02263611181399
        ]
      }
    },
    {
      "type": "Feature",
      "properties": {
        "monotonic_time": 66270.03946590424,
        "horizontal_accuracy": 7.390963862078105,
        "speed": 1.7754888115858094,
        "course": 230.76451110839844,
        "synthetic": false
      },
      "geometry": {
        "type": "Point",
        "coordinates": [
          30.222037388380958,
          60.02262776847351
        ]
      }
    },
    {
      "type": "Feature",
      "properties": {
        "monotonic_time": 66271.03944885731,
        "horizontal_accuracy": 7.249165521134192,
        "speed": 3.6190626538279775,
        "course": 230.76451110839844,
        "synthetic": false
      },
      "geometry": {
        "type": "Point",
        "coordinates": [
          30.2219933228867,
          60.02261056079663
        ]
      }
    },
    {
      "type": "Feature",
      "properties": {
        "monotonic_time": 66272.0394308567,
        "horizontal_accuracy": 6.995651015532643,
        "speed": 5.695604032095443,
        "course": 230.76451110839844,
        "synthetic": false
      },
      "geometry": {
        "type": "Point",
        "coordinates": [
          30.221919599786293,
          60.02258215045879
        ]
      }
    },
    {
      "type": "Feature",
      "properties": {
        "monotonic_time": 66273.0394141674,
        "horizontal_accuracy": 6.804873292623639,
        "speed": 6.8412251637832275,
        "course": 228.8872528076172,
        "synthetic": false
      },
      "geometry": {
        "type": "Point",
        "coordinates": [
          30.221819058902422,
          60.022547459763686
        ]
      }
    },
    {
      "type": "Feature",
      "properties": {
        "monotonic_time": 66274.03939712048,
        "horizontal_accuracy": 6.428875650613616,
        "speed": 7.13360960964234,
        "course": 228.8872528076172,
        "synthetic": false
      },
      "geometry": {
        "type": "Point",
        "coordinates": [
          30.221711405203195,
          60.02251777022526
        ]
      }
    },
    {
      "type": "Feature",
      "properties": {
        "monotonic_time": 66275.03937995434,
        "horizontal_accuracy": 5.735923909866249,
        "speed": 8.144563282088564,
        "course": 229.325439453125,
        "synthetic": false
      },
      "geometry": {
        "type": "Point",
        "coordinates": [
          30.221580721857567,
          60.022483917348396
        ]
      }
    },
    {
      "type": "Feature",
      "properties": {
        "monotonic_time": 66276.03936254978,
        "horizontal_accuracy": 4.828436345407342,
        "speed": 9.085706398452617,
        "course": 229.325439453125,
        "synthetic": false
      },
      "geometry": {
        "type": "Point",
        "coordinates": [
          30.221479102722515,
          60.02242090492064
        ]
      }
    },
    {
      "type": "Feature",
      "properties": {
        "monotonic_time": 66277.03934562206,
        "horizontal_accuracy": 3.961070075137261,
        "speed": 10.259120087047972,
        "course": 253.04444885253906,
        "synthetic": false
      },
      "geometry": {
        "type": "Point",
        "coordinates": [
          30.221262899223834,
          60.022401344340835
        ]
      }
    },
    {
      "type": "Feature",
      "properties": {
        "monotonic_time": 66278.03932869434,
        "horizontal_accuracy": 3.163185968812896,
        "speed": 11.422783096703053,
        "course": 253.04444885253906,
        "synthetic": false
      },
      "geometry": {
        "type": "Point",
        "coordinates": [
          30.221059223804804,
          60.02238144543238
        ]
      }
    },
    {
      "type": "Feature",
      "properties": {
        "monotonic_time": 66279.039311409,
        "horizontal_accuracy": 2.838732773875421,
        "speed": 11.536668021310907,
        "course": 247.55307006835938,
        "synthetic": false
      },
      "geometry": {
        "type": "Point",
        "coordinates": [
          30.220858721426158,
          60.022347466197935
        ]
      }
    },
    {
      "type": "Feature",
      "properties": {
        "monotonic_time": 66280.03929388523,
        "horizontal_accuracy": 2.8474809435227235,
        "speed": 11.848829110946088,
        "course": 247.59083557128906,
        "synthetic": false
      },
      "geometry": {
        "type": "Point",
        "coordinates": [
          30.220659674888406,
          60.02231196214393
        ]
      }
    },
    {
      "type": "Feature",
      "properties": {
        "monotonic_time": 66281.03927695751,
        "horizontal_accuracy": 2.8685638803041345,
        "speed": 12.771452495506463,
        "course": 247.42088317871094,
        "synthetic": false
      },
      "geometry": {
        "type": "Point",
        "coordinates": [
          30.220464895984364,
          60.02225490677606
        ]
      }
    },
    {
      "type": "Feature",
      "properties": {
        "monotonic_time": 66282.03925991058,
        "horizontal_accuracy": 2.8888474823930697,
        "speed": 13.865957202546536,
        "course": 255.34567260742188,
        "synthetic": false
      },
      "geometry": {
        "type": "Point",
        "coordinates": [
          30.220224552343876,
          60.022212980244056
        ]
      }
    },
    {
      "type": "Feature",
      "properties": {
        "monotonic_time": 66283.03924286366,
        "horizontal_accuracy": 2.894770927408889,
        "speed": 14.859102047439935,
        "course": 255.34567260742188,
        "synthetic": false
      },
      "geometry": {
        "type": "Point",
        "coordinates": [
          30.21996875327075,
          60.02219166354876
        ]
      }
    },
    {
      "type": "Feature",
      "properties": {
        "monotonic_time": 66284.0392267704,
        "horizontal_accuracy": 2.905736590609893,
        "speed": 15.897220763958101,
        "course": 254.9129180908203,
        "synthetic": false
      },
      "geometry": {
        "type": "Point",
        "coordinates": [
          30.219708984132453,
          60.02213785288314
        ]
      }
    },
    {
      "type": "Feature",
      "properties": {
        "monotonic_time": 66285.03920948505,
        "horizontal_accuracy": 2.9134095359567587,
        "speed": 16.51392902656602,
        "course": 242.31293797125835,
        "synthetic": false
      },
      "geometry": {
        "type": "Point",
        "coordinates": [
          30.21943894745751,
          60.02207101102421
        ]
      }
    },
    {
      "type": "Feature",
      "properties": {
        "monotonic_time": 66286.03919255733,
        "horizontal_accuracy": 2.9524952842047414,
        "speed": 16.64049902016672,
        "course": 237.61613638267363,
        "synthetic": false
      },
      "geometry": {
        "type": "Point",
        "coordinates": [
          30.219184788225856,
          60.02200005966469
        ]
      }
    },
    {
      "type": "Feature",
      "properties": {
        "monotonic_time": 66287.03917527199,
        "horizontal_accuracy": 3.0370247201856286,
        "speed": 17.056628870747613,
        "course": 231.15776500232423,
        "synthetic": false
      },
      "geometry": {
        "type": "Point",
        "coordinates": [
          30.218938504398565,
          60.02190649552557
        ]
      }
    },
    {
      "type": "Feature",
      "properties": {
        "monotonic_time": 66288.03915905952,
        "horizontal_accuracy": 3.210373832578282,
        "speed": 17.399216753384934,
        "course": 226.9100189332228,
        "synthetic": false
      },
      "geometry": {
        "type": "Point",
        "coordinates": [
          30.218703956318592,
          60.02180385386634
        ]
      }
    },
    {
      "type": "Feature",
      "properties": {
        "monotonic_time": 66289.0391421318,
        "horizontal_accuracy": 4.601696596317441,
        "speed": 17.208509189120264,
        "course": 224.53126196615176,
        "synthetic": false
      },
      "geometry": {
        "type": "Point",
        "coordinates": [
          30.218483130249183,
          60.02169876945396
        ]
      }
    },
    {
      "type": "Feature",
      "properties": {
        "monotonic_time": 66290.03912508488,
        "horizontal_accuracy": 5.619187825655802,
        "speed": 16.874472063928458,
        "course": 222.4391137994782,
        "synthetic": false
      },
      "geometry": {
        "type": "Point",
        "coordinates": [
          30.218276960398217,
          60.02159329136241
        ]
      }
    },
    {
      "type": "Feature",
      "properties": {
        "monotonic_time": 66291.03910815716,
        "horizontal_accuracy": 21.71243394136494,
        "speed": 16.550008993929797,
        "course": 214.8563690185547,
        "synthetic": false
      },
      "geometry": {
        "type": "Point",
        "coordinates": [
          30.21839192388738,
          60.02137668454371
        ]
      }
    },
    {
      "type": "Feature",
      "properties": {
        "monotonic_time": 66292.03909122944,
        "horizontal_accuracy": 22.78078480483239,
        "speed": 15.87119876810673,
        "course": 204.94630432128906,
        "synthetic": false
      },
      "geometry": {
        "type": "Point",
        "coordinates": [
          30.21828479781193,
          60.021283178028916
        ]
      }
    },
    {
      "type": "Feature",
      "properties": {
        "monotonic_time": 66293.03907454014,
        "horizontal_accuracy": 24.227168917272746,
        "speed": 15.118882539603364,
        "course": 195.36740112304688,
        "synthetic": false
      },
      "geometry": {
        "type": "Point",
        "coordinates": [
          30.218212786972227,
          60.021177403546346
        ]
      }
    },
    {
      "type": "Feature",
      "properties": {
        "monotonic_time": 66294.03905725479,
        "horizontal_accuracy": 24.27421191348,
        "speed": 14.308190756146312,
        "course": 184.90956115722656,
        "synthetic": false
      },
      "geometry": {
        "type": "Point",
        "coordinates": [
          30.218188234094015,
          60.02108436450622
        ]
      }
    },
    {
      "type": "Feature",
      "properties": {
        "monotonic_time": 66295.03904116154,
        "horizontal_accuracy": 22.047487350970354,
        "speed": 12.596915246317046,
        "course": 175.09043884277344,
        "synthetic": false
      },
      "geometry": {
        "type": "Point",
        "coordinates": [
          30.21819257193375,
          60.0210091628524
        ]
      }
    },
    {
      "type": "Feature",
      "properties": {
        "monotonic_time": 66296.03902411461,
        "horizontal_accuracy": 19.660952823861553,
        "speed": 11.875424597395773,
        "course": 164.88693237304688,
        "synthetic": false
      },
      "geometry": {
        "type": "Point",
        "coordinates": [
          30.218215463314365,
          60.02093765617011
        ]
      }
    },
    {
      "type": "Feature",
      "properties": {
        "monotonic_time": 66297.03900742531,
        "horizontal_accuracy": 16.631336433998204,
        "speed": 11.696408700549366,
        "course": 155.05027770996094,
        "synthetic": false
      },
      "geometry": {
        "type": "Point",
        "coordinates": [
          30.218258014178613,
          60.020864437116835
        ]
      }
    },
    {
      "type": "Feature",
      "properties": {
        "monotonic_time": 66298.03899085522,
        "horizontal_accuracy": 13.345853080022534,
        "speed": 12.015970987817768,
        "course": 145.1179962158203,
        "synthetic": false
      },
      "geometry": {
        "type": "Point",
        "coordinates": [
          30.21833002745757,
          60.02078658890584
        ]
      }
    },
    {
      "type": "Feature",
      "properties": {
        "monotonic_time": 66299.03897416592,
        "horizontal_accuracy": 9.491113626429689,
        "speed": 12.585239173481474,
        "course": 135.24319458007812,
        "synthetic": false
      },
      "geometry": {
        "type": "Point",
        "coordinates": [
          30.218442088999726,
          60.02070715142693
        ]
      }
    },
    {
      "type": "Feature",
      "properties": {
        "monotonic_time": 66300.03895664215,
        "horizontal_accuracy": 6.147855075709794,
        "speed": 13.193343752732954,
        "course": 124.77862548828125,
        "synthetic": false
      },
      "geometry": {
        "type": "Point",
        "coordinates": [
          30.218596681513226,
          60.02063253940745
        ]
      }
    },
    {
      "type": "Feature",
      "properties": {
        "monotonic_time": 66301.03894019127,
        "horizontal_accuracy": 3.2618269083756193,
        "speed": 13.805185306514774,
        "course": 115.23597717285156,
        "synthetic": false
      },
      "geometry": {
        "type": "Point",
        "coordinates": [
          30.218797412904742,
          60.020570129777504
        ]
      }
    },
    {
      "type": "Feature",
      "properties": {
        "monotonic_time": 66302.03892314434,
        "horizontal_accuracy": 3.1369319410040277,
        "speed": 14.417905551496974,
        "course": 104.9836654663086,
        "synthetic": false
      },
      "geometry": {
        "type": "Point",
        "coordinates": [
          30.2190384604737,
          60.0205269230854
        ]
      }
    },
    {
      "type": "Feature",
      "properties": {
        "monotonic_time": 66303.03890681267,
        "horizontal_accuracy": 3.0470604438046087,
        "speed": 15.137032820678911,
        "course": 104.9836654663086,
        "synthetic": false
      },
      "geometry": {
        "type": "Point",
        "coordinates": [
          30.2193076348825,
          60.02049086351508
        ]
      }
    },
    {
      "type": "Feature",
      "properties": {
        "monotonic_time": 66304.03888988495,
        "horizontal_accuracy": 2.9843771034520676,
        "speed": 15.68927249081225,
        "course": 114.84799194335938,
        "synthetic": false
      },
      "geometry": {
        "type": "Point",
        "coordinates": [
          30.21958478323369,
          60.02044203080537
        ]
      }
    },
    {
      "type": "Feature",
      "properties": {
        "monotonic_time": 66305.03887343407,
        "horizontal_accuracy": 5.232477306076415,
        "speed": 16.190620330618636,
        "course": 114.84799194335938,
        "synthetic": false
      },
      "geometry": {
        "type": "Point",
        "coordinates": [
          30.219859286940856,
          60.020378404598816
        ]
      }
    },
    {
      "type": "Feature",
      "properties": {
        "monotonic_time": 66306.0388572216,
        "horizontal_accuracy": 2.905980699148085,
        "speed": 16.141467427931424,
        "course": 125.0653305053711,
        "synthetic": false
      },
      "geometry": {
        "type": "Point",
        "coordinates": [
          30.22010326433007,
          60.02028775168652
        ]
      }
    },
    {
      "type": "Feature",
      "properties": {
        "monotonic_time": 66307.0388404131,
        "horizontal_accuracy": 2.7911919802515444,
        "speed": 16.415335684739187,
        "course": 134.6156768798828,
        "synthetic": false
      },
      "geometry": {
        "type": "Point",
        "coordinates": [
          30.220330548803705,
          60.020180190308714
        ]
      }
    },
    {
      "type": "Feature",
      "properties": {
        "monotonic_time": 66308.03882300854,
        "horizontal_accuracy": 2.735216999687465,
        "speed": 16.6833633575493,
        "course": 153.41065979003906,
        "synthetic": false
      },
      "geometry": {
        "type": "Point",
        "coordinates": [
          30.220490125799678,
          60.02004881095444
        ]
      }
    },
    {
      "type": "Feature",
      "properties": {
        "monotonic_time": 66309.03880703449,
        "horizontal_accuracy": 4.708119110333149,
        "speed": 17.351490687429223,
        "course": 151.171142578125,
        "synthetic": false
      },
      "geometry": {
        "type": "Point",
        "coordinates": [
          30.220610804550343,
          60.01989635169654
        ]
      }
    },
    {
      "type": "Feature",
      "properties": {
        "monotonic_time": 66310.03878974915,
        "horizontal_accuracy": 5.749411097962123,
        "speed": 17.802505430858428,
        "course": 151.171142578125,
        "synthetic": false
      },
      "geometry": {
        "type": "Point",
        "coordinates": [
          30.220769760951324,
          60.01975180072634
        ]
      }
    },
    {
      "type": "Feature",
      "properties": {
        "monotonic_time": 66311.03877329826,
        "horizontal_accuracy": 6.685153960421772,
        "speed": 18.423026502139198,
        "course": 151.1968536376953,
        "synthetic": false
      },
      "geometry": {
        "type": "Point",
        "coordinates": [
          30.22093477145004,
          60.01960160474736
        ]
      }
    },
    {
      "type": "Feature",
      "properties": {
        "monotonic_time": 66312.03875672817,
        "horizontal_accuracy": 7.454694573010215,
        "speed": 18.74648459076969,
        "course": 151.1968536376953,
        "synthetic": false
      },
      "geometry": {
        "type": "Point",
        "coordinates": [
          30.22110072652363,
          60.019450528920174
        ]
      }
    },
    {
      "type": "Feature",
      "properties": {
        "monotonic_time": 66313.03873991966,
        "horizontal_accuracy": 7.965763084113221,
        "speed": 18.692318977030144,
        "course": 151.2296600341797,
        "synthetic": false
      },
      "geometry": {
        "type": "Point",
        "coordinates": [
          30.221266218739782,
          60.01929984331036
        ]
      }
    },
    {
      "type": "Feature",
      "properties": {
        "monotonic_time": 66314.03872287273,
        "horizontal_accuracy": 8.71643305639577,
        "speed": 18.4873886574317,
        "course": 151.2296600341797,
        "synthetic": false
      },
      "geometry": {
        "type": "Point",
        "coordinates": [
          30.22142741075973,
          60.0191529041942
        ]
      }
    },
    {
      "type": "Feature",
      "properties": {
        "monotonic_time": 66315.03870666027,
        "horizontal_accuracy": 9.460149916137171,
        "speed": 18.076611455385617,
        "course": 151.20602416992188,
        "synthetic": false
      },
      "geometry": {
        "type": "Point",
        "coordinates": [
          30.221585257864042,
          60.019009096233255
        ]
      }
    },
    {
      "type": "Feature",
      "properties": {
        "monotonic_time": 66316.03868997097,
        "horizontal_accuracy": 9.987034976999764,
        "speed": 17.029188236934733,
        "course": 151.20602416992188,
        "synthetic": false
      },
      "geometry": {
        "type": "Point",
        "coordinates": [
          30.221732698218528,
          60.01887482421166
        ]
      }
    },
    {
      "type": "Feature",
      "properties": {
        "monotonic_time": 66317.03867280483,
        "horizontal_accuracy": 10.15920884338246,
        "speed": 16.03788836095968,
        "course": 151.20602416992188,
        "synthetic": false
      },
      "geometry": {
        "type": "Point",
        "coordinates": [
          30.221869857810777,
          60.01874991476779
        ]
      }
    },
    {
      "type": "Feature",
      "properties": {
        "monotonic_time": 66318.03865671158,
        "horizontal_accuracy": 10.148985992181789,
        "speed": 14.497113441878989,
        "course": 151.20602416992188,
        "synthetic": false
      },
      "geometry": {
        "type": "Point",
        "coordinates": [
          30.221993980964204,
          60.01863687740914
        ]
      }
    },
    {
      "type": "Feature",
      "properties": {
        "monotonic_time": 66319.03863954544,
        "horizontal_accuracy": 9.496361778084735,
        "speed": 12.995005765477186,
        "course": 151.20602416992188,
        "synthetic": false
      },
      "geometry": {
        "type": "Point",
        "coordinates": [
          30.222107366236617,
          60.01853361890785
        ]
      }
    },
    {
      "type": "Feature",
      "properties": {
        "monotonic_time": 66320.03862309456,
        "horizontal_accuracy": 8.27527755403146,
        "speed": 12.38020577739465,
        "course": 151.20602416992188,
        "synthetic": false
      },
      "geometry": {
        "type": "Point",
        "coordinates": [
          30.222215307321395,
          60.01843531835152
        ]
      }
    },
    {
      "type": "Feature",
      "properties": {
        "monotonic_time": 66321.03860604763,
        "horizontal_accuracy": 7.6687622575676935,
        "speed": 11.522865111408201,
        "course": 151.08863830566406,
        "synthetic": false
      },
      "geometry": {
        "type": "Point",
        "coordinates": [
          30.22231610606455,
          60.01834368464804
        ]
      }
    },
    {
      "type": "Feature",
      "properties": {
        "monotonic_time": 66322.03858947754,
        "horizontal_accuracy": 6.890167402661773,
        "speed": 10.799117233985587,
        "course": 151.11495971679688,
        "synthetic": false
      },
      "geometry": {
        "type": "Point",
        "coordinates": [
          30.22241217588844,
          60.01825657970916
        ]
      }
    },
    {
      "type": "Feature",
      "properties": {
        "monotonic_time": 66323.03857278824,
        "horizontal_accuracy": 6.646416666336445,
        "speed": 9.892585453943498,
        "course": 151.11495971679688,
        "synthetic": false
      },
      "geometry": {
        "type": "Point",
        "coordinates": [
          30.222496598853958,
          60.01817998544941
        ]
      }
    },
    {
      "type": "Feature",
      "properties": {
        "monotonic_time": 66324.0385568142,
        "horizontal_accuracy": 7.179102035444422,
        "speed": 9.764413708291237,
        "course": 150.47467041015625,
        "synthetic": false
      },
      "geometry": {
        "type": "Point",
        "coordinates": [
          30.222580273849374,
          60.018102829532125
        ]
      }
    },
    {
      "type": "Feature",
      "properties": {
        "monotonic_time": 66325.0385401249,
        "horizontal_accuracy": 7.194224355646675,
        "speed": 10.081572706667098,
        "course": 151.2982940673828,
        "synthetic": false
      },
      "geometry": {
        "type": "Point",
        "coordinates": [
          30.222663652367764,
          60.01802768699105
        ]
      }
    },
    {
      "type": "Feature",
      "properties": {
        "monotonic_time": 66326.03852307796,
        "horizontal_accuracy": 7.753260000799456,
        "speed": 10.326701686388887,
        "course": 151.2982940673828,
        "synthetic": false
      },
      "geometry": {
        "type": "Point",
        "coordinates": [
          30.22275313857543,
          60.01794588123698
        ]
      }
    },
    {
      "type": "Feature",
      "properties": {
        "monotonic_time": 66327.03850674629,
        "horizontal_accuracy": 5.030488694461887,
        "speed": 11.150255903379497,
        "course": 137.84512329101562,
        "synthetic": false
      },
      "geometry": {
        "type": "Point",
        "coordinates": [
          30.222913268245385,
          60.01785301580156
        ]
      }
    },
    {
      "type": "Feature",
      "properties": {
        "monotonic_time": 66328.03848958015,
        "horizontal_accuracy": 4.5721985335747135,
        "speed": 12.065396313360303,
        "course": 137.84512329101562,
        "synthetic": false
      },
      "geometry": {
        "type": "Point",
        "coordinates": [
          30.223072841788387,
          60.01776479044895
        ]
      }
    },
    {
      "type": "Feature",
      "properties": {
        "monotonic_time": 66329.03847324848,
        "horizontal_accuracy": 3.653208374033029,
        "speed": 13.931519758497057,
        "course": 137.73365783691406,
        "synthetic": false
      },
      "geometry": {
        "type": "Point",
        "coordinates": [
          30.22326821910406,
          60.017657772589736
        ]
      }
    },
    {
      "type": "Feature",
      "properties": {
        "monotonic_time": 66330.03845608234,
        "horizontal_accuracy": 3.4435516536437003,
        "speed": 15.301923894823332,
        "course": 137.8350372314453,
        "synthetic": false
      },
      "geometry": {
        "type": "Point",
        "coordinates": [
          30.223422490835663,
          60.01753800896828
        ]
      }
    },
    {
      "type": "Feature",
      "properties": {
        "monotonic_time": 66331.03844022751,
        "horizontal_accuracy": 3.2124039875764963,
        "speed": 16.269624979383384,
        "course": 137.8350372314453,
        "synthetic": false
      },
      "geometry": {
        "type": "Point",
        "coordinates": [
          30.223627538914833,
          60.017433629925044
        ]
      }
    },
    {
      "type": "Feature",
      "properties": {
        "monotonic_time": 66332.03842329979,
        "horizontal_accuracy": 6.279115338476524,
        "speed": 17.199574115861516,
        "course": 138.00845336914062,
        "synthetic": false
      },
      "geometry": {
        "type": "Point",
        "coordinates": [
          30.22383564593551,
          60.017318305634966
        ]
      }
    },
    {
      "type": "Feature",
      "properties": {
        "monotonic_time": 66333.03840637207,
        "horizontal_accuracy": 9.49516023933998,
        "speed": 17.817809290427604,
        "course": 137.92233276367188,
        "synthetic": false
      },
      "geometry": {
        "type": "Point",
        "coordinates": [
          30.224048388293756,
          60.01720048880416
        ]
      }
    },
    {
      "type": "Feature",
      "properties": {
        "monotonic_time": 66334.03838992119,
        "horizontal_accuracy": 12.339810853132299,
        "speed": 18.326893335867304,
        "course": 138.05575561523438,
        "synthetic": false
      },
      "geometry": {
        "type": "Point",
        "coordinates": [
          30.224266138249977,
          60.017080536031855
        ]
      }
    },
    {
      "type": "Feature",
      "properties": {
        "monotonic_time": 66335.03837323189,
        "horizontal_accuracy": 10.737150834741657,
        "speed": 18.85450315602208,
        "course": 148.4319610595703,
        "synthetic": false
      },
      "geometry": {
        "type": "Point",
        "coordinates": [
          30.22444783782661,
          60.01691274914343
        ]
      }
    },
    {
      "type": "Feature",
      "properties": {
        "monotonic_time": 66336.03835690022,
        "horizontal_accuracy": 10.101801416384095,
        "speed": 19.592898573392127,
        "course": 148.4319610595703,
        "synthetic": false
      },
      "geometry": {
        "type": "Point",
        "coordinates": [
          30.22463070384689,
          60.01676378310206
        ]
      }
    },
    {
      "type": "Feature",
      "properties": {
        "monotonic_time": 66337.03834033012,
        "horizontal_accuracy": 9.272677052965031,
        "speed": 20.424951326689193,
        "course": 148.32534790039062,
        "synthetic": false
      },
      "geometry": {
        "type": "Point",
        "coordinates": [
          30.224820530969428,
          60.01660882052378
        ]
      }
    },
    {
      "type": "Feature",
      "properties": {
        "monotonic_time": 66338.0383234024,
        "horizontal_accuracy": 8.314133898422897,
        "speed": 21.19661760192846,
        "course": 148.35552978515625,
        "synthetic": false
      },
      "geometry": {
        "type": "Point",
        "coordinates": [
          30.22501771566693,
          60.01644802248183
        ]
      }
    },
    {
      "type": "Feature",
      "properties": {
        "monotonic_time": 66339.03830623627,
        "horizontal_accuracy": 7.080283251900402,
        "speed": 21.903188270593528,
        "course": 148.54110717773438,
        "synthetic": false
      },
      "geometry": {
        "type": "Point",
        "coordinates": [
          30.22522124912723,
          60.01628209112957
        ]
      }
    },
    {
      "type": "Feature",
      "properties": {
        "monotonic_time": 66340.0382900238,
        "horizontal_accuracy": 6.235425057493503,
        "speed": 22.333415459857672,
        "course": 148.35975646972656,
        "synthetic": false
      },
      "geometry": {
        "type": "Point",
        "coordinates": [
          30.2254316588415,
          60.016110372486466
        ]
      }
    },
    {
      "type": "Feature",
      "properties": {
        "monotonic_time": 66341.03827357292,
        "horizontal_accuracy": 5.219672069927206,
        "speed": 22.757682234948234,
        "course": 148.4776153564453,
        "synthetic": false
      },
      "geometry": {
        "type": "Point",
        "coordinates": [
          30.225643092078464,
          60.015937989207245
        ]
      }
    },
    {
      "type": "Feature",
      "properties": {
        "monotonic_time": 66342.03825628757,
        "horizontal_accuracy": 2.868747621679868,
        "speed": 23.18284246039364,
        "course": 148.4212188720703,
        "synthetic": false
      },
      "geometry": {
        "type": "Point",
        "coordinates": [
          30.225859408326706,
          60.015761663869135
        ]
      }
    },
    {
      "type": "Feature",
      "properties": {
        "monotonic_time": 66343.03823971748,
        "horizontal_accuracy": 3.8815826423688895,
        "speed": 23.447364591274432,
        "course": 148.63467407226562,
        "synthetic": false
      },
      "geometry": {
        "type": "Point",
        "coordinates": [
          30.22607784067489,
          60.01558354873371
        ]
      }
    },
    {
      "type": "Feature",
      "properties": {
        "monotonic_time": 66344.03822302818,
        "horizontal_accuracy": 3.805972153907866,
        "speed": 23.497535367486353,
        "course": 151.15679931640625,
        "synthetic": false
      },
      "geometry": {
        "type": "Point",
        "coordinates": [
          30.226264303025282,
          60.015401239757836
        ]
      }
    },
    {
      "type": "Feature",
      "properties": {
        "monotonic_time": 66345.0382065773,
        "horizontal_accuracy": 2.870132666860529,
        "speed": 23.319475550081858,
        "course": 148.21603393554688,
        "synthetic": false
      },
      "geometry": {
        "type": "Point",
        "coordinates": [
          30.22648077523444,
          60.01522347511726
        ]
      }
    },
    {
      "type": "Feature",
      "properties": {
        "monotonic_time": 66346.03819000721,
        "horizontal_accuracy": 2.8689775872428056,
        "speed": 23.658759301557176,
        "course": 148.34727478027344,
        "synthetic": false
      },
      "geometry": {
        "type": "Point",
        "coordinates": [
          30.22671058761975,
          60.01504712790836
        ]
      }
    },
    {
      "type": "Feature",
      "properties": {
        "monotonic_time": 66347.0381731987,
        "horizontal_accuracy": 2.8111504697228713,
        "speed": 23.75297026728111,
        "course": 148.2481689453125,
        "synthetic": false
      },
      "geometry": {
        "type": "Point",
        "coordinates": [
          30.22693251743282,
          60.01487085858931
        ]
      }
    },
    {
      "type": "Feature",
      "properties": {
        "monotonic_time": 66348.03815662861,
        "horizontal_accuracy": 2.800589279814326,
        "speed": 24.41147532718666,
        "course": 148.54562377929688,
        "synthetic": false
      },
      "geometry": {
        "type": "Point",
        "coordinates": [
          30.227163122188774,
          60.01468628730261
        ]
      }
    },
    {
      "type": "Feature",
      "properties": {
        "monotonic_time": 66349.0381398201,
        "horizontal_accuracy": 2.9453026487044807,
        "speed": 24.789328125763014,
        "course": 148.54562377929688,
        "synthetic": false
      },
      "geometry": {
        "type": "Point",
        "coordinates": [
          30.227386286041426,
          60.01449932206205
        ]
      }
    },
    {
      "type": "Feature",
      "properties": {
        "monotonic_time": 66350.03812360764,
        "horizontal_accuracy": 2.837849398339761,
        "speed": 25.130753710403805,
        "course": 148.54562377929688,
        "synthetic": false
      },
      "geometry": {
        "type": "Point",
        "coordinates": [
          30.227617758082893,
          60.01431128520364
        ]
      }
    },
    {
      "type": "Feature",
      "properties": {
        "monotonic_time": 66351.03810703754,
        "horizontal_accuracy": 2.889289042313851,
        "speed": 25.62912150444222,
        "course": 148.54562377929688,
        "synthetic": false
      },
      "geometry": {
        "type": "Point",
        "coordinates": [
          30.2278533140266,
          60.014117844496845
        ]
      }
    },
    {
      "type": "Feature",
      "properties": {
        "monotonic_time": 66352.03809058666,
        "horizontal_accuracy": 2.927117977871143,
        "speed": 25.89631598775625,
        "course": 148.54562377929688,
        "synthetic": false
      },
      "geometry": {
        "type": "Point",
        "coordinates": [
          30.22809194749586,
          60.013922542079406
        ]
      }
    },
    {
      "type": "Feature",
      "properties": {
        "monotonic_time": 66353.03807401657,
        "horizontal_accuracy": 3.1349357906543722,
        "speed": 25.914850906339257,
        "course": 148.54562377929688,
        "synthetic": false
      },
      "geometry": {
        "type": "Point",
        "coordinates": [
          30.22833029501203,
          60.01372919297278
        ]
      }
    },
    {
      "type": "Feature",
      "properties": {
        "monotonic_time": 66354.03805720806,
        "horizontal_accuracy": 2.9598561559425036,
        "speed": 25.965622567520203,
        "course": 148.54562377929688,
        "synthetic": false
      },
      "geometry": {
        "type": "Point",
        "coordinates": [
          30.228573271017535,
          60.01353505758988
        ]
      }
    },
    {
      "type": "Feature",
      "properties": {
        "monotonic_time": 66355.03804063797,
        "horizontal_accuracy": 3.100949595730678,
        "speed": 25.993148907378508,
        "course": 149.18446350097656,
        "synthetic": false
      },
      "geometry": {
        "type": "Point",
        "coordinates": [
          30.22881920346476,
          60.0133484755817
        ]
      }
    },
    {
      "type": "Feature",
      "properties": {
        "monotonic_time": 66356.03802371025,
        "horizontal_accuracy": 3.115212408561483,
        "speed": 26.16201103537435,
        "course": 149.08380126953125,
        "synthetic": false
      },
      "geometry": {
        "type": "Point",
        "coordinates": [
          30.229061610302608,
          60.0131494001291
        ]
      }
    },
    {
      "type": "Feature",
      "properties": {
        "monotonic_time": 66357.03800678253,
        "horizontal_accuracy": 3.0119898890457475,
        "speed": 26.60799915561223,
        "course": 149.08380126953125,
        "synthetic": false
      },
      "geometry": {
        "type": "Point",
        "coordinates": [
          30.229309258219832,
          60.012938376697946
        ]
      }
    },
    {
      "type": "Feature",
      "properties": {
        "monotonic_time": 66358.03799045086,
        "horizontal_accuracy": 3.0283811532192964,
        "speed": 27.031303434535964,
        "course": 149.08380126953125,
        "synthetic": false
      },
      "geometry": {
        "type": "Point",
        "coordinates": [
          30.22956635791672,
          60.012725693812335
        ]
      }
    },
    {
      "type": "Feature",
      "properties": {
        "monotonic_time": 66359.03797388077,
        "horizontal_accuracy": 3.0241814168103462,
        "speed": 27.390349589544254,
        "course": 149.08380126953125,
        "synthetic": false
      },
      "geometry": {
        "type": "Point",
        "coordinates": [
          30.229821786526244,
          60.012509829023365
        ]
      }
    },
    {
      "type": "Feature",
      "properties": {
        "monotonic_time": 66360.03795671463,
        "horizontal_accuracy": 3.0705401575402984,
        "speed": 27.68449264303637,
        "course": 149.08380126953125,
        "synthetic": false
      },
      "geometry": {
        "type": "Point",
        "coordinates": [
          30.2300757697818,
          60.01229345161675
        ]
      }
    },
    {
      "type": "Feature",
      "properties": {
        "monotonic_time": 66361.03794026375,
        "horizontal_accuracy": 3.115357174787321,
        "speed": 27.98957885817571,
        "course": 148.35353088378906,
        "synthetic": false
      },
      "geometry": {
        "type": "Point",
        "coordinates": [
          30.23032959253758,
          60.01207293832983
        ]
      }
    },
    {
      "type": "Feature",
      "properties": {
        "monotonic_time": 66362.03792333603,
        "horizontal_accuracy": 3.1533429429635484,
        "speed": 27.94314254574144,
        "course": 148.35353088378906,
        "synthetic": false
      },
      "geometry": {
        "type": "Point",
        "coordinates": [
          30.23059459381334,
          60.01185169663463
        ]
      }
    },
    {
      "type": "Feature",
      "properties": {
        "monotonic_time": 66363.03670012951,
        "horizontal_accuracy": 3.155193262782253,
        "speed": 28.05087330732974,
        "course": 148.35353088378906,
        "synthetic": false
      },
      "geometry": {
        "type": "Point",
        "coordinates": [
          30.230847132160545,
          60.01163330472711
        ]
      }
    },
    {
      "type": "Feature",
      "properties": {
        "monotonic_time": 66364.03762996197,
        "horizontal_accuracy": 3.24631903505619,
        "speed": 28.521330937817048,
        "course": 148.35353088378906,
        "synthetic": false
      },
      "geometry": {
        "type": "Point",
        "coordinates": [
          30.23112061057387,
          60.01141109602855
        ]
      }
    },
    {
      "type": "Feature",
      "properties": {
        "monotonic_time": 66365.03761267662,
        "horizontal_accuracy": 3.30503253781252,
        "speed": 28.69963120542064,
        "course": 148.4219512939453,
        "synthetic": false
      },
      "geometry": {
        "type": "Point",
        "coordinates": [
          30.23138179712345,
          60.01118712629709
        ]
      }
    },
    {
      "type": "Feature",
      "properties": {
        "monotonic_time": 66366.03700017929,
        "horizontal_accuracy": 3.4230268751941235,
        "speed": 28.890584025139866,
        "course": 148.4219512939453,
        "synthetic": false
      },
      "geometry": {
        "type": "Point",
        "coordinates": [
          30.23164021063343,
          60.010963919414074
        ]
      }
    },
    {
      "type": "Feature",
      "properties": {
        "monotonic_time": 66367.03718745708,
        "horizontal_accuracy": 3.5083773085012506,
        "speed": 29.075385922319672,
        "course": 152.58071899414062,
        "synthetic": false
      },
      "geometry": {
        "type": "Point",
        "coordinates": [
          30.23189382015967,
          60.010739333234845
        ]
      }
    },
    {
      "type": "Feature",
      "properties": {
        "monotonic_time": 66368.03717136383,
        "horizontal_accuracy": 3.688022216917331,
        "speed": 29.357682966644784,
        "course": 152.58071899414062,
        "synthetic": false
      },
      "geometry": {
        "type": "Point",
        "coordinates": [
          30.232158323801833,
          60.01051166951292
        ]
      }
    },
    {
      "type": "Feature",
      "properties": {
        "monotonic_time": 66369.03749859333,
        "horizontal_accuracy": 3.851330475982227,
        "speed": 29.578819304189018,
        "course": 152.57693481445312,
        "synthetic": false
      },
      "geometry": {
        "type": "Point",
        "coordinates": [
          30.232409650943307,
          60.010281183200114
        ]
      }
    },
    {
      "type": "Feature",
      "properties": {
        "monotonic_time": 66370.03665328026,
        "horizontal_accuracy": 4.035403837323447,
        "speed": 29.748529886348962,
        "course": 159.338134765625,
        "synthetic": false
      },
      "geometry": {
        "type": "Point",
        "coordinates": [
          30.232630357044858,
          60.01004216749355
        ]
      }
    },
    {
      "type": "Feature",
      "properties": {
        "monotonic_time": 66371.03663647175,
        "horizontal_accuracy": 4.220797740756069,
        "speed": 29.90786044053593,
        "course": 159.38330078125,
        "synthetic": false
      },
      "geometry": {
        "type": "Point",
        "coordinates": [
          30.23283815128717,
          60.00979896556847
        ]
      }
    },
    {
      "type": "Feature",
      "properties": {
        "monotonic_time": 66372.03668963909,
        "horizontal_accuracy": 4.420737334037413,
        "speed": 30.136720426690875,
        "course": 159.38330078125,
        "synthetic": false
      },
      "geometry": {
        "type": "Point",
        "coordinates": [
          30.23302388607523,
          60.00954773090056
        ]
      }
    },
    {
      "type": "Feature",
      "properties": {
        "monotonic_time": 66373.03739070892,
        "horizontal_accuracy": 4.647462485436265,
        "speed": 29.494031264437027,
        "course": 164.7281494140625,
        "synthetic": false
      },
      "geometry": {
        "type": "Point",
        "coordinates": [
          30.23317754804872,
          60.00929769453509
        ]
      }
    },
    {
      "type": "Feature",
      "properties": {
        "monotonic_time": 66374.03737413883,
        "horizontal_accuracy": 4.999900066477584,
        "speed": 29.186970319622613,
        "course": 164.7281494140625,
        "synthetic": false
      },
      "geometry": {
        "type": "Point",
        "coordinates": [
          30.233314333475768,
          60.00904931210581
        ]
      }
    },
    {
      "type": "Feature",
      "properties": {
        "monotonic_time": 66375.037342906,
        "horizontal_accuracy": 5.909429835431286,
        "speed": 29.231764165759472,
        "course": 169.85801696777344,
        "synthetic": false
      },
      "geometry": {
        "type": "Point",
        "coordinates": [
          30.23343085299356,
          60.00879521865484
        ]
      }
    },
    {
      "type": "Feature",
      "properties": {
        "monotonic_time": 66376.03615367413,
        "horizontal_accuracy": 6.2492218682693705,
        "speed": 29.321281844271663,
        "course": 176.73753356933594,
        "synthetic": false
      },
      "geometry": {
        "type": "Point",
        "coordinates": [
          30.233531830962246,
          60.008537573873724
        ]
      }
    },
    {
      "type": "Feature",
      "properties": {
        "monotonic_time": 66377.03613770008,
        "horizontal_accuracy": 5.449054030091995,
        "speed": 29.414010458070766,
        "course": 176.73753356933594,
        "synthetic": false
      },
      "geometry": {
        "type": "Point",
        "coordinates": [
          30.233587085142418,
          60.00827527980404
        ]
      }
    },
    {
      "type": "Feature",
      "properties": {
        "monotonic_time": 66378.03612077236,
        "horizontal_accuracy": 6.73181680252016,
        "speed": 29.506661243118018,
        "course": 178.32632446289062,
        "synthetic": false
      },
      "geometry": {
        "type": "Point",
        "coordinates": [
          30.23363349752362,
          60.00801076984441
        ]
      }
    },
    {
      "type": "Feature",
      "properties": {
        "monotonic_time": 66379.03610348701,
        "horizontal_accuracy": 5.591162891850639,
        "speed": 29.257034006278108,
        "course": 183.42657470703125,
        "synthetic": false
      },
      "geometry": {
        "type": "Point",
        "coordinates": [
          30.23363967515826,
          60.00775033400105
        ]
      }
    },
    {
      "type": "Feature",
      "properties": {
        "monotonic_time": 66380.03608739376,
        "horizontal_accuracy": 6.132555907497768,
        "speed": 28.96455996407577,
        "course": 183.60179138183594,
        "synthetic": false
      },
      "geometry": {
        "type": "Point",
        "coordinates": [
          30.233622651136994,
          60.007489132338534
        ]
      }
    },
    {
      "type": "Feature",
      "properties": {
        "monotonic_time": 66381.03607010841,
        "horizontal_accuracy": 5.392780359561369,
        "speed": 28.81288458597839,
        "course": 186.87721252441406,
        "synthetic": false
      },
      "geometry": {
        "type": "Point",
        "coordinates": [
          30.233579405983914,
          60.00723338847689
        ]
      }
    },
    {
      "type": "Feature",
      "properties": {
        "monotonic_time": 66382.03605365753,
        "horizontal_accuracy": 5.379835751611013,
        "speed": 28.6422291768505,
        "course": 186.87721252441406,
        "synthetic": false
      },
      "geometry": {
        "type": "Point",
        "coordinates": [
          30.233532657580607,
          60.006982811644015
        ]
      }
    },
    {
      "type": "Feature",
      "properties": {
        "monotonic_time": 66383.03603696823,
        "horizontal_accuracy": 5.445901692809784,
        "speed": 28.638494945068157,
        "course": 186.87721252441406,
        "synthetic": false
      },
      "geometry": {
        "type": "Point",
        "coordinates": [
          30.233477590155985,
          60.00672881095193
        ]
      }
    },
    {
      "type": "Feature",
      "properties": {
        "monotonic_time": 66384.0360212326,
        "horizontal_accuracy": 9.21793805348048,
        "speed": 28.620109648673708,
        "course": 187.09632873535156,
        "synthetic": false
      },
      "geometry": {
        "type": "Point",
        "coordinates": [
          30.233250724922147,
          60.00648707180119
        ]
      }
    },
    {
      "type": "Feature",
      "properties": {
        "monotonic_time": 66385.03600406647,
        "horizontal_accuracy": 9.341325837573212,
        "speed": 28.63413612188842,
        "course": 187.09632873535156,
        "synthetic": false
      },
      "geometry": {
        "type": "Point",
        "coordinates": [
          30.23318788238659,
          60.00623429605694
        ]
      }
    },
    {
      "type": "Feature",
      "properties": {
        "monotonic_time": 66386.03598725796,
        "horizontal_accuracy": 5.964419079906412,
        "speed": 28.383695408603618,
        "course": 187.6680490480265,
        "synthetic": false
      },
      "geometry": {
        "type": "Point",
        "coordinates": [
          30.23329613393629,
          60.00597609479507
        ]
      }
    },
    {
      "type": "Feature",
      "properties": {
        "monotonic_time": 66387.03597044945,
        "horizontal_accuracy": 6.003327732391369,
        "speed": 28.281143863254467,
        "course": 187.39174916062046,
        "synthetic": false
      },
      "geometry": {
        "type": "Point",
        "coordinates": [
          30.233236404810146,
          60.005727084126214
        ]
      }
    },
    {
      "type": "Feature",
      "properties": {
        "monotonic_time": 66388.03595387936,
        "horizontal_accuracy": 6.1134268763143815,
        "speed": 28.398662763587453,
        "course": 187.04345124450512,
        "synthetic": false
      },
      "geometry": {
        "type": "Point",
        "coordinates": [
          30.233164342572515,
          60.0054786427712
        ]
      }
    },
    {
      "type": "Feature",
      "properties": {
        "monotonic_time": 66389.03593790531,
        "horizontal_accuracy": 6.22578247946495,
        "speed": 28.644519332665123,
        "course": 187.27755881942824,
        "synthetic": false
      },
      "geometry": {
        "type": "Point",
        "coordinates": [
          30.23310042342058,
          60.00522807478592
        ]
      }
    },
    {
      "type": "Feature",
      "properties": {
        "monotonic_time": 66390.03592050076,
        "horizontal_accuracy": 6.444125487633181,
        "speed": 28.765700012403364,
        "course": 186.87721252441406,
        "synthetic": false
      },
      "geometry": {
        "type": "Point",
        "coordinates": [
          30.233039520059865,
          60.004979292984274
        ]
      }
    },
    {
      "type": "Feature",
      "properties": {
        "monotonic_time": 66391.03590381145,
        "horizontal_accuracy": 6.791876441032624,
        "speed": 28.911285134612488,
        "course": 186.87721252441406,
        "synthetic": false
      },
      "geometry": {
        "type": "Point",
        "coordinates": [
          30.232984653417162,
          60.004727312478
        ]
      }
    },
    {
      "type": "Feature",
      "properties": {
        "monotonic_time": 66392.03588747978,
        "horizontal_accuracy": 7.150019682769323,
        "speed": 29.04352981135767,
        "course": 186.87721252441406,
        "synthetic": false
      },
      "geometry": {
        "type": "Point",
        "coordinates": [
          30.232926548732717,
          60.00447048351309
        ]
      }
    },
    {
      "type": "Feature",
      "properties": {
        "monotonic_time": 66393.03587090969,
        "horizontal_accuracy": 7.735937676487996,
        "speed": 29.16617232154783,
        "course": 186.87721252441406,
        "synthetic": false
      },
      "geometry": {
        "type": "Point",
        "coordinates": [
          30.232863093499923,
          60.00421418801688
        ]
      }
    },
    {
      "type": "Feature",
      "properties": {
        "monotonic_time": 66394.03585398197,
        "horizontal_accuracy": 8.30185771917058,
        "speed": 29.32626451740821,
        "course": 186.87721252441406,
        "synthetic": false
      },
      "geometry": {
        "type": "Point",
        "coordinates": [
          30.23279508510021,
          60.0039565825786
        ]
      }
    },
    {
      "type": "Feature",
      "properties": {
        "monotonic_time": 66395.03583824635,
        "horizontal_accuracy": 9.141809503176708,
        "speed": 29.556938541309663,
        "course": 186.87721252441406,
        "synthetic": false
      },
      "geometry": {
        "type": "Point",
        "coordinates": [
          30.232732180872194,
          60.00369764137913
        ]
      }
    },
    {
      "type": "Feature",
      "properties": {
        "monotonic_time": 66396.03582048416,
        "horizontal_accuracy": 9.972915717151091,
        "speed": 29.758096589801774,
        "course": 184.94283705116226,
        "synthetic": false
      },
      "geometry": {
        "type": "Point",
        "coordinates": [
          30.232671155785354,
          60.0034369641462
        ]
      }
    },
    {
      "type": "Feature",
      "properties": {
        "monotonic_time": 66397.03580391407,
        "horizontal_accuracy": 10.740461855786611,
        "speed": 29.913666544260323,
        "course": 183.83888216074524,
        "synthetic": false
      },
      "geometry": {
        "type": "Point",
        "coordinates": [
          30.232622827314778,
          60.0031748203486
        ]
      }
    },
    {
      "type": "Feature",
      "properties": {
        "monotonic_time": 66398.0357875824,
        "horizontal_accuracy": 11.165093155067083,
        "speed": 29.88447178051155,
        "course": 182.90318003553298,
        "synthetic": false
      },
      "geometry": {
        "type": "Point",
        "coordinates": [
          30.232577314471175,
          60.002927470167435
        ]
      }
    },
    {
      "type": "Feature",
      "properties": {
        "monotonic_time": 66399.03577160835,
        "horizontal_accuracy": 11.582850862133775,
        "speed": 29.487017115500937,
        "course": 182.86830794330987,
        "synthetic": false
      },
      "geometry": {
        "type": "Point",
        "coordinates": [
          30.23253442317599,
          60.00268873475287
        ]
      }
    },
    {
      "type": "Feature",
      "properties": {
        "monotonic_time": 66400.03575491905,
        "horizontal_accuracy": 12.163013917441292,
        "speed": 29.25423796193885,
        "course": 182.87746855571066,
        "synthetic": false
      },
      "geometry": {
        "type": "Point",
        "coordinates": [
          30.23249340788136,
          60.002437661043956
        ]
      }
    },
    {
      "type": "Feature",
      "properties": {
        "monotonic_time": 66401.03573787212,
        "horizontal_accuracy": 12.780615166713634,
        "speed": 29.038213260089872,
        "course": 182.91784010779958,
        "synthetic": false
      },
      "geometry": {
        "type": "Point",
        "coordinates": [
          30.2324453722337,
          60.002192928212224
        ]
      }
    },
    {
      "type": "Feature",
      "properties": {
        "monotonic_time": 66402.0357209444,
        "horizontal_accuracy": 13.50226169700469,
        "speed": 28.901058338087296,
        "course": 183.03496442565338,
        "synthetic": false
      },
      "geometry": {
        "type": "Point",
        "coordinates": [
          30.232408698690698,
          60.001945065254326
        ]
      }
    },
    {
      "type": "Feature",
      "properties": {
        "monotonic_time": 66403.03570437431,
        "horizontal_accuracy": 14.088909764944312,
        "speed": 28.643362891481683,
        "course": 183.4256658475188,
        "synthetic": false
      },
      "geometry": {
        "type": "Point",
        "coordinates": [
          30.23236338929326,
          60.001706987332135
        ]
      }
    },
    {
      "type": "Feature",
      "properties": {
        "monotonic_time": 66404.0356875658,
        "horizontal_accuracy": 14.86611852482823,
        "speed": 28.465951881865955,
        "course": 184.10765801977448,
        "synthetic": false
      },
      "geometry": {
        "type": "Point",
        "coordinates": [
          30.232300838934272,
          60.001465050567155
        ]
      }
    },
    {
      "type": "Feature",
      "properties": {
        "monotonic_time": 66405.03567135334,
        "horizontal_accuracy": 15.468033946947848,
        "speed": 28.412988014264954,
        "course": 185.1935406584216,
        "synthetic": false
      },
      "geometry": {
        "type": "Point",
        "coordinates": [
          30.23222805399042,
          60.00121605938898
        ]
      }
    },
    {
      "type": "Feature",
      "properties": {
        "monotonic_time": 66406.03565430641,
        "horizontal_accuracy": 15.873199591940645,
        "speed": 28.16970645262032,
        "course": 185.5009358125344,
        "synthetic": false
      },
      "geometry": {
        "type": "Point",
        "coordinates": [
          30.232157890651308,
          60.000975081767656
        ]
      }
    },
    {
      "type": "Feature",
      "properties": {
        "monotonic_time": 66407.03563785553,
        "horizontal_accuracy": 16.048917985590357,
        "speed": 27.84244736742722,
        "course": 185.58789651832956,
        "synthetic": false
      },
      "geometry": {
        "type": "Point",
        "coordinates": [
          30.23212682556551,
          60.00073285181549
        ]
      }
    },
    {
      "type": "Feature",
      "properties": {
        "monotonic_time": 66408.03562152386,
        "horizontal_accuracy": 16.085530151680647,
        "speed": 27.414506207181837,
        "course": 185.4357318286921,
        "synthetic": false
      },
      "geometry": {
        "type": "Point",
        "coordinates": [
          30.23205698834728,
          60.00049755561709
        ]
      }
    },
    {
      "type": "Feature",
      "properties": {
        "monotonic_time": 66409.03560483456,
        "horizontal_accuracy": 16.11032595088872,
        "speed": 26.948446288207908,
        "course": 184.99506284741366,
        "synthetic": false
      },
      "geometry": {
        "type": "Point",
        "coordinates": [
          30.23201846989746,
          60.00026602178245
        ]
      }
    },
    {
      "type": "Feature",
      "properties": {
        "monotonic_time": 66410.03558814526,
        "horizontal_accuracy": 15.870505358619122,
        "speed": 26.43035840555114,
        "course": 184.21798479632955,
        "synthetic": false
      },
      "geometry": {
        "type": "Point",
        "coordinates": [
          30.23197011110702,
          60.00004150276466
        ]
      }
    },
    {
      "type": "Feature",
      "properties": {
        "monotonic_time": 66411.03557121754,
        "horizontal_accuracy": 15.93125242329259,
        "speed": 25.7525183414479,
        "course": 184.8890270910673,
        "synthetic": false
      },
      "geometry": {
        "type": "Point",
        "coordinates": [
          30.23192624440897,
          59.999819109225584
        ]
      }
    },
    {
      "type": "Feature",
      "properties": {
        "monotonic_time": 66412.03555452824,
        "horizontal_accuracy": 15.947994907803231,
        "speed": 25.24742601625431,
        "course": 186.23808162305164,
        "synthetic": false
      },
      "geometry": {
        "type": "Point",
        "coordinates": [
          30.23186244864826,
          59.99959666128999
        ]
      }
    },
    {
      "type": "Feature",
      "properties": {
        "monotonic_time": 66413.0355386734,
        "horizontal_accuracy": 16.616335420940437,
        "speed": 24.846722085045645,
        "course": 185.07266927386672,
        "synthetic": false
      },
      "geometry": {
        "type": "Point",
        "coordinates": [
          30.231800579257836,
          59.99938005684991
        ]
      }
    },
    {
      "type": "Feature",
      "properties": {
        "monotonic_time": 66414.03552186489,
        "horizontal_accuracy": 17.249094402850982,
        "speed": 25.106747805064117,
        "course": 185.64003817390923,
        "synthetic": false
      },
      "geometry": {
        "type": "Point",
        "coordinates": [
          30.23173431750787,
          59.999157208673985
        ]
      }
    },
    {
      "type": "Feature",
      "properties": {
        "monotonic_time": 66415.03550446033,
        "horizontal_accuracy": 17.91797613333181,
        "speed": 25.138206731300112,
        "course": 185.44573298199816,
        "synthetic": false
      },
      "geometry": {
        "type": "Point",
        "coordinates": [
          30.231685146581047,
          59.99894128562843
        ]
      }
    },
    {
      "type": "Feature",
      "properties": {
        "monotonic_time": 66416.03548789024,
        "horizontal_accuracy": 18.525646146894307,
        "speed": 24.800917508593713,
        "course": 185.1989488744845,
        "synthetic": false
      },
      "geometry": {
        "type": "Point",
        "coordinates": [
          30.2316384690688,
          59.998727091578196
        ]
      }
    },
    {
      "type": "Feature",
      "properties": {
        "monotonic_time": 66417.03547203541,
        "horizontal_accuracy": 19.097332682649597,
        "speed": 24.800614370516058,
        "course": 185.1002793266595,
        "synthetic": false
      },
      "geometry": {
        "type": "Point",
        "coordinates": [
          30.231582851365793,
          59.99850565910399
        ]
      }
    },
    {
      "type": "Feature",
      "properties": {
        "monotonic_time": 66418.03545486927,
        "horizontal_accuracy": 19.47723752447788,
        "speed": 24.88102379366498,
        "course": 183.8219429143422,
        "synthetic": false
      },
      "geometry": {
        "type": "Point",
        "coordinates": [
          30.231538840045403,
          59.99828461978956
        ]
      }
    },
    {
      "type": "Feature",
      "properties": {
        "monotonic_time": 66419.03543877602,
        "horizontal_accuracy": 19.12073901225529,
        "speed": 25.18046202054324,
        "course": 183.06807123119103,
        "synthetic": false
      },
      "geometry": {
        "type": "Point",
        "coordinates": [
          30.23150927663861,
          59.99806378869499
        ]
      }
    },
    {
      "type": "Feature",
      "properties": {
        "monotonic_time": 66420.03542137146,
        "horizontal_accuracy": 18.839267265823075,
        "speed": 25.343021294215575,
        "course": 183.8106753569046,
        "synthetic": false
      },
      "geometry": {
        "type": "Point",
        "coordinates": [
          30.23147296283835,
          59.99785048801467
        ]
      }
    },
    {
      "type": "Feature",
      "properties": {
        "monotonic_time": 66421.03540503979,
        "horizontal_accuracy": 18.539352613022142,
        "speed": 26.1694246383817,
        "course": 184.46616315986378,
        "synthetic": false
      },
      "geometry": {
        "type": "Point",
        "coordinates": [
          30.231420639301607,
          59.99760934140752
        ]
      }
    },
    {
      "type": "Feature",
      "properties": {
        "monotonic_time": 66422.03538870811,
        "horizontal_accuracy": 17.918568440326094,
        "speed": 26.91050340681124,
        "course": 184.98304263612286,
        "synthetic": false
      },
      "geometry": {
        "type": "Point",
        "coordinates": [
          30.23135486633966,
          59.99736780904634
        ]
      }
    },
    {
      "type": "Feature",
      "properties": {
        "monotonic_time": 66423.03537166119,
        "horizontal_accuracy": 17.418641997042307,
        "speed": 27.347726462265694,
        "course": 185.06672040769138,
        "synthetic": false
      },
      "geometry": {
        "type": "Point",
        "coordinates": [
          30.231303806717392,
          59.99713380124408
        ]
      }
    },
    {
      "type": "Feature",
      "properties": {
        "monotonic_time": 66424.0353552103,
        "horizontal_accuracy": 17.118719055989814,
        "speed": 28.050173070807137,
        "course": 183.85059908611436,
        "synthetic": false
      },
      "geometry": {
        "type": "Point",
        "coordinates": [
          30.23125107439946,
          59.99688124012398
        ]
      }
    },
    {
      "type": "Feature",
      "properties": {
        "monotonic_time": 66425.03533804417,
        "horizontal_accuracy": 16.791616443609684,
        "speed": 28.690137035421778,
        "course": 183.08353660867766,
        "synthetic": false
      },
      "geometry": {
        "type": "Point",
        "coordinates": [
          30.231221230159385,
          59.99663100279939
        ]
      }
    },
    {
      "type": "Feature",
      "properties": {
        "monotonic_time": 66426.03532218933,
        "horizontal_accuracy": 16.099970548653342,
        "speed": 28.743614598830327,
        "course": 182.23796119840654,
        "synthetic": false
      },
      "geometry": {
        "type": "Point",
        "coordinates": [
          30.23123933920973,
          59.99638669205897
        ]
      }
    },
    {
      "type": "Feature",
      "properties": {
        "monotonic_time": 66427.0353050232,
        "horizontal_accuracy": 15.414168466012493,
        "speed": 28.632293905703094,
        "course": 181.71062722025576,
        "synthetic": false
      },
      "geometry": {
        "type": "Point",
        "coordinates": [
          30.231223348537615,
          59.996131822394204
        ]
      }
    },
    {
      "type": "Feature",
      "properties": {
        "monotonic_time": 66428.03528869152,
        "horizontal_accuracy": 14.643931424123098,
        "speed": 28.566252015070145,
        "course": 181.50374247513548,
        "synthetic": false
      },
      "geometry": {
        "type": "Point",
        "coordinates": [
          30.231196002613252,
          59.99587144363732
        ]
      }
    },
    {
      "type": "Feature",
      "properties": {
        "monotonic_time": 66429.03527224064,
        "horizontal_accuracy": 13.58880520871359,
        "speed": 28.702472177386348,
        "course": 180.41930311254512,
        "synthetic": false
      },
      "geometry": {
        "type": "Point",
        "coordinates": [
          30.231164395550998,
          59.99559917205479
        ]
      }
    },
    {
      "type": "Feature",
      "properties": {
        "monotonic_time": 66430.03525578976,
        "horizontal_accuracy": 12.614598976715152,
        "speed": 28.943007121288364,
        "course": 179.37453265871787,
        "synthetic": false
      },
      "geometry": {
        "type": "Point",
        "coordinates": [
          30.231174680675558,
          59.99533444964531
        ]
      }
    },
    {
      "type": "Feature",
      "properties": {
        "monotonic_time": 66431.03523898125,
        "horizontal_accuracy": 11.74759017327529,
        "speed": 28.805246984128825,
        "course": 178.23020843632744,
        "synthetic": false
      },
      "geometry": {
        "type": "Point",
        "coordinates": [
          30.23119967768805,
          59.99507373700273
        ]
      }
    },
    {
      "type": "Feature",
      "properties": {
        "monotonic_time": 66432.03522205353,
        "horizontal_accuracy": 11.005251375291712,
        "speed": 28.585017473922868,
        "course": 177.44115703264302,
        "synthetic": false
      },
      "geometry": {
        "type": "Point",
        "coordinates": [
          30.23121723125418,
          59.99481521769511
        ]
      }
    },
    {
      "type": "Feature",
      "properties": {
        "monotonic_time": 66433.0352050066,
        "horizontal_accuracy": 10.611938488022872,
        "speed": 28.397084550010696,
        "course": 176.93385427958157,
        "synthetic": false
      },
      "geometry": {
        "type": "Point",
        "coordinates": [
          30.231249977604246,
          59.994558377166626
        ]
      }
    },
    {
      "type": "Feature",
      "properties": {
        "monotonic_time": 66434.03518903255,
        "horizontal_accuracy": 10.4091400478662,
        "speed": 28.17502572272941,
        "course": 176.78378409336182,
        "synthetic": false
      },
      "geometry": {
        "type": "Point",
        "coordinates": [
          30.231288482438252,
          59.994308093564584
        ]
      }
    },
    {
      "type": "Feature",
      "properties": {
        "monotonic_time": 66435.03517198563,
        "horizontal_accuracy": 12.09780188950481,
        "speed": 28.212227525385636,
        "course": 176.05356378843618,
        "synthetic": false
      },
      "geometry": {
        "type": "Point",
        "coordinates": [
          30.231319331779996,
          59.99405458774565
        ]
      }
    },
    {
      "type": "Feature",
      "properties": {
        "monotonic_time": 66436.03515517712,
        "horizontal_accuracy": 15.655283880229005,
        "speed": 28.33775870872661,
        "course": 176.0789212651234,
        "synthetic": false
      },
      "geometry": {
        "type": "Point",
        "coordinates": [
          30.231352400764635,
          59.993799499237944
        ]
      }
    },
    {
      "type": "Feature",
      "properties": {
        "monotonic_time": 66437.03513860703,
        "horizontal_accuracy": 24.791895831556705,
        "speed": 28.533762401508685,
        "course": 177.06194606964084,
        "synthetic": false
      },
      "geometry": {
        "type": "Point",
        "coordinates": [
          30.231381733867515,
          59.99354698406779
        ]
      }
    },
    {
      "type": "Feature",
      "properties": {
        "monotonic_time": 66438.03512203693,
        "horizontal_accuracy": 23.501920870193036,
        "speed": 28.808175118471862,
        "course": 177.8443479300389,
        "synthetic": false
      },
      "geometry": {
        "type": "Point",
        "coordinates": [
          30.23139928572265,
          59.993281996550834
        ]
      }
    },
    {
      "type": "Feature",
      "properties": {
        "monotonic_time": 66439.03510510921,
        "horizontal_accuracy": 13.67412171476033,
        "speed": 29.143292218325517,
        "course": 178.30822141787655,
        "synthetic": false
      },
      "geometry": {
        "type": "Point",
        "coordinates": [
          30.23141264537048,
          59.993018828612705
        ]
      }
    },
    {
      "type": "Feature",
      "properties": {
        "monotonic_time": 66440.03508841991,
        "horizontal_accuracy": 16.03903853712462,
        "speed": 29.482089123145148,
        "course": 179.2953248299559,
        "synthetic": false
      },
      "geometry": {
        "type": "Point",
        "coordinates": [
          30.231428755620712,
          59.9927527704878
        ]
      }
    },
    {
      "type": "Feature",
      "properties": {
        "monotonic_time": 66441.03507232666,
        "horizontal_accuracy": 16.624476393985127,
        "speed": 29.971822569285795,
        "course": 180.48074064889929,
        "synthetic": false
      },
      "geometry": {
        "type": "Point",
        "coordinates": [
          30.231429489267416,
          59.99248098921346
        ]
      }
    },
    {
      "type": "Feature",
      "properties": {
        "monotonic_time": 66442.03505444527,
        "horizontal_accuracy": 11.312659032560067,
        "speed": 30.445226674635624,
        "course": 180.96099429639435,
        "synthetic": false
      },
      "geometry": {
        "type": "Point",
        "coordinates": [
          30.23144342882538,
          59.99220567493648
        ]
      }
    },
    {
      "type": "Feature",
      "properties": {
        "monotonic_time": 66443.03503906727,
        "horizontal_accuracy": 10.16750038810931,
        "speed": 30.839327646615985,
        "course": 181.0745580511213,
        "synthetic": false
      },
      "geometry": {
        "type": "Point",
        "coordinates": [
          30.231432662447133,
          59.99192777299226
        ]
      }
    },
    {
      "type": "Feature",
      "properties": {
        "monotonic_time": 66444.03502213955,
        "horizontal_accuracy": 10.04865675687782,
        "speed": 31.291329845209972,
        "course": 181.16625267607378,
        "synthetic": false
      },
      "geometry": {
        "type": "Point",
        "coordinates": [
          30.231424064491005,
          59.991644344227204
        ]
      }
    },
    {
      "type": "Feature",
      "properties": {
        "monotonic_time": 66445.03500592709,
        "horizontal_accuracy": 10.06918908678727,
        "speed": 31.73078766936181,
        "course": 182.83034242695447,
        "synthetic": false
      },
      "geometry": {
        "type": "Point",
        "coordinates": [
          30.231401759406292,
          59.99135552833691
        ]
      }
    },
    {
      "type": "Feature",
      "properties": {
        "monotonic_time": 66446.03498864174,
        "horizontal_accuracy": 10.090125325279098,
        "speed": 32.034608883700386,
        "course": 184.70016117094363,
        "synthetic": false
      },
      "geometry": {
        "type": "Point",
        "coordinates": [
          30.231374557199697,
          59.991067887606874
        ]
      }
    },
    {
      "type": "Feature",
      "properties": {
        "monotonic_time": 66447.03497207165,
        "horizontal_accuracy": 10.162865391835231,
        "speed": 31.906323696716502,
        "course": 186.27205940594183,
        "synthetic": false
      },
      "geometry": {
        "type": "Point",
        "coordinates": [
          30.2313233392469,
          59.990781089364226
        ]
      }
    },
    {
      "type": "Feature",
      "properties": {
        "monotonic_time": 66448.03495526314,
        "horizontal_accuracy": 10.183656833550017,
        "speed": 31.976775925513973,
        "course": 187.05966339769247,
        "synthetic": false
      },
      "geometry": {
        "type": "Point",
        "coordinates": [
          30.231255988173018,
          59.990492631734895
        ]
      }
    },
    {
      "type": "Feature",
      "properties": {
        "monotonic_time": 66449.03493893147,
        "horizontal_accuracy": 10.221068437332777,
        "speed": 31.94607278181055,
        "course": 187.9882848864591,
        "synthetic": false
      },
      "geometry": {
        "type": "Point",
        "coordinates": [
          30.231171468456033,
          59.99020975546776
        ]
      }
    },
    {
      "type": "Feature",
      "properties": {
        "monotonic_time": 66450.03492188454,
        "horizontal_accuracy": 10.092395113947159,
        "speed": 32.03026719825139,
        "course": 188.03687976652367,
        "synthetic": false
      },
      "geometry": {
        "type": "Point",
        "coordinates": [
          30.231098918983275,
          59.989927829795775
        ]
      }
    },
    {
      "type": "Feature",
      "properties": {
        "monotonic_time": 66451.03490507603,
        "horizontal_accuracy": 10.048847995007959,
        "speed": 32.051266949881416,
        "course": 188.03869301487555,
        "synthetic": false
      },
      "geometry": {
        "type": "Point",
        "coordinates": [
          30.231022350960494,
          59.98964400862813
        ]
      }
    },
    {
      "type": "Feature",
      "properties": {
        "monotonic_time": 66452.03488886356,
        "horizontal_accuracy": 9.981938586270628,
        "speed": 32.02658565608837,
        "course": 188.7585861425223,
        "synthetic": false
      },
      "geometry": {
        "type": "Point",
        "coordinates": [
          30.23093336043124,
          59.98935883769743
        ]
      }
    },
    {
      "type": "Feature",
      "properties": {
        "monotonic_time": 66453.0348726511,
        "horizontal_accuracy": 9.98514519505818,
        "speed": 31.965082587047178,
        "course": 187.6620114434804,
        "synthetic": false
      },
      "geometry": {
        "type": "Point",
        "coordinates": [
          30.23086384124644,
          59.98907204209914
        ]
      }
    },
    {
      "type": "Feature",
      "properties": {
        "monotonic_time": 66454.03485631943,
        "horizontal_accuracy": 10.125876791616783,
        "speed": 31.866513279514837,
        "course": 187.7343687654725,
        "synthetic": false
      },
      "geometry": {
        "type": "Point",
        "coordinates": [
          30.23080157223675,
          59.988792109364866
        ]
      }
    },
    {
      "type": "Feature",
      "properties": {
        "monotonic_time": 66455.03483891487,
        "horizontal_accuracy": 10.99529817776308,
        "speed": 31.755515053457763,
        "course": 188.36070331800425,
        "synthetic": false
      },
      "geometry": {
        "type": "Point",
        "coordinates": [
          30.230722685701256,
          59.98851670055375
        ]
      }
    },
    {
      "type": "Feature",
      "properties": {
        "monotonic_time": 66456.03482282162,
        "horizontal_accuracy": 10.798225499438262,
        "speed": 31.48737146615764,
        "course": 188.99255652240132,
        "synthetic": false
      },
      "geometry": {
        "type": "Point",
        "coordinates": [
          30.230647677998775,
          59.98825126061261
        ]
      }
    },
    {
      "type": "Feature",
      "properties": {
        "monotonic_time": 66457.03480577469,
        "horizontal_accuracy": 10.058086939831659,
        "speed": 31.2764116000493,
        "course": 187.10350979001691,
        "synthetic": false
      },
      "geometry": {
        "type": "Point",
        "coordinates": [
          30.230586695193587,
          59.98799260856346
        ]
      }
    },
    {
      "type": "Feature",
      "properties": {
        "monotonic_time": 66458.03478956223,
        "horizontal_accuracy": 9.900141139578887,
        "speed": 31.114287403402983,
        "course": 186.98899587039205,
        "synthetic": false
      },
      "geometry": {
        "type": "Point",
        "coordinates": [
          30.230527088894142,
          59.98773156766156
        ]
      }
    },
    {
      "type": "Feature",
      "properties": {
        "monotonic_time": 66459.03477275372,
        "horizontal_accuracy": 9.787207718930867,
        "speed": 30.678790846439497,
        "course": 187.6350136782345,
        "synthetic": false
      },
      "geometry": {
        "type": "Point",
        "coordinates": [
          30.230454128808958,
          59.9874712952287
        ]
      }
    },
    {
      "type": "Feature",
      "properties": {
        "monotonic_time": 66460.034755826,
        "horizontal_accuracy": 9.880530600891921,
        "speed": 30.087364466728268,
        "course": 187.36773681640625,
        "synthetic": false
      },
      "geometry": {
        "type": "Point",
        "coordinates": [
          30.230385057783042,
          59.98721062880632
        ]
      }
    },
    {
      "type": "Feature",
      "properties": {
        "monotonic_time": 66461.03473985195,
        "horizontal_accuracy": 9.948786414847422,
        "speed": 29.55947125426096,
        "course": 187.36773681640625,
        "synthetic": false
      },
      "geometry": {
        "type": "Point",
        "coordinates": [
          30.230330520556713,
          59.986962319420414
        ]
      }
    },
    {
      "type": "Feature",
      "properties": {
        "monotonic_time": 66462.03472268581,
        "horizontal_accuracy": 9.909848995095063,
        "speed": 29.33581551560909,
        "course": 187.36773681640625,
        "synthetic": false
      },
      "geometry": {
        "type": "Point",
        "coordinates": [
          30.23027222799437,
          59.986709583595115
        ]
      }
    },
    {
      "type": "Feature",
      "properties": {
        "monotonic_time": 66463.03470623493,
        "horizontal_accuracy": 10.205289594587528,
        "speed": 29.423509735696726,
        "course": 187.36773681640625,
        "synthetic": false
      },
      "geometry": {
        "type": "Point",
        "coordinates": [
          30.23021724366953,
          59.986453641221544
        ]
      }
    },
    {
      "type": "Feature",
      "properties": {
        "monotonic_time": 66464.03468954563,
        "horizontal_accuracy": 10.663097402260634,
        "speed": 29.36221554881166,
        "course": 187.36773681640625,
        "synthetic": false
      },
      "geometry": {
        "type": "Point",
        "coordinates": [
          30.230125655677874,
          59.98619500327068
        ]
      }
    },
    {
      "type": "Feature",
      "properties": {
        "monotonic_time": 66465.03467261791,
        "horizontal_accuracy": 13.241375364499365,
        "speed": 29.376961495891575,
        "course": 187.42124938964844,
        "synthetic": false
      },
      "geometry": {
        "type": "Point",
        "coordinates": [
          30.23008706527384,
          59.985929602529566
        ]
      }
    },
    {
      "type": "Feature",
      "properties": {
        "monotonic_time": 66466.03465616703,
        "horizontal_accuracy": 14.832429443719596,
        "speed": 29.20269297787213,
        "course": 187.23655700683594,
        "synthetic": false
      },
      "geometry": {
        "type": "Point",
        "coordinates": [
          30.230002513730405,
          59.985671174926374
        ]
      }
    },
    {
      "type": "Feature",
      "properties": {
        "monotonic_time": 66467.03463900089,
        "horizontal_accuracy": 13.68459082570853,
        "speed": 29.35568987931975,
        "course": 189.4176483154297,
        "synthetic": false
      },
      "geometry": {
        "type": "Point",
        "coordinates": [
          30.229930676328504,
          59.985414991417244
        ]
      }
    },
    {
      "type": "Feature",
      "properties": {
        "monotonic_time": 66468.03462290764,
        "horizontal_accuracy": 13.162166901182745,
        "speed": 29.417191496948277,
        "course": 189.01499938964844,
        "synthetic": false
      },
      "geometry": {
        "type": "Point",
        "coordinates": [
          30.229829596204777,
          59.98515738860211
        ]
      }
    },
    {
      "type": "Feature",
      "properties": {
        "monotonic_time": 66469.03460633755,
        "horizontal_accuracy": 14.09019508179168,
        "speed": 29.209408477751314,
        "course": 190.40771484375,
        "synthetic": false
      },
      "geometry": {
        "type": "Point",
        "coordinates": [
          30.22974417546146,
          59.98489976371852
        ]
      }
    },
    {
      "type": "Feature",
      "properties": {
        "monotonic_time": 66470.03458952904,
        "horizontal_accuracy": 14.9688066196082,
        "speed": 28.87393379044616,
        "course": 184.83489990234375,
        "synthetic": false
      },
      "geometry": {
        "type": "Point",
        "coordinates": [
          30.2297292095609,
          59.98464210120356
        ]
      }
    },
    {
      "type": "Feature",
      "properties": {
        "monotonic_time": 66471.03457319736,
        "horizontal_accuracy": 15.836429226734959,
        "speed": 27.004644620877517,
        "course": 187.98184204101562,
        "synthetic": false
      },
      "geometry": {
        "type": "Point",
        "coordinates": [
          30.22966691441564,
          59.98440744953088
        ]
      }
    },
    {
      "type": "Feature",
      "properties": {
        "monotonic_time": 66472.03455615044,
        "horizontal_accuracy": 16.49925922191608,
        "speed": 25.85666838475903,
        "course": 191.17440795898438,
        "synthetic": false
      },
      "geometry": {
        "type": "Point",
        "coordinates": [
          30.229568717574608,
          59.984193533198805
        ]
      }
    },
    {
      "type": "Feature",
      "properties": {
        "monotonic_time": 66473.03453946114,
        "horizontal_accuracy": 17.039995938456077,
        "speed": 25.881908380872254,
        "course": 191.17440795898438,
        "synthetic": false
      },
      "geometry": {
        "type": "Point",
        "coordinates": [
          30.229480746100958,
          59.9839704112871
        ]
      }
    },
    {
      "type": "Feature",
      "properties": {
        "monotonic_time": 66474.03452301025,
        "horizontal_accuracy": 18.228102554440813,
        "speed": 26.335313693532886,
        "course": 197.14173889160156,
        "synthetic": false
      },
      "geometry": {
        "type": "Point",
        "coordinates": [
          30.229375636080164,
          59.9837336067832
        ]
      }
    },
    {
      "type": "Feature",
      "properties": {
        "monotonic_time": 66475.03450596333,
        "horizontal_accuracy": 19.540678318756125,
        "speed": 26.677402809799826,
        "course": 197.14173889160156,
        "synthetic": false
      },
      "geometry": {
        "type": "Point",
        "coordinates": [
          30.229234788511366,
          59.98350481518174
        ]
      }
    },
    {
      "type": "Feature",
      "properties": {
        "monotonic_time": 66476.03449010849,
        "horizontal_accuracy": 20.9218739769144,
        "speed": 27.035086119713277,
        "course": 197.14450073242188,
        "synthetic": false
      },
      "geometry": {
        "type": "Point",
        "coordinates": [
          30.229090166331602,
          59.983269922745954
        ]
      }
    },
    {
      "type": "Feature",
      "properties": {
        "monotonic_time": 66477.03447365761,
        "horizontal_accuracy": 22.060405003751967,
        "speed": 27.010815630312937,
        "course": 202.7362823486328,
        "synthetic": false
      },
      "geometry": {
        "type": "Point",
        "coordinates": [
          30.228930245806737,
          59.983044309165386
        ]
      }
    },
    {
      "type": "Feature",
      "properties": {
        "monotonic_time": 66478.03445649147,
        "horizontal_accuracy": 23.332701043422848,
        "speed": 26.810621898407756,
        "course": 202.7362823486328,
        "synthetic": false
      },
      "geometry": {
        "type": "Point",
        "coordinates": [
          30.228742038050708,
          59.98281924792425
        ]
      }
    },
    {
      "type": "Feature",
      "properties": {
        "monotonic_time": 66479.034440279,
        "horizontal_accuracy": 24.496634417424413,
        "speed": 26.807578275935615,
        "course": 207.55279541015625,
        "synthetic": false
      },
      "geometry": {
        "type": "Point",
        "coordinates": [
          30.228550926648563,
          59.98260546396501
        ]
      }
    },
    {
      "type": "Feature",
      "properties": {
        "monotonic_time": 66480.03442287445,
        "horizontal_accuracy": 25.424568598145655,
        "speed": 26.972576234954268,
        "course": 207.70851135253906,
        "synthetic": false
      },
      "geometry": {
        "type": "Point",
        "coordinates": [
          30.228332490042384,
          59.982396162045816
        ]
      }
    },
    {
      "type": "Feature",
      "properties": {
        "monotonic_time": 66481.03440654278,
        "horizontal_accuracy": 26.33876237119255,
        "speed": 27.110820633087453,
        "course": 213.0908966064453,
        "synthetic": false
      },
      "geometry": {
        "type": "Point",
        "coordinates": [
          30.228106993973338,
          59.98220411734454
        ]
      }
    },
    {
      "type": "Feature",
      "properties": {
        "monotonic_time": 66482.03439033031,
        "horizontal_accuracy": 27.01364042217763,
        "speed": 27.17842082722409,
        "course": 213.0908966064453,
        "synthetic": false
      },
      "geometry": {
        "type": "Point",
        "coordinates": [
          30.227859379305112,
          59.982013709903825
        ]
      }
    },
    {
      "type": "Feature",
      "properties": {
        "monotonic_time": 66483.03437304497,
        "horizontal_accuracy": 28.240404830658612,
        "speed": 27.36345393095249,
        "course": 215.48545837402344,
        "synthetic": false
      },
      "geometry": {
        "type": "Point",
        "coordinates": [
          30.227591834736824,
          59.981822589689955
        ]
      }
    },
    {
      "type": "Feature",
      "properties": {
        "monotonic_time": 66484.03435647488,
        "horizontal_accuracy": 28.334540624543195,
        "speed": 27.494126803729714,
        "course": 215.48545837402344,
        "synthetic": false
      },
      "geometry": {
        "type": "Point",
        "coordinates": [
          30.227311921232577,
          59.98162583653299
        ]
      }
    },
    {
      "type": "Feature",
      "properties": {
        "monotonic_time": 66485.034340024,
        "horizontal_accuracy": 28.150305359078256,
        "speed": 27.55177261027251,
        "course": 221.47718811035156,
        "synthetic": false
      },
      "geometry": {
        "type": "Point",
        "coordinates": [
          30.227009861627636,
          59.98144994333969
        ]
      }
    },
    {
      "type": "Feature",
      "properties": {
        "monotonic_time": 66486.0343233347,
        "horizontal_accuracy": 27.95206540276057,
        "speed": 27.50204694874592,
        "course": 224.64739990234375,
        "synthetic": false
      },
      "geometry": {
        "type": "Point",
        "coordinates": [
          30.226657659003884,
          59.98125739984383
        ]
      }
    },
    {
      "type": "Feature",
      "properties": {
        "monotonic_time": 66487.03430616856,
        "horizontal_accuracy": 27.772904552448388,
        "speed": 27.01253641212716,
        "course": 224.64739990234375,
        "synthetic": false
      },
      "geometry": {
        "type": "Point",
        "coordinates": [
          30.226296861890514,
          59.98107436167901
        ]
      }
    },
    {
      "type": "Feature",
      "properties": {
        "monotonic_time": 66488.0342899561,
        "horizontal_accuracy": 28.64335456523122,
        "speed": 26.38919467322364,
        "course": 231.42359924316406,
        "synthetic": false
      },
      "geometry": {
        "type": "Point",
        "coordinates": [
          30.225966829019384,
          59.980932196426465
        ]
      }
    },
    {
      "type": "Feature",
      "properties": {
        "monotonic_time": 66489.0344581604,
        "horizontal_accuracy": 29.85499976897832,
        "speed": 25.88469212276919,
        "course": 231.45379638671875,
        "synthetic": false
      },
      "geometry": {
        "type": "Point",
        "coordinates": [
          30.225605158648666,
          59.98078778207072
        ]
      }
    },
    {
      "type": "Feature",
      "properties": {
        "monotonic_time": 66490.03379225731,
        "horizontal_accuracy": 31.150439717445913,
        "speed": 25.51396431371785,
        "course": 233.44122314453125,
        "synthetic": false
      },
      "geometry": {
        "type": "Point",
        "coordinates": [
          30.22524260650928,
          59.980653159148446
        ]
      }
    },
    {
      "type": "Feature",
      "properties": {
        "monotonic_time": 66491.03377628326,
        "horizontal_accuracy": 32.632699485685485,
        "speed": 25.397165273244795,
        "course": 233.44122314453125,
        "synthetic": false
      },
      "geometry": {
        "type": "Point",
        "coordinates": [
          30.224870369841,
          59.98051483680269
        ]
      }
    },
    {
      "type": "Feature",
      "properties": {
        "monotonic_time": 66492.03428399563,
        "horizontal_accuracy": 34.150839200415476,
        "speed": 25.36055120024832,
        "course": 236.53076171875,
        "synthetic": false
      },
      "geometry": {
        "type": "Point",
        "coordinates": [
          30.22449902788987,
          59.98038732903788
        ]
      }
    },
    {
      "type": "Feature",
      "properties": {
        "monotonic_time": 66493.17713367939,
        "horizontal_accuracy": 35.73453121951752,
        "speed": 25.22434880590822,
        "course": 239.8949737548828,
        "synthetic": false
      },
      "geometry": {
        "type": "Point",
        "coordinates": [
          30.22405927568987,
          59.98025793796269
        ]
      }
    },
    {
      "type": "Feature",
      "properties": {
        "monotonic_time": 66494.17054259777,
        "horizontal_accuracy": 36.3863990208428,
        "speed": 25.223858437416265,
        "course": 241.91244506835938,
        "synthetic": false
      },
      "geometry": {
        "type": "Point",
        "coordinates": [
          30.223671206137894,
          59.98014966386598
        ]
      }
    },
    {
      "type": "Feature",
      "properties": {
        "monotonic_time": 66501.17695605755,
        "horizontal_accuracy": 36.58809809370891,
        "speed": 26.230693949208543,
        "course": 241.07231004720882,
        "synthetic": false
      },
      "geometry": {
        "type": "Point",
        "coordinates": [
          30.220694831369634,
          59.97919631305532
        ]
      }
    },
    {
      "type": "Feature",
      "properties": {
        "monotonic_time": 66502.1808321476,
        "horizontal_accuracy": 35.109056697326025,
        "speed": 26.038780992248,
        "course": 240.65235580287106,
        "synthetic": false
      },
      "geometry": {
        "type": "Point",
        "coordinates": [
          30.220223392205227,
          59.97909901729145
        ]
      }
    },
    {
      "type": "Feature",
      "properties": {
        "monotonic_time": 66503.17623102665,
        "horizontal_accuracy": 33.89012913450552,
        "speed": 25.857226515451416,
        "course": 241.86611938476562,
        "synthetic": false
      },
      "geometry": {
        "type": "Point",
        "coordinates": [
          30.21969568333654,
          59.97908828964504
        ]
      }
    },
    {
      "type": "Feature",
      "properties": {
        "monotonic_time": 66504.17164802551,
        "horizontal_accuracy": 33.161193977859675,
        "speed": 25.668527063583255,
        "course": 241.36993408203125,
        "synthetic": false
      },
      "geometry": {
        "type": "Point",
        "coordinates": [
          30.219269323970778,
          59.97897133089262
        ]
      }
    },
    {
      "type": "Feature",
      "properties": {
        "monotonic_time": 66505.17130029202,
        "horizontal_accuracy": 32.46831874124083,
        "speed": 25.659438093667166,
        "course": 238.95648193359375,
        "synthetic": false
      },
      "geometry": {
        "type": "Point",
        "coordinates": [
          30.218812267801702,
          59.978841061882065
        ]
      }
    },
    {
      "type": "Feature",
      "properties": {
        "monotonic_time": 66506.17222523689,
        "horizontal_accuracy": 33.3797274657361,
        "speed": 25.3294626393295,
        "course": 238.95648193359375,
        "synthetic": false
      },
      "geometry": {
        "type": "Point",
        "coordinates": [
          30.218425510988343,
          59.97872441031043
        ]
      }
    },
    {
      "type": "Feature",
      "properties": {
        "monotonic_time": 66507.17106354237,
        "horizontal_accuracy": 34.08585526681956,
        "speed": 25.407940525476217,
        "course": 235.11459350585938,
        "synthetic": false
      },
      "geometry": {
        "type": "Point",
        "coordinates": [
          30.218011490908207,
          59.978592882039585
        ]
      }
    },
    {
      "type": "Feature",
      "properties": {
        "monotonic_time": 66508.17059195042,
        "horizontal_accuracy": 33.49156488365418,
        "speed": 25.615102882725534,
        "course": 235.11459350585938,
        "synthetic": false
      },
      "geometry": {
        "type": "Point",
        "coordinates": [
          30.217586390133096,
          59.97844435833215
        ]
      }
    },
    {
      "type": "Feature",
      "properties": {
        "monotonic_time": 66509.17032384872,
        "horizontal_accuracy": 33.9728790255505,
        "speed": 25.538642047097905,
        "course": 232.17059326171875,
        "synthetic": false
      },
      "geometry": {
        "type": "Point",
        "coordinates": [
          30.21721988343161,
          59.97830150348149
        ]
      }
    },
    {
      "type": "Feature",
      "properties": {
        "monotonic_time": 66510.17183184624,
        "horizontal_accuracy": 34.08921184084421,
        "speed": 25.62408259019595,
        "course": 227.0349578857422,
        "synthetic": false
      },
      "geometry": {
        "type": "Point",
        "coordinates": [
          30.216848584579598,
          59.97813151102938
        ]
      }
    },
    {
      "type": "Feature",
      "properties": {
        "monotonic_time": 66511.17358791828,
        "horizontal_accuracy": 34.882756579782594,
        "speed": 25.651843245281036,
        "course": 225.0401611328125,
        "synthetic": false
      },
      "geometry": {
        "type": "Point",
        "coordinates": [
          30.216486135087486,
          59.97796371429014
        ]
      }
    },
    {
      "type": "Feature",
      "properties": {
        "monotonic_time": 66512.17182004452,
        "horizontal_accuracy": 36.45051112174739,
        "speed": 25.543658983074998,
        "course": 223.65966796875,
        "synthetic": false
      },
      "geometry": {
        "type": "Point",
        "coordinates": [
          30.21616514883551,
          59.97780215138682
        ]
      }
    },
    {
      "type": "Feature",
      "properties": {
        "monotonic_time": 66513.17200696468,
        "horizontal_accuracy": 38.04584601404397,
        "speed": 25.378358352377823,
        "course": 223.65966796875,
        "synthetic": false
      },
      "geometry": {
        "type": "Point",
        "coordinates": [
          30.21587497407317,
          59.97764977624977
        ]
      }
    },
    {
      "type": "Feature",
      "properties": {
        "monotonic_time": 66514.171053648,
        "horizontal_accuracy": 39.66636658489384,
        "speed": 25.34532876167232,
        "course": 216.16775512695312,
        "synthetic": false
      },
      "geometry": {
        "type": "Point",
        "coordinates": [
          30.215542806087726,
          59.97746790353552
        ]
      }
    },
    {
      "type": "Feature",
      "properties": {
        "monotonic_time": 66515.1704185009,
        "horizontal_accuracy": 41.30544144755805,
        "speed": 25.373802340332215,
        "course": 216.16775512695312,
        "synthetic": false
      },
      "geometry": {
        "type": "Point",
        "coordinates": [
          30.215262637346832,
          59.97727582239772
        ]
      }
    },
    {
      "type": "Feature",
      "properties": {
        "monotonic_time": 66516.17095434666,
        "horizontal_accuracy": 41.967825959724934,
        "speed": 25.371035119830005,
        "course": 210.01307678222656,
        "synthetic": false
      },
      "geometry": {
        "type": "Point",
        "coordinates": [
          30.21497584890363,
          59.97707134867359
        ]
      }
    },
    {
      "type": "Feature",
      "properties": {
        "monotonic_time": 66533.03770363331,
        "horizontal_accuracy": 231.24468418973882,
        "speed": -1,
        "course": -1,
        "synthetic": false
      },
      "geometry": {
        "type": "Point",
        "coordinates": [
          30.213948019412168,
          59.973883857124505
        ]
      }
    },
    {
      "type": "Feature",
      "properties": {
        "monotonic_time": 66533.04756653309,
        "horizontal_accuracy": 231.24474524106762,
        "speed": -1,
        "course": -1,
        "synthetic": false
      },
      "geometry": {
        "type": "Point",
        "coordinates": [
          30.21394792010849,
          59.973883193095084
        ]
      }
    },
    {
      "type": "Feature",
      "properties": {
        "monotonic_time": 66536.92225563526,
        "horizontal_accuracy": 254.68689164857392,
        "speed": -1,
        "course": -1,
        "synthetic": false
      },
      "geometry": {
        "type": "Point",
        "coordinates": [
          30.213889319119815,
          59.9734727692685
        ]
      }
    },
    {
      "type": "Feature",
      "properties": {
        "monotonic_time": 66536.93182456493,
        "horizontal_accuracy": 254.68701871272538,
        "speed": -1,
        "course": -1,
        "synthetic": false
      },
      "geometry": {
        "type": "Point",
        "coordinates": [
          30.2138892503038,
          59.9734718496914
        ]
      }
    },
    {
      "type": "Feature",
      "properties": {
        "monotonic_time": 66542.03274059296,
        "horizontal_accuracy": 83.69491253217662,
        "speed": 27.08319854736328,
        "course": 154.7869292111788,
        "synthetic": false
      },
      "geometry": {
        "type": "Point",
        "coordinates": [
          30.215050604034662,
          59.97086882507994
        ]
      }
    },
    {
      "type": "Feature",
      "properties": {
        "monotonic_time": 66543.03272342682,
        "horizontal_accuracy": 27.199708900205557,
        "speed": 26.58356157745563,
        "course": 158.44180119345825,
        "synthetic": false
      },
      "geometry": {
        "type": "Point",
        "coordinates": [
          30.215244125798566,
          59.97050997526812
        ]
      }
    },
    {
      "type": "Feature",
      "properties": {
        "monotonic_time": 66544.03270661831,
        "horizontal_accuracy": 26.118157121263806,
        "speed": 26.397584261725832,
        "course": 158.35122065409675,
        "synthetic": false
      },
      "geometry": {
        "type": "Point",
        "coordinates": [
          30.215420653649804,
          59.97028030765528
        ]
      }
    },
    {
      "type": "Feature",
      "properties": {
        "monotonic_time": 66545.03268992901,
        "horizontal_accuracy": 25.302178350713003,
        "speed": 26.235719919006097,
        "course": 159.75655625522157,
        "synthetic": false
      },
      "geometry": {
        "type": "Point",
        "coordinates": [
          30.215592499160238,
          59.9700618231671
        ]
      }
    },
    {
      "type": "Feature",
      "properties": {
        "monotonic_time": 66546.03267383575,
        "horizontal_accuracy": 24.641107459764907,
        "speed": 26.031043383889763,
        "course": 163.33047169014384,
        "synthetic": false
      },
      "geometry": {
        "type": "Point",
        "coordinates": [
          30.215728705211667,
          59.96983249531378
        ]
      }
    },
    {
      "type": "Feature",
      "properties": {
        "monotonic_time": 66547.03265726566,
        "horizontal_accuracy": 23.77282867785728,
        "speed": 25.86809873878556,
        "course": 166.80780826014654,
        "synthetic": false
      },
      "geometry": {
        "type": "Point",
        "coordinates": [
          30.215853778777927,
          59.96960335115642
        ]
      }
    },
    {
      "type": "Feature",
      "properties": {
        "monotonic_time": 66548.03264045715,
        "horizontal_accuracy": 22.66550005696437,
        "speed": 25.83607107320717,
        "course": 172.5718994140625,
        "synthetic": false
      },
      "geometry": {
        "type": "Point",
        "coordinates": [
          30.21588077441824,
          59.96936558166004
        ]
      }
    },
    {
      "type": "Feature",
      "properties": {
        "monotonic_time": 66549.03262341022,
        "horizontal_accuracy": 22.270342187910487,
        "speed": 25.69667167032869,
        "course": 172.5718994140625,
        "synthetic": false
      },
      "geometry": {
        "type": "Point",
        "coordinates": [
          30.21593941700701,
          59.96914010254762
        ]
      }
    },
    {
      "type": "Feature",
      "properties": {
        "monotonic_time": 66550.03260695934,
        "horizontal_accuracy": 22.19893273032605,
        "speed": 25.49831352964442,
        "course": 174.6820068359375,
        "synthetic": false
      },
      "geometry": {
        "type": "Point",
        "coordinates": [
          30.21598515772531,
          59.9689145356958
        ]
      }
    },
    {
      "type": "Feature",
      "properties": {
        "monotonic_time": 66551.03259027004,
        "horizontal_accuracy": 22.139495972207296,
        "speed": 25.426737342823312,
        "course": 174.6820068359375,
        "synthetic": false
      },
      "geometry": {
        "type": "Point",
        "coordinates": [
          30.216027126512696,
          59.968688518140645
        ]
      }
    },
    {
      "type": "Feature",
      "properties": {
        "monotonic_time": 66552.03257346153,
        "horizontal_accuracy": 22.4368692020471,
        "speed": 25.29902043036754,
        "course": 174.6820068359375,
        "synthetic": false
      },
      "geometry": {
        "type": "Point",
        "coordinates": [
          30.21609269604644,
          59.9684593987934
        ]
      }
    },
    {
      "type": "Feature",
      "properties": {
        "monotonic_time": 66553.03255748749,
        "horizontal_accuracy": 22.106457586935317,
        "speed": 25.261574097919105,
        "course": 174.6820068359375,
        "synthetic": false
      },
      "geometry": {
        "type": "Point",
        "coordinates": [
          30.21611299025404,
          59.96822761989047
        ]
      }
    },
    {
      "type": "Feature",
      "properties": {
        "monotonic_time": 66554.03254032135,
        "horizontal_accuracy": 22.166596267442287,
        "speed": 25.21078804305205,
        "course": 174.6820068359375,
        "synthetic": false
      },
      "geometry": {
        "type": "Point",
        "coordinates": [
          30.21613225596081,
          59.96799430112113
        ]
      }
    },
    {
      "type": "Feature",
      "properties": {
        "monotonic_time": 66555.03252387047,
        "horizontal_accuracy": 22.40410449149529,
        "speed": 25.176175512205184,
        "course": 174.6820068359375,
        "synthetic": false
      },
      "geometry": {
        "type": "Point",
        "coordinates": [
          30.21616539575091,
          59.96777395300474
        ]
      }
    },
    {
      "type": "Feature",
      "properties": {
        "monotonic_time": 66556.03250718117,
        "horizontal_accuracy": 23.19342994327142,
        "speed": 25.054578327213317,
        "course": 174.6820068359375,
        "synthetic": false
      },
      "geometry": {
        "type": "Point",
        "coordinates": [
          30.21619485374283,
          59.96755115020958
        ]
      }
    },
    {
      "type": "Feature",
      "properties": {
        "monotonic_time": 66557.03249061108,
        "horizontal_accuracy": 24.77557659441117,
        "speed": 25.188295504891542,
        "course": 174.8601531982422,
        "synthetic": false
      },
      "geometry": {
        "type": "Point",
        "coordinates": [
          30.216228739612756,
          59.9673293864353
        ]
      }
    },
    {
      "type": "Feature",
      "properties": {
        "monotonic_time": 66558.03247439861,
        "horizontal_accuracy": 27.232221234954316,
        "speed": 25.433371186552804,
        "course": 174.8601531982422,
        "synthetic": false
      },
      "geometry": {
        "type": "Point",
        "coordinates": [
          30.21626780917835,
          59.96710227910767
        ]
      }
    },
    {
      "type": "Feature",
      "properties": {
        "monotonic_time": 66559.03245723248,
        "horizontal_accuracy": 30.55054604360516,
        "speed": 25.741314140626436,
        "course": 174.8601531982422,
        "synthetic": false
      },
      "geometry": {
        "type": "Point",
        "coordinates": [
          30.216292738796536,
          59.96687219702943
        ]
      }
    },
    {
      "type": "Feature",
      "properties": {
        "monotonic_time": 66560.03244066238,
        "horizontal_accuracy": 34.712848938102724,
        "speed": 25.665214750967575,
        "course": 174.8601531982422,
        "synthetic": false
      },
      "geometry": {
        "type": "Point",
        "coordinates": [
          30.216331845763946,
          59.966653203843244
        ]
      }
    },
    {
      "type": "Feature",
      "properties": {
        "monotonic_time": 66561.03242397308,
        "horizontal_accuracy": 39.726280595423695,
        "speed": 25.882342437131996,
        "course": 174.8601531982422,
        "synthetic": false
      },
      "geometry": {
        "type": "Point",
        "coordinates": [
          30.21636093359843,
          59.96642442822222
        ]
      }
    },
    {
      "type": "Feature",
      "properties": {
        "monotonic_time": 66562.17068684101,
        "horizontal_accuracy": 44.925910332138784,
        "speed": 26.27456260191115,
        "course": 174.8601531982422,
        "synthetic": false
      },
      "geometry": {
        "type": "Point",
        "coordinates": [
          30.216390260011575,
          59.96615354159395
        ]
      }
    },
    {
      "type": "Feature",
      "properties": {
        "monotonic_time": 66563.1682062149,
        "horizontal_accuracy": 48.092012090550625,
        "speed": 26.41728557783782,
        "course": 174.94459533691406,
        "synthetic": false
      },
      "geometry": {
        "type": "Point",
        "coordinates": [
          30.216413780423128,
          59.96591706368754
        ]
      }
    },
    {
      "type": "Feature",
      "properties": {
        "monotonic_time": 66577.03215777874,
        "horizontal_accuracy": 57.61252539636197,
        "speed": 25.90060806274414,
        "course": 192.54812530326998,
        "synthetic": false
      },
      "geometry": {
        "type": "Point",
        "coordinates": [
          30.21663908279245,
          59.96267909974619
        ]
      }
    },
    {
      "type": "Feature",
      "properties": {
        "monotonic_time": 66578.03214073181,
        "horizontal_accuracy": 29.404656398020457,
        "speed": 25.96141049068336,
        "course": 193.85989595747975,
        "synthetic": false
      },
      "geometry": {
        "type": "Point",
        "coordinates": [
          30.216522977715986,
          59.9624178913901
        ]
      }
    },
    {
      "type": "Feature",
      "properties": {
        "monotonic_time": 66579.03212451935,
        "horizontal_accuracy": 27.656204526878394,
        "speed": 25.660323529172153,
        "course": 196.45573849495773,
        "synthetic": false
      },
      "geometry": {
        "type": "Point",
        "coordinates": [
          30.216358772858207,
          59.96221633869626
        ]
      }
    },
    {
      "type": "Feature",
      "properties": {
        "monotonic_time": 66580.03210735321,
        "horizontal_accuracy": 26.628849394991466,
        "speed": 25.67814657134417,
        "course": 199.94807598719197,
        "synthetic": false
      },
      "geometry": {
        "type": "Point",
        "coordinates": [
          30.21619330928512,
          59.961995993845626
        ]
      }
    },
    {
      "type": "Feature",
      "properties": {
        "monotonic_time": 66581.03209066391,
        "horizontal_accuracy": 25.539239060515996,
        "speed": 25.767446608415167,
        "course": 203.4225972554011,
        "synthetic": false
      },
      "geometry": {
        "type": "Point",
        "coordinates": [
          30.21601458413636,
          59.96178353077462
        ]
      }
    },
    {
      "type": "Feature",
      "properties": {
        "monotonic_time": 66582.03207409382,
        "horizontal_accuracy": 24.524874119637534,
        "speed": 25.65913574987475,
        "course": 205.58359064758648,
        "synthetic": false
      },
      "geometry": {
        "type": "Point",
        "coordinates": [
          30.215777740801155,
          59.961566257491405
        ]
      }
    },
    {
      "type": "Feature",
      "properties": {
        "monotonic_time": 66583.03205811977,
        "horizontal_accuracy": 22.964809667260432,
        "speed": 25.58551741298499,
        "course": 209.18645560037936,
        "synthetic": false
      },
      "geometry": {
        "type": "Point",
        "coordinates": [
          30.215564905235237,
          59.96136175050453
        ]
      }
    },
    {
      "type": "Feature",
      "properties": {
        "monotonic_time": 66584.03204107285,
        "horizontal_accuracy": 21.048211589258425,
        "speed": 24.986179976967122,
        "course": 211.73773460920123,
        "synthetic": false
      },
      "geometry": {
        "type": "Point",
        "coordinates": [
          30.215356071050227,
          59.96118169601732
        ]
      }
    },
    {
      "type": "Feature",
      "properties": {
        "monotonic_time": 66585.03202450275,
        "horizontal_accuracy": 19.61543479581412,
        "speed": 24.761266144203088,
        "course": 215.2099540520378,
        "synthetic": false
      },
      "geometry": {
        "type": "Point",
        "coordinates": [
          30.215082053652367,
          59.96100647338519
        ]
      }
    },
    {
      "type": "Feature",
      "properties": {
        "monotonic_time": 66586.03200757504,
        "horizontal_accuracy": 17.70877586294813,
        "speed": 25.25589248605011,
        "course": 218.84752396985536,
        "synthetic": false
      },
      "geometry": {
        "type": "Point",
        "coordinates": [
          30.214762633664673,
          59.96082399626627
        ]
      }
    },
    {
      "type": "Feature",
      "properties": {
        "monotonic_time": 66587.03199124336,
        "horizontal_accuracy": 16.058342203235515,
        "speed": 25.525826592320126,
        "course": 220.4747314453125,
        "synthetic": false
      },
      "geometry": {
        "type": "Point",
        "coordinates": [
          30.214435233609954,
          59.96064188906428
        ]
      }
    },
    {
      "type": "Feature",
      "properties": {
        "monotonic_time": 66588.03197419643,
        "horizontal_accuracy": 14.607353466500424,
        "speed": 25.718077428803497,
        "course": 220.78521728515625,
        "synthetic": false
      },
      "geometry": {
        "type": "Point",
        "coordinates": [
          30.214113536447417,
          59.96046133027721
        ]
      }
    },
    {
      "type": "Feature",
      "properties": {
        "monotonic_time": 66589.03195774555,
        "horizontal_accuracy": 13.428445294852837,
        "speed": 25.853749843619827,
        "course": 222.508544921875,
        "synthetic": false
      },
      "geometry": {
        "type": "Point",
        "coordinates": [
          30.21379103678555,
          59.96028371701451
        ]
      }
    },
    {
      "type": "Feature",
      "properties": {
        "monotonic_time": 66590.03194153309,
        "horizontal_accuracy": 12.67054995181502,
        "speed": 26.01689310899276,
        "course": 222.4398956298828,
        "synthetic": false
      },
      "geometry": {
        "type": "Point",
        "coordinates": [
          30.213472409340014,
          59.96010262738657
        ]
      }
    },
    {
      "type": "Feature",
      "properties": {
        "monotonic_time": 66591.03192424774,
        "horizontal_accuracy": 12.221652254281981,
        "speed": 26.122992088498112,
        "course": 224.4746551513672,
        "synthetic": false
      },
      "geometry": {
        "type": "Point",
        "coordinates": [
          30.213152614116687,
          59.959926557210586
        ]
      }
    },
    {
      "type": "Feature",
      "properties": {
        "monotonic_time": 66592.03190767765,
        "horizontal_accuracy": 11.891899875967047,
        "speed": 26.393368805263243,
        "course": 224.531494140625,
        "synthetic": false
      },
      "geometry": {
        "type": "Point",
        "coordinates": [
          30.212827825401824,
          59.95974364328078
        ]
      }
    },
    {
      "type": "Feature",
      "properties": {
        "monotonic_time": 66593.0318917036,
        "horizontal_accuracy": 11.91141676815939,
        "speed": 26.457678118132744,
        "course": 219.80894470214844,
        "synthetic": false
      },
      "geometry": {
        "type": "Point",
        "coordinates": [
          30.212514112452006,
          59.95956535126164
        ]
      }
    },
    {
      "type": "Feature",
      "properties": {
        "monotonic_time": 66594.03187465668,
        "horizontal_accuracy": 12.051379630692047,
        "speed": 26.86905329132204,
        "course": 219.77078247070312,
        "synthetic": false
      },
      "geometry": {
        "type": "Point",
        "coordinates": [
          30.212189191841677,
          59.9593864855915
        ]
      }
    },
    {
      "type": "Feature",
      "properties": {
        "monotonic_time": 66595.03185772896,
        "horizontal_accuracy": 11.274102570241885,
        "speed": 27.356151496250316,
        "course": 218.79989624023438,
        "synthetic": false
      },
      "geometry": {
        "type": "Point",
        "coordinates": [
          30.21186262553114,
          59.959192228272045
        ]
      }
    },
    {
      "type": "Feature",
      "properties": {
        "monotonic_time": 66596.03184103966,
        "horizontal_accuracy": 10.244797269062182,
        "speed": 27.98766703816444,
        "course": 218.79989624023438,
        "synthetic": false
      },
      "geometry": {
        "type": "Point",
        "coordinates": [
          30.211540680711643,
          59.95899329238419
        ]
      }
    },
    {
      "type": "Feature",
      "properties": {
        "monotonic_time": 66597.03182458878,
        "horizontal_accuracy": 9.356783128867024,
        "speed": 28.207157321017135,
        "course": 211.74758911132812,
        "synthetic": false
      },
      "geometry": {
        "type": "Point",
        "coordinates": [
          30.211246487167458,
          59.95879161804248
        ]
      }
    },
    {
      "type": "Feature",
      "properties": {
        "monotonic_time": 66598.03180849552,
        "horizontal_accuracy": 8.440695721739061,
        "speed": 28.30087302036675,
        "course": 211.74758911132812,
        "synthetic": false
      },
      "geometry": {
        "type": "Point",
        "coordinates": [
          30.210966446012772,
          59.95858364557813
        ]
      }
    },
    {
      "type": "Feature",
      "properties": {
        "monotonic_time": 66599.03179121017,
        "horizontal_accuracy": 7.905185150761597,
        "speed": 28.206071491196006,
        "course": 211.5689697265625,
        "synthetic": false
      },
      "geometry": {
        "type": "Point",
        "coordinates": [
          30.210709339055185,
          59.95836866729656
        ]
      }
    },
    {
      "type": "Feature",
      "properties": {
        "monotonic_time": 66600.03177535534,
        "horizontal_accuracy": 7.6469872850612335,
        "speed": 27.89593712803935,
        "course": 210.43157958984375,
        "synthetic": false
      },
      "geometry": {
        "type": "Point",
        "coordinates": [
          30.210470110815784,
          59.958148873152616
        ]
      }
    },
    {
      "type": "Feature",
      "properties": {
        "monotonic_time": 66601.03175771236,
        "horizontal_accuracy": 7.242295390925191,
        "speed": 27.509393452580166,
        "course": 198.55621337890625,
        "synthetic": false
      },
      "geometry": {
        "type": "Point",
        "coordinates": [
          30.210251392775003,
          59.95792581394099
        ]
      }
    },
    {
      "type": "Feature",
      "properties": {
        "monotonic_time": 66602.03174197674,
        "horizontal_accuracy": 6.972894699532395,
        "speed": 27.278741966884116,
        "course": 198.55621337890625,
        "synthetic": false
      },
      "geometry": {
        "type": "Point",
        "coordinates": [
          30.21005626863924,
          59.95770010218093
        ]
      }
    },
    {
      "type": "Feature",
      "properties": {
        "monotonic_time": 66603.03172457218,
        "horizontal_accuracy": 7.5673995338416224,
        "speed": 27.039177138539007,
        "course": 198.55621337890625,
        "synthetic": false
      },
      "geometry": {
        "type": "Point",
        "coordinates": [
          30.209884656944432,
          59.95747238316842
        ]
      }
    },
    {
      "type": "Feature",
      "properties": {
        "monotonic_time": 66604.03170847893,
        "horizontal_accuracy": 7.289300916387177,
        "speed": 27.132119769349245,
        "course": 198.55621337890625,
        "synthetic": false
      },
      "geometry": {
        "type": "Point",
        "coordinates": [
          30.209723161248178,
          59.957241743178066
        ]
      }
    },
    {
      "type": "Feature",
      "properties": {
        "monotonic_time": 66605.031691432,
        "horizontal_accuracy": 7.476449545286864,
        "speed": 27.31801508657225,
        "course": 198.55621337890625,
        "synthetic": false
      },
      "geometry": {
        "type": "Point",
        "coordinates": [
          30.209587590057463,
          59.957008700005126
        ]
      }
    },
    {
      "type": "Feature",
      "properties": {
        "monotonic_time": 66606.03167510033,
        "horizontal_accuracy": 7.684490297895058,
        "speed": 27.54268542608608,
        "course": 198.55621337890625,
        "synthetic": false
      },
      "geometry": {
        "type": "Point",
        "coordinates": [
          30.209439126689507,
          59.956771256712535
        ]
      }
    },
    {
      "type": "Feature",
      "properties": {
        "monotonic_time": 66607.03165888786,
        "horizontal_accuracy": 13.000100915889519,
        "speed": 27.96820703087528,
        "course": 198.55621337890625,
        "synthetic": false
      },
      "geometry": {
        "type": "Point",
        "coordinates": [
          30.209285595021115,
          59.95653279470716
        ]
      }
    },
    {
      "type": "Feature",
      "properties": {
        "monotonic_time": 66608.03164160252,
        "horizontal_accuracy": 7.729909821591395,
        "speed": 28.187436024840274,
        "course": 198.55621337890625,
        "synthetic": false
      },
      "geometry": {
        "type": "Point",
        "coordinates": [
          30.209131758010653,
          59.956289522535386
        ]
      }
    },
    {
      "type": "Feature",
      "properties": {
        "monotonic_time": 66609.03162539005,
        "horizontal_accuracy": 7.480442617948511,
        "speed": 28.333728396920986,
        "course": 198.55621337890625,
        "synthetic": false
      },
      "geometry": {
        "type": "Point",
        "coordinates": [
          30.208975888549606,
          59.95604714817544
        ]
      }
    },
    {
      "type": "Feature",
      "properties": {
        "monotonic_time": 66610.03160846233,
        "horizontal_accuracy": 7.159973430742093,
        "speed": 28.56483101867227,
        "course": 198.55621337890625,
        "synthetic": false
      },
      "geometry": {
        "type": "Point",
        "coordinates": [
          30.20882002500726,
          59.95579686803495
        ]
      }
    },
    {
      "type": "Feature",
      "properties": {
        "monotonic_time": 66611.03159224987,
        "horizontal_accuracy": 6.760939155230352,
        "speed": 28.701948181506694,
        "course": 196.54054260253906,
        "synthetic": false
      },
      "geometry": {
        "type": "Point",
        "coordinates": [
          30.208672431834845,
          59.955547614421995
        ]
      }
    },
    {
      "type": "Feature",
      "properties": {
        "monotonic_time": 66612.03157544136,
        "horizontal_accuracy": 6.381834052290633,
        "speed": 28.605706933899747,
        "course": 196.54054260253906,
        "synthetic": false
      },
      "geometry": {
        "type": "Point",
        "coordinates": [
          30.208522930582106,
          59.955298636907955
        ]
      }
    },
    {
      "type": "Feature",
      "properties": {
        "monotonic_time": 66613.03155839443,
        "horizontal_accuracy": 6.032144301227479,
        "speed": 28.44494886119008,
        "course": 196.54054260253906,
        "synthetic": false
      },
      "geometry": {
        "type": "Point",
        "coordinates": [
          30.20837277919577,
          59.95504962091925
        ]
      }
    },
    {
      "type": "Feature",
      "properties": {
        "monotonic_time": 66614.03154146671,
        "horizontal_accuracy": 5.658450971132144,
        "speed": 28.278729132922553,
        "course": 196.5632781982422,
        "synthetic": false
      },
      "geometry": {
        "type": "Point",
        "coordinates": [
          30.20822354209829,
          59.95480503702849
        ]
      }
    },
    {
      "type": "Feature",
      "properties": {
        "monotonic_time": 66615.03022253513,
        "horizontal_accuracy": 5.418907163773981,
        "speed": 28.280148243580815,
        "course": 196.5632781982422,
        "synthetic": false
      },
      "geometry": {
        "type": "Point",
        "coordinates": [
          30.208073774163516,
          59.95456171397502
        ]
      }
    },
    {
      "type": "Feature",
      "properties": {
        "monotonic_time": 66616.03007674217,
        "horizontal_accuracy": 5.169520135667339,
        "speed": 28.299874277942088,
        "course": 196.5632781982422,
        "synthetic": false
      },
      "geometry": {
        "type": "Point",
        "coordinates": [
          30.207924331913777,
          59.95431958802818
        ]
      }
    },
    {
      "type": "Feature",
      "properties": {
        "monotonic_time": 66617.03006052971,
        "horizontal_accuracy": 5.003908547777164,
        "speed": 28.382212484760977,
        "course": 196.5530242919922,
        "synthetic": false
      },
      "geometry": {
        "type": "Point",
        "coordinates": [
          30.20777688333137,
          59.95407503318707
        ]
      }
    },
    {
      "type": "Feature",
      "properties": {
        "monotonic_time": 66618.03000795841,
        "horizontal_accuracy": 4.932504522853349,
        "speed": 28.367948156860024,
        "course": 196.5530242919922,
        "synthetic": false
      },
      "geometry": {
        "type": "Point",
        "coordinates": [
          30.20763131300165,
          59.95383376607153
        ]
      }
    },
    {
      "type": "Feature",
      "properties": {
        "monotonic_time": 66619.03012418747,
        "horizontal_accuracy": 4.9843791160937965,
        "speed": 28.4551806918032,
        "course": 196.5530242919922,
        "synthetic": false
      },
      "geometry": {
        "type": "Point",
        "coordinates": [
          30.207476957277315,
          59.95358880472872
        ]
      }
    },
    {
      "type": "Feature",
      "properties": {
        "monotonic_time": 66620.03010809422,
        "horizontal_accuracy": 4.984142216233043,
        "speed": 28.429093654453556,
        "course": 196.5530242919922,
        "synthetic": false
      },
      "geometry": {
        "type": "Point",
        "coordinates": [
          30.20732859669483,
          59.95334586889149
        ]
      }
    },
    {
      "type": "Feature",
      "properties": {
        "monotonic_time": 66621.02998542786,
        "horizontal_accuracy": 4.932708169508357,
        "speed": 28.51454844760661,
        "course": 196.5530242919922,
        "synthetic": false
      },
      "geometry": {
        "type": "Point",
        "coordinates": [
          30.207181410354753,
          59.95310074647941
        ]
      }
    },
    {
      "type": "Feature",
      "properties": {
        "monotonic_time": 66622.02999866009,
        "horizontal_accuracy": 4.843169375212296,
        "speed": 28.53576743057905,
        "course": 196.5530242919922,
        "synthetic": false
      },
      "geometry": {
        "type": "Point",
        "coordinates": [
          30.207037997047614,
          59.952855852724895
        ]
      }
    },
    {
      "type": "Feature",
      "properties": {
        "monotonic_time": 66623.02998280525,
        "horizontal_accuracy": 4.714460131131629,
        "speed": 28.612740025743932,
        "course": 196.5530242919922,
        "synthetic": false
      },
      "geometry": {
        "type": "Point",
        "coordinates": [
          30.206891416060927,
          59.952611358489676
        ]
      }
    },
    {
      "type": "Feature",
      "properties": {
        "monotonic_time": 66624.0297743082,
        "horizontal_accuracy": 4.713111820215248,
        "speed": 28.721978001545576,
        "course": 196.5530242919922,
        "synthetic": false
      },
      "geometry": {
        "type": "Point",
        "coordinates": [
          30.206739420641135,
          59.95236587979802
        ]
      }
    },
    {
      "type": "Feature",
      "properties": {
        "monotonic_time": 66625.02986645699,
        "horizontal_accuracy": 5.369385874016223,
        "speed": 28.865643462619705,
        "course": 196.5530242919922,
        "synthetic": false
      },
      "geometry": {
        "type": "Point",
        "coordinates": [
          30.2065883368665,
          59.952118937272914
        ]
      }
    },
    {
      "type": "Feature",
      "properties": {
        "monotonic_time": 66626.02984952927,
        "horizontal_accuracy": 5.150407414109753,
        "speed": 29.260539035314896,
        "course": 196.86269014561134,
        "synthetic": false
      },
      "geometry": {
        "type": "Point",
        "coordinates": [
          30.206435707369952,
          59.95186662690668
        ]
      }
    },
    {
      "type": "Feature",
      "properties": {
        "monotonic_time": 66627.02968299389,
        "horizontal_accuracy": 5.424973953133246,
        "speed": 29.55820351034524,
        "course": 196.95413010595814,
        "synthetic": false
      },
      "geometry": {
        "type": "Point",
        "coordinates": [
          30.206281984999446,
          59.95161418117584
        ]
      }
    },
    {
      "type": "Feature",
      "properties": {
        "monotonic_time": 66628.03027331829,
        "horizontal_accuracy": 5.816365509367002,
        "speed": 29.573868769660606,
        "course": 197.10875640986552,
        "synthetic": false
      },
      "geometry": {
        "type": "Point",
        "coordinates": [
          30.20612530489817,
          59.951359847561605
        ]
      }
    },
    {
      "type": "Feature",
      "properties": {
        "monotonic_time": 66629.03025734425,
        "horizontal_accuracy": 6.353349918400879,
        "speed": 29.105504248294626,
        "course": 197.14145578755395,
        "synthetic": false
      },
      "geometry": {
        "type": "Point",
        "coordinates": [
          30.20597159488822,
          59.95111026004133
        ]
      }
    },
    {
      "type": "Feature",
      "properties": {
        "monotonic_time": 66630.03024029732,
        "horizontal_accuracy": 7.093862227838213,
        "speed": 28.776413610092995,
        "course": 196.80657331807382,
        "synthetic": false
      },
      "geometry": {
        "type": "Point",
        "coordinates": [
          30.20582113964855,
          59.95086335124261
        ]
      }
    },
    {
      "type": "Feature",
      "properties": {
        "monotonic_time": 66631.03022408485,
        "horizontal_accuracy": 7.684993734035494,
        "speed": 28.477180551853284,
        "course": 196.58020971923844,
        "synthetic": false
      },
      "geometry": {
        "type": "Point",
        "coordinates": [
          30.205671708413263,
          59.950617132788736
        ]
      }
    },
    {
      "type": "Feature",
      "properties": {
        "monotonic_time": 66632.03020691872,
        "horizontal_accuracy": 8.411876314833709,
        "speed": 28.084911783598894,
        "course": 196.55405913418417,
        "synthetic": false
      },
      "geometry": {
        "type": "Point",
        "coordinates": [
          30.205520289439285,
          59.95037564249715
        ]
      }
    },
    {
      "type": "Feature",
      "properties": {
        "monotonic_time": 66633.03019070625,
        "horizontal_accuracy": 9.047129213245215,
        "speed": 28.01478129981409,
        "course": 196.73581729168413,
        "synthetic": false
      },
      "geometry": {
        "type": "Point",
        "coordinates": [
          30.20536844865327,
          59.9501339792461
        ]
      }
    },
    {
      "type": "Feature",
      "properties": {
        "monotonic_time": 66634.0301733017,
        "horizontal_accuracy": 9.318146305948014,
        "speed": 28.08016647489177,
        "course": 196.959913108685,
        "synthetic": false
      },
      "geometry": {
        "type": "Point",
        "coordinates": [
          30.205212556218196,
          59.949886469776445
        ]
      }
    },
    {
      "type": "Feature",
      "properties": {
        "monotonic_time": 66635.03015744686,
        "horizontal_accuracy": 6.339175967373918,
        "speed": 28.619282585733735,
        "course": 197.37949017269634,
        "synthetic": false
      },
      "geometry": {
        "type": "Point",
        "coordinates": [
          30.20504661914233,
          59.94960947524234
        ]
      }
    },
    {
      "type": "Feature",
      "properties": {
        "monotonic_time": 66636.0301400423,
        "horizontal_accuracy": 5.367936424954379,
        "speed": 28.709750057395077,
        "course": 197.2911611482246,
        "synthetic": false
      },
      "geometry": {
        "type": "Point",
        "coordinates": [
          30.204919834694696,
          59.94936301269751
        ]
      }
    },
    {
      "type": "Feature",
      "properties": {
        "monotonic_time": 66637.0301232338,
        "horizontal_accuracy": 4.921194963957366,
        "speed": 28.827560565443655,
        "course": 197.12127220011232,
        "synthetic": false
      },
      "geometry": {
        "type": "Point",
        "coordinates": [
          30.204778976108955,
          59.94912077968361
        ]
      }
    },
    {
      "type": "Feature",
      "properties": {
        "monotonic_time": 66638.03010690212,
        "horizontal_accuracy": 4.692307741519297,
        "speed": 29.033938614826077,
        "course": 196.72279856456217,
        "synthetic": false
      },
      "geometry": {
        "type": "Point",
        "coordinates": [
          30.204630505234736,
          59.9488721958866
        ]
      }
    },
    {
      "type": "Feature",
      "properties": {
        "monotonic_time": 66639.03009021282,
        "horizontal_accuracy": 4.5339353354895024,
        "speed": 29.28944231107397,
        "course": 196.50243326035474,
        "synthetic": false
      },
      "geometry": {
        "type": "Point",
        "coordinates": [
          30.20448565243837,
          59.94862192565247
        ]
      }
    },
    {
      "type": "Feature",
      "properties": {
        "monotonic_time": 66640.03007352352,
        "horizontal_accuracy": 4.379855678336116,
        "speed": 29.501252639233634,
        "course": 196.34795539458068,
        "synthetic": false
      },
      "geometry": {
        "type": "Point",
        "coordinates": [
          30.204336869981454,
          59.94837052460864
        ]
      }
    },
    {
      "type": "Feature",
      "properties": {
        "monotonic_time": 66641.03005754948,
        "horizontal_accuracy": 4.247909110966451,
        "speed": 29.703937668847228,
        "course": 195.4306379180283,
        "synthetic": false
      },
      "geometry": {
        "type": "Point",
        "coordinates": [
          30.204198776151376,
          59.948118494600195
        ]
      }
    },
    {
      "type": "Feature",
      "properties": {
        "monotonic_time": 66642.03004026413,
        "horizontal_accuracy": 4.1362573015824555,
        "speed": 30.07674306981676,
        "course": 194.3431187686038,
        "synthetic": false
      },
      "geometry": {
        "type": "Point",
        "coordinates": [
          30.20406476127295,
          59.94785812080571
        ]
      }
    },
    {
      "type": "Feature",
      "properties": {
        "monotonic_time": 66643.03002405167,
        "horizontal_accuracy": 4.027799062421463,
        "speed": 30.42454460987973,
        "course": 192.7681925696204,
        "synthetic": false
      },
      "geometry": {
        "type": "Point",
        "coordinates": [
          30.2039445377643,
          59.94759363942467
        ]
      }
    },
    {
      "type": "Feature",
      "properties": {
        "monotonic_time": 66644.03000748158,
        "horizontal_accuracy": 3.94886717381268,
        "speed": 30.815236306029497,
        "course": 190.98193253885452,
        "synthetic": false
      },
      "geometry": {
        "type": "Point",
        "coordinates": [
          30.20383808083249,
          59.94732310984662
        ]
      }
    },
    {
      "type": "Feature",
      "properties": {
        "monotonic_time": 66645.02999019623,
        "horizontal_accuracy": 3.8794626496394913,
        "speed": 31.14714114354232,
        "course": 188.74541264590061,
        "synthetic": false
      },
      "geometry": {
        "type": "Point",
        "coordinates": [
          30.20375250681044,
          59.94704744256131
        ]
      }
    },
    {
      "type": "Feature",
      "properties": {
        "monotonic_time": 66646.02997410297,
        "horizontal_accuracy": 3.916151933968824,
        "speed": 31.4278109346751,
        "course": 186.68234756258045,
        "synthetic": false
      },
      "geometry": {
        "type": "Point",
        "coordinates": [
          30.203681340123172,
          59.946768506959316
        ]
      }
    },
    {
      "type": "Feature",
      "properties": {
        "monotonic_time": 66647.02995765209,
        "horizontal_accuracy": 4.000655530032514,
        "speed": 31.414870678262883,
        "course": 184.7025571973539,
        "synthetic": false
      },
      "geometry": {
        "type": "Point",
        "coordinates": [
          30.203629174289883,
          59.946489319001415
        ]
      }
    },
    {
      "type": "Feature",
      "properties": {
        "monotonic_time": 66648.02994072437,
        "horizontal_accuracy": 4.123242188889901,
        "speed": 31.357300075043273,
        "course": 181.97274642294866,
        "synthetic": false
      },
      "geometry": {
        "type": "Point",
        "coordinates": [
          30.203596763709445,
          59.94620822212744
        ]
      }
    },
    {
      "type": "Feature",
      "properties": {
        "monotonic_time": 66649.02992391586,
        "horizontal_accuracy": 4.099177234140984,
        "speed": 31.528065140043815,
        "course": 180.81870710432858,
        "synthetic": false
      },
      "geometry": {
        "type": "Point",
        "coordinates": [
          30.20358047956102,
          59.94592125918385
        ]
      }
    },
    {
      "type": "Feature",
      "properties": {
        "monotonic_time": 66650.02990758419,
        "horizontal_accuracy": 3.9648240094577036,
        "speed": 31.61337552598016,
        "course": 180.13620260458237,
        "synthetic": false
      },
      "geometry": {
        "type": "Point",
        "coordinates": [
          30.203567133438963,
          59.94563690571434
        ]
      }
    },
    {
      "type": "Feature",
      "properties": {
        "monotonic_time": 66651.02989053726,
        "horizontal_accuracy": 3.8694474402472845,
        "speed": 31.56787133475907,
        "course": 177.9764975871671,
        "synthetic": false
      },
      "geometry": {
        "type": "Point",
        "coordinates": [
          30.20357954273012,
          59.94535468245939
        ]
      }
    },
    {
      "type": "Feature",
      "properties": {
        "monotonic_time": 66652.0298743248,
        "horizontal_accuracy": 3.836031293213762,
        "speed": 31.584905136757236,
        "course": 175.72864688829063,
        "synthetic": false
      },
      "geometry": {
        "type": "Point",
        "coordinates": [
          30.20361149065304,
          59.94507337945986
        ]
      }
    },
    {
      "type": "Feature",
      "properties": {
        "monotonic_time": 66653.02985703945,
        "horizontal_accuracy": 3.984664924358858,
        "speed": 31.59848999519251,
        "course": 173.4980467058789,
        "synthetic": false
      },
      "geometry": {
        "type": "Point",
        "coordinates": [
          30.203663899888173,
          59.94479205564747
        ]
      }
    },
    {
      "type": "Feature",
      "properties": {
        "monotonic_time": 66654.02984070778,
        "horizontal_accuracy": 3.7827542964787786,
        "speed": 31.60074840903334,
        "course": 171.3080668341879,
        "synthetic": false
      },
      "geometry": {
        "type": "Point",
        "coordinates": [
          30.203735064982972,
          59.94451193744129
        ]
      }
    },
    {
      "type": "Feature",
      "properties": {
        "monotonic_time": 66655.02982366085,
        "horizontal_accuracy": 3.7698087965914495,
        "speed": 31.64566767870008,
        "course": 169.99253042200493,
        "synthetic": false
      },
      "geometry": {
        "type": "Point",
        "coordinates": [
          30.20382116546285,
          59.944230989686936
        ]
      }
    },
    {
      "type": "Feature",
      "properties": {
        "monotonic_time": 66656.02980780602,
        "horizontal_accuracy": 3.757563838342798,
        "speed": 31.752838606492123,
        "course": 167.8572621269008,
        "synthetic": false
      },
      "geometry": {
        "type": "Point",
        "coordinates": [
          30.203921384821932,
          59.94394901731521
        ]
      }
    },
    {
      "type": "Feature",
      "properties": {
        "monotonic_time": 66657.02979111671,
        "horizontal_accuracy": 3.743953282920507,
        "speed": 31.730638238032796,
        "course": 165.4725045978869,
        "synthetic": false
      },
      "geometry": {
        "type": "Point",
        "coordinates": [
          30.204041783558534,
          59.943672263929315
        ]
      }
    },
    {
      "type": "Feature",
      "properties": {
        "monotonic_time": 66658.029774189,
        "horizontal_accuracy": 3.7481279557193283,
        "speed": 31.9463638572841,
        "course": 163.39300461473857,
        "synthetic": false
      },
      "geometry": {
        "type": "Point",
        "coordinates": [
          30.204184468064398,
          59.94338928926481
        ]
      }
    },
    {
      "type": "Feature",
      "properties": {
        "monotonic_time": 66659.0297576189,
        "horizontal_accuracy": 3.769530293347758,
        "speed": 31.98741203546416,
        "course": 161.44233388654018,
        "synthetic": false
      },
      "geometry": {
        "type": "Point",
        "coordinates": [
          30.20433821770215,
          59.943112937210294
        ]
      }
    },
    {
      "type": "Feature",
      "properties": {
        "monotonic_time": 66660.02974069118,
        "horizontal_accuracy": 3.8132008737924235,
        "speed": 32.04379034790985,
        "course": 160.21618775572415,
        "synthetic": false
      },
      "geometry": {
        "type": "Point",
        "coordinates": [
          30.20451510539523,
          59.94283921454786
        ]
      }
    },
    {
      "type": "Feature",
      "properties": {
        "monotonic_time": 66661.0297241211,
        "horizontal_accuracy": 3.8663591725880115,
        "speed": 32.09788306992317,
        "course": 157.87729131511207,
        "synthetic": false
      },
      "geometry": {
        "type": "Point",
        "coordinates": [
          30.204710774430488,
          59.94256818969058
        ]
      }
    },
    {
      "type": "Feature",
      "properties": {
        "monotonic_time": 66662.0297074318,
        "horizontal_accuracy": 3.882634613375524,
        "speed": 32.110727329901486,
        "course": 156.29391239974797,
        "synthetic": false
      },
      "geometry": {
        "type": "Point",
        "coordinates": [
          30.20492034053712,
          59.9423014522139
        ]
      }
    },
    {
      "type": "Feature",
      "properties": {
        "monotonic_time": 66663.0296908617,
        "horizontal_accuracy": 3.8901152984566947,
        "speed": 32.2663909272049,
        "course": 154.7141579387091,
        "synthetic": false
      },
      "geometry": {
        "type": "Point",
        "coordinates": [
          30.20515174087123,
          59.94203397705677
        ]
      }
    },
    {
      "type": "Feature",
      "properties": {
        "monotonic_time": 66664.0296741724,
        "horizontal_accuracy": 3.8478100297530418,
        "speed": 32.39678901312528,
        "course": 154.29701840488787,
        "synthetic": false
      },
      "geometry": {
        "type": "Point",
        "coordinates": [
          30.205386821966005,
          59.9417685115941
        ]
      }
    },
    {
      "type": "Feature",
      "properties": {
        "monotonic_time": 66665.02965795994,
        "horizontal_accuracy": 3.828227974086762,
        "speed": 32.56931087798149,
        "course": 153.8320707851057,
        "synthetic": false
      },
      "geometry": {
        "type": "Point",
        "coordinates": [
          30.205635472262184,
          59.94150327730476
        ]
      }
    },
    {
      "type": "Feature",
      "properties": {
        "monotonic_time": 66666.0296407938,
        "horizontal_accuracy": 3.8272196357454256,
        "speed": 32.68460013608861,
        "course": 153.70599505292319,
        "synthetic": false
      },
      "geometry": {
        "type": "Point",
        "coordinates": [
          30.20588178113118,
          59.94123913383736
        ]
      }
    },
    {
      "type": "Feature",
      "properties": {
        "monotonic_time": 66667.02962481976,
        "horizontal_accuracy": 3.9115177750614905,
        "speed": 32.81841719471356,
        "course": 153.3241547946097,
        "synthetic": false
      },
      "geometry": {
        "type": "Point",
        "coordinates": [
          30.206130539155087,
          59.94097316261013
        ]
      }
    },
    {
      "type": "Feature",
      "properties": {
        "monotonic_time": 66668.02960836887,
        "horizontal_accuracy": 3.9599823318821876,
        "speed": 32.90862645193142,
        "course": 153.6831583014988,
        "synthetic": false
      },
      "geometry": {
        "type": "Point",
        "coordinates": [
          30.20637124821583,
          59.94070476684897
        ]
      }
    },
    {
      "type": "Feature",
      "properties": {
        "monotonic_time": 66669.0295907259,
        "horizontal_accuracy": 4.042254340209394,
        "speed": 33.13906406657333,
        "course": 153.20506481020658,
        "synthetic": false
      },
      "geometry": {
        "type": "Point",
        "coordinates": [
          30.206623464461142,
          59.940434463478695
        ]
      }
    },
    {
      "type": "Feature",
      "properties": {
        "monotonic_time": 66670.02957439423,
        "horizontal_accuracy": 4.059530828961977,
        "speed": 33.117588691951255,
        "course": 153.7405917516367,
        "synthetic": false
      },
      "geometry": {
        "type": "Point",
        "coordinates": [
          30.20686760773179,
          59.94016902588327
        ]
      }
    },
    {
      "type": "Feature",
      "properties": {
        "monotonic_time": 66671.02955806255,
        "horizontal_accuracy": 4.135964498926153,
        "speed": 33.236882400272904,
        "course": 153.3017928940642,
        "synthetic": false
      },
      "geometry": {
        "type": "Point",
        "coordinates": [
          30.20711780411796,
          59.9399009748502
        ]
      }
    },
    {
      "type": "Feature",
      "properties": {
        "monotonic_time": 66672.02954173088,
        "horizontal_accuracy": 4.215635135144824,
        "speed": 33.209213493301846,
        "course": 153.94125993711668,
        "synthetic": false
      },
      "geometry": {
        "type": "Point",
        "coordinates": [
          30.207353632408434,
          59.93963398805258
        ]
      }
    },
    {
      "type": "Feature",
      "properties": {
        "monotonic_time": 66673.02952420712,
        "horizontal_accuracy": 4.286500404156422,
        "speed": 33.20963208225864,
        "course": 154.14826045930005,
        "synthetic": false
      },
      "geometry": {
        "type": "Point",
        "coordinates": [
          30.20760314167446,
          59.939368046815645
        ]
      }
    },
    {
      "type": "Feature",
      "properties": {
        "monotonic_time": 66674.02950799465,
        "horizontal_accuracy": 4.342247231999974,
        "speed": 33.147946008900895,
        "course": 153.9558628014351,
        "synthetic": false
      },
      "geometry": {
        "type": "Point",
        "coordinates": [
          30.207852921885916,
          59.93909885047683
        ]
      }
    },
    {
      "type": "Feature",
      "properties": {
        "monotonic_time": 66675.02949142456,
        "horizontal_accuracy": 4.42280786799492,
        "speed": 32.81836165093686,
        "course": 154.86916678169283,
        "synthetic": false
      },
      "geometry": {
        "type": "Point",
        "coordinates": [
          30.20809536905174,
          59.93883006008601
        ]
      }
    },
    {
      "type": "Feature",
      "properties": {
        "monotonic_time": 66676.02947485447,
        "horizontal_accuracy": 4.430437397209785,
        "speed": 32.50063855753004,
        "course": 155.16921869261097,
        "synthetic": false
      },
      "geometry": {
        "type": "Point",
        "coordinates": [
          30.208340200485257,
          59.93857056329966
        ]
      }
    },
    {
      "type": "Feature",
      "properties": {
        "monotonic_time": 66677.02945804596,
        "horizontal_accuracy": 4.411661139693995,
        "speed": 32.30100415228075,
        "course": 155.1961731655178,
        "synthetic": false
      },
      "geometry": {
        "type": "Point",
        "coordinates": [
          30.20858116551212,
          59.93830777823835
        ]
      }
    },
    {
      "type": "Feature",
      "properties": {
        "monotonic_time": 66678.02944171429,
        "horizontal_accuracy": 4.403996812758532,
        "speed": 32.06403260851076,
        "course": 155.8082624906363,
        "synthetic": false
      },
      "geometry": {
        "type": "Point",
        "coordinates": [
          30.20882542195874,
          59.93804769474875
        ]
      }
    },
    {
      "type": "Feature",
      "properties": {
        "monotonic_time": 66679.02942442894,
        "horizontal_accuracy": 4.480644212420343,
        "speed": 31.839467304234653,
        "course": 156.02167598949055,
        "synthetic": false
      },
      "geometry": {
        "type": "Point",
        "coordinates": [
          30.209062463648646,
          59.9377865551947
        ]
      }
    },
    {
      "type": "Feature",
      "properties": {
        "monotonic_time": 66680.02940809727,
        "horizontal_accuracy": 4.4931170563595595,
        "speed": 31.25508320933544,
        "course": 157.4044639553197,
        "synthetic": false
      },
      "geometry": {
        "type": "Point",
        "coordinates": [
          30.20928652742418,
          59.937528922044415
        ]
      }
    },
    {
      "type": "Feature",
      "properties": {
        "monotonic_time": 66681.02939164639,
        "horizontal_accuracy": 4.420655467937696,
        "speed": 30.745241635875583,
        "course": 158.6985528724989,
        "synthetic": false
      },
      "geometry": {
        "type": "Point",
        "coordinates": [
          30.209493720420518,
          59.93727444746438
        ]
      }
    },
    {
      "type": "Feature",
      "properties": {
        "monotonic_time": 66682.02937471867,
        "horizontal_accuracy": 4.417713192637747,
        "speed": 30.260905308354246,
        "course": 160.47493890477975,
        "synthetic": false
      },
      "geometry": {
        "type": "Point",
        "coordinates": [
          30.20968114048967,
          59.937019903297305
        ]
      }
    },
    {
      "type": "Feature",
      "properties": {
        "monotonic_time": 66683.02935791016,
        "horizontal_accuracy": 4.482730113483434,
        "speed": 29.868126084327578,
        "course": 162.29459571690992,
        "synthetic": false
      },
      "geometry": {
        "type": "Point",
        "coordinates": [
          30.209857763389635,
          59.936768537132615
        ]
      }
    },
    {
      "type": "Feature",
      "properties": {
        "monotonic_time": 66684.02934122086,
        "horizontal_accuracy": 4.5890346103963795,
        "speed": 29.49616609822385,
        "course": 163.83820181800806,
        "synthetic": false
      },
      "geometry": {
        "type": "Point",
        "coordinates": [
          30.210010517726232,
          59.9365165725969
        ]
      }
    },
    {
      "type": "Feature",
      "properties": {
        "monotonic_time": 66685.02932453156,
        "horizontal_accuracy": 5.146659022188325,
        "speed": 29.07117273348364,
        "course": 164.6371168572503,
        "synthetic": false
      },
      "geometry": {
        "type": "Point",
        "coordinates": [
          30.210157599988893,
          59.93626536827442
        ]
      }
    },
    {
      "type": "Feature",
      "properties": {
        "monotonic_time": 66686.02930808067,
        "horizontal_accuracy": 5.5561958786400085,
        "speed": 28.72315397589884,
        "course": 166.32038249240676,
        "synthetic": false
      },
      "geometry": {
        "type": "Point",
        "coordinates": [
          30.210286656484886,
          59.93601280361055
        ]
      }
    },
    {
      "type": "Feature",
      "properties": {
        "monotonic_time": 66687.02929127216,
        "horizontal_accuracy": 4.913624617808157,
        "speed": 28.300065869121475,
        "course": 167.26304272511018,
        "synthetic": false
      },
      "geometry": {
        "type": "Point",
        "coordinates": [
          30.21041122445917,
          59.9357628309002
        ]
      }
    },
    {
      "type": "Feature",
      "properties": {
        "monotonic_time": 66688.02927494049,
        "horizontal_accuracy": 5.008277458207214,
        "speed": 27.837806187037643,
        "course": 169.55928589267512,
        "synthetic": false
      },
      "geometry": {
        "type": "Point",
        "coordinates": [
          30.2105169832444,
          59.935514536719005
        ]
      }
    },
    {
      "type": "Feature",
      "properties": {
        "monotonic_time": 66689.02925825119,
        "horizontal_accuracy": 4.975772759172715,
        "speed": 27.47014406101626,
        "course": 171.1588801441955,
        "synthetic": false
      },
      "geometry": {
        "type": "Point",
        "coordinates": [
          30.2105983499485,
          59.93526869775545
        ]
      }
    },
    {
      "type": "Feature",
      "properties": {
        "monotonic_time": 66690.02924132347,
        "horizontal_accuracy": 5.104421205085403,
        "speed": 26.96124406915981,
        "course": 172.62398214723737,
        "synthetic": false
      },
      "geometry": {
        "type": "Point",
        "coordinates": [
          30.210664583718692,
          59.9350288634937
        ]
      }
    },
    {
      "type": "Feature",
      "properties": {
        "monotonic_time": 66691.02922523022,
        "horizontal_accuracy": 5.180793705625247,
        "speed": 26.59839572119916,
        "course": 172.30535888671875,
        "synthetic": false
      },
      "geometry": {
        "type": "Point",
        "coordinates": [
          30.21071786049412,
          59.93479223001689
        ]
      }
    },
    {
      "type": "Feature",
      "properties": {
        "monotonic_time": 66692.0292084217,
        "horizontal_accuracy": 5.334012795633901,
        "speed": 26.30185427902028,
        "course": 175.49343872070312,
        "synthetic": false
      },
      "geometry": {
        "type": "Point",
        "coordinates": [
          30.210759478461398,
          59.93455639217123
        ]
      }
    },
    {
      "type": "Feature",
      "properties": {
        "monotonic_time": 66693.02919149399,
        "horizontal_accuracy": 9.743195770676767,
        "speed": 26.062767618956666,
        "course": 177.38571166992188,
        "synthetic": false
      },
      "geometry": {
        "type": "Point",
        "coordinates": [
          30.21080197327228,
          59.93432598586557
        ]
      }
    },
    {
      "type": "Feature",
      "properties": {
        "monotonic_time": 66694.02917528152,
        "horizontal_accuracy": 9.951266332166252,
        "speed": 25.750913182027855,
        "course": 177.38571166992188,
        "synthetic": false
      },
      "geometry": {
        "type": "Point",
        "coordinates": [
          30.21083219816036,
          59.93409663100697
        ]
      }
    },
    {
      "type": "Feature",
      "properties": {
        "monotonic_time": 66695.02915847301,
        "horizontal_accuracy": 12.626403834912857,
        "speed": 25.528643227651738,
        "course": 177.38571166992188,
        "synthetic": false
      },
      "geometry": {
        "type": "Point",
        "coordinates": [
          30.210843056971658,
          59.93386410106313
        ]
      }
    },
    {
      "type": "Feature",
      "properties": {
        "monotonic_time": 66696.02914237976,
        "horizontal_accuracy": 8.347473530457322,
        "speed": 25.433735307572974,
        "course": 176.66452026367188,
        "synthetic": false
      },
      "geometry": {
        "type": "Point",
        "coordinates": [
          30.21086780686209,
          59.93363137092293
        ]
      }
    },
    {
      "type": "Feature",
      "properties": {
        "monotonic_time": 66697.02912521362,
        "horizontal_accuracy": 5.634744823680431,
        "speed": 25.27396983197155,
        "course": 176.66452026367188,
        "synthetic": false
      },
      "geometry": {
        "type": "Point",
        "coordinates": [
          30.210897019543733,
          59.933402876315625
        ]
      }
    },
    {
      "type": "Feature",
      "properties": {
        "monotonic_time": 66698.02910900116,
        "horizontal_accuracy": 6.523596080503677,
        "speed": 24.974046629755723,
        "course": 176.66452026367188,
        "synthetic": false
      },
      "geometry": {
        "type": "Point",
        "coordinates": [
          30.21092483764852,
          59.933179753745875
        ]
      }
    },
    {
      "type": "Feature",
      "properties": {
        "monotonic_time": 66699.02909183502,
        "horizontal_accuracy": 5.493479643957315,
        "speed": 24.6882572662462,
        "course": 176.5918426513672,
        "synthetic": false
      },
      "geometry": {
        "type": "Point",
        "coordinates": [
          30.210950877478524,
          59.93296011138837
        ]
      }
    },
    {
      "type": "Feature",
      "properties": {
        "monotonic_time": 66700.02907586098,
        "horizontal_accuracy": 6.30522040460675,
        "speed": 24.7544552238206,
        "course": 176.5918426513672,
        "synthetic": false
      },
      "geometry": {
        "type": "Point",
        "coordinates": [
          30.2109788628394,
          59.93273971883317
        ]
      }
    },
    {
      "type": "Feature",
      "properties": {
        "monotonic_time": 66701.02905833721,
        "horizontal_accuracy": 6.326733178452171,
        "speed": 24.908618556139814,
        "course": 176.5918426513672,
        "synthetic": false
      },
      "geometry": {
        "type": "Point",
        "coordinates": [
          30.211013973070916,
          59.932516752894685
        ]
      }
    },
    {
      "type": "Feature",
      "properties": {
        "monotonic_time": 66702.02904176712,
        "horizontal_accuracy": 5.906369672016395,
        "speed": 24.881476973443235,
        "course": 176.5918426513672,
        "synthetic": false
      },
      "geometry": {
        "type": "Point",
        "coordinates": [
          30.21103507116732,
          59.93229961555484
        ]
      }
    },
    {
      "type": "Feature",
      "properties": {
        "monotonic_time": 66703.02902519703,
        "horizontal_accuracy": 5.4752464986614395,
        "speed": 24.904450955984522,
        "course": 176.5918426513672,
        "synthetic": false
      },
      "geometry": {
        "type": "Point",
        "coordinates": [
          30.211054212005156,
          59.93207946013699
        ]
      }
    },
    {
      "type": "Feature",
      "properties": {
        "monotonic_time": 66704.02900874615,
        "horizontal_accuracy": 5.509538081424101,
        "speed": 25.15360182589872,
        "course": 176.5918426513672,
        "synthetic": false
      },
      "geometry": {
        "type": "Point",
        "coordinates": [
          30.211091725800706,
          59.93185937802288
        ]
      }
    },
    {
      "type": "Feature",
      "properties": {
        "monotonic_time": 66705.02899241447,
        "horizontal_accuracy": 5.5564032714092395,
        "speed": 25.52495980658685,
        "course": 176.5918426513672,
        "synthetic": false
      },
      "geometry": {
        "type": "Point",
        "coordinates": [
          30.211121392758532,
          59.931637026459285
        ]
      }
    },
    {
      "type": "Feature",
      "properties": {
        "monotonic_time": 66706.02897500992,
        "horizontal_accuracy": 5.589640728738766,
        "speed": 25.528593662872467,
        "course": 176.5918426513672,
        "synthetic": false
      },
      "geometry": {
        "type": "Point",
        "coordinates": [
          30.211148707707814,
          59.93141383521432
        ]
      }
    },
    {
      "type": "Feature",
      "properties": {
        "monotonic_time": 66707.02895879745,
        "horizontal_accuracy": 5.909521939115588,
        "speed": 25.772398688681463,
        "course": 176.5918426513672,
        "synthetic": false
      },
      "geometry": {
        "type": "Point",
        "coordinates": [
          30.211164275751415,
          59.93118687242166
        ]
      }
    },
    {
      "type": "Feature",
      "properties": {
        "monotonic_time": 66708.02894175053,
        "horizontal_accuracy": 5.49643299534007,
        "speed": 26.19831091199902,
        "course": 176.12205505371094,
        "synthetic": false
      },
      "geometry": {
        "type": "Point",
        "coordinates": [
          30.211177153152786,
          59.93096007128285
        ]
      }
    },
    {
      "type": "Feature",
      "properties": {
        "monotonic_time": 66709.0289260149,
        "horizontal_accuracy": 6.208715531008321,
        "speed": 26.46009365221235,
        "course": 176.12205505371094,
        "synthetic": false
      },
      "geometry": {
        "type": "Point",
        "coordinates": [
          30.211186830433697,
          59.93072527117157
        ]
      }
    },
    {
      "type": "Feature",
      "properties": {
        "monotonic_time": 66710.02890956402,
        "horizontal_accuracy": 5.373910453749841,
        "speed": 26.347802917709437,
        "course": 176.79006958007812,
        "synthetic": false
      },
      "geometry": {
        "type": "Point",
        "coordinates": [
          30.211197887160747,
          59.93048809891213
        ]
      }
    },
    {
      "type": "Feature",
      "properties": {
        "monotonic_time": 66711.02889192104,
        "horizontal_accuracy": 5.3000451563317,
        "speed": 26.502693395579353,
        "course": 176.78961181640625,
        "synthetic": false
      },
      "geometry": {
        "type": "Point",
        "coordinates": [
          30.211228529301643,
          59.93024861357399
        ]
      }
    },
    {
      "type": "Feature",
      "properties": {
        "monotonic_time": 66712.02887535095,
        "horizontal_accuracy": 5.243098350748574,
        "speed": 26.545954964155243,
        "course": 176.78961181640625,
        "synthetic": false
      },
      "geometry": {
        "type": "Point",
        "coordinates": [
          30.211260866840007,
          59.9300120734015
        ]
      }
    },
    {
      "type": "Feature",
      "properties": {
        "monotonic_time": 66713.0288592577,
        "horizontal_accuracy": 5.176373325755943,
        "speed": 26.72430199963611,
        "course": 176.78961181640625,
        "synthetic": false
      },
      "geometry": {
        "type": "Point",
        "coordinates": [
          30.211292155336693,
          59.92977454568469
        ]
      }
    },
    {
      "type": "Feature",
      "properties": {
        "monotonic_time": 66714.0288425684,
        "horizontal_accuracy": 5.15486380445515,
        "speed": 26.957259687275226,
        "course": 177.5628204345703,
        "synthetic": false
      },
      "geometry": {
        "type": "Point",
        "coordinates": [
          30.21132024841739,
          59.92953297988655
        ]
      }
    },
    {
      "type": "Feature",
      "properties": {
        "monotonic_time": 66715.02882528305,
        "horizontal_accuracy": 5.454337696823206,
        "speed": 27.13498743874101,
        "course": 177.5628204345703,
        "synthetic": false
      },
      "geometry": {
        "type": "Point",
        "coordinates": [
          30.211347843933925,
          59.92929087823846
        ]
      }
    },
    {
      "type": "Feature",
      "properties": {
        "monotonic_time": 66716.02880895138,
        "horizontal_accuracy": 5.133944737621556,
        "speed": 27.283043019528314,
        "course": 177.5628204345703,
        "synthetic": false
      },
      "geometry": {
        "type": "Point",
        "coordinates": [
          30.21138043298718,
          59.92905020495497
        ]
      }
    },
    {
      "type": "Feature",
      "properties": {
        "monotonic_time": 66717.02879214287,
        "horizontal_accuracy": 5.611799125487754,
        "speed": 27.525369535042568,
        "course": 176.03497314453125,
        "synthetic": false
      },
      "geometry": {
        "type": "Point",
        "coordinates": [
          30.211403490966436,
          59.92880065085936
        ]
      }
    },
    {
      "type": "Feature",
      "properties": {
        "monotonic_time": 66718.0287758112,
        "horizontal_accuracy": 5.346125100986625,
        "speed": 27.867429895798473,
        "course": 176.03497314453125,
        "synthetic": false
      },
      "geometry": {
        "type": "Point",
        "coordinates": [
          30.211421001216518,
          59.92854296603329
        ]
      }
    },
    {
      "type": "Feature",
      "properties": {
        "monotonic_time": 66719.02875900269,
        "horizontal_accuracy": 5.102401228893586,
        "speed": 28.22465903885492,
        "course": 176.03497314453125,
        "synthetic": false
      },
      "geometry": {
        "type": "Point",
        "coordinates": [
          30.21145451469806,
          59.928284312515636
        ]
      }
    },
    {
      "type": "Feature",
      "properties": {
        "monotonic_time": 66720.02874231339,
        "horizontal_accuracy": 5.129969246962431,
        "speed": 28.494943116059783,
        "course": 177.1211395263672,
        "synthetic": false
      },
      "geometry": {
        "type": "Point",
        "coordinates": [
          30.211480137912886,
          59.92802396813045
        ]
      }
    },
    {
      "type": "Feature",
      "properties": {
        "monotonic_time": 66721.0287258625,
        "horizontal_accuracy": 5.140230098045189,
        "speed": 28.673299522743047,
        "course": 177.1211395263672,
        "synthetic": false
      },
      "geometry": {
        "type": "Point",
        "coordinates": [
          30.211508640416127,
          59.927765531947394
        ]
      }
    },
    {
      "type": "Feature",
      "properties": {
        "monotonic_time": 66722.02870941162,
        "horizontal_accuracy": 5.153989002319998,
        "speed": 28.813911229100025,
        "course": 177.1211395263672,
        "synthetic": false
      },
      "geometry": {
        "type": "Point",
        "coordinates": [
          30.211538272258686,
          59.92750607561538
        ]
      }
    },
    {
      "type": "Feature",
      "properties": {
        "monotonic_time": 66723.02869224548,
        "horizontal_accuracy": 5.167492366353637,
        "speed": 28.419094511403358,
        "course": 176.88621520996094,
        "synthetic": false
      },
      "geometry": {
        "type": "Point",
        "coordinates": [
          30.211572415894704,
          59.92725128819696
        ]
      }
    },
    {
      "type": "Feature",
      "properties": {
        "monotonic_time": 66724.02867627144,
        "horizontal_accuracy": 5.152008541106085,
        "speed": 27.919727500334485,
        "course": 176.88621520996094,
        "synthetic": false
      },
      "geometry": {
        "type": "Point",
        "coordinates": [
          30.21160569213901,
          59.926999933953155
        ]
      }
    },
    {
      "type": "Feature",
      "properties": {
        "monotonic_time": 66725.02865934372,
        "horizontal_accuracy": 5.188704155165773,
        "speed": 27.52928358484217,
        "course": 176.88621520996094,
        "synthetic": false
      },
      "geometry": {
        "type": "Point",
        "coordinates": [
          30.211637788280377,
          59.92675160111527
        ]
      }
    },
    {
      "type": "Feature",
      "properties": {
        "monotonic_time": 66726.02864277363,
        "horizontal_accuracy": 5.275209045460358,
        "speed": 27.057509241526304,
        "course": 177.51510620117188,
        "synthetic": false
      },
      "geometry": {
        "type": "Point",
        "coordinates": [
          30.21166628756259,
          59.926511569406955
        ]
      }
    },
    {
      "type": "Feature",
      "properties": {
        "monotonic_time": 66727.02862608433,
        "horizontal_accuracy": 5.372953818182485,
        "speed": 26.77870790901441,
        "course": 177.5190887451172,
        "synthetic": false
      },
      "geometry": {
        "type": "Point",
        "coordinates": [
          30.211699628958293,
          59.926267722002045
        ]
      }
    },
    {
      "type": "Feature",
      "properties": {
        "monotonic_time": 66728.02860891819,
        "horizontal_accuracy": 5.470561652148867,
        "speed": 26.57501869303618,
        "course": 177.5190887451172,
        "synthetic": false
      },
      "geometry": {
        "type": "Point",
        "coordinates": [
          30.211721437382508,
          59.926026082340194
        ]
      }
    },
    {
      "type": "Feature",
      "properties": {
        "monotonic_time": 66729.02859282494,
        "horizontal_accuracy": 6.541686436165016,
        "speed": 26.391777347656863,
        "course": 180.9365997314453,
        "synthetic": false
      },
      "geometry": {
        "type": "Point",
        "coordinates": [
          30.211734850130853,
          59.92578675654092
        ]
      }
    },
    {
      "type": "Feature",
      "properties": {
        "monotonic_time": 66730.02857589722,
        "horizontal_accuracy": 5.571647699040595,
        "speed": 26.39889492370548,
        "course": 180.9365997314453,
        "synthetic": false
      },
      "geometry": {
        "type": "Point",
        "coordinates": [
          30.211738975517367,
          59.925544314333294
        ]
      }
    },
    {
      "type": "Feature",
      "properties": {
        "monotonic_time": 66731.0285590887,
        "horizontal_accuracy": 5.647103463033635,
        "speed": 26.298497059012988,
        "course": 180.9365997314453,
        "synthetic": false
      },
      "geometry": {
        "type": "Point",
        "coordinates": [
          30.211728832437522,
          59.92530928188676
        ]
      }
    },
    {
      "type": "Feature",
      "properties": {
        "monotonic_time": 66732.02854251862,
        "horizontal_accuracy": 5.7354817229549315,
        "speed": 26.408639469984003,
        "course": 182.29026794433594,
        "synthetic": false
      },
      "geometry": {
        "type": "Point",
        "coordinates": [
          30.211722781147685,
          59.92506636376558
        ]
      }
    },
    {
      "type": "Feature",
      "properties": {
        "monotonic_time": 66733.02852594852,
        "horizontal_accuracy": 5.802516766533901,
        "speed": 26.46219961920331,
        "course": 182.29026794433594,
        "synthetic": false
      },
      "geometry": {
        "type": "Point",
        "coordinates": [
          30.21170662242657,
          59.92482483601857
        ]
      }
    },
    {
      "type": "Feature",
      "properties": {
        "monotonic_time": 66734.02850925922,
        "horizontal_accuracy": 5.884621908634008,
        "speed": 26.46658181680814,
        "course": 182.29026794433594,
        "synthetic": false
      },
      "geometry": {
        "type": "Point",
        "coordinates": [
          30.211688572630695,
          59.92458628576057
        ]
      }
    },
    {
      "type": "Feature",
      "properties": {
        "monotonic_time": 66735.02849268913,
        "horizontal_accuracy": 5.952627276304448,
        "speed": 26.492112254886223,
        "course": 182.29026794433594,
        "synthetic": false
      },
      "geometry": {
        "type": "Point",
        "coordinates": [
          30.21166092230351,
          59.92434770842764
        ]
      }
    },
    {
      "type": "Feature",
      "properties": {
        "monotonic_time": 66736.02847611904,
        "horizontal_accuracy": 6.075858525683563,
        "speed": 26.43136704353413,
        "course": 184.81375122070312,
        "synthetic": false
      },
      "geometry": {
        "type": "Point",
        "coordinates": [
          30.211632492262996,
          59.92411221248735
        ]
      }
    },
    {
      "type": "Feature",
      "properties": {
        "monotonic_time": 66737.02845966816,
        "horizontal_accuracy": 6.2478568330700925,
        "speed": 26.365714994353514,
        "course": 184.81375122070312,
        "synthetic": false
      },
      "geometry": {
        "type": "Point",
        "coordinates": [
          30.211594731409008,
          59.923876419882006
        ]
      }
    },
    {
      "type": "Feature",
      "properties": {
        "monotonic_time": 66738.02844333649,
        "horizontal_accuracy": 6.4754923584630575,
        "speed": 26.329441369815225,
        "course": 184.81375122070312,
        "synthetic": false
      },
      "geometry": {
        "type": "Point",
        "coordinates": [
          30.211555906192096,
          59.923638321150065
        ]
      }
    },
    {
      "type": "Feature",
      "properties": {
        "monotonic_time": 66739.02842652798,
        "horizontal_accuracy": 6.710130233190558,
        "speed": 26.304800164365123,
        "course": 184.81375122070312,
        "synthetic": false
      },
      "geometry": {
        "type": "Point",
        "coordinates": [
          30.211511723585915,
          59.9234004616548
        ]
      }
    },
    {
      "type": "Feature",
      "properties": {
        "monotonic_time": 66740.0284101963,
        "horizontal_accuracy": 6.952800191843016,
        "speed": 26.297965202458126,
        "course": 186.22482299804688,
        "synthetic": false
      },
      "geometry": {
        "type": "Point",
        "coordinates": [
          30.21146608993383,
          59.92316173588529
        ]
      }
    },
    {
      "type": "Feature",
      "properties": {
        "monotonic_time": 66741.02537322044,
        "horizontal_accuracy": 7.231578849627343,
        "speed": 26.291565394174178,
        "course": 186.22482299804688,
        "synthetic": false
      },
      "geometry": {
        "type": "Point",
        "coordinates": [
          30.211420321190975,
          59.92292155078978
        ]
      }
    },
    {
      "type": "Feature",
      "properties": {
        "monotonic_time": 66742.02503657341,
        "horizontal_accuracy": 7.595193464828226,
        "speed": 26.23777390854133,
        "course": 186.22482299804688,
        "synthetic": false
      },
      "geometry": {
        "type": "Point",
        "coordinates": [
          30.21138000961882,
          59.92268392228106
        ]
      }
    },
    {
      "type": "Feature",
      "properties": {
        "monotonic_time": 66743.02502036095,
        "horizontal_accuracy": 7.983685204937479,
        "speed": 26.231071405387286,
        "course": 186.22482299804688,
        "synthetic": false
      },
      "geometry": {
        "type": "Point",
        "coordinates": [
          30.21133982957173,
          59.92244445825476
        ]
      }
    },
    {
      "type": "Feature",
      "properties": {
        "monotonic_time": 66744.02503633499,
        "horizontal_accuracy": 8.378434267748192,
        "speed": 26.230239893001542,
        "course": 186.22482299804688,
        "synthetic": false
      },
      "geometry": {
        "type": "Point",
        "coordinates": [
          30.21129743989015,
          59.922204999056305
        ]
      }
    },
    {
      "type": "Feature",
      "properties": {
        "monotonic_time": 66745.02487146854,
        "horizontal_accuracy": 8.747303711224156,
        "speed": 26.181296509357747,
        "course": 186.22482299804688,
        "synthetic": false
      },
      "geometry": {
        "type": "Point",
        "coordinates": [
          30.211214008838407,
          59.92196701890377
        ]
      }
    },
    {
      "type": "Feature",
      "properties": {
        "monotonic_time": 66746.02485513687,
        "horizontal_accuracy": 8.934917614691287,
        "speed": 26.264487662842846,
        "course": 186.22482299804688,
        "synthetic": false
      },
      "geometry": {
        "type": "Point",
        "coordinates": [
          30.21116007150792,
          59.92171879290252
        ]
      }
    },
    {
      "type": "Feature",
      "properties": {
        "monotonic_time": 66747.02517259121,
        "horizontal_accuracy": 9.532779458051941,
        "speed": 26.158605893405767,
        "course": 186.22482299804688,
        "synthetic": false
      },
      "geometry": {
        "type": "Point",
        "coordinates": [
          30.211111233523663,
          59.921484660517876
        ]
      }
    },
    {
      "type": "Feature",
      "properties": {
        "monotonic_time": 66748.02527308464,
        "horizontal_accuracy": 9.509872047572514,
        "speed": 26.224535114345148,
        "course": 185.0182408809277,
        "synthetic": false
      },
      "geometry": {
        "type": "Point",
        "coordinates": [
          30.21110510466891,
          59.92123933860568
        ]
      }
    },
    {
      "type": "Feature",
      "properties": {
        "monotonic_time": 66749.02525663376,
        "horizontal_accuracy": 9.961839736642066,
        "speed": 26.248427060186657,
        "course": 185.05588307133686,
        "synthetic": false
      },
      "geometry": {
        "type": "Point",
        "coordinates": [
          30.211056835725895,
          59.92099949033387
        ]
      }
    },
    {
      "type": "Feature",
      "properties": {
        "monotonic_time": 66750.0255125761,
        "horizontal_accuracy": 10.556827400512674,
        "speed": 26.252296671589914,
        "course": 184.9263564309598,
        "synthetic": false
      },
      "geometry": {
        "type": "Point",
        "coordinates": [
          30.211020101554855,
          59.92076137852391
        ]
      }
    },
    {
      "type": "Feature",
      "properties": {
        "monotonic_time": 66751.02556347847,
        "horizontal_accuracy": 11.241453306174876,
        "speed": 26.161261073898974,
        "course": 184.81492629351877,
        "synthetic": false
      },
      "geometry": {
        "type": "Point",
        "coordinates": [
          30.21098246156774,
          59.920531067246316
        ]
      }
    },
    {
      "type": "Feature",
      "properties": {
        "monotonic_time": 66752.02554655075,
        "horizontal_accuracy": 11.9897030995437,
        "speed": 26.083800535289054,
        "course": 184.46493079845175,
        "synthetic": false
      },
      "geometry": {
        "type": "Point",
        "coordinates": [
          30.21094850224849,
          59.92030088541315
        ]
      }
    },
    {
      "type": "Feature",
      "properties": {
        "monotonic_time": 66753.02544903755,
        "horizontal_accuracy": 13.38904367045737,
        "speed": 26.040240551851024,
        "course": 184.41866704658756,
        "synthetic": false
      },
      "geometry": {
        "type": "Point",
        "coordinates": [
          30.210903655112332,
          59.92005878825188
        ]
      }
    },
    {
      "type": "Feature",
      "properties": {
        "monotonic_time": 66754.0251070261,
        "horizontal_accuracy": 13.28029449438477,
        "speed": 25.89030326119281,
        "course": 184.39243088071836,
        "synthetic": false
      },
      "geometry": {
        "type": "Point",
        "coordinates": [
          30.210862992773276,
          59.91982032570619
        ]
      }
    },
    {
      "type": "Feature",
      "properties": {
        "monotonic_time": 66755.02508997917,
        "horizontal_accuracy": 13.81381108786113,
        "speed": 26.287051568086753,
        "course": 185.15223835434136,
        "synthetic": false
      },
      "geometry": {
        "type": "Point",
        "coordinates": [
          30.21082481271299,
          59.9195786260293
        ]
      }
    },
    {
      "type": "Feature",
      "properties": {
        "monotonic_time": 66756.02507388592,
        "horizontal_accuracy": 14.19501463888631,
        "speed": 26.66677215016867,
        "course": 185.47367365512093,
        "synthetic": false
      },
      "geometry": {
        "type": "Point",
        "coordinates": [
          30.210774120409596,
          59.919335349628625
        ]
      }
    },
    {
      "type": "Feature",
      "properties": {
        "monotonic_time": 66757.02505719662,
        "horizontal_accuracy": 14.685143947939096,
        "speed": 27.124902345432815,
        "course": 185.17601806846767,
        "synthetic": false
      },
      "geometry": {
        "type": "Point",
        "coordinates": [
          30.21073219099429,
          59.91908513089909
        ]
      }
    },
    {
      "type": "Feature",
      "properties": {
        "monotonic_time": 66758.02504050732,
        "horizontal_accuracy": 15.029296542386541,
        "speed": 27.4739668578818,
        "course": 184.94020145107413,
        "synthetic": false
      },
      "geometry": {
        "type": "Point",
        "coordinates": [
          30.210682638319078,
          59.91883812310118
        ]
      }
    },
    {
      "type": "Feature",
      "properties": {
        "monotonic_time": 66759.02502381802,
        "horizontal_accuracy": 15.235698117058726,
        "speed": 27.980539638951125,
        "course": 184.956170512666,
        "synthetic": false
      },
      "geometry": {
        "type": "Point",
        "coordinates": [
          30.210643477824796,
          59.91857519695361
        ]
      }
    },
    {
      "type": "Feature",
      "properties": {
        "monotonic_time": 66760.02500677109,
        "horizontal_accuracy": 15.514491248378318,
        "speed": 28.580426632102984,
        "course": 184.82622587132352,
        "synthetic": false
      },
      "geometry": {
        "type": "Point",
        "coordinates": [
          30.21060301382901,
          59.91829898861041
        ]
      }
    },
    {
      "type": "Feature",
      "properties": {
        "monotonic_time": 66761.02498996258,
        "horizontal_accuracy": 16.17390738813052,
        "speed": 28.977383927507173,
        "course": 184.80371140238844,
        "synthetic": false
      },
      "geometry": {
        "type": "Point",
        "coordinates": [
          30.210556976858125,
          59.91803568280217
        ]
      }
    },
    {
      "type": "Feature",
      "properties": {
        "monotonic_time": 66762.02497339249,
        "horizontal_accuracy": 16.861032039313262,
        "speed": 29.358194043036047,
        "course": 185.0245153474807,
        "synthetic": false
      },
      "geometry": {
        "type": "Point",
        "coordinates": [
          30.21050641221528,
          59.9177705929056
        ]
      }
    },
    {
      "type": "Feature",
      "properties": {
        "monotonic_time": 66763.02495706081,
        "horizontal_accuracy": 17.704383728281876,
        "speed": 29.89883400306866,
        "course": 185.2429485236359,
        "synthetic": false
      },
      "geometry": {
        "type": "Point",
        "coordinates": [
          30.210454764477255,
          59.91749448454014
        ]
      }
    },
    {
      "type": "Feature",
      "properties": {
        "monotonic_time": 66764.02493977547,
        "horizontal_accuracy": 18.58638874420542,
        "speed": 30.34888646040107,
        "course": 185.51527557998833,
        "synthetic": false
      },
      "geometry": {
        "type": "Point",
        "coordinates": [
          30.21040507691267,
          59.917217323046806
        ]
      }
    },
    {
      "type": "Feature",
      "properties": {
        "monotonic_time": 66765.02492380142,
        "horizontal_accuracy": 19.1436336333081,
        "speed": 30.8678846001034,
        "course": 185.60939441461744,
        "synthetic": false
      },
      "geometry": {
        "type": "Point",
        "coordinates": [
          30.210349189500135,
          59.91692627481849
        ]
      }
    },
    {
      "type": "Feature",
      "properties": {
        "monotonic_time": 66766.0249067545,
        "horizontal_accuracy": 19.21013071921547,
        "speed": 31.055796632016644,
        "course": 185.50735718274277,
        "synthetic": false
      },
      "geometry": {
        "type": "Point",
        "coordinates": [
          30.21028494203614,
          59.916632675045506
        ]
      }
    },
    {
      "type": "Feature",
      "properties": {
        "monotonic_time": 66767.02489042282,
        "horizontal_accuracy": 17.00824276901088,
        "speed": 31.136336497303624,
        "course": 185.6802841160157,
        "synthetic": false
      },
      "geometry": {
        "type": "Point",
        "coordinates": [
          30.21021119625265,
          59.9163472682931
        ]
      }
    },
    {
      "type": "Feature",
      "properties": {
        "monotonic_time": 66768.02487409115,
        "horizontal_accuracy": 13.098359803856873,
        "speed": 29.186538116527416,
        "course": 185.6680389911415,
        "synthetic": false
      },
      "geometry": {
        "type": "Point",
        "coordinates": [
          30.21009406366613,
          59.91603842703473
        ]
      }
    },
    {
      "type": "Feature",
      "properties": {
        "monotonic_time": 66769.02485656738,
        "horizontal_accuracy": 11.319914790243336,
        "speed": 26.554908847542617,
        "course": 184.9107079938076,
        "synthetic": false
      },
      "geometry": {
        "type": "Point",
        "coordinates": [
          30.210032190278856,
          59.91578099759624
        ]
      }
    },
    {
      "type": "Feature",
      "properties": {
        "monotonic_time": 66770.0248401165,
        "horizontal_accuracy": 10.45689552155405,
        "speed": 26.310786328828208,
        "course": 185.26091460720335,
        "synthetic": false
      },
      "geometry": {
        "type": "Point",
        "coordinates": [
          30.209970094838816,
          59.91553485201205
        ]
      }
    },
    {
      "type": "Feature",
      "properties": {
        "monotonic_time": 66771.02482390404,
        "horizontal_accuracy": 9.59986913005167,
        "speed": 26.350707887545827,
        "course": 185.76728498867314,
        "synthetic": false
      },
      "geometry": {
        "type": "Point",
        "coordinates": [
          30.209904998314553,
          59.915291216278234
        ]
      }
    },
    {
      "type": "Feature",
      "properties": {
        "monotonic_time": 66772.0248067379,
        "horizontal_accuracy": 8.515192813744665,
        "speed": 26.458167185829844,
        "course": 186.30197209519025,
        "synthetic": false
      },
      "geometry": {
        "type": "Point",
        "coordinates": [
          30.20983730323987,
          59.915050023310926
        ]
      }
    },
    {
      "type": "Feature",
      "properties": {
        "monotonic_time": 66773.02479040623,
        "horizontal_accuracy": 7.6424988787993975,
        "speed": 26.65500542504903,
        "course": 188.05689395154948,
        "synthetic": false
      },
      "geometry": {
        "type": "Point",
        "coordinates": [
          30.209768889289688,
          59.91480846283569
        ]
      }
    },
    {
      "type": "Feature",
      "properties": {
        "monotonic_time": 66774.02477395535,
        "horizontal_accuracy": 6.880663706609289,
        "speed": 26.924747119353725,
        "course": 189.47412172848632,
        "synthetic": false
      },
      "geometry": {
        "type": "Point",
        "coordinates": [
          30.209681149285505,
          59.91456454760598
        ]
      }
    },
    {
      "type": "Feature",
      "properties": {
        "monotonic_time": 66775.02475726604,
        "horizontal_accuracy": 6.346530889992703,
        "speed": 27.069843978805004,
        "course": 190.96210740400687,
        "synthetic": false
      },
      "geometry": {
        "type": "Point",
        "coordinates": [
          30.209581238518474,
          59.91432293109195
        ]
      }
    },
    {
      "type": "Feature",
      "properties": {
        "monotonic_time": 66776.02474021912,
        "horizontal_accuracy": 5.86409232985492,
        "speed": 27.270035948503892,
        "course": 192.49457428433684,
        "synthetic": false
      },
      "geometry": {
        "type": "Point",
        "coordinates": [
          30.209469904321676,
          59.91407961178482
        ]
      }
    },
    {
      "type": "Feature",
      "properties": {
        "monotonic_time": 66777.02472376823,
        "horizontal_accuracy": 5.580381168241093,
        "speed": 27.468080216055537,
        "course": 193.77420410047156,
        "synthetic": false
      },
      "geometry": {
        "type": "Point",
        "coordinates": [
          30.20934695312321,
          59.91383787575172
        ]
      }
    },
    {
      "type": "Feature",
      "properties": {
        "monotonic_time": 66778.02470695972,
        "horizontal_accuracy": 5.360268206902459,
        "speed": 27.631618714327203,
        "course": 194.91013853754558,
        "synthetic": false
      },
      "geometry": {
        "type": "Point",
        "coordinates": [
          30.20921106548086,
          59.91359768131338
        ]
      }
    },
    {
      "type": "Feature",
      "properties": {
        "monotonic_time": 66779.02469110489,
        "horizontal_accuracy": 5.2335014591530475,
        "speed": 27.79015386439009,
        "course": 196.769349786302,
        "synthetic": false
      },
      "geometry": {
        "type": "Point",
        "coordinates": [
          30.209058589344075,
          59.91335712128304
        ]
      }
    },
    {
      "type": "Feature",
      "properties": {
        "monotonic_time": 66780.02467405796,
        "horizontal_accuracy": 5.0909517864602,
        "speed": 27.921413949473287,
        "course": 198.52468925351303,
        "synthetic": false
      },
      "geometry": {
        "type": "Point",
        "coordinates": [
          30.208892464268207,
          59.91311498386037
        ]
      }
    },
    {
      "type": "Feature",
      "properties": {
        "monotonic_time": 66781.02465724945,
        "horizontal_accuracy": 4.931249350932352,
        "speed": 27.765857384689134,
        "course": 199.40254903836973,
        "synthetic": false
      },
      "geometry": {
        "type": "Point",
        "coordinates": [
          30.208719389626104,
          59.91287773425111
        ]
      }
    },
    {
      "type": "Feature",
      "properties": {
        "monotonic_time": 66782.02464079857,
        "horizontal_accuracy": 4.836886778923147,
        "speed": 27.580236112937875,
        "course": 200.56481630144478,
        "synthetic": false
      },
      "geometry": {
        "type": "Point",
        "coordinates": [
          30.208532057049513,
          59.91264695907728
        ]
      }
    },
    {
      "type": "Feature",
      "properties": {
        "monotonic_time": 66783.0246244669,
        "horizontal_accuracy": 4.726203224969962,
        "speed": 27.50783208485195,
        "course": 200.6982369726144,
        "synthetic": false
      },
      "geometry": {
        "type": "Point",
        "coordinates": [
          30.208351388830764,
          59.91241970927757
        ]
      }
    },
    {
      "type": "Feature",
      "properties": {
        "monotonic_time": 66784.02460694313,
        "horizontal_accuracy": 4.639037793932558,
        "speed": 27.36495113909462,
        "course": 201.7268396420303,
        "synthetic": false
      },
      "geometry": {
        "type": "Point",
        "coordinates": [
          30.208164291809386,
          59.912195365917654
        ]
      }
    },
    {
      "type": "Feature",
      "properties": {
        "monotonic_time": 66785.02457678318,
        "horizontal_accuracy": 4.540641899899256,
        "speed": 27.05213376681152,
        "course": 202.62104400034542,
        "synthetic": false
      },
      "geometry": {
        "type": "Point",
        "coordinates": [
          30.207968039161315,
          59.91197309622873
        ]
      }
    },
    {
      "type": "Feature",
      "properties": {
        "monotonic_time": 66786.02457404137,
        "horizontal_accuracy": 4.6192163739564,
        "speed": 27.040452774482393,
        "course": 202.9095860572471,
        "synthetic": false
      },
      "geometry": {
        "type": "Point",
        "coordinates": [
          30.207775049185305,
          59.91175047182475
        ]
      }
    },
    {
      "type": "Feature",
      "properties": {
        "monotonic_time": 66787.0245577097,
        "horizontal_accuracy": 4.5996239865872885,
        "speed": 27.2514328257286,
        "course": 203.0111139624146,
        "synthetic": false
      },
      "geometry": {
        "type": "Point",
        "coordinates": [
          30.207568645877192,
          59.91152749870926
        ]
      }
    },
    {
      "type": "Feature",
      "properties": {
        "monotonic_time": 66788.02454125881,
        "horizontal_accuracy": 4.610431552316829,
        "speed": 27.693685363579515,
        "course": 202.59135076878366,
        "synthetic": false
      },
      "geometry": {
        "type": "Point",
        "coordinates": [
          30.20736471180686,
          59.911298053389814
        ]
      }
    },
    {
      "type": "Feature",
      "properties": {
        "monotonic_time": 66789.02452409267,
        "horizontal_accuracy": 4.609423997440052,
        "speed": 27.85056219855754,
        "course": 201.78277108878214,
        "synthetic": false
      },
      "geometry": {
        "type": "Point",
        "coordinates": [
          30.207169291469604,
          59.91106872627333
        ]
      }
    },
    {
      "type": "Feature",
      "properties": {
        "monotonic_time": 66790.02450752258,
        "horizontal_accuracy": 4.61722120657808,
        "speed": 28.046029779198598,
        "course": 200.31593149706825,
        "synthetic": false
      },
      "geometry": {
        "type": "Point",
        "coordinates": [
          30.20697729932546,
          59.91083003433192
        ]
      }
    },
    {
      "type": "Feature",
      "properties": {
        "monotonic_time": 66791.02449047565,
        "horizontal_accuracy": 4.652944772809184,
        "speed": 28.095000851277266,
        "course": 198.45766660065652,
        "synthetic": false
      },
      "geometry": {
        "type": "Point",
        "coordinates": [
          30.206808025866124,
          59.910590809129644
        ]
      }
    },
    {
      "type": "Feature",
      "properties": {
        "monotonic_time": 66792.02447390556,
        "horizontal_accuracy": 4.646229394147297,
        "speed": 28.057522972888933,
        "course": 196.0775193243392,
        "synthetic": false
      },
      "geometry": {
        "type": "Point",
        "coordinates": [
          30.20666727789555,
          59.91034838908242
        ]
      }
    },
    {
      "type": "Feature",
      "properties": {
        "monotonic_time": 66793.02445793152,
        "horizontal_accuracy": 4.635015077899598,
        "speed": 28.10465723001703,
        "course": 193.52288627671612,
        "synthetic": false
      },
      "geometry": {
        "type": "Point",
        "coordinates": [
          30.206535673579435,
          59.910098853187385
        ]
      }
    },
    {
      "type": "Feature",
      "properties": {
        "monotonic_time": 66794.02444159985,
        "horizontal_accuracy": 4.576098400284012,
        "speed": 28.16080753130344,
        "course": 190.646692032223,
        "synthetic": false
      },
      "geometry": {
        "type": "Point",
        "coordinates": [
          30.206427509948774,
          59.90984904145049
        ]
      }
    },
    {
      "type": "Feature",
      "properties": {
        "monotonic_time": 66795.0244243145,
        "horizontal_accuracy": 4.509670755762058,
        "speed": 28.289294206742866,
        "course": 187.7826724756931,
        "synthetic": false
      },
      "geometry": {
        "type": "Point",
        "coordinates": [
          30.206340929191274,
          59.909594380576266
        ]
      }
    },
    {
      "type": "Feature",
      "properties": {
        "monotonic_time": 66796.02440786362,
        "horizontal_accuracy": 4.592534852737143,
        "speed": 28.194416560124814,
        "course": 185.49777285173684,
        "synthetic": false
      },
      "geometry": {
        "type": "Point",
        "coordinates": [
          30.20628439769753,
          59.9093436565683
        ]
      }
    },
    {
      "type": "Feature",
      "properties": {
        "monotonic_time": 66797.0243910551,
        "horizontal_accuracy": 4.628763176751424,
        "speed": 28.19305293797828,
        "course": 183.2894134243792,
        "synthetic": false
      },
      "geometry": {
        "type": "Point",
        "coordinates": [
          30.206252497306295,
          59.909087133124764
        ]
      }
    },
    {
      "type": "Feature",
      "properties": {
        "monotonic_time": 66798.02437400818,
        "horizontal_accuracy": 4.67451489670677,
        "speed": 28.326148751071003,
        "course": 181.07735591481267,
        "synthetic": false
      },
      "geometry": {
        "type": "Point",
        "coordinates": [
          30.20624446808728,
          59.908825948706486
        ]
      }
    },
    {
      "type": "Feature",
      "properties": {
        "monotonic_time": 66799.02435731888,
        "horizontal_accuracy": 4.718297793688222,
        "speed": 28.405015853463688,
        "course": 179.11169268281242,
        "synthetic": false
      },
      "geometry": {
        "type": "Point",
        "coordinates": [
          30.206250670748165,
          59.90856542477635
        ]
      }
    },
    {
      "type": "Feature",
      "properties": {
        "monotonic_time": 66800.02434158325,
        "horizontal_accuracy": 4.786003549912501,
        "speed": 28.544225790767882,
        "course": 176.54027621237543,
        "synthetic": false
      },
      "geometry": {
        "type": "Point",
        "coordinates": [
          30.206284170111662,
          59.90830525628163
        ]
      }
    },
    {
      "type": "Feature",
      "properties": {
        "monotonic_time": 66801.02432453632,
        "horizontal_accuracy": 4.810618492025371,
        "speed": 28.72183891498128,
        "course": 173.8025616773147,
        "synthetic": false
      },
      "geometry": {
        "type": "Point",
        "coordinates": [
          30.206338165913586,
          59.908044845194446
        ]
      }
    },
    {
      "type": "Feature",
      "properties": {
        "monotonic_time": 66802.02430796623,
        "horizontal_accuracy": 4.908338054489187,
        "speed": 28.73335514257696,
        "course": 171.2245686976574,
        "synthetic": false
      },
      "geometry": {
        "type": "Point",
        "coordinates": [
          30.206413606601252,
          59.90778930473284
        ]
      }
    },
    {
      "type": "Feature",
      "properties": {
        "monotonic_time": 66803.0242908001,
        "horizontal_accuracy": 5.076249561135658,
        "speed": 28.784367188280182,
        "course": 168.33080744655902,
        "synthetic": false
      },
      "geometry": {
        "type": "Point",
        "coordinates": [
          30.206525890192637,
          59.90753754525262
        ]
      }
    },
    {
      "type": "Feature",
      "properties": {
        "monotonic_time": 66804.02427423,
        "horizontal_accuracy": 5.113625739834055,
        "speed": 28.898732230531742,
        "course": 165.7099989917714,
        "synthetic": false
      },
      "geometry": {
        "type": "Point",
        "coordinates": [
          30.206654162123368,
          59.9072842748572
        ]
      }
    },
    {
      "type": "Feature",
      "properties": {
        "monotonic_time": 66805.0242575407,
        "horizontal_accuracy": 5.26424240947792,
        "speed": 29.09244275914364,
        "course": 162.65053543083326,
        "synthetic": false
      },
      "geometry": {
        "type": "Point",
        "coordinates": [
          30.206816548200486,
          59.90703256996523
        ]
      }
    },
    {
      "type": "Feature",
      "properties": {
        "monotonic_time": 66806.02424120903,
        "horizontal_accuracy": 5.462817881931472,
        "speed": 29.19271192304371,
        "course": 160.51824048876543,
        "synthetic": false
      },
      "geometry": {
        "type": "Point",
        "coordinates": [
          30.207003116813514,
          59.906787116589214
        ]
      }
    },
    {
      "type": "Feature",
      "properties": {
        "monotonic_time": 66807.02422499657,
        "horizontal_accuracy": 5.784450226793652,
        "speed": 29.298086773985435,
        "course": 158.02444570469652,
        "synthetic": false
      },
      "geometry": {
        "type": "Point",
        "coordinates": [
          30.207207033186904,
          59.90654473825553
        ]
      }
    },
    {
      "type": "Feature",
      "properties": {
        "monotonic_time": 66808.02420771122,
        "horizontal_accuracy": 6.636705439277954,
        "speed": 29.435774749338314,
        "course": 155.51992067498023,
        "synthetic": false
      },
      "geometry": {
        "type": "Point",
        "coordinates": [
          30.207433462570027,
          59.906304917309875
        ]
      }
    },
    {
      "type": "Feature",
      "properties": {
        "monotonic_time": 66809.02419149876,
        "horizontal_accuracy": 8.840574442632573,
        "speed": 29.51510253178959,
        "course": 152.6849686204732,
        "synthetic": false
      },
      "geometry": {
        "type": "Point",
        "coordinates": [
          30.20768612372805,
          59.90607442960253
        ]
      }
    },
    {
      "type": "Feature",
      "properties": {
        "monotonic_time": 66810.02417480946,
        "horizontal_accuracy": 8.48785194787589,
        "speed": 29.559194561174852,
        "course": 149.60359952432742,
        "synthetic": false
      },
      "geometry": {
        "type": "Point",
        "coordinates": [
          30.20794641309567,
          59.90584543113169
        ]
      }
    },
    {
      "type": "Feature",
      "properties": {
        "monotonic_time": 66811.02415812016,
        "horizontal_accuracy": 7.611032600491533,
        "speed": 29.54554636353496,
        "course": 146.39216488192656,
        "synthetic": false
      },
      "geometry": {
        "type": "Point",
        "coordinates": [
          30.2082382204599,
          59.9056288571135
        ]
      }
    },
    {
      "type": "Feature",
      "properties": {
        "monotonic_time": 66812.02414190769,
        "horizontal_accuracy": 7.414001816872762,
        "speed": 29.480822140707364,
        "course": 143.1402726760026,
        "synthetic": false
      },
      "geometry": {
        "type": "Point",
        "coordinates": [
          30.20855641972768,
          59.905420450437404
        ]
      }
    },
    {
      "type": "Feature",
      "properties": {
        "monotonic_time": 66813.02412474155,
        "horizontal_accuracy": 7.731916252217363,
        "speed": 29.41178462670042,
        "course": 138.21102905273438,
        "synthetic": false
      },
      "geometry": {
        "type": "Point",
        "coordinates": [
          30.208892960845105,
          59.90522073887831
        ]
      }
    },
    {
      "type": "Feature",
      "properties": {
        "monotonic_time": 66814.02410793304,
        "horizontal_accuracy": 8.125968799852332,
        "speed": 29.34775194199058,
        "course": 138.21102905273438,
        "synthetic": false
      },
      "geometry": {
        "type": "Point",
        "coordinates": [
          30.20924431348209,
          59.90502661086405
        ]
      }
    },
    {
      "type": "Feature",
      "properties": {
        "monotonic_time": 66815.02409124374,
        "horizontal_accuracy": 8.564422653233215,
        "speed": 29.303826400565317,
        "course": 131.36868286132812,
        "synthetic": false
      },
      "geometry": {
        "type": "Point",
        "coordinates": [
          30.209619986534655,
          59.90484292610761
        ]
      }
    },
    {
      "type": "Feature",
      "properties": {
        "monotonic_time": 66816.02407550812,
        "horizontal_accuracy": 9.080655351492684,
        "speed": 29.309197544314323,
        "course": 131.36868286132812,
        "synthetic": false
      },
      "geometry": {
        "type": "Point",
        "coordinates": [
          30.210000275548357,
          59.904654075991765
        ]
      }
    },
    {
      "type": "Feature",
      "properties": {
        "monotonic_time": 66817.02405810356,
        "horizontal_accuracy": 9.635936632263718,
        "speed": 29.32473789150282,
        "course": 126.1268081665039,
        "synthetic": false
      },
      "geometry": {
        "type": "Point",
        "coordinates": [
          30.210418099207246,
          59.90448670930866
        ]
      }
    },
    {
      "type": "Feature",
      "properties": {
        "monotonic_time": 66818.02404224873,
        "horizontal_accuracy": 10.298640262305694,
        "speed": 29.24703020416906,
        "course": 126.1268081665039,
        "synthetic": false
      },
      "geometry": {
        "type": "Point",
        "coordinates": [
          30.210814458517945,
          59.90431773921689
        ]
      }
    },
    {
      "type": "Feature",
      "properties": {
        "monotonic_time": 66819.02402472496,
        "horizontal_accuracy": 11.135330069645574,
        "speed": 29.167503442276843,
        "course": 123.0778579711914,
        "synthetic": false
      },
      "geometry": {
        "type": "Point",
        "coordinates": [
          30.21123808212207,
          59.90416305476414
        ]
      }
    },
    {
      "type": "Feature",
      "properties": {
        "monotonic_time": 66820.0240085125,
        "horizontal_accuracy": 12.133146161190007,
        "speed": 28.466198120612674,
        "course": 123.0778579711914,
        "synthetic": false
      },
      "geometry": {
        "type": "Point",
        "coordinates": [
          30.211650990281,
          59.90401083200665
        ]
      }
    },
    {
      "type": "Feature",
      "properties": {
        "monotonic_time": 66821.0239918232,
        "horizontal_accuracy": 13.096488557175325,
        "speed": 28.07062948507352,
        "course": 123.0778579711914,
        "synthetic": false
      },
      "geometry": {
        "type": "Point",
        "coordinates": [
          30.212051821637033,
          59.903856861687004
        ]
      }
    },
    {
      "type": "Feature",
      "properties": {
        "monotonic_time": 66822.15822541714,
        "horizontal_accuracy": 13.962133962684433,
        "speed": 27.872626949495963,
        "course": 123.16419219970703,
        "synthetic": false
      },
      "geometry": {
        "type": "Point",
        "coordinates": [
          30.212511680629735,
          59.903689374399676
        ]
      }
    },
    {
      "type": "Feature",
      "properties": {
        "monotonic_time": 66823.16028010845,
        "horizontal_accuracy": 14.82266206402487,
        "speed": 27.71136952526286,
        "course": 123.16419219970703,
        "synthetic": false
      },
      "geometry": {
        "type": "Point",
        "coordinates": [
          30.21293032005005,
          59.9035398389973
        ]
      }
    },
    {
      "type": "Feature",
      "properties": {
        "monotonic_time": 66824.15907621384,
        "horizontal_accuracy": 15.650593536793055,
        "speed": 27.42125471967975,
        "course": 122.943603515625,
        "synthetic": false
      },
      "geometry": {
        "type": "Point",
        "coordinates": [
          30.213353015307067,
          59.903386794394414
        ]
      }
    },
    {
      "type": "Feature",
      "properties": {
        "monotonic_time": 66825.1608145237,
        "horizontal_accuracy": 16.7906226899555,
        "speed": 26.984911673165936,
        "course": 122.93954467773438,
        "synthetic": false
      },
      "geometry": {
        "type": "Point",
        "coordinates": [
          30.2137369176772,
          59.903238239456066
        ]
      }
    },
    {
      "type": "Feature",
      "properties": {
        "monotonic_time": 66826.15835893154,
        "horizontal_accuracy": 17.011879839293975,
        "speed": 26.803453580984975,
        "course": 122.93954467773438,
        "synthetic": false
      },
      "geometry": {
        "type": "Point",
        "coordinates": [
          30.214157194966607,
          59.903116326554326
        ]
      }
    },
    {
      "type": "Feature",
      "properties": {
        "monotonic_time": 66837.70899355412,
        "horizontal_accuracy": 132.59746946621812,
        "speed": -1,
        "course": -1,
        "synthetic": false
      },
      "geometry": {
        "type": "Point",
        "coordinates": [
          30.21786753614633,
          59.9017026654814
        ]
      }
    },
    {
      "type": "Feature",
      "properties": {
        "monotonic_time": 66837.74842953682,
        "horizontal_accuracy": 132.59761008886653,
        "speed": -1,
        "course": -1,
        "synthetic": false
      },
      "geometry": {
        "type": "Point",
        "coordinates": [
          30.217869587934608,
          59.90170192869063
        ]
      }
    },
    {
      "type": "Feature",
      "properties": {
        "monotonic_time": 66851.08101463318,
        "horizontal_accuracy": 287.591829187022,
        "speed": -1,
        "course": -1,
        "synthetic": false
      },
      "geometry": {
        "type": "Point",
        "coordinates": [
          30.22037398847402,
          59.9008113316156
        ]
      }
    },
    {
      "type": "Feature",
      "properties": {
        "monotonic_time": 66851.09107756615,
        "horizontal_accuracy": 287.5918940641838,
        "speed": -1,
        "course": -1,
        "synthetic": false
      },
      "geometry": {
        "type": "Point",
        "coordinates": [
          30.22037491610641,
          59.90081105355515
        ]
      }
    },
    {
      "type": "Feature",
      "properties": {
        "monotonic_time": 66858.83320963383,
        "horizontal_accuracy": 355.0629668236937,
        "speed": -1,
        "course": -1,
        "synthetic": false
      },
      "geometry": {
        "type": "Point",
        "coordinates": [
          30.22132274798803,
          59.90054077415677
        ]
      }
    },
    {
      "type": "Feature",
      "properties": {
        "monotonic_time": 66858.84466660023,
        "horizontal_accuracy": 355.06310166036627,
        "speed": -1,
        "course": -1,
        "synthetic": false
      },
      "geometry": {
        "type": "Point",
        "coordinates": [
          30.221323877674834,
          59.9005404447739
        ]
      }
    },
    {
      "type": "Feature",
      "properties": {
        "monotonic_time": 66860.76908659935,
        "horizontal_accuracy": 359.41988231581365,
        "speed": -1,
        "course": -1,
        "synthetic": false
      },
      "geometry": {
        "type": "Point",
        "coordinates": [
          30.22152507396474,
          59.900481871934
        ]
      }
    },
    {
      "type": "Feature",
      "properties": {
        "monotonic_time": 66860.79070162773,
        "horizontal_accuracy": 359.4198895939493,
        "speed": -1,
        "course": -1,
        "synthetic": false
      },
      "geometry": {
        "type": "Point",
        "coordinates": [
          30.22152532322858,
          59.900481795082065
        ]
      }
    },
    {
      "type": "Feature",
      "properties": {
        "monotonic_time": 66862.86612856388,
        "horizontal_accuracy": 364.4474972693854,
        "speed": -1,
        "course": -1,
        "synthetic": false
      },
      "geometry": {
        "type": "Point",
        "coordinates": [
          30.2217591649169,
          59.90041990624161
        ]
      }
    },
    {
      "type": "Feature",
      "properties": {
        "monotonic_time": 66865.26366662979,
        "horizontal_accuracy": 367.90446664116047,
        "speed": -1,
        "course": -1,
        "synthetic": false
      },
      "geometry": {
        "type": "Point",
        "coordinates": [
          30.22198125438071,
          59.90034271710274
        ]
      }
    },
    {
      "type": "Feature",
      "properties": {
        "monotonic_time": 66865.7327516079,
        "horizontal_accuracy": 368.01880660400894,
        "speed": -1,
        "course": -1,
        "synthetic": false
      },
      "geometry": {
        "type": "Point",
        "coordinates": [
          30.222031552211238,
          59.90032419811162
        ]
      }
    },
    {
      "type": "Feature",
      "properties": {
        "monotonic_time": 66865.74702262878,
        "horizontal_accuracy": 368.018931772195,
        "speed": -1,
        "course": -1,
        "synthetic": false
      },
      "geometry": {
        "type": "Point",
        "coordinates": [
          30.222032869804575,
          59.900323739831144
        ]
      }
    },
    {
      "type": "Feature",
      "properties": {
        "monotonic_time": 66869.6916385889,
        "horizontal_accuracy": 372.7843708297262,
        "speed": -1,
        "course": -1,
        "synthetic": false
      },
      "geometry": {
        "type": "Point",
        "coordinates": [
          30.22244211468352,
          59.900210714758465
        ]
      }
    },
    {
      "type": "Feature",
      "properties": {
        "monotonic_time": 66869.70109856129,
        "horizontal_accuracy": 372.7844011452856,
        "speed": -1,
        "course": -1,
        "synthetic": false
      },
      "geometry": {
        "type": "Point",
        "coordinates": [
          30.222442704213943,
          59.90021050971016
        ]
      }
    },
    {
      "type": "Feature",
      "properties": {
        "monotonic_time": 66869.7057915926,
        "horizontal_accuracy": 372.78441503519576,
        "speed": -1,
        "course": -1,
        "synthetic": false
      },
      "geometry": {
        "type": "Point",
        "coordinates": [
          30.22244310315942,
          59.900210370950425
        ]
      }
    },
    {
      "type": "Feature",
      "properties": {
        "monotonic_time": 66871.50190460682,
        "horizontal_accuracy": 374.889031487328,
        "speed": -1,
        "course": -1,
        "synthetic": false
      },
      "geometry": {
        "type": "Point",
        "coordinates": [
          30.222595363008406,
          59.90015753755449
        ]
      }
    },
    {
      "type": "Feature",
      "properties": {
        "monotonic_time": 66871.63568556309,
        "horizontal_accuracy": 374.89494716504856,
        "speed": -1,
        "course": -1,
        "synthetic": false
      },
      "geometry": {
        "type": "Point",
        "coordinates": [
          30.22261330003284,
          59.90015032562256
        ]
      }
    },
    {
      "type": "Feature",
      "properties": {
        "monotonic_time": 66871.64711463451,
        "horizontal_accuracy": 374.8950320113686,
        "speed": -1,
        "course": -1,
        "synthetic": false
      },
      "geometry": {
        "type": "Point",
        "coordinates": [
          30.222614228735882,
          59.90015001427299
        ]
      }
    },
    {
      "type": "Feature",
      "properties": {
        "monotonic_time": 66873.14167153835,
        "horizontal_accuracy": 376.32288580193966,
        "speed": -1,
        "course": -1,
        "synthetic": false
      },
      "geometry": {
        "type": "Point",
        "coordinates": [
          30.222759308063694,
          59.90011931916756
        ]
      }
    },
    {
      "type": "Feature",
      "properties": {
        "monotonic_time": 66873.15256762505,
        "horizontal_accuracy": 376.32296816241654,
        "speed": -1,
        "course": -1,
        "synthetic": false
      },
      "geometry": {
        "type": "Point",
        "coordinates": [
          30.222760183665716,
          59.90011903290476
        ]
      }
    },
    {
      "type": "Feature",
      "properties": {
        "monotonic_time": 66883.25741362572,
        "horizontal_accuracy": 407.95049694156364,
        "speed": -1,
        "course": -1,
        "synthetic": false
      },
      "geometry": {
        "type": "Point",
        "coordinates": [
          30.223513145492056,
          59.899886300448195
        ]
      }
    },
    {
      "type": "Feature",
      "properties": {
        "monotonic_time": 66883.26513159275,
        "horizontal_accuracy": 407.95052132792006,
        "speed": -1,
        "course": -1,
        "synthetic": false
      },
      "geometry": {
        "type": "Point",
        "coordinates": [
          30.223513495638286,
          59.89988620226731
        ]
      }
    },
    {
      "type": "Feature",
      "properties": {
        "monotonic_time": 66899.80256354809,
        "horizontal_accuracy": 572.6062692903582,
        "speed": -1,
        "course": -1,
        "synthetic": false
      },
      "geometry": {
        "type": "Point",
        "coordinates": [
          30.224204016991386,
          59.899692796509356
        ]
      }
    },
    {
      "type": "Feature",
      "properties": {
        "monotonic_time": 66899.82997262478,
        "horizontal_accuracy": 572.606272994747,
        "speed": -1,
        "course": -1,
        "synthetic": false
      },
      "geometry": {
        "type": "Point",
        "coordinates": [
          30.22420407416778,
          59.89969278789826
        ]
      }
    },
    {
      "type": "Feature",
      "properties": {
        "monotonic_time": 66901.37508761883,
        "horizontal_accuracy": 574.2887592552507,
        "speed": -1,
        "course": -1,
        "synthetic": false
      },
      "geometry": {
        "type": "Point",
        "coordinates": [
          30.224257111680664,
          59.899683513404256
        ]
      }
    },
    {
      "type": "Feature",
      "properties": {
        "monotonic_time": 66904.02261054516,
        "horizontal_accuracy": 148.53994176999944,
        "speed": 26.305694580078125,
        "course": 120.64741630068035,
        "synthetic": false
      },
      "geometry": {
        "type": "Point",
        "coordinates": [
          30.246517849041787,
          59.8932722497173
        ]
      }
    },
    {
      "type": "Feature",
      "properties": {
        "monotonic_time": 66905.02259361744,
        "horizontal_accuracy": 148.53994176994257,
        "speed": 26.30569457985531,
        "course": 120.6477660373447,
        "synthetic": false
      },
      "geometry": {
        "type": "Point",
        "coordinates": [
          30.246922125887327,
          59.89315188845638
        ]
      }
    },
    {
      "type": "Feature",
      "properties": {
        "monotonic_time": 66906.02257752419,
        "horizontal_accuracy": 14,
        "speed": 25.66546413961217,
        "course": 121.30550990246034,
        "synthetic": false
      },
      "geometry": {
        "type": "Point",
        "coordinates": [
          30.24711709929438,
          59.89319338981926
        ]
      }
    },
    {
      "type": "Feature",
      "properties": {
        "monotonic_time": 66907.0225610733,
        "horizontal_accuracy": 14,
        "speed": 25.271116773483566,
        "course": 131.30714416503906,
        "synthetic": false
      },
      "geometry": {
        "type": "Point",
        "coordinates": [
          30.247451331411813,
          59.8930428633069
        ]
      }
    },
    {
      "type": "Feature",
      "properties": {
        "monotonic_time": 66908.02254450321,
        "horizontal_accuracy": 14,
        "speed": 24.81252237331563,
        "course": 131.30714416503906,
        "synthetic": false
      },
      "geometry": {
        "type": "Point",
        "coordinates": [
          30.24779587926082,
          59.892890735148924
        ]
      }
    },
    {
      "type": "Feature",
      "properties": {
        "monotonic_time": 66909.02252721786,
        "horizontal_accuracy": 14,
        "speed": 24.908054742091917,
        "course": 136.69711303710938,
        "synthetic": false
      },
      "geometry": {
        "type": "Point",
        "coordinates": [
          30.2481363402422,
          59.89272586195057
        ]
      }
    },
    {
      "type": "Feature",
      "properties": {
        "monotonic_time": 66910.01873338223,
        "horizontal_accuracy": 14,
        "speed": 24.677497434411084,
        "course": 136.76560974121094,
        "synthetic": false
      },
      "geometry": {
        "type": "Point",
        "coordinates": [
          30.248449313483956,
          59.89255876037451
        ]
      }
    },
    {
      "type": "Feature",
      "properties": {
        "monotonic_time": 66911.01821911335,
        "horizontal_accuracy": 14,
        "speed": 24.34248403627423,
        "course": 136.76560974121094,
        "synthetic": false
      },
      "geometry": {
        "type": "Point",
        "coordinates": [
          30.24876674644947,
          59.89238911782758
        ]
      }
    },
    {
      "type": "Feature",
      "properties": {
        "monotonic_time": 66912.0182031393,
        "horizontal_accuracy": 14,
        "speed": 24.161477401589117,
        "course": 136.76560974121094,
        "synthetic": false
      },
      "geometry": {
        "type": "Point",
        "coordinates": [
          30.249069463595667,
          59.89222733983622
        ]
      }
    },
    {
      "type": "Feature",
      "properties": {
        "monotonic_time": 66913.01794445515,
        "horizontal_accuracy": 14,
        "speed": 24.21883424580426,
        "course": 144.45620727539062,
        "synthetic": false
      },
      "geometry": {
        "type": "Point",
        "coordinates": [
          30.249365711817465,
          59.892063544055475
        ]
      }
    },
    {
      "type": "Feature",
      "properties": {
        "monotonic_time": 66914.01756608486,
        "horizontal_accuracy": 7.333695744580915,
        "speed": 24.195669070785403,
        "course": 144.45620727539062,
        "synthetic": false
      },
      "geometry": {
        "type": "Point",
        "coordinates": [
          30.249617352042815,
          59.89188657003199
        ]
      }
    },
    {
      "type": "Feature",
      "properties": {
        "monotonic_time": 66915.01754927635,
        "horizontal_accuracy": 14,
        "speed": 24.451888209686174,
        "course": 149.50997924804688,
        "synthetic": false
      },
      "geometry": {
        "type": "Point",
        "coordinates": [
          30.249871738292505,
          59.89170724603718
        ]
      }
    },
    {
      "type": "Feature",
      "properties": {
        "monotonic_time": 66916.01791465282,
        "horizontal_accuracy": 7.287441592291392,
        "speed": 25.230566172417088,
        "course": 149.50997924804688,
        "synthetic": false
      },
      "geometry": {
        "type": "Point",
        "coordinates": [
          30.250110036341656,
          59.891503895735575
        ]
      }
    },
    {
      "type": "Feature",
      "properties": {
        "monotonic_time": 66917.01838207245,
        "horizontal_accuracy": 7.448307822432948,
        "speed": 24.896211625788535,
        "course": 149.50997924804688,
        "synthetic": false
      },
      "geometry": {
        "type": "Point",
        "coordinates": [
          30.250333953317778,
          59.89131281764818
        ]
      }
    },
    {
      "type": "Feature",
      "properties": {
        "monotonic_time": 66918.01836538315,
        "horizontal_accuracy": 7.863993331963389,
        "speed": 25.400642692355106,
        "course": 156.12271118164062,
        "synthetic": false
      },
      "geometry": {
        "type": "Point",
        "coordinates": [
          30.250558482841925,
          59.891112144686
        ]
      }
    },
    {
      "type": "Feature",
      "properties": {
        "monotonic_time": 66919.01793599129,
        "horizontal_accuracy": 8.220052700917554,
        "speed": 26.143687141872938,
        "course": 156.12271118164062,
        "synthetic": false
      },
      "geometry": {
        "type": "Point",
        "coordinates": [
          30.25075605057123,
          59.8908878903553
        ]
      }
    },
    {
      "type": "Feature",
      "properties": {
        "monotonic_time": 66920.01793396473,
        "horizontal_accuracy": 8.470914979999877,
        "speed": 26.132315541679432,
        "course": 156.12271118164062,
        "synthetic": false
      },
      "geometry": {
        "type": "Point",
        "coordinates": [
          30.250945805365973,
          59.89067250472207
        ]
      }
    },
    {
      "type": "Feature",
      "properties": {
        "monotonic_time": 66921.01791667938,
        "horizontal_accuracy": 9.077634995112476,
        "speed": 25.90285694613203,
        "course": 156.12271118164062,
        "synthetic": false
      },
      "geometry": {
        "type": "Point",
        "coordinates": [
          30.251130585098107,
          59.890462765917704
        ]
      }
    },
    {
      "type": "Feature",
      "properties": {
        "monotonic_time": 66922.01804542542,
        "horizontal_accuracy": 9.31445718157843,
        "speed": 25.37192479391133,
        "course": 156.12271118164062,
        "synthetic": false
      },
      "geometry": {
        "type": "Point",
        "coordinates": [
          30.251305360250267,
          59.890264383012884
        ]
      }
    },
    {
      "type": "Feature",
      "properties": {
        "monotonic_time": 66923.01715910435,
        "horizontal_accuracy": 9.476418788831996,
        "speed": 25.64024943624647,
        "course": 156.12271118164062,
        "synthetic": false
      },
      "geometry": {
        "type": "Point",
        "coordinates": [
          30.251493171574378,
          59.890051203177684
        ]
      }
    },
    {
      "type": "Feature",
      "properties": {
        "monotonic_time": 66924.01714205742,
        "horizontal_accuracy": 9.65261865870327,
        "speed": 25.951013242584516,
        "course": 151.23922729492188,
        "synthetic": false
      },
      "geometry": {
        "type": "Point",
        "coordinates": [
          30.251717601669583,
          59.88984395469568
        ]
      }
    },
    {
      "type": "Feature",
      "properties": {
        "monotonic_time": 66925.01712536812,
        "horizontal_accuracy": 9.678952344946971,
        "speed": 26.089842782216706,
        "course": 151.23922729492188,
        "synthetic": false
      },
      "geometry": {
        "type": "Point",
        "coordinates": [
          30.251904473454466,
          59.88962462562283
        ]
      }
    },
    {
      "type": "Feature",
      "properties": {
        "monotonic_time": 66926.01710939407,
        "horizontal_accuracy": 9.695151417827942,
        "speed": 25.91217799278015,
        "course": 151.23922729492188,
        "synthetic": false
      },
      "geometry": {
        "type": "Point",
        "coordinates": [
          30.252081787664448,
          59.889406147974
        ]
      }
    },
    {
      "type": "Feature",
      "properties": {
        "monotonic_time": 66927.01709234715,
        "horizontal_accuracy": 9.642703740449557,
        "speed": 25.433387257671672,
        "course": 151.23922729492188,
        "synthetic": false
      },
      "geometry": {
        "type": "Point",
        "coordinates": [
          30.25228598508502,
          59.88920177969918
        ]
      }
    },
    {
      "type": "Feature",
      "properties": {
        "monotonic_time": 66928.01707565784,
        "horizontal_accuracy": 9.753057519598077,
        "speed": 25.07400314468298,
        "course": 151.23922729492188,
        "synthetic": false
      },
      "geometry": {
        "type": "Point",
        "coordinates": [
          30.252513965454895,
          59.88900260104429
        ]
      }
    },
    {
      "type": "Feature",
      "properties": {
        "monotonic_time": 66929.01705896854,
        "horizontal_accuracy": 9.533533759041543,
        "speed": 25.520185021725986,
        "course": 142.93841552734375,
        "synthetic": false
      },
      "geometry": {
        "type": "Point",
        "coordinates": [
          30.252795009417035,
          59.88879617860741
        ]
      }
    },
    {
      "type": "Feature",
      "properties": {
        "monotonic_time": 66930.01704204082,
        "horizontal_accuracy": 9.41168784324162,
        "speed": 25.47372093154899,
        "course": 142.93841552734375,
        "synthetic": false
      },
      "geometry": {
        "type": "Point",
        "coordinates": [
          30.25306509601411,
          59.888603104596754
        ]
      }
    },
    {
      "type": "Feature",
      "properties": {
        "monotonic_time": 66931.01702618599,
        "horizontal_accuracy": 9.162240572061846,
        "speed": 25.455182030768533,
        "course": 142.93589782714844,
        "synthetic": false
      },
      "geometry": {
        "type": "Point",
        "coordinates": [
          30.253356898048782,
          59.888421305487434
        ]
      }
    },
    {
      "type": "Feature",
      "properties": {
        "monotonic_time": 66932.01700878143,
        "horizontal_accuracy": 8.628345650071145,
        "speed": 25.6343951703415,
        "course": 142.93589782714844,
        "synthetic": false
      },
      "geometry": {
        "type": "Point",
        "coordinates": [
          30.25367543023632,
          59.88824480370924
        ]
      }
    },
    {
      "type": "Feature",
      "properties": {
        "monotonic_time": 66933.01699256897,
        "horizontal_accuracy": 8.33056679667663,
        "speed": 25.01254634913529,
        "course": 132.25888061523438,
        "synthetic": false
      },
      "geometry": {
        "type": "Point",
        "coordinates": [
          30.25397959900007,
          59.88808595457199
        ]
      }
    },
    {
      "type": "Feature",
      "properties": {
        "monotonic_time": 66934.01697576046,
        "horizontal_accuracy": 8.054821786458461,
        "speed": 24.7975555967282,
        "course": 132.25888061523438,
        "synthetic": false
      },
      "geometry": {
        "type": "Point",
        "coordinates": [
          30.254310754474282,
          59.887934908302945
        ]
      }
    },
    {
      "type": "Feature",
      "properties": {
        "monotonic_time": 66935.0169596672,
        "horizontal_accuracy": 7.5530200694375536,
        "speed": 24.8981277090717,
        "course": 132.25888061523438,
        "synthetic": false
      },
      "geometry": {
        "type": "Point",
        "coordinates": [
          30.254658028681508,
          59.88778130316603
        ]
      }
    },
    {
      "type": "Feature",
      "properties": {
        "monotonic_time": 66936.01694238186,
        "horizontal_accuracy": 8.905421042979977,
        "speed": 24.00368046988117,
        "course": 125.88816833496094,
        "synthetic": false
      },
      "geometry": {
        "type": "Point",
        "coordinates": [
          30.25500475774523,
          59.88764426976285
        ]
      }
    },
    {
      "type": "Feature",
      "properties": {
        "monotonic_time": 66937.01692593098,
        "horizontal_accuracy": 6.652544777184203,
        "speed": 24.577447359622788,
        "course": 125.88816833496094,
        "synthetic": false
      },
      "geometry": {
        "type": "Point",
        "coordinates": [
          30.255376670401613,
          59.88750992964678
        ]
      }
    },
    {
      "type": "Feature",
      "properties": {
        "monotonic_time": 66938.01690936089,
        "horizontal_accuracy": 6.411838156448488,
        "speed": 24.383225398354444,
        "course": 125.88816833496094,
        "synthetic": false
      },
      "geometry": {
        "type": "Point",
        "coordinates": [
          30.255748161051173,
          59.88738684284359
        ]
      }
    },
    {
      "type": "Feature",
      "properties": {
        "monotonic_time": 66939.01689243317,
        "horizontal_accuracy": 6.159534028650412,
        "speed": 24.704040075584388,
        "course": 125.88816833496094,
        "synthetic": false
      },
      "geometry": {
        "type": "Point",
        "coordinates": [
          30.25611400406879,
          59.887252289163314
        ]
      }
    },
    {
      "type": "Feature",
      "properties": {
        "monotonic_time": 66940.01687574387,
        "horizontal_accuracy": 5.8714543436111315,
        "speed": 25.139764071272527,
        "course": 126.59576416015625,
        "synthetic": false
      },
      "geometry": {
        "type": "Point",
        "coordinates": [
          30.256489086232442,
          59.887123455427606
        ]
      }
    },
    {
      "type": "Feature",
      "properties": {
        "monotonic_time": 66941.01685881615,
        "horizontal_accuracy": 5.432460380660497,
        "speed": 25.74506994792683,
        "course": 118.0473403930664,
        "synthetic": false
      },
      "geometry": {
        "type": "Point",
        "coordinates": [
          30.25687898696813,
          59.88698370308334
        ]
      }
    },
    {
      "type": "Feature",
      "properties": {
        "monotonic_time": 66942.01684308052,
        "horizontal_accuracy": 4.960887112799702,
        "speed": 25.466775144315385,
        "course": 118.0473403930664,
        "synthetic": false
      },
      "geometry": {
        "type": "Point",
        "coordinates": [
          30.257253737066137,
          59.88685887461088
        ]
      }
    },
    {
      "type": "Feature",
      "properties": {
        "monotonic_time": 66943.01682603359,
        "horizontal_accuracy": 4.28395374968855,
        "speed": 25.665400342352115,
        "course": 118.0473403930664,
        "synthetic": false
      },
      "geometry": {
        "type": "Point",
        "coordinates": [
          30.257679012823775,
          59.88673764227442
        ]
      }
    },
    {
      "type": "Feature",
      "properties": {
        "monotonic_time": 66944.01680982113,
        "horizontal_accuracy": 4.027598023082456,
        "speed": 25.493084733098264,
        "course": 118.0473403930664,
        "synthetic": false
      },
      "geometry": {
        "type": "Point",
        "coordinates": [
          30.25807880648081,
          59.886621874599726
        ]
      }
    },
    {
      "type": "Feature",
      "properties": {
        "monotonic_time": 66945.01679301262,
        "horizontal_accuracy": 3.837040296043889,
        "speed": 25.599970978461588,
        "course": 119.60450744628906,
        "synthetic": false
      },
      "geometry": {
        "type": "Point",
        "coordinates": [
          30.25847798761509,
          59.88650936911884
        ]
      }
    },
    {
      "type": "Feature",
      "properties": {
        "monotonic_time": 66946.01677644253,
        "horizontal_accuracy": 3.7293154935036372,
        "speed": 25.38348043936588,
        "course": 119.60450744628906,
        "synthetic": false
      },
      "geometry": {
        "type": "Point",
        "coordinates": [
          30.25887039998849,
          59.88640630183541
        ]
      }
    },
    {
      "type": "Feature",
      "properties": {
        "monotonic_time": 66947.01675987244,
        "horizontal_accuracy": 3.727603636440854,
        "speed": 25.724245947167297,
        "course": 119.60450744628906,
        "synthetic": false
      },
      "geometry": {
        "type": "Point",
        "coordinates": [
          30.259270496568664,
          59.88629106528677
        ]
      }
    },
    {
      "type": "Feature",
      "properties": {
        "monotonic_time": 66948.0167427063,
        "horizontal_accuracy": 3.7022544504981414,
        "speed": 25.87125516308743,
        "course": 119.60450744628906,
        "synthetic": false
      },
      "geometry": {
        "type": "Point",
        "coordinates": [
          30.259677614187318,
          59.88618390175218
        ]
      }
    },
    {
      "type": "Feature",
      "properties": {
        "monotonic_time": 66949.01672673225,
        "horizontal_accuracy": 3.705862366769299,
        "speed": 25.63368749369279,
        "course": 119.60450744628906,
        "synthetic": false
      },
      "geometry": {
        "type": "Point",
        "coordinates": [
          30.260077264090317,
          59.88607911093763
        ]
      }
    },
    {
      "type": "Feature",
      "properties": {
        "monotonic_time": 66950.01670956612,
        "horizontal_accuracy": 3.7671955890104676,
        "speed": 25.613405704566382,
        "course": 118.16231536865234,
        "synthetic": false
      },
      "geometry": {
        "type": "Point",
        "coordinates": [
          30.260484058626293,
          59.885975243981626
        ]
      }
    },
    {
      "type": "Feature",
      "properties": {
        "monotonic_time": 66951.01669323444,
        "horizontal_accuracy": 3.7080832555890395,
        "speed": 25.513773316278492,
        "course": 118.16231536865234,
        "synthetic": false
      },
      "geometry": {
        "type": "Point",
        "coordinates": [
          30.26089024816389,
          59.88587224229653
        ]
      }
    },
    {
      "type": "Feature",
      "properties": {
        "monotonic_time": 66952.01667642593,
        "horizontal_accuracy": 3.692491998973911,
        "speed": 25.575822862307277,
        "course": 118.16231536865234,
        "synthetic": false
      },
      "geometry": {
        "type": "Point",
        "coordinates": [
          30.26129818670673,
          59.88576594445435
        ]
      }
    },
    {
      "type": "Feature",
      "properties": {
        "monotonic_time": 66953.01665949821,
        "horizontal_accuracy": 3.63536385150729,
        "speed": 25.436853040134235,
        "course": 118.16231536865234,
        "synthetic": false
      },
      "geometry": {
        "type": "Point",
        "coordinates": [
          30.261699306819974,
          59.885658740038636
        ]
      }
    },
    {
      "type": "Feature",
      "properties": {
        "monotonic_time": 66954.01664304733,
        "horizontal_accuracy": 3.6903600663859972,
        "speed": 25.531225235924953,
        "course": 118.16231536865234,
        "synthetic": false
      },
      "geometry": {
        "type": "Point",
        "coordinates": [
          30.262101352314996,
          59.88554739545681
        ]
      }
    },
    {
      "type": "Feature",
      "properties": {
        "monotonic_time": 66955.01662695408,
        "horizontal_accuracy": 4.501242154910022,
        "speed": 25.31537009644668,
        "course": 118.16231536865234,
        "synthetic": false
      },
      "geometry": {
        "type": "Point",
        "coordinates": [
          30.262493484629154,
          59.885439258917565
        ]
      }
    },
    {
      "type": "Feature",
      "properties": {
        "monotonic_time": 66956.01660978794,
        "horizontal_accuracy": 4.15333648619461,
        "speed": 25.471354785089993,
        "course": 118.21717325517281,
        "synthetic": false
      },
      "geometry": {
        "type": "Point",
        "coordinates": [
          30.262898531173683,
          59.88533354250857
        ]
      }
    },
    {
      "type": "Feature",
      "properties": {
        "monotonic_time": 66957.01659357548,
        "horizontal_accuracy": 4.636645736623865,
        "speed": 25.375325735959393,
        "course": 118.92513794052647,
        "synthetic": false
      },
      "geometry": {
        "type": "Point",
        "coordinates": [
          30.263294437599978,
          59.88522427385746
        ]
      }
    },
    {
      "type": "Feature",
      "properties": {
        "monotonic_time": 66958.01657688618,
        "horizontal_accuracy": 3.6323792798110643,
        "speed": 25.330689732959605,
        "course": 118.75262999622551,
        "synthetic": false
      },
      "geometry": {
        "type": "Point",
        "coordinates": [
          30.26368889986798,
          59.88511610337559
        ]
      }
    },
    {
      "type": "Feature",
      "properties": {
        "monotonic_time": 66959.01655960083,
        "horizontal_accuracy": 3.6155537457841116,
        "speed": 25.197803456993604,
        "course": 119.79303464049927,
        "synthetic": false
      },
      "geometry": {
        "type": "Point",
        "coordinates": [
          30.26407395411818,
          59.88500235011206
        ]
      }
    },
    {
      "type": "Feature",
      "properties": {
        "monotonic_time": 66960.01654303074,
        "horizontal_accuracy": 3.7847244189122593,
        "speed": 25.2896592780481,
        "course": 119.75836393425926,
        "synthetic": false
      },
      "geometry": {
        "type": "Point",
        "coordinates": [
          30.26446877378381,
          59.884890909741145
        ]
      }
    },
    {
      "type": "Feature",
      "properties": {
        "monotonic_time": 66961.01652622223,
        "horizontal_accuracy": 4.214057117810165,
        "speed": 25.32485204499525,
        "course": 120.28956080831377,
        "synthetic": false
      },
      "geometry": {
        "type": "Point",
        "coordinates": [
          30.264859373955144,
          59.8847756659309
        ]
      }
    },
    {
      "type": "Feature",
      "properties": {
        "monotonic_time": 66962.01651012897,
        "horizontal_accuracy": 4.544698668167443,
        "speed": 25.26729659921265,
        "course": 119.8931429615085,
        "synthetic": false
      },
      "geometry": {
        "type": "Point",
        "coordinates": [
          30.265253130935296,
          59.884664006663975
        ]
      }
    },
    {
      "type": "Feature",
      "properties": {
        "monotonic_time": 66963.01649296284,
        "horizontal_accuracy": 5.695536238627981,
        "speed": 25.478655018934226,
        "course": 119.5456001494014,
        "synthetic": false
      },
      "geometry": {
        "type": "Point",
        "coordinates": [
          30.26565261095104,
          59.884550764719506
        ]
      }
    },
    {
      "type": "Feature",
      "properties": {
        "monotonic_time": 66964.01647722721,
        "horizontal_accuracy": 12.81591348245085,
        "speed": 25.305784352179543,
        "course": 119.69670218726849,
        "synthetic": false
      },
      "geometry": {
        "type": "Point",
        "coordinates": [
          30.26603955615978,
          59.88443879868273
        ]
      }
    },
    {
      "type": "Feature",
      "properties": {
        "monotonic_time": 66965.0164604187,
        "horizontal_accuracy": 10.808597411655576,
        "speed": 25.26522007038744,
        "course": 119.57472647714152,
        "synthetic": false
      },
      "geometry": {
        "type": "Point",
        "coordinates": [
          30.26642918103398,
          59.884327585207785
        ]
      }
    },
    {
      "type": "Feature",
      "properties": {
        "monotonic_time": 66966.01644313335,
        "horizontal_accuracy": 10.922429999407692,
        "speed": 25.213650247221093,
        "course": 117.85584662905559,
        "synthetic": false
      },
      "geometry": {
        "type": "Point",
        "coordinates": [
          30.266834447467613,
          59.88423176922153
        ]
      }
    },
    {
      "type": "Feature",
      "properties": {
        "monotonic_time": 66967.01642632484,
        "horizontal_accuracy": 13.155233464470307,
        "speed": 25.36553888090448,
        "course": 117.13951674872462,
        "synthetic": false
      },
      "geometry": {
        "type": "Point",
        "coordinates": [
          30.267249494718875,
          59.88413075734817
        ]
      }
    },
    {
      "type": "Feature",
      "properties": {
        "monotonic_time": 66968.01641047001,
        "horizontal_accuracy": 13.605313292703487,
        "speed": 25.64355143235175,
        "course": 117.2642493294642,
        "synthetic": false
      },
      "geometry": {
        "type": "Point",
        "coordinates": [
          30.26766753289446,
          59.884020216345576
        ]
      }
    },
    {
      "type": "Feature",
      "properties": {
        "monotonic_time": 66969.01639306545,
        "horizontal_accuracy": 13.037476497118403,
        "speed": 26.285911457497832,
        "course": 116.319385172325,
        "synthetic": false
      },
      "geometry": {
        "type": "Point",
        "coordinates": [
          30.268121932875957,
          59.883911219192925
        ]
      }
    },
    {
      "type": "Feature",
      "properties": {
        "monotonic_time": 66970.0163769722,
        "horizontal_accuracy": 12.834840323125029,
        "speed": 25.928732827902987,
        "course": 116.3995766115461,
        "synthetic": false
      },
      "geometry": {
        "type": "Point",
        "coordinates": [
          30.26851647613441,
          59.88381414884378
        ]
      }
    },
    {
      "type": "Feature",
      "properties": {
        "monotonic_time": 66971.01636016369,
        "horizontal_accuracy": 11.62182642458226,
        "speed": 25.97662190886495,
        "course": 117.1923950473166,
        "synthetic": false
      },
      "geometry": {
        "type": "Point",
        "coordinates": [
          30.26894325235178,
          59.88370012413953
        ]
      }
    },
    {
      "type": "Feature",
      "properties": {
        "monotonic_time": 66972.01634335518,
        "horizontal_accuracy": 10.520863402234413,
        "speed": 26.025694104170316,
        "course": 117.95837263317694,
        "synthetic": false
      },
      "geometry": {
        "type": "Point",
        "coordinates": [
          30.269348932254214,
          59.88358718355215
        ]
      }
    },
    {
      "type": "Feature",
      "properties": {
        "monotonic_time": 66973.01632666588,
        "horizontal_accuracy": 8.96699143945383,
        "speed": 26.172627422950356,
        "course": 117.15881253239047,
        "synthetic": false
      },
      "geometry": {
        "type": "Point",
        "coordinates": [
          30.269764766535637,
          59.88348146504357
        ]
      }
    },
    {
      "type": "Feature",
      "properties": {
        "monotonic_time": 66974.016310215,
        "horizontal_accuracy": 7.871252858620337,
        "speed": 25.43092388665633,
        "course": 115.81311962211277,
        "synthetic": false
      },
      "geometry": {
        "type": "Point",
        "coordinates": [
          30.27015623644361,
          59.883393783005324
        ]
      }
    },
    {
      "type": "Feature",
      "properties": {
        "monotonic_time": 66975.01629388332,
        "horizontal_accuracy": 7.197000160384732,
        "speed": 24.895060880713096,
        "course": 114.93836491235933,
        "synthetic": false
      },
      "geometry": {
        "type": "Point",
        "coordinates": [
          30.27054501351202,
          59.88330480165629
        ]
      }
    },
    {
      "type": "Feature",
      "properties": {
        "monotonic_time": 66976.01627671719,
        "horizontal_accuracy": 6.836609198434294,
        "speed": 24.1577036591081,
        "course": 114.11821931230972,
        "synthetic": false
      },
      "geometry": {
        "type": "Point",
        "coordinates": [
          30.270929004908634,
          59.883220251186266
        ]
      }
    },
    {
      "type": "Feature",
      "properties": {
        "monotonic_time": 66977.0162602663,
        "horizontal_accuracy": 6.562983021478603,
        "speed": 24.08533858523088,
        "course": 113.9215555785851,
        "synthetic": false
      },
      "geometry": {
        "type": "Point",
        "coordinates": [
          30.271318447692092,
          59.88313415852946
        ]
      }
    },
    {
      "type": "Feature",
      "properties": {
        "monotonic_time": 66978.0162434578,
        "horizontal_accuracy": 6.076227547764543,
        "speed": 23.82093616401829,
        "course": 114.67543679865037,
        "synthetic": false
      },
      "geometry": {
        "type": "Point",
        "coordinates": [
          30.271698270533342,
          59.883045444323855
        ]
      }
    },
    {
      "type": "Feature",
      "properties": {
        "monotonic_time": 66979.01622712612,
        "horizontal_accuracy": 5.405076880343566,
        "speed": 24.314357189904275,
        "course": 114.70084403305091,
        "synthetic": false
      },
      "geometry": {
        "type": "Point",
        "coordinates": [
          30.27210923326623,
          59.882951980546615
        ]
      }
    },
    {
      "type": "Feature",
      "properties": {
        "monotonic_time": 66980.01621031761,
        "horizontal_accuracy": 4.913006277274824,
        "speed": 24.47895282367861,
        "course": 114.5878835831583,
        "synthetic": false
      },
      "geometry": {
        "type": "Point",
        "coordinates": [
          30.272515977376038,
          59.88285811017222
        ]
      }
    },
    {
      "type": "Feature",
      "properties": {
        "monotonic_time": 66981.01619386673,
        "horizontal_accuracy": 4.647266556287161,
        "speed": 24.825765224754836,
        "course": 114.3023961977651,
        "synthetic": false
      },
      "geometry": {
        "type": "Point",
        "coordinates": [
          30.272920891847647,
          59.88276864514294
        ]
      }
    },
    {
      "type": "Feature",
      "properties": {
        "monotonic_time": 66982.01617693901,
        "horizontal_accuracy": 4.664358637208508,
        "speed": 24.411812957078567,
        "course": 114.12078651097761,
        "synthetic": false
      },
      "geometry": {
        "type": "Point",
        "coordinates": [
          30.27331771497722,
          59.882680899465036
        ]
      }
    },
    {
      "type": "Feature",
      "properties": {
        "monotonic_time": 66983.01616001129,
        "horizontal_accuracy": 4.497388390751192,
        "speed": 23.627172806990604,
        "course": 114.215377185406,
        "synthetic": false
      },
      "geometry": {
        "type": "Point",
        "coordinates": [
          30.27369126693946,
          59.882596531572965
        ]
      }
    },
    {
      "type": "Feature",
      "properties": {
        "monotonic_time": 66984.01614367962,
        "horizontal_accuracy": 4.460113624450833,
        "speed": 23.859665995733163,
        "course": 114.28761985084691,
        "synthetic": false
      },
      "geometry": {
        "type": "Point",
        "coordinates": [
          30.27408608090742,
          59.88250800653227
        ]
      }
    },
    {
      "type": "Feature",
      "properties": {
        "monotonic_time": 66985.01612758636,
        "horizontal_accuracy": 4.523224188719523,
        "speed": 23.66079191836166,
        "course": 113.49491775711238,
        "synthetic": false
      },
      "geometry": {
        "type": "Point",
        "coordinates": [
          30.27447132532786,
          59.882426831947285
        ]
      }
    },
    {
      "type": "Feature",
      "properties": {
        "monotonic_time": 66986.01611053944,
        "horizontal_accuracy": 4.451050261205843,
        "speed": 23.4412238519082,
        "course": 112.22639484723454,
        "synthetic": false
      },
      "geometry": {
        "type": "Point",
        "coordinates": [
          30.274859100181093,
          59.88235098917619
        ]
      }
    },
    {
      "type": "Feature",
      "properties": {
        "monotonic_time": 66987.01609408855,
        "horizontal_accuracy": 4.442354970346675,
        "speed": 22.991093151777267,
        "course": 110.38457549898621,
        "synthetic": false
      },
      "geometry": {
        "type": "Point",
        "coordinates": [
          30.275246374044603,
          59.88228296940173
        ]
      }
    },
    {
      "type": "Feature",
      "properties": {
        "monotonic_time": 66988.01607787609,
        "horizontal_accuracy": 4.2880787368102435,
        "speed": 22.901885892581728,
        "course": 109.2309096255309,
        "synthetic": false
      },
      "geometry": {
        "type": "Point",
        "coordinates": [
          30.27563503663971,
          59.882217919040066
        ]
      }
    },
    {
      "type": "Feature",
      "properties": {
        "monotonic_time": 66989.01606059074,
        "horizontal_accuracy": 4.299199612246499,
        "speed": 23.112474495178372,
        "course": 108.62042999648054,
        "synthetic": false
      },
      "geometry": {
        "type": "Point",
        "coordinates": [
          30.27603173929283,
          59.88215136784033
        ]
      }
    },
    {
      "type": "Feature",
      "properties": {
        "monotonic_time": 66990.01604390144,
        "horizontal_accuracy": 4.261089710633973,
        "speed": 23.143499216486898,
        "course": 106.48668302212995,
        "synthetic": false
      },
      "geometry": {
        "type": "Point",
        "coordinates": [
          30.27643415352623,
          59.88209879415732
        ]
      }
    },
    {
      "type": "Feature",
      "properties": {
        "monotonic_time": 66991.01602745056,
        "horizontal_accuracy": 4.247256801418945,
        "speed": 23.158472353333334,
        "course": 105.59481958215042,
        "synthetic": false
      },
      "geometry": {
        "type": "Point",
        "coordinates": [
          30.27683831642674,
          59.88204627955732
        ]
      }
    },
    {
      "type": "Feature",
      "properties": {
        "monotonic_time": 66992.01601099968,
        "horizontal_accuracy": 5.209804308840431,
        "speed": 23.213814510477828,
        "course": 103.90495048864003,
        "synthetic": false
      },
      "geometry": {
        "type": "Point",
        "coordinates": [
          30.277237290956585,
          59.88200330993056
        ]
      }
    },
    {
      "type": "Feature",
      "properties": {
        "monotonic_time": 66993.01599407196,
        "horizontal_accuracy": 4.719022414280623,
        "speed": 22.962419434513667,
        "course": 102.34069120805214,
        "synthetic": false
      },
      "geometry": {
        "type": "Point",
        "coordinates": [
          30.277629813156025,
          59.88196739642248
        ]
      }
    },
    {
      "type": "Feature",
      "properties": {
        "monotonic_time": 66994.01597762108,
        "horizontal_accuracy": 4.686983034216537,
        "speed": 22.795192988661572,
        "course": 100.71692963687101,
        "synthetic": false
      },
      "geometry": {
        "type": "Point",
        "coordinates": [
          30.278024308699095,
          59.88193564564846
        ]
      }
    },
    {
      "type": "Feature",
      "properties": {
        "monotonic_time": 66995.01596140862,
        "horizontal_accuracy": 4.245241212103835,
        "speed": 23.127373698881264,
        "course": 100.51618442786067,
        "synthetic": false
      },
      "geometry": {
        "type": "Point",
        "coordinates": [
          30.278432308670034,
          59.881897829512745
        ]
      }
    },
    {
      "type": "Feature",
      "properties": {
        "monotonic_time": 66996.01594400406,
        "horizontal_accuracy": 3.8992103114081402,
        "speed": 23.203831128412848,
        "course": 100.44696879693512,
        "synthetic": false
      },
      "geometry": {
        "type": "Point",
        "coordinates": [
          30.27883881162464,
          59.88186094382506
        ]
      }
    },
    {
      "type": "Feature",
      "properties": {
        "monotonic_time": 66997.01592707634,
        "horizontal_accuracy": 3.793276488181253,
        "speed": 23.377472002416745,
        "course": 100.75542528825376,
        "synthetic": false
      },
      "geometry": {
        "type": "Point",
        "coordinates": [
          30.279247756713588,
          59.88182138933628
        ]
      }
    },
    {
      "type": "Feature",
      "properties": {
        "monotonic_time": 66998.01591062546,
        "horizontal_accuracy": 3.6724614164155986,
        "speed": 23.577012054592377,
        "course": 101.39471529091398,
        "synthetic": false
      },
      "geometry": {
        "type": "Point",
        "coordinates": [
          30.279664559974496,
          59.881779344659535
        ]
      }
    },
    {
      "type": "Feature",
      "properties": {
        "monotonic_time": 66999.0158945322,
        "horizontal_accuracy": 3.7005203251041436,
        "speed": 23.94397324399734,
        "course": 101.64559147962,
        "synthetic": false
      },
      "geometry": {
        "type": "Point",
        "coordinates": [
          30.280085925178078,
          59.88173576526735
        ]
      }
    },
    {
      "type": "Feature",
      "properties": {
        "monotonic_time": 67000.0158777237,
        "horizontal_accuracy": 3.9172986530040714,
        "speed": 24.234510808045414,
        "course": 102.7895563373052,
        "synthetic": false
      },
      "geometry": {
        "type": "Point",
        "coordinates": [
          30.280515434890734,
          59.88168238895866
        ]
      }
    },
    {
      "type": "Feature",
      "properties": {
        "monotonic_time": 67001.01586067677,
        "horizontal_accuracy": 3.733002246710679,
        "speed": 24.715906930731837,
        "course": 104.09527812859669,
        "synthetic": false
      },
      "geometry": {
        "type": "Point",
        "coordinates": [
          30.280953672027714,
          59.881622394157304
        ]
      }
    },
    {
      "type": "Feature",
      "properties": {
        "monotonic_time": 67002.01584422588,
        "horizontal_accuracy": 3.8170887742909696,
        "speed": 25.083774457491156,
        "course": 105.02883712042603,
        "synthetic": false
      },
      "geometry": {
        "type": "Point",
        "coordinates": [
          30.281399610116253,
          59.881558917386364
        ]
      }
    },
    {
      "type": "Feature",
      "properties": {
        "monotonic_time": 67003.015827775,
        "horizontal_accuracy": 4.775314073355101,
        "speed": 25.11780312163689,
        "course": 105.99940280994666,
        "synthetic": false
      },
      "geometry": {
        "type": "Point",
        "coordinates": [
          30.2818292184175,
          59.88149625469334
        ]
      }
    },
    {
      "type": "Feature",
      "properties": {
        "monotonic_time": 67004.0158110857,
        "horizontal_accuracy": 5.331233585239532,
        "speed": 25.448424364580557,
        "course": 107.50697755687668,
        "synthetic": false
      },
      "geometry": {
        "type": "Point",
        "coordinates": [
          30.282265765265894,
          59.88142362169342
        ]
      }
    },
    {
      "type": "Feature",
      "properties": {
        "monotonic_time": 67005.01579475403,
        "horizontal_accuracy": 5.983714505242448,
        "speed": 25.827795930042644,
        "course": 108.5553844859373,
        "synthetic": false
      },
      "geometry": {
        "type": "Point",
        "coordinates": [
          30.282705662664466,
          59.88134668409091
        ]
      }
    },
    {
      "type": "Feature",
      "properties": {
        "monotonic_time": 67006.01577818394,
        "horizontal_accuracy": 5.409971813174998,
        "speed": 25.46021149282322,
        "course": 108.62317305568182,
        "synthetic": false
      },
      "geometry": {
        "type": "Point",
        "coordinates": [
          30.28313020984214,
          59.881273608127906
        ]
      }
    },
    {
      "type": "Feature",
      "properties": {
        "monotonic_time": 67007.0157610178,
        "horizontal_accuracy": 4.86684303509733,
        "speed": 25.326399789674394,
        "course": 108.09370631184561,
        "synthetic": false
      },
      "geometry": {
        "type": "Point",
        "coordinates": [
          30.283560670351246,
          59.881203294255364
        ]
      }
    },
    {
      "type": "Feature",
      "properties": {
        "monotonic_time": 67008.01574444771,
        "horizontal_accuracy": 3.4332130280867377,
        "speed": 24.81186011365451,
        "course": 108.06702367827853,
        "synthetic": false
      },
      "geometry": {
        "type": "Point",
        "coordinates": [
          30.283976176085737,
          59.88113447622605
        ]
      }
    },
    {
      "type": "Feature",
      "properties": {
        "monotonic_time": 67009.01572775841,
        "horizontal_accuracy": 3.4381655553236805,
        "speed": 24.213405336098088,
        "course": 108.13285051041085,
        "synthetic": false
      },
      "geometry": {
        "type": "Point",
        "coordinates": [
          30.28438072491754,
          59.88106803707991
        ]
      }
    },
    {
      "type": "Feature",
      "properties": {
        "monotonic_time": 67010.01571178436,
        "horizontal_accuracy": 4.087637216667451,
        "speed": 23.021375394148727,
        "course": 106.25255945253276,
        "synthetic": false
      },
      "geometry": {
        "type": "Point",
        "coordinates": [
          30.284762555239944,
          59.88101785658191
        ]
      }
    },
    {
      "type": "Feature",
      "properties": {
        "monotonic_time": 67011.01569485664,
        "horizontal_accuracy": 4.887836915548646,
        "speed": 22.419082145183456,
        "course": 105.39409042405048,
        "synthetic": false
      },
      "geometry": {
        "type": "Point",
        "coordinates": [
          30.285149800190137,
          59.880965164499145
        ]
      }
    },
    {
      "type": "Feature",
      "properties": {
        "monotonic_time": 67012.01567745209,
        "horizontal_accuracy": 4.843670364057616,
        "speed": 22.237986966833123,
        "course": 105.05839965218127,
        "synthetic": false
      },
      "geometry": {
        "type": "Point",
        "coordinates": [
          30.28553317138578,
          59.88091357592109
        ]
      }
    },
    {
      "type": "Feature",
      "properties": {
        "monotonic_time": 67013.01566171646,
        "horizontal_accuracy": 5.4963156654463905,
        "speed": 22.472987378782037,
        "course": 104.5326679371044,
        "synthetic": false
      },
      "geometry": {
        "type": "Point",
        "coordinates": [
          30.285926963005654,
          59.88086386987504
        ]
      }
    },
    {
      "type": "Feature",
      "properties": {
        "monotonic_time": 67014.01564514637,
        "horizontal_accuracy": 5.315456188347085,
        "speed": 22.579431333342786,
        "course": 104.47986640772731,
        "synthetic": false
      },
      "geometry": {
        "type": "Point",
        "coordinates": [
          30.28631597203148,
          59.880813270635244
        ]
      }
    },
    {
      "type": "Feature",
      "properties": {
        "monotonic_time": 67015.01562821865,
        "horizontal_accuracy": 5.085906345102078,
        "speed": 22.70555603307266,
        "course": 105.16449502271222,
        "synthetic": false
      },
      "geometry": {
        "type": "Point",
        "coordinates": [
          30.286707688635392,
          59.8807570221323
        ]
      }
    },
    {
      "type": "Feature",
      "properties": {
        "monotonic_time": 67016.0156108141,
        "horizontal_accuracy": 3.4649587669458293,
        "speed": 23.10357903812094,
        "course": 106.38318804899248,
        "synthetic": false
      },
      "geometry": {
        "type": "Point",
        "coordinates": [
          30.28710608997981,
          59.88069459361072
        ]
      }
    },
    {
      "type": "Feature",
      "properties": {
        "monotonic_time": 67017.01559507847,
        "horizontal_accuracy": 3.6763443411637104,
        "speed": 23.495354453950505,
        "course": 106.94505438163011,
        "synthetic": false
      },
      "geometry": {
        "type": "Point",
        "coordinates": [
          30.287512870373803,
          59.88063300627602
        ]
      }
    },
    {
      "type": "Feature",
      "properties": {
        "monotonic_time": 67018.01557803154,
        "horizontal_accuracy": 3.8372015719430927,
        "speed": 23.623698224530127,
        "course": 107.77429558063095,
        "synthetic": false
      },
      "geometry": {
        "type": "Point",
        "coordinates": [
          30.28791238950514,
          59.8805677369926
        ]
      }
    },
    {
      "type": "Feature",
      "properties": {
        "monotonic_time": 67019.01556169987,
        "horizontal_accuracy": 3.4920901278018475,
        "speed": 23.84713131924406,
        "course": 109.61640267433768,
        "synthetic": false
      },
      "geometry": {
        "type": "Point",
        "coordinates": [
          30.288308839354844,
          59.88049235291679
        ]
      }
    },
    {
      "type": "Feature",
      "properties": {
        "monotonic_time": 67020.01554512978,
        "horizontal_accuracy": 4.431741221866006,
        "speed": 24.048949632563673,
        "course": 111.59415030457623,
        "synthetic": false
      },
      "geometry": {
        "type": "Point",
        "coordinates": [
          30.28870891934623,
          59.88040813972011
        ]
      }
    },
    {
      "type": "Feature",
      "properties": {
        "monotonic_time": 67021.01552772522,
        "horizontal_accuracy": 4.045791913233825,
        "speed": 24.408460804831908,
        "course": 114.57940673828125,
        "synthetic": false
      },
      "geometry": {
        "type": "Point",
        "coordinates": [
          30.289111931298027,
          59.88031511466027
        ]
      }
    },
    {
      "type": "Feature",
      "properties": {
        "monotonic_time": 67022.01551127434,
        "horizontal_accuracy": 3.2268634305980433,
        "speed": 24.596131826562374,
        "course": 123.39846801757812,
        "synthetic": false
      },
      "geometry": {
        "type": "Point",
        "coordinates": [
          30.289502104625246,
          59.88021155708485
        ]
      }
    },
    {
      "type": "Feature",
      "properties": {
        "monotonic_time": 67023.01549506187,
        "horizontal_accuracy": 3.1934966836719636,
        "speed": 24.445459435247308,
        "course": 123.39846801757812,
        "synthetic": false
      },
      "geometry": {
        "type": "Point",
        "coordinates": [
          30.289872247968702,
          59.880102157213976
        ]
      }
    },
    {
      "type": "Feature",
      "properties": {
        "monotonic_time": 67024.01547789574,
        "horizontal_accuracy": 3.136612789119845,
        "speed": 24.28470463572439,
        "course": 123.22650146484375,
        "synthetic": false
      },
      "geometry": {
        "type": "Point",
        "coordinates": [
          30.290233204381995,
          59.8799849753117
        ]
      }
    },
    {
      "type": "Feature",
      "properties": {
        "monotonic_time": 67025.01546144485,
        "horizontal_accuracy": 3.1810731660851927,
        "speed": 24.36915184332348,
        "course": 123.34605407714844,
        "synthetic": false
      },
      "geometry": {
        "type": "Point",
        "coordinates": [
          30.29059675553835,
          59.87986082160862
        ]
      }
    },
    {
      "type": "Feature",
      "properties": {
        "monotonic_time": 67026.01544439793,
        "horizontal_accuracy": 3.089529527116033,
        "speed": 24.014240260003117,
        "course": 131.25360107421875,
        "synthetic": false
      },
      "geometry": {
        "type": "Point",
        "coordinates": [
          30.29093359264646,
          59.87973362845783
        ]
      }
    },
    {
      "type": "Feature",
      "properties": {
        "monotonic_time": 67027.01542842388,
        "horizontal_accuracy": 3.0399499445619416,
        "speed": 23.927211855079516,
        "course": 131.22024536132812,
        "synthetic": false
      },
      "geometry": {
        "type": "Point",
        "coordinates": [
          30.291262608179938,
          59.87960125655158
        ]
      }
    },
    {
      "type": "Feature",
      "properties": {
        "monotonic_time": 67028.01541173458,
        "horizontal_accuracy": 3.202197678915146,
        "speed": 23.287431020460158,
        "course": 131.22024536132812,
        "synthetic": false
      },
      "geometry": {
        "type": "Point",
        "coordinates": [
          30.291576639702644,
          59.87947242207647
        ]
      }
    },
    {
      "type": "Feature",
      "properties": {
        "monotonic_time": 67029.01539492607,
        "horizontal_accuracy": 2.944683683215708,
        "speed": 22.8294596442027,
        "course": 131.22024536132812,
        "synthetic": false
      },
      "geometry": {
        "type": "Point",
        "coordinates": [
          30.29186506768608,
          59.87933390317132
        ]
      }
    },
    {
      "type": "Feature",
      "properties": {
        "monotonic_time": 67030.01537883282,
        "horizontal_accuracy": 3.3971461593245964,
        "speed": 22.511705815624637,
        "course": 136.75018310546875,
        "synthetic": false
      },
      "geometry": {
        "type": "Point",
        "coordinates": [
          30.292131052435714,
          59.879184721733026
        ]
      }
    },
    {
      "type": "Feature",
      "properties": {
        "monotonic_time": 67031.0153619051,
        "horizontal_accuracy": 3.045389342694015,
        "speed": 22.771009743064976,
        "course": 141.77537536621094,
        "synthetic": false
      },
      "geometry": {
        "type": "Point",
        "coordinates": [
          30.292404260540003,
          59.87902899675779
        ]
      }
    },
    {
      "type": "Feature",
      "properties": {
        "monotonic_time": 67032.015345335,
        "horizontal_accuracy": 2.6055798768273335,
        "speed": 22.870341216800853,
        "course": 141.94415283203125,
        "synthetic": false
      },
      "geometry": {
        "type": "Point",
        "coordinates": [
          30.29266824538844,
          59.87887187434544
        ]
      }
    },
    {
      "type": "Feature",
      "properties": {
        "monotonic_time": 67033.0153286457,
        "horizontal_accuracy": 2.644344545491202,
        "speed": 23.117196321648358,
        "course": 146.2825469970703,
        "synthetic": false
      },
      "geometry": {
        "type": "Point",
        "coordinates": [
          30.292922318155078,
          59.87870579542053
        ]
      }
    },
    {
      "type": "Feature",
      "properties": {
        "monotonic_time": 67034.01531219482,
        "horizontal_accuracy": 2.547980006359534,
        "speed": 22.848594553417726,
        "course": 146.36724853515625,
        "synthetic": false
      },
      "geometry": {
        "type": "Point",
        "coordinates": [
          30.293156405284392,
          59.87853985970521
        ]
      }
    },
    {
      "type": "Feature",
      "properties": {
        "monotonic_time": 67035.01529490948,
        "horizontal_accuracy": 2.799628314059159,
        "speed": 22.766862568821583,
        "course": 146.31271362304688,
        "synthetic": false
      },
      "geometry": {
        "type": "Point",
        "coordinates": [
          30.293371363320087,
          59.87836770349432
        ]
      }
    },
    {
      "type": "Feature",
      "properties": {
        "monotonic_time": 67036.01163971424,
        "horizontal_accuracy": 2.7859243309813078,
        "speed": 22.90290828045139,
        "course": 151.8594512939453,
        "synthetic": false
      },
      "geometry": {
        "type": "Point",
        "coordinates": [
          30.293574018440736,
          59.878188167496575
        ]
      }
    },
    {
      "type": "Feature",
      "properties": {
        "monotonic_time": 67037.01213383675,
        "horizontal_accuracy": 2.500049196657109,
        "speed": 23.02077959086214,
        "course": 151.8594512939453,
        "synthetic": false
      },
      "geometry": {
        "type": "Point",
        "coordinates": [
          30.293775098422362,
          59.87800484471307
        ]
      }
    },
    {
      "type": "Feature",
      "properties": {
        "monotonic_time": 67038.01211714745,
        "horizontal_accuracy": 3.0893005715583843,
        "speed": 23.00101809012013,
        "course": 154.7491455078125,
        "synthetic": false
      },
      "geometry": {
        "type": "Point",
        "coordinates": [
          30.293959165669175,
          59.877818108103604
        ]
      }
    },
    {
      "type": "Feature",
      "properties": {
        "monotonic_time": 67039.01163423061,
        "horizontal_accuracy": 2.853926149061276,
        "speed": 23.087253476475574,
        "course": 154.7491455078125,
        "synthetic": false
      },
      "geometry": {
        "type": "Point",
        "coordinates": [
          30.29412803899543,
          59.8776262592362
        ]
      }
    },
    {
      "type": "Feature",
      "properties": {
        "monotonic_time": 67040.01182973385,
        "horizontal_accuracy": 3.0530174142854225,
        "speed": 22.983911363299278,
        "course": 154.7491455078125,
        "synthetic": false
      },
      "geometry": {
        "type": "Point",
        "coordinates": [
          30.294281834038003,
          59.87743541184733
        ]
      }
    },
    {
      "type": "Feature",
      "properties": {
        "monotonic_time": 67041.01181328297,
        "horizontal_accuracy": 3.3554620319110624,
        "speed": 23.087223513428054,
        "course": 162.1029052734375,
        "synthetic": false
      },
      "geometry": {
        "type": "Point",
        "coordinates": [
          30.294415489583077,
          59.87723883919431
        ]
      }
    },
    {
      "type": "Feature",
      "properties": {
        "monotonic_time": 67042.01171815395,
        "horizontal_accuracy": 3.3680136287154747,
        "speed": 23.089898340485572,
        "course": 163.7245330810547,
        "synthetic": false
      },
      "geometry": {
        "type": "Point",
        "coordinates": [
          30.294537366176968,
          59.87704036548351
        ]
      }
    },
    {
      "type": "Feature",
      "properties": {
        "monotonic_time": 67043.01183903217,
        "horizontal_accuracy": 3.251570208752584,
        "speed": 22.970981169488216,
        "course": 169.11724853515625,
        "synthetic": false
      },
      "geometry": {
        "type": "Point",
        "coordinates": [
          30.294648630409206,
          59.876842961427975
        ]
      }
    },
    {
      "type": "Feature",
      "properties": {
        "monotonic_time": 67044.01182281971,
        "horizontal_accuracy": 2.7266801407533006,
        "speed": 22.763528280103376,
        "course": 169.11724853515625,
        "synthetic": false
      },
      "geometry": {
        "type": "Point",
        "coordinates": [
          30.29475665239435,
          59.87664688691527
        ]
      }
    },
    {
      "type": "Feature",
      "properties": {
        "monotonic_time": 67045.01195955276,
        "horizontal_accuracy": 2.6895641519214455,
        "speed": 23.073268208337176,
        "course": 173.97543334960938,
        "synthetic": false
      },
      "geometry": {
        "type": "Point",
        "coordinates": [
          30.29483544188509,
          59.87644061418456
        ]
      }
    },
    {
      "type": "Feature",
      "properties": {
        "monotonic_time": 67046.0119446516,
        "horizontal_accuracy": 3.200627917244898,
        "speed": 23.364699981302902,
        "course": 173.97543334960938,
        "synthetic": false
      },
      "geometry": {
        "type": "Point",
        "coordinates": [
          30.294891388074863,
          59.876229720500874
        ]
      }
    },
    {
      "type": "Feature",
      "properties": {
        "monotonic_time": 67047.01192831993,
        "horizontal_accuracy": 3.5646534337861575,
        "speed": 23.91404547685594,
        "course": 173.97543334960938,
        "synthetic": false
      },
      "geometry": {
        "type": "Point",
        "coordinates": [
          30.294920865563142,
          59.876011054131176
        ]
      }
    },
    {
      "type": "Feature",
      "properties": {
        "monotonic_time": 67048.01120877266,
        "horizontal_accuracy": 2.999872201860956,
        "speed": 23.847225176553852,
        "course": 175.2095489501953,
        "synthetic": false
      },
      "geometry": {
        "type": "Point",
        "coordinates": [
          30.294930542477946,
          59.87579499382418
        ]
      }
    },
    {
      "type": "Feature",
      "properties": {
        "monotonic_time": 67049.01068294048,
        "horizontal_accuracy": 2.846490705047345,
        "speed": 23.591101835548855,
        "course": 175.96974182128906,
        "synthetic": false
      },
      "geometry": {
        "type": "Point",
        "coordinates": [
          30.294955085020806,
          59.87558317839206
        ]
      }
    },
    {
      "type": "Feature",
      "properties": {
        "monotonic_time": 67050.01066565514,
        "horizontal_accuracy": 3.1063430824261404,
        "speed": 23.344286511298936,
        "course": 176.11898803710938,
        "synthetic": false
      },
      "geometry": {
        "type": "Point",
        "coordinates": [
          30.294961218335757,
          59.87537423320451
        ]
      }
    },
    {
      "type": "Feature",
      "properties": {
        "monotonic_time": 67051.01064920425,
        "horizontal_accuracy": 3.237472567332646,
        "speed": 21.60212237603795,
        "course": 175.6834716796875,
        "synthetic": false
      },
      "geometry": {
        "type": "Point",
        "coordinates": [
          30.29497218736293,
          59.87519180608374
        ]
      }
    },
    {
      "type": "Feature",
      "properties": {
        "monotonic_time": 67052.01063239574,
        "horizontal_accuracy": 3.238807882905785,
        "speed": 21.68142456654458,
        "course": 170.85238647460938,
        "synthetic": false
      },
      "geometry": {
        "type": "Point",
        "coordinates": [
          30.294977634026345,
          59.87499657810982
        ]
      }
    },
    {
      "type": "Feature",
      "properties": {
        "monotonic_time": 67053.01061606407,
        "horizontal_accuracy": 3.292845197291707,
        "speed": 22.210362668680165,
        "course": 177.7092891322304,
        "synthetic": false
      },
      "geometry": {
        "type": "Point",
        "coordinates": [
          30.294987850821645,
          59.874794662207286
        ]
      }
    },
    {
      "type": "Feature",
      "properties": {
        "monotonic_time": 67054.01059901714,
        "horizontal_accuracy": 3.2080887971877616,
        "speed": 22.278501719921415,
        "course": 177.09974910614028,
        "synthetic": false
      },
      "geometry": {
        "type": "Point",
        "coordinates": [
          30.29500477914279,
          59.874594743934274
        ]
      }
    },
    {
      "type": "Feature",
      "properties": {
        "monotonic_time": 67055.0105830431,
        "horizontal_accuracy": 3.1470183128875573,
        "speed": 22.346091995712698,
        "course": 178.10212217988797,
        "synthetic": false
      },
      "geometry": {
        "type": "Point",
        "coordinates": [
          30.295008524316167,
          59.87439291337311
        ]
      }
    },
    {
      "type": "Feature",
      "properties": {
        "monotonic_time": 67056.010566473,
        "horizontal_accuracy": 3.088432476272343,
        "speed": 21.38277336096004,
        "course": 179.32811765618442,
        "synthetic": false
      },
      "geometry": {
        "type": "Point",
        "coordinates": [
          30.29499990603773,
          59.874206091316225
        ]
      }
    },
    {
      "type": "Feature",
      "properties": {
        "monotonic_time": 67057.01054918766,
        "horizontal_accuracy": 3.4827820084962053,
        "speed": 19.880857791438498,
        "course": 180.2666265710125,
        "synthetic": false
      },
      "geometry": {
        "type": "Point",
        "coordinates": [
          30.294983839558814,
          59.87403738894832
        ]
      }
    },
    {
      "type": "Feature",
      "properties": {
        "monotonic_time": 67058.01053285599,
        "horizontal_accuracy": 2.990115757847465,
        "speed": 18.085951420926442,
        "course": 182.02089462205788,
        "synthetic": false
      },
      "geometry": {
        "type": "Point",
        "coordinates": [
          30.29495991376953,
          59.87388712909387
        ]
      }
    },
    {
      "type": "Feature",
      "properties": {
        "monotonic_time": 67059.01051652431,
        "horizontal_accuracy": 2.923297349708162,
        "speed": 16.440648112886915,
        "course": 182.02155550065785,
        "synthetic": false
      },
      "geometry": {
        "type": "Point",
        "coordinates": [
          30.294942651994575,
          59.873750792113334
        ]
      }
    },
    {
      "type": "Feature",
      "properties": {
        "monotonic_time": 67060.01049935818,
        "horizontal_accuracy": 3.1996549471448157,
        "speed": 13.822252303488057,
        "course": 183.2992158729268,
        "synthetic": false
      },
      "geometry": {
        "type": "Point",
        "coordinates": [
          30.29491734593576,
          59.873646881588186
        ]
      }
    },
    {
      "type": "Feature",
      "properties": {
        "monotonic_time": 67061.01048254967,
        "horizontal_accuracy": 3.275842193679897,
        "speed": 11.85393392143016,
        "course": 185.35133513761795,
        "synthetic": false
      },
      "geometry": {
        "type": "Point",
        "coordinates": [
          30.29488778110894,
          59.873554991090366
        ]
      }
    },
    {
      "type": "Feature",
      "properties": {
        "monotonic_time": 67062.010466218,
        "horizontal_accuracy": 3.0453797476045783,
        "speed": 9.825539623751745,
        "course": 187.1473519624847,
        "synthetic": false
      },
      "geometry": {
        "type": "Point",
        "coordinates": [
          30.294863724151504,
          59.87348248142774
        ]
      }
    },
    {
      "type": "Feature",
      "properties": {
        "monotonic_time": 67063.01044988632,
        "horizontal_accuracy": 3.387407608711638,
        "speed": 7.900207909049728,
        "course": 185.94876395017457,
        "synthetic": false
      },
      "geometry": {
        "type": "Point",
        "coordinates": [
          30.294852193804115,
          59.873426380485206
        ]
      }
    },
    {
      "type": "Feature",
      "properties": {
        "monotonic_time": 67064.01043272018,
        "horizontal_accuracy": 3.4437184522903417,
        "speed": 7.356802478202242,
        "course": 187.71080424724235,
        "synthetic": false
      },
      "geometry": {
        "type": "Point",
        "coordinates": [
          30.294832824634604,
          59.87336833473775
        ]
      }
    },
    {
      "type": "Feature",
      "properties": {
        "monotonic_time": 67065.01041662693,
        "horizontal_accuracy": 3.370967129071557,
        "speed": 7.707408021721352,
        "course": 190.48667934234476,
        "synthetic": false
      },
      "geometry": {
        "type": "Point",
        "coordinates": [
          30.29480158261692,
          59.87330193688021
        ]
      }
    },
    {
      "type": "Feature",
      "properties": {
        "monotonic_time": 67066.01039981842,
        "horizontal_accuracy": 3.3805180529214676,
        "speed": 8.836641867567783,
        "course": 196.29016419583928,
        "synthetic": false
      },
      "geometry": {
        "type": "Point",
        "coordinates": [
          30.29474266292573,
          59.87322198795726
        ]
      }
    },
    {
      "type": "Feature",
      "properties": {
        "monotonic_time": 67067.01038277149,
        "horizontal_accuracy": 14.04949469227768,
        "speed": 9.148863379383172,
        "course": 188.07440185546875,
        "synthetic": false
      },
      "geometry": {
        "type": "Point",
        "coordinates": [
          30.294885652106007,
          59.87313542222998
        ]
      }
    },
    {
      "type": "Feature",
      "properties": {
        "monotonic_time": 67068.01036643982,
        "horizontal_accuracy": 6.980216886392586,
        "speed": 10.09201509524647,
        "course": 230.2973175048828,
        "synthetic": false
      },
      "geometry": {
        "type": "Point",
        "coordinates": [
          30.29440884659084,
          59.873140706246666
        ]
      }
    },
    {
      "type": "Feature",
      "properties": {
        "monotonic_time": 67069.01035010815,
        "horizontal_accuracy": 7.905103148317571,
        "speed": 10.755434663233007,
        "course": 248.6007537841797,
        "synthetic": false
      },
      "geometry": {
        "type": "Point",
        "coordinates": [
          30.29423221540375,
          59.87311753616452
        ]
      }
    },
    {
      "type": "Feature",
      "properties": {
        "monotonic_time": 67070.01033365726,
        "horizontal_accuracy": 8.14797570910181,
        "speed": 11.496204558109502,
        "course": 267.1890563964844,
        "synthetic": false
      },
      "geometry": {
        "type": "Point",
        "coordinates": [
          30.29404393217226,
          59.873116614464934
        ]
      }
    },
    {
      "type": "Feature",
      "properties": {
        "monotonic_time": 67071.01031672955,
        "horizontal_accuracy": 7.969754428271825,
        "speed": 11.520315086723663,
        "course": 287.1505126953125,
        "synthetic": false
      },
      "geometry": {
        "type": "Point",
        "coordinates": [
          30.293874603806586,
          59.873142363723204
        ]
      }
    },
    {
      "type": "Feature",
      "properties": {
        "monotonic_time": 67072.01030015945,
        "horizontal_accuracy": 7.446887989570006,
        "speed": 12.284430024360866,
        "course": 304.7982177734375,
        "synthetic": false
      },
      "geometry": {
        "type": "Point",
        "coordinates": [
          30.293697783127676,
          59.873200359464064
        ]
      }
    },
    {
      "type": "Feature",
      "properties": {
        "monotonic_time": 67073.01028287411,
        "horizontal_accuracy": 5.772149082357891,
        "speed": 12.37705421503627,
        "course": 321.3741149902344,
        "synthetic": false
      },
      "geometry": {
        "type": "Point",
        "coordinates": [
          30.29356712236989,
          59.873284868874755
        ]
      }
    },
    {
      "type": "Feature",
      "properties": {
        "monotonic_time": 67074.01026701927,
        "horizontal_accuracy": 4.118677837381785,
        "speed": 12.959617472824993,
        "course": 335.6315002441406,
        "synthetic": false
      },
      "geometry": {
        "type": "Point",
        "coordinates": [
          30.293482322225888,
          59.87339461829266
        ]
      }
    },
    {
      "type": "Feature",
      "properties": {
        "monotonic_time": 67075.01024961472,
        "horizontal_accuracy": 4.344891501059554,
        "speed": 12.967877405530471,
        "course": 355.8968200683594,
        "synthetic": false
      },
      "geometry": {
        "type": "Point",
        "coordinates": [
          30.29349349717561,
          59.873510318840346
        ]
      }
    },
    {
      "type": "Feature",
      "properties": {
        "monotonic_time": 67076.01023304462,
        "horizontal_accuracy": 3.353867740648449,
        "speed": 13.480431963839568,
        "course": 8.647846221923828,
        "synthetic": false
      },
      "geometry": {
        "type": "Point",
        "coordinates": [
          30.29352276280881,
          59.87363918005385
        ]
      }
    },
    {
      "type": "Feature",
      "properties": {
        "monotonic_time": 67077.01021707058,
        "horizontal_accuracy": 3.607169509143052,
        "speed": 12.721080045050552,
        "course": 8.647846221923828,
        "synthetic": false
      },
      "geometry": {
        "type": "Point",
        "coordinates": [
          30.293528845819218,
          59.873759342613745
        ]
      }
    },
    {
      "type": "Feature",
      "properties": {
        "monotonic_time": 67078.01019978523,
        "horizontal_accuracy": 2.9979806315966164,
        "speed": 10.776195615254414,
        "course": 8.647846221923828,
        "synthetic": false
      },
      "geometry": {
        "type": "Point",
        "coordinates": [
          30.293560551685726,
          59.87385216960886
        ]
      }
    },
    {
      "type": "Feature",
      "properties": {
        "monotonic_time": 67079.01018357277,
        "horizontal_accuracy": 2.6219064261908156,
        "speed": 8.77312368483779,
        "course": 8.647846221923828,
        "synthetic": false
      },
      "geometry": {
        "type": "Point",
        "coordinates": [
          30.293581727860413,
          59.873925207008945
        ]
      }
    },
    {
      "type": "Feature",
      "properties": {
        "monotonic_time": 67080.01016664505,
        "horizontal_accuracy": 2.603123052848316,
        "speed": 6.826589910227367,
        "course": 8.647846221923828,
        "synthetic": false
      },
      "geometry": {
        "type": "Point",
        "coordinates": [
          30.293597971690513,
          59.87397737978332
        ]
      }
    },
    {
      "type": "Feature",
      "properties": {
        "monotonic_time": 67081.01015019417,
        "horizontal_accuracy": 2.450286808446491,
        "speed": 5.462977681289492,
        "course": 8.647846221923828,
        "synthetic": false
      },
      "geometry": {
        "type": "Point",
        "coordinates": [
          30.293613481746448,
          59.87401967888155
        ]
      }
    },
    {
      "type": "Feature",
      "properties": {
        "monotonic_time": 67082.01013374329,
        "horizontal_accuracy": 2.5261219521314002,
        "speed": 4.804306714533598,
        "course": 8.647846221923828,
        "synthetic": false
      },
      "geometry": {
        "type": "Point",
        "coordinates": [
          30.293631382268583,
          59.874059423133716
        ]
      }
    },
    {
      "type": "Feature",
      "properties": {
        "monotonic_time": 67083.0101171732,
        "horizontal_accuracy": 2.572909893333386,
        "speed": 4.754447689220163,
        "course": 8.647846221923828,
        "synthetic": false
      },
      "geometry": {
        "type": "Point",
        "coordinates": [
          30.293651860299676,
          59.87410368943743
        ]
      }
    },
    {
      "type": "Feature",
      "properties": {
        "monotonic_time": 67084.0101004839,
        "horizontal_accuracy": 2.5901367171633014,
        "speed": 5.360806964220317,
        "course": 8.615705490112305,
        "synthetic": false
      },
      "geometry": {
        "type": "Point",
        "coordinates": [
          30.29368782905338,
          59.87415426906781
        ]
      }
    },
    {
      "type": "Feature",
      "properties": {
        "monotonic_time": 67085.01008319855,
        "horizontal_accuracy": 2.5163696153261617,
        "speed": 6.014547467133113,
        "course": 8.615705490112305,
        "synthetic": false
      },
      "geometry": {
        "type": "Point",
        "coordinates": [
          30.293723230294983,
          59.8742096824595
        ]
      }
    },
    {
      "type": "Feature",
      "properties": {
        "monotonic_time": 67086.0100672245,
        "horizontal_accuracy": 2.5041761217365464,
        "speed": 6.390595774139637,
        "course": 8.615705490112305,
        "synthetic": false
      },
      "geometry": {
        "type": "Point",
        "coordinates": [
          30.29375196279655,
          59.87426971096858
        ]
      }
    },
    {
      "type": "Feature",
      "properties": {
        "monotonic_time": 67087.01005065441,
        "horizontal_accuracy": 2.4865294920656247,
        "speed": 6.328526154584617,
        "course": 8.615705490112305,
        "synthetic": false
      },
      "geometry": {
        "type": "Point",
        "coordinates": [
          30.293771742110597,
          59.874326959965835
        ]
      }
    },
    {
      "type": "Feature",
      "properties": {
        "monotonic_time": 67088.01003360748,
        "horizontal_accuracy": 2.6029500459521238,
        "speed": 5.789757354081205,
        "course": 8.615705490112305,
        "synthetic": false
      },
      "geometry": {
        "type": "Point",
        "coordinates": [
          30.293790820986032,
          59.874377591596485
        ]
      }
    },
    {
      "type": "Feature",
      "properties": {
        "monotonic_time": 67089.01001739502,
        "horizontal_accuracy": 2.6242310191620435,
        "speed": 4.888317919947496,
        "course": 9.114951133728027,
        "synthetic": false
      },
      "geometry": {
        "type": "Point",
        "coordinates": [
          30.293798089010995,
          59.8744158617792
        ]
      }
    },
    {
      "type": "Feature",
      "properties": {
        "monotonic_time": 67090.00999999046,
        "horizontal_accuracy": 2.7965961904540477,
        "speed": 3.6433705462122834,
        "course": 9.114951133728027,
        "synthetic": false
      },
      "geometry": {
        "type": "Point",
        "coordinates": [
          30.2938125540271,
          59.87443974051946
        ]
      }
    },
    {
      "type": "Feature",
      "properties": {
        "monotonic_time": 67091.00998342037,
        "horizontal_accuracy": 2.8112640766719843,
        "speed": 2.7206749383919453,
        "course": 9.114951133728027,
        "synthetic": false
      },
      "geometry": {
        "type": "Point",
        "coordinates": [
          30.293815621014758,
          59.87445676143796
        ]
      }
    },
    {
      "type": "Feature",
      "properties": {
        "monotonic_time": 67092.00996756554,
        "horizontal_accuracy": 2.8217117693987355,
        "speed": 1.6775785381329766,
        "course": 9.114951133728027,
        "synthetic": false
      },
      "geometry": {
        "type": "Point",
        "coordinates": [
          30.293817737315656,
          59.87446552047949
        ]
      }
    },
    {
      "type": "Feature",
      "properties": {
        "monotonic_time": 67093.00995028019,
        "horizontal_accuracy": 2.8797558641440637,
        "speed": 1.1925080028084063,
        "course": 9.114951133728027,
        "synthetic": false
      },
      "geometry": {
        "type": "Point",
        "coordinates": [
          30.293823858035204,
          59.874472260503246
        ]
      }
    },
    {
      "type": "Feature",
      "properties": {
        "monotonic_time": 67094.00993394852,
        "horizontal_accuracy": 3.0504680625676017,
        "speed": 0.8525265283278212,
        "course": 9.114951133728027,
        "synthetic": false
      },
      "geometry": {
        "type": "Point",
        "coordinates": [
          30.293831911402727,
          59.8744744507092
        ]
      }
    },
    {
      "type": "Feature",
      "properties": {
        "monotonic_time": 67095.00991725922,
        "horizontal_accuracy": 3.336064813777293,
        "speed": 0.801698620446924,
        "course": 9.114951133728027,
        "synthetic": false
      },
      "geometry": {
        "type": "Point",
        "coordinates": [
          30.293835796237733,
          59.87448301462088
        ]
      }
    },
    {
      "type": "Feature",
      "properties": {
        "monotonic_time": 67096.0099004507,
        "horizontal_accuracy": 3.3693858384224797,
        "speed": 1.0105934859313015,
        "course": 9.114951133728027,
        "synthetic": false
      },
      "geometry": {
        "type": "Point",
        "coordinates": [
          30.293837151416074,
          59.874497366591854
        ]
      }
    },
    {
      "type": "Feature",
      "properties": {
        "monotonic_time": 67097.0098837614,
        "horizontal_accuracy": 3.7883446986287663,
        "speed": 0.936525000927159,
        "course": 9.114951133728027,
        "synthetic": false
      },
      "geometry": {
        "type": "Point",
        "coordinates": [
          30.293842493035573,
          59.87450763267476
        ]
      }
    },
    {
      "type": "Feature",
      "properties": {
        "monotonic_time": 67098.0098670721,
        "horizontal_accuracy": 4.0900692505034195,
        "speed": 0.863965649528984,
        "course": 9.200522422790527,
        "synthetic": false
      },
      "geometry": {
        "type": "Point",
        "coordinates": [
          30.29384188711424,
          59.87452116420959
        ]
      }
    },
    {
      "type": "Feature",
      "properties": {
        "monotonic_time": 67099.0098503828,
        "horizontal_accuracy": 4.2767259835745275,
        "speed": 1.1360193675149133,
        "course": 9.200522422790527,
        "synthetic": false
      },
      "geometry": {
        "type": "Point",
        "coordinates": [
          30.29384304895082,
          59.87453776644577
        ]
      }
    },
    {
      "type": "Feature",
      "properties": {
        "monotonic_time": 67100.00983393192,
        "horizontal_accuracy": 4.515003607500675,
        "speed": 0.5345621824584765,
        "course": 9.200522422790527,
        "synthetic": false
      },
      "geometry": {
        "type": "Point",
        "coordinates": [
          30.293842341896315,
          59.87453963672364
        ]
      }
    },
    {
      "type": "Feature",
      "properties": {
        "monotonic_time": 67101.00981771946,
        "horizontal_accuracy": 4.9461341468305315,
        "speed": 0.44635540624057457,
        "course": 9.200522422790527,
        "synthetic": false
      },
      "geometry": {
        "type": "Point",
        "coordinates": [
          30.293841630845016,
          59.87454319955387
        ]
      }
    },
    {
      "type": "Feature",
      "properties": {
        "monotonic_time": 67102.00980103016,
        "horizontal_accuracy": 5.3812756547451635,
        "speed": 0.10480692479058176,
        "course": 9.200522422790527,
        "synthetic": false
      },
      "geometry": {
        "type": "Point",
        "coordinates": [
          30.293846673146945,
          59.87454317083668
        ]
      }
    },
    {
      "type": "Feature",
      "properties": {
        "monotonic_time": 67103.0097836256,
        "horizontal_accuracy": 5.639984402809905,
        "speed": 0,
        "course": 9.200522422790527,
        "synthetic": false
      },
      "geometry": {
        "type": "Point",
        "coordinates": [
          30.293846673146945,
          59.87454317083668
        ]
      }
    },
    {
      "type": "Feature",
      "properties": {
        "monotonic_time": 67104.00976777077,
        "horizontal_accuracy": 5.990651672588942,
        "speed": 0,
        "course": 9.200522422790527,
        "synthetic": false
      },
      "geometry": {
        "type": "Point",
        "coordinates": [
          30.293846673146945,
          59.87454317083668
        ]
      }
    },
    {
      "type": "Feature",
      "properties": {
        "monotonic_time": 67105.00975036621,
        "horizontal_accuracy": 6.32340445039283,
        "speed": 0,
        "course": 9.200522422790527,
        "synthetic": false
      },
      "geometry": {
        "type": "Point",
        "coordinates": [
          30.293846673146945,
          59.87454317083668
        ]
      }
    },
    {
      "type": "Feature",
      "properties": {
        "monotonic_time": 67106.00973415375,
        "horizontal_accuracy": 6.567672192940804,
        "speed": 0,
        "course": 9.200522422790527,
        "synthetic": false
      },
      "geometry": {
        "type": "Point",
        "coordinates": [
          30.293846673146945,
          59.87454317083668
        ]
      }
    },
    {
      "type": "Feature",
      "properties": {
        "monotonic_time": 67107.00971746445,
        "horizontal_accuracy": 6.546411163950572,
        "speed": 0,
        "course": 9.200522422790527,
        "synthetic": false
      },
      "geometry": {
        "type": "Point",
        "coordinates": [
          30.293864126023976,
          59.87455240670525
        ]
      }
    },
    {
      "type": "Feature",
      "properties": {
        "monotonic_time": 67108.00970125198,
        "horizontal_accuracy": 6.60962230702571,
        "speed": 0,
        "course": 9.200522422790527,
        "synthetic": false
      },
      "geometry": {
        "type": "Point",
        "coordinates": [
          30.293864126023976,
          59.87455240670525
        ]
      }
    },
    {
      "type": "Feature",
      "properties": {
        "monotonic_time": 67109.00968384743,
        "horizontal_accuracy": 6.747203843704112,
        "speed": 0,
        "course": 9.200522422790527,
        "synthetic": false
      },
      "geometry": {
        "type": "Point",
        "coordinates": [
          30.293864126023976,
          59.87455240670525
        ]
      }
    },
    {
      "type": "Feature",
      "properties": {
        "monotonic_time": 67110.00966799259,
        "horizontal_accuracy": 6.76000284139328,
        "speed": 0,
        "course": 9.200522422790527,
        "synthetic": false
      },
      "geometry": {
        "type": "Point",
        "coordinates": [
          30.293864126023976,
          59.87455240670525
        ]
      }
    },
    {
      "type": "Feature",
      "properties": {
        "monotonic_time": 67111.00965082645,
        "horizontal_accuracy": 6.5993811816609655,
        "speed": 0,
        "course": 9.200522422790527,
        "synthetic": false
      },
      "geometry": {
        "type": "Point",
        "coordinates": [
          30.293864126023976,
          59.87455240670525
        ]
      }
    },
    {
      "type": "Feature",
      "properties": {
        "monotonic_time": 67112.00963437557,
        "horizontal_accuracy": 6.717755526776454,
        "speed": 0,
        "course": 9.200522422790527,
        "synthetic": false
      },
      "geometry": {
        "type": "Point",
        "coordinates": [
          30.293864126023976,
          59.87455240670525
        ]
      }
    },
    {
      "type": "Feature",
      "properties": {
        "monotonic_time": 67113.00961744785,
        "horizontal_accuracy": 6.6510783092007735,
        "speed": 0,
        "course": 9.200522422790527,
        "synthetic": false
      },
      "geometry": {
        "type": "Point",
        "coordinates": [
          30.293864126023976,
          59.87455240670525
        ]
      }
    },
    {
      "type": "Feature",
      "properties": {
        "monotonic_time": 67114.00960099697,
        "horizontal_accuracy": 6.604342396887057,
        "speed": 0,
        "course": 9.200522422790527,
        "synthetic": false
      },
      "geometry": {
        "type": "Point",
        "coordinates": [
          30.293864126023976,
          59.87455240670525
        ]
      }
    },
    {
      "type": "Feature",
      "properties": {
        "monotonic_time": 67115.00958395004,
        "horizontal_accuracy": 6.5284148373036235,
        "speed": 0,
        "course": 9.200522422790527,
        "synthetic": false
      },
      "geometry": {
        "type": "Point",
        "coordinates": [
          30.293864126023976,
          59.87455240670525
        ]
      }
    },
    {
      "type": "Feature",
      "properties": {
        "monotonic_time": 67116.00956773758,
        "horizontal_accuracy": 6.562849759716121,
        "speed": 0,
        "course": 9.200522422790527,
        "synthetic": false
      },
      "geometry": {
        "type": "Point",
        "coordinates": [
          30.293864126023976,
          59.87455240670525
        ]
      }
    },
    {
      "type": "Feature",
      "properties": {
        "monotonic_time": 67117.00955092907,
        "horizontal_accuracy": 6.679831181086424,
        "speed": 0,
        "course": 9.200522422790527,
        "synthetic": false
      },
      "geometry": {
        "type": "Point",
        "coordinates": [
          30.293864126023976,
          59.87455240670525
        ]
      }
    },
    {
      "type": "Feature",
      "properties": {
        "monotonic_time": 67118.00953435898,
        "horizontal_accuracy": 6.755218547645331,
        "speed": 0,
        "course": 9.200522422790527,
        "synthetic": false
      },
      "geometry": {
        "type": "Point",
        "coordinates": [
          30.293864126023976,
          59.87455240670525
        ]
      }
    },
    {
      "type": "Feature",
      "properties": {
        "monotonic_time": 67119.00951731205,
        "horizontal_accuracy": 6.824530754414648,
        "speed": 0,
        "course": 9.200522422790527,
        "synthetic": false
      },
      "geometry": {
        "type": "Point",
        "coordinates": [
          30.293864126023976,
          59.87455240670525
        ]
      }
    },
    {
      "type": "Feature",
      "properties": {
        "monotonic_time": 67120.00950086117,
        "horizontal_accuracy": 6.95509136280891,
        "speed": 0,
        "course": 9.200522422790527,
        "synthetic": false
      },
      "geometry": {
        "type": "Point",
        "coordinates": [
          30.293864126023976,
          59.87455240670525
        ]
      }
    },
    {
      "type": "Feature",
      "properties": {
        "monotonic_time": 67121.00948429108,
        "horizontal_accuracy": 7.07129582004026,
        "speed": 0.000641840536811166,
        "course": 9.200522422790527,
        "synthetic": false
      },
      "geometry": {
        "type": "Point",
        "coordinates": [
          30.293876773380312,
          59.87457028228688
        ]
      }
    },
    {
      "type": "Feature",
      "properties": {
        "monotonic_time": 67122.0094678402,
        "horizontal_accuracy": 7.0215725160293685,
        "speed": 0.20384392825039613,
        "course": 9.200522422790527,
        "synthetic": false
      },
      "geometry": {
        "type": "Point",
        "coordinates": [
          30.293877558411676,
          59.87457146708985
        ]
      }
    },
    {
      "type": "Feature",
      "properties": {
        "monotonic_time": 67123.00945055485,
        "horizontal_accuracy": 7.015977161075758,
        "speed": 1.3361734987238427,
        "course": 9.200522422790527,
        "synthetic": false
      },
      "geometry": {
        "type": "Point",
        "coordinates": [
          30.293873581935316,
          59.874590578577845
        ]
      }
    },
    {
      "type": "Feature",
      "properties": {
        "monotonic_time": 67124.00943422318,
        "horizontal_accuracy": 6.998008273132613,
        "speed": 2.197993955024624,
        "course": 9.200522422790527,
        "synthetic": false
      },
      "geometry": {
        "type": "Point",
        "coordinates": [
          30.29388322280437,
          59.874616633353675
        ]
      }
    },
    {
      "type": "Feature",
      "properties": {
        "monotonic_time": 67125.00941824913,
        "horizontal_accuracy": 7.091625409071808,
        "speed": 3.867707946334365,
        "course": 14.543737411499023,
        "synthetic": false
      },
      "geometry": {
        "type": "Point",
        "coordinates": [
          30.293914097795877,
          59.8746596201929
        ]
      }
    },
    {
      "type": "Feature",
      "properties": {
        "monotonic_time": 67126.00940155983,
        "horizontal_accuracy": 6.904156857753636,
        "speed": 5.7320741840385345,
        "course": 14.543737411499023,
        "synthetic": false
      },
      "geometry": {
        "type": "Point",
        "coordinates": [
          30.293940219739103,
          59.8747225252547
        ]
      }
    },
    {
      "type": "Feature",
      "properties": {
        "monotonic_time": 67127.00938415527,
        "horizontal_accuracy": 6.610818958353434,
        "speed": 7.315740230176797,
        "course": 22.633647918701172,
        "synthetic": false
      },
      "geometry": {
        "type": "Point",
        "coordinates": [
          30.293990075023025,
          59.87479653671598
        ]
      }
    },
    {
      "type": "Feature",
      "properties": {
        "monotonic_time": 67128.0093678236,
        "horizontal_accuracy": 5.718111373036082,
        "speed": 8.038986536729574,
        "course": 28.03705596923828,
        "synthetic": false
      },
      "geometry": {
        "type": "Point",
        "coordinates": [
          30.294063180524773,
          59.87486682881204
        ]
      }
    },
    {
      "type": "Feature",
      "properties": {
        "monotonic_time": 67129.00935161114,
        "horizontal_accuracy": 4.59131467581967,
        "speed": 9.40407806154135,
        "course": 28.03705596923828,
        "synthetic": false
      },
      "geometry": {
        "type": "Point",
        "coordinates": [
          30.294154610803854,
          59.874951296976086
        ]
      }
    },
    {
      "type": "Feature",
      "properties": {
        "monotonic_time": 67130.00933527946,
        "horizontal_accuracy": 4.226095766191292,
        "speed": 10.405958926114097,
        "course": 33.36419677734375,
        "synthetic": false
      },
      "geometry": {
        "type": "Point",
        "coordinates": [
          30.294269204096082,
          59.8750358591667
        ]
      }
    },
    {
      "type": "Feature",
      "properties": {
        "monotonic_time": 67131.00931763649,
        "horizontal_accuracy": 3.5956964938405487,
        "speed": 11.4876066966064,
        "course": 42.10211944580078,
        "synthetic": false
      },
      "geometry": {
        "type": "Point",
        "coordinates": [
          30.29440150732848,
          59.87512330763108
        ]
      }
    },
    {
      "type": "Feature",
      "properties": {
        "monotonic_time": 67132.00930166245,
        "horizontal_accuracy": 3.6424968755113993,
        "speed": 11.906780118600826,
        "course": 48.38533401489258,
        "synthetic": false
      },
      "geometry": {
        "type": "Point",
        "coordinates": [
          30.29455260429806,
          59.87520652140076
        ]
      }
    },
    {
      "type": "Feature",
      "properties": {
        "monotonic_time": 67133.00928533077,
        "horizontal_accuracy": 3.1307848770637294,
        "speed": 11.726902559997127,
        "course": 54.647979736328125,
        "synthetic": false
      },
      "geometry": {
        "type": "Point",
        "coordinates": [
          30.294712381749733,
          59.87527573284532
        ]
      }
    },
    {
      "type": "Feature",
      "properties": {
        "monotonic_time": 67134.00926756859,
        "horizontal_accuracy": 3.576975991016746,
        "speed": 11.238056834776495,
        "course": 54.647979736328125,
        "synthetic": false
      },
      "geometry": {
        "type": "Point",
        "coordinates": [
          30.294879142277118,
          59.875325859572726
        ]
      }
    },
    {
      "type": "Feature",
      "properties": {
        "monotonic_time": 67135.00925147533,
        "horizontal_accuracy": 4.336436370474906,
        "speed": 11.295228208665272,
        "course": 66.3015365600586,
        "synthetic": false
      },
      "geometry": {
        "type": "Point",
        "coordinates": [
          30.295060619048417,
          59.87537521692645
        ]
      }
    },
    {
      "type": "Feature",
      "properties": {
        "monotonic_time": 67136.00923478603,
        "horizontal_accuracy": 5.863127626867012,
        "speed": 11.500754712555358,
        "course": 77.02154541015625,
        "synthetic": false
      },
      "geometry": {
        "type": "Point",
        "coordinates": [
          30.295253529692847,
          59.87540900629604
        ]
      }
    },
    {
      "type": "Feature",
      "properties": {
        "monotonic_time": 67137.0092177391,
        "horizontal_accuracy": 7.123701351396395,
        "speed": 11.996473144408197,
        "course": 81.7361831665039,
        "synthetic": false
      },
      "geometry": {
        "type": "Point",
        "coordinates": [
          30.295474445062364,
          59.87542940346126
        ]
      }
    },
    {
      "type": "Feature",
      "properties": {
        "monotonic_time": 67138.00920152664,
        "horizontal_accuracy": 7.227715038171304,
        "speed": 13.326176070154341,
        "course": 85.40162658691406,
        "synthetic": false
      },
      "geometry": {
        "type": "Point",
        "coordinates": [
          30.295786060220816,
          59.87544723821469
        ]
      }
    },
    {
      "type": "Feature",
      "properties": {
        "monotonic_time": 67139.00918519497,
        "horizontal_accuracy": 6.119321199121417,
        "speed": 13.8986400859619,
        "course": 88.1580581665039,
        "synthetic": false
      },
      "geometry": {
        "type": "Point",
        "coordinates": [
          30.29609706297921,
          59.87545606732454
        ]
      }
    },
    {
      "type": "Feature",
      "properties": {
        "monotonic_time": 67140.00916838646,
        "horizontal_accuracy": 5.110018002897236,
        "speed": 12.642108726042439,
        "course": 88.1580581665039,
        "synthetic": false
      },
      "geometry": {
        "type": "Point",
        "coordinates": [
          30.296328569967685,
          59.87545606445488
        ]
      }
    },
    {
      "type": "Feature",
      "properties": {
        "monotonic_time": 67141.00915169716,
        "horizontal_accuracy": 4.454149767078362,
        "speed": 11.02575544840535,
        "course": 88.16426086425781,
        "synthetic": false
      },
      "geometry": {
        "type": "Point",
        "coordinates": [
          30.296509290160735,
          59.87545023044311
        ]
      }
    },
    {
      "type": "Feature",
      "properties": {
        "monotonic_time": 67142.00913536549,
        "horizontal_accuracy": 4.022981425477865,
        "speed": 9.704355827198595,
        "course": 88.16426086425781,
        "synthetic": false
      },
      "geometry": {
        "type": "Point",
        "coordinates": [
          30.29667280931428,
          59.875445379247054
        ]
      }
    },
    {
      "type": "Feature",
      "properties": {
        "monotonic_time": 67143.00911855698,
        "horizontal_accuracy": 3.657528033910313,
        "speed": 8.447044215757684,
        "course": 88.16426086425781,
        "synthetic": false
      },
      "geometry": {
        "type": "Point",
        "coordinates": [
          30.29681183996937,
          59.87544372174707
        ]
      }
    },
    {
      "type": "Feature",
      "properties": {
        "monotonic_time": 67144.00910198689,
        "horizontal_accuracy": 3.3504482378463805,
        "speed": 6.845162057592513,
        "course": 95.1886215209961,
        "synthetic": false
      },
      "geometry": {
        "type": "Point",
        "coordinates": [
          30.296909676066257,
          59.875441303227724
        ]
      }
    },
    {
      "type": "Feature",
      "properties": {
        "monotonic_time": 67145.00908505917,
        "horizontal_accuracy": 3.112816009091964,
        "speed": 5.673746818663922,
        "course": 95.1886215209961,
        "synthetic": false
      },
      "geometry": {
        "type": "Point",
        "coordinates": [
          30.29700241923701,
          59.87543753398699
        ]
      }
    },
    {
      "type": "Feature",
      "properties": {
        "monotonic_time": 67146.00906836987,
        "horizontal_accuracy": 2.9644046367614205,
        "speed": 3.964526522003536,
        "course": 95.1886215209961,
        "synthetic": false
      },
      "geometry": {
        "type": "Point",
        "coordinates": [
          30.29704997832386,
          59.87543640717935
        ]
      }
    },
    {
      "type": "Feature",
      "properties": {
        "monotonic_time": 67147.00905191898,
        "horizontal_accuracy": 2.8398286599953506,
        "speed": 2.0889262399599153,
        "course": 95.1886215209961,
        "synthetic": false
      },
      "geometry": {
        "type": "Point",
        "coordinates": [
          30.297062643241972,
          59.87543632385699
        ]
      }
    },
    {
      "type": "Feature",
      "properties": {
        "monotonic_time": 67148.00903534889,
        "horizontal_accuracy": 2.741750883279832,
        "speed": 0.6877491197680373,
        "course": 95.1886215209961,
        "synthetic": false
      },
      "geometry": {
        "type": "Point",
        "coordinates": [
          30.29704940443675,
          59.8754359591137
        ]
      }
    },
    {
      "type": "Feature",
      "properties": {
        "monotonic_time": 67149.00901854038,
        "horizontal_accuracy": 2.730233840850105,
        "speed": 0.3958123882902173,
        "course": 95.1886215209961,
        "synthetic": false
      },
      "geometry": {
        "type": "Point",
        "coordinates": [
          30.297050877939363,
          59.87543370831153
        ]
      }
    },
    {
      "type": "Feature",
      "properties": {
        "monotonic_time": 67150.00900197029,
        "horizontal_accuracy": 2.65850056334729,
        "speed": 0.1203656641649844,
        "course": 95.1886215209961,
        "synthetic": false
      },
      "geometry": {
        "type": "Point",
        "coordinates": [
          30.297044975099908,
          59.87543237721607
        ]
      }
    },
    {
      "type": "Feature",
      "properties": {
        "monotonic_time": 67151.00898504257,
        "horizontal_accuracy": 2.684619208073244,
        "speed": 0.10532901223315311,
        "course": 95.1886215209961,
        "synthetic": false
      },
      "geometry": {
        "type": "Point",
        "coordinates": [
          30.2970453907696,
          59.87543185451824
        ]
      }
    },
    {
      "type": "Feature",
      "properties": {
        "monotonic_time": 67152.00896906853,
        "horizontal_accuracy": 2.6953318064400795,
        "speed": 0.0412816139918061,
        "course": 95.1886215209961,
        "synthetic": false
      },
      "geometry": {
        "type": "Point",
        "coordinates": [
          30.297038359374415,
          59.87543111822507
        ]
      }
    },
    {
      "type": "Feature",
      "properties": {
        "monotonic_time": 67153.20036482811,
        "horizontal_accuracy": 2.895941838711425,
        "speed": 0.13455118252670725,
        "course": 95.1886215209961,
        "synthetic": false
      },
      "geometry": {
        "type": "Point",
        "coordinates": [
          30.297042019300306,
          59.87543029597963
        ]
      }
    },
    {
      "type": "Feature",
      "properties": {
        "monotonic_time": 67154.20035123825,
        "horizontal_accuracy": 2.934620722585384,
        "speed": 0.040072804227703755,
        "course": 95.1886215209961,
        "synthetic": false
      },
      "geometry": {
        "type": "Point",
        "coordinates": [
          30.297037625980213,
          59.87542838186992
        ]
      }
    },
    {
      "type": "Feature",
      "properties": {
        "monotonic_time": 67155.20034885406,
        "horizontal_accuracy": 2.9303386644853644,
        "speed": 0.0681497115128162,
        "course": 95.1886215209961,
        "synthetic": false
      },
      "geometry": {
        "type": "Point",
        "coordinates": [
          30.297031175975246,
          59.875427815707724
        ]
      }
    },
    {
      "type": "Feature",
      "properties": {
        "monotonic_time": 67156.20034742355,
        "horizontal_accuracy": 2.9295118706009884,
        "speed": 0.02068698673141203,
        "course": 95.1886215209961,
        "synthetic": false
      },
      "geometry": {
        "type": "Point",
        "coordinates": [
          30.2970315381265,
          59.87542743040329
        ]
      }
    },
    {
      "type": "Feature",
      "properties": {
        "monotonic_time": 67157.200345397,
        "horizontal_accuracy": 2.9614688174794606,
        "speed": 0.08617368874142337,
        "course": 95.1886215209961,
        "synthetic": false
      },
      "geometry": {
        "type": "Point",
        "coordinates": [
          30.297032101538978,
          59.875428443893725
        ]
      }
    },
    {
      "type": "Feature",
      "properties": {
        "monotonic_time": 67158.20034480095,
        "horizontal_accuracy": 2.9382059497951096,
        "speed": 0,
        "course": 95.1886215209961,
        "synthetic": false
      },
      "geometry": {
        "type": "Point",
        "coordinates": [
          30.297032101538978,
          59.875428443893725
        ]
      }
    },
    {
      "type": "Feature",
      "properties": {
        "monotonic_time": 67159.20034277439,
        "horizontal_accuracy": 2.888788098244013,
        "speed": 0,
        "course": 95.1886215209961,
        "synthetic": false
      },
      "geometry": {
        "type": "Point",
        "coordinates": [
          30.297032101538978,
          59.875428443893725
        ]
      }
    },
    {
      "type": "Feature",
      "properties": {
        "monotonic_time": 67160.2003415823,
        "horizontal_accuracy": 2.902337112834867,
        "speed": 0,
        "course": 95.1886215209961,
        "synthetic": false
      },
      "geometry": {
        "type": "Point",
        "coordinates": [
          30.297032101538978,
          59.875428443893725
        ]
      }
    },
    {
      "type": "Feature",
      "properties": {
        "monotonic_time": 67161.20034015179,
        "horizontal_accuracy": 2.8945614708679375,
        "speed": 0,
        "course": 95.1886215209961,
        "synthetic": false
      },
      "geometry": {
        "type": "Point",
        "coordinates": [
          30.297032101538978,
          59.875428443893725
        ]
      }
    },
    {
      "type": "Feature",
      "properties": {
        "monotonic_time": 67162.1979418993,
        "horizontal_accuracy": 2.8507023128315194,
        "speed": 0,
        "course": 95.1886215209961,
        "synthetic": false
      },
      "geometry": {
        "type": "Point",
        "coordinates": [
          30.297032101538978,
          59.875428443893725
        ]
      }
    },
    {
      "type": "Feature",
      "properties": {
        "monotonic_time": 67163.19726085663,
        "horizontal_accuracy": 2.873695846671378,
        "speed": 0,
        "course": 95.1886215209961,
        "synthetic": false
      },
      "geometry": {
        "type": "Point",
        "coordinates": [
          30.297032101538978,
          59.875428443893725
        ]
      }
    },
    {
      "type": "Feature",
      "properties": {
        "monotonic_time": 67164.19725954533,
        "horizontal_accuracy": 2.845600902873859,
        "speed": 0,
        "course": 95.1886215209961,
        "synthetic": false
      },
      "geometry": {
        "type": "Point",
        "coordinates": [
          30.297032101538978,
          59.875428443893725
        ]
      }
    },
    {
      "type": "Feature",
      "properties": {
        "monotonic_time": 67165.19687008858,
        "horizontal_accuracy": 2.9387182733471042,
        "speed": 0,
        "course": 95.1886215209961,
        "synthetic": false
      },
      "geometry": {
        "type": "Point",
        "coordinates": [
          30.297032101538978,
          59.875428443893725
        ]
      }
    },
    {
      "type": "Feature",
      "properties": {
        "monotonic_time": 67166.19720947742,
        "horizontal_accuracy": 2.9149926061794464,
        "speed": 0.001059448096692868,
        "course": 95.1886215209961,
        "synthetic": false
      },
      "geometry": {
        "type": "Point",
        "coordinates": [
          30.29702281265951,
          59.875430035964655
        ]
      }
    },
    {
      "type": "Feature",
      "properties": {
        "monotonic_time": 67167.197209239,
        "horizontal_accuracy": 2.923810589566323,
        "speed": 0.2821094027586937,
        "course": 95.1886215209961,
        "synthetic": false
      },
      "geometry": {
        "type": "Point",
        "coordinates": [
          30.297019250275486,
          59.875430737895506
        ]
      }
    },
    {
      "type": "Feature",
      "properties": {
        "monotonic_time": 67168.19713938236,
        "horizontal_accuracy": 2.891335038999288,
        "speed": 0,
        "course": 95.1886215209961,
        "synthetic": false
      },
      "geometry": {
        "type": "Point",
        "coordinates": [
          30.297017874480566,
          59.875431078554655
        ]
      }
    },
    {
      "type": "Feature",
      "properties": {
        "monotonic_time": 67169.196829319,
        "horizontal_accuracy": 2.9373941712544234,
        "speed": 0,
        "course": 95.1886215209961,
        "synthetic": false
      },
      "geometry": {
        "type": "Point",
        "coordinates": [
          30.297017874480566,
          59.875431078554655
        ]
      }
    },
    {
      "type": "Feature",
      "properties": {
        "monotonic_time": 67170.19682860374,
        "horizontal_accuracy": 2.9982304241815534,
        "speed": 0,
        "course": 95.1886215209961,
        "synthetic": false
      },
      "geometry": {
        "type": "Point",
        "coordinates": [
          30.297017874480566,
          59.875431078554655
        ]
      }
    },
    {
      "type": "Feature",
      "properties": {
        "monotonic_time": 67171.19714307785,
        "horizontal_accuracy": 3.0154317200493774,
        "speed": 0,
        "course": 95.1886215209961,
        "synthetic": false
      },
      "geometry": {
        "type": "Point",
        "coordinates": [
          30.297017874480566,
          59.875431078554655
        ]
      }
    },
    {
      "type": "Feature",
      "properties": {
        "monotonic_time": 67172.19729351997,
        "horizontal_accuracy": 3.0162763177350596,
        "speed": 0,
        "course": 95.1886215209961,
        "synthetic": false
      },
      "geometry": {
        "type": "Point",
        "coordinates": [
          30.29700183467283,
          59.87543380944486
        ]
      }
    },
    {
      "type": "Feature",
      "properties": {
        "monotonic_time": 67173.19729316235,
        "horizontal_accuracy": 3.1070826898929425,
        "speed": 0,
        "course": 95.1886215209961,
        "synthetic": false
      },
      "geometry": {
        "type": "Point",
        "coordinates": [
          30.29700183467283,
          59.87543380944486
        ]
      }
    },
    {
      "type": "Feature",
      "properties": {
        "monotonic_time": 67174.19709539413,
        "horizontal_accuracy": 3.1655699578046606,
        "speed": 0,
        "course": 95.1886215209961,
        "synthetic": false
      },
      "geometry": {
        "type": "Point",
        "coordinates": [
          30.29700183467283,
          59.87543380944486
        ]
      }
    },
    {
      "type": "Feature",
      "properties": {
        "monotonic_time": 67175.19643139839,
        "horizontal_accuracy": 3.1984849664375052,
        "speed": 0.06595633434572001,
        "course": 95.1886215209961,
        "synthetic": false
      },
      "geometry": {
        "type": "Point",
        "coordinates": [
          30.296986663959316,
          59.875434448342794
        ]
      }
    },
    {
      "type": "Feature",
      "properties": {
        "monotonic_time": 67176.1964315176,
        "horizontal_accuracy": 3.2756717133808184,
        "speed": 0,
        "course": 95.1886215209961,
        "synthetic": false
      },
      "geometry": {
        "type": "Point",
        "coordinates": [
          30.296986541131915,
          59.875434516394094
        ]
      }
    },
    {
      "type": "Feature",
      "properties": {
        "monotonic_time": 67177.19643056393,
        "horizontal_accuracy": 3.3257223449291926,
        "speed": 0,
        "course": 95.1886215209961,
        "synthetic": false
      },
      "geometry": {
        "type": "Point",
        "coordinates": [
          30.296979901878828,
          59.87543486808178
        ]
      }
    },
    {
      "type": "Feature",
      "properties": {
        "monotonic_time": 67178.19643092155,
        "horizontal_accuracy": 3.4329891353154345,
        "speed": 0,
        "course": 95.1886215209961,
        "synthetic": false
      },
      "geometry": {
        "type": "Point",
        "coordinates": [
          30.296979901878828,
          59.87543486808178
        ]
      }
    },
    {
      "type": "Feature",
      "properties": {
        "monotonic_time": 67179.19642972946,
        "horizontal_accuracy": 3.361339678549663,
        "speed": 0,
        "course": 95.1886215209961,
        "synthetic": false
      },
      "geometry": {
        "type": "Point",
        "coordinates": [
          30.296979901878828,
          59.87543486808178
        ]
      }
    },
    {
      "type": "Feature",
      "properties": {
        "monotonic_time": 67180.19642961025,
        "horizontal_accuracy": 3.399378960816707,
        "speed": 0.09775100084473057,
        "course": 95.1886215209961,
        "synthetic": false
      },
      "geometry": {
        "type": "Point",
        "coordinates": [
          30.296977117747172,
          59.87543642256909
        ]
      }
    },
    {
      "type": "Feature",
      "properties": {
        "monotonic_time": 67181.196428895,
        "horizontal_accuracy": 3.3844349923407266,
        "speed": 0,
        "course": 95.1886215209961,
        "synthetic": false
      },
      "geometry": {
        "type": "Point",
        "coordinates": [
          30.29697910784884,
          59.87543467398376
        ]
      }
    },
    {
      "type": "Feature",
      "properties": {
        "monotonic_time": 67182.19642877579,
        "horizontal_accuracy": 3.4174991732434914,
        "speed": 0.20440340581722213,
        "course": 95.1886215209961,
        "synthetic": false
      },
      "geometry": {
        "type": "Point",
        "coordinates": [
          30.29698211849709,
          59.87543203797667
        ]
      }
    },
    {
      "type": "Feature",
      "properties": {
        "monotonic_time": 67183.19642853737,
        "horizontal_accuracy": 3.376210698743958,
        "speed": 0.5267738111437926,
        "course": 95.1886215209961,
        "synthetic": false
      },
      "geometry": {
        "type": "Point",
        "coordinates": [
          30.29700155774578,
          59.87543242415424
        ]
      }
    },
    {
      "type": "Feature",
      "properties": {
        "monotonic_time": 67184.19642806053,
        "horizontal_accuracy": 3.438606457335878,
        "speed": 1.0003424438104012,
        "course": 95.1886215209961,
        "synthetic": false
      },
      "geometry": {
        "type": "Point",
        "coordinates": [
          30.29702588721883,
          59.87543530927147
        ]
      }
    },
    {
      "type": "Feature",
      "properties": {
        "monotonic_time": 67185.19642746449,
        "horizontal_accuracy": 3.4134650532648734,
        "speed": 2.241722958492854,
        "course": 95.1886215209961,
        "synthetic": false
      },
      "geometry": {
        "type": "Point",
        "coordinates": [
          30.297088939607203,
          59.875433313080784
        ]
      }
    },
    {
      "type": "Feature",
      "properties": {
        "monotonic_time": 67186.19642782211,
        "horizontal_accuracy": 3.363647667795794,
        "speed": 3.913061603664363,
        "course": 87.98837280273438,
        "synthetic": false
      },
      "geometry": {
        "type": "Point",
        "coordinates": [
          30.2971883433193,
          59.87543240750573
        ]
      }
    },
    {
      "type": "Feature",
      "properties": {
        "monotonic_time": 67187.19642746449,
        "horizontal_accuracy": 3.3013223504502234,
        "speed": 5.3152501309440074,
        "course": 87.98837280273438,
        "synthetic": false
      },
      "geometry": {
        "type": "Point",
        "coordinates": [
          30.297306240227577,
          59.87543559989972
        ]
      }
    },
    {
      "type": "Feature",
      "properties": {
        "monotonic_time": 67188.19642651081,
        "horizontal_accuracy": 3.1744864563562025,
        "speed": 6.649465998105214,
        "course": 87.98837280273438,
        "synthetic": false
      },
      "geometry": {
        "type": "Point",
        "coordinates": [
          30.2974486288876,
          59.87543859837506
        ]
      }
    },
    {
      "type": "Feature",
      "properties": {
        "monotonic_time": 67189.19642686844,
        "horizontal_accuracy": 2.9667545195617815,
        "speed": 7.604258979941879,
        "course": 87.98837280273438,
        "synthetic": false
      },
      "geometry": {
        "type": "Point",
        "coordinates": [
          30.297598032405485,
          59.875445711394406
        ]
      }
    },
    {
      "type": "Feature",
      "properties": {
        "monotonic_time": 67190.19642651081,
        "horizontal_accuracy": 2.790987286546877,
        "speed": 8.237841440183399,
        "course": 85.21851348876953,
        "synthetic": false
      },
      "geometry": {
        "type": "Point",
        "coordinates": [
          30.29776206471683,
          59.875451770205686
        ]
      }
    },
    {
      "type": "Feature",
      "properties": {
        "monotonic_time": 67191.19642686844,
        "horizontal_accuracy": 2.7729985401501556,
        "speed": 8.63710252283552,
        "course": 85.50391387939453,
        "synthetic": false
      },
      "geometry": {
        "type": "Point",
        "coordinates": [
          30.29793078950785,
          59.87545668128677
        ]
      }
    },
    {
      "type": "Feature",
      "properties": {
        "monotonic_time": 67192.19642615318,
        "horizontal_accuracy": 3.158959720007711,
        "speed": 9.241540675070599,
        "course": 85.20008850097656,
        "synthetic": false
      },
      "geometry": {
        "type": "Point",
        "coordinates": [
          30.298110952905283,
          59.87546042219015
        ]
      }
    },
    {
      "type": "Feature",
      "properties": {
        "monotonic_time": 67193.19642603397,
        "horizontal_accuracy": 3.279874828142507,
        "speed": 9.739992246749916,
        "course": 85.20008850097656,
        "synthetic": false
      },
      "geometry": {
        "type": "Point",
        "coordinates": [
          30.298297125841458,
          59.875470568367405
        ]
      }
    },
    {
      "type": "Feature",
      "properties": {
        "monotonic_time": 67194.19642579556,
        "horizontal_accuracy": 3.2228897988250496,
        "speed": 10.00529558071918,
        "course": 85.20008850097656,
        "synthetic": false
      },
      "geometry": {
        "type": "Point",
        "coordinates": [
          30.29848454932611,
          59.87548027774603
        ]
      }
    },
    {
      "type": "Feature",
      "properties": {
        "monotonic_time": 67195.19642543793,
        "horizontal_accuracy": 2.705986061060899,
        "speed": 10.082217511008292,
        "course": 88.06183624267578,
        "synthetic": false
      },
      "geometry": {
        "type": "Point",
        "coordinates": [
          30.298669890325392,
          59.875479254708466
        ]
      }
    },
    {
      "type": "Feature",
      "properties": {
        "monotonic_time": 67196.19642603397,
        "horizontal_accuracy": 2.555725193196671,
        "speed": 10.360262868996331,
        "course": 88.06183624267578,
        "synthetic": false
      },
      "geometry": {
        "type": "Point",
        "coordinates": [
          30.298854895794783,
          59.87548240223931
        ]
      }
    },
    {
      "type": "Feature",
      "properties": {
        "monotonic_time": 67197.19642543793,
        "horizontal_accuracy": 2.485552763484274,
        "speed": 11.139364486362958,
        "course": 88.14920043945312,
        "synthetic": false
      },
      "geometry": {
        "type": "Point",
        "coordinates": [
          30.299062891840375,
          59.87548592988372
        ]
      }
    },
    {
      "type": "Feature",
      "properties": {
        "monotonic_time": 67198.19642555714,
        "horizontal_accuracy": 2.768632259811729,
        "speed": 11.99787877821897,
        "course": 88.14920043945312,
        "synthetic": false
      },
      "geometry": {
        "type": "Point",
        "coordinates": [
          30.29928979822722,
          59.875489616151405
        ]
      }
    },
    {
      "type": "Feature",
      "properties": {
        "monotonic_time": 67199.19642519951,
        "horizontal_accuracy": 2.7533727093510443,
        "speed": 12.736195460125753,
        "course": 88.14920043945312,
        "synthetic": false
      },
      "geometry": {
        "type": "Point",
        "coordinates": [
          30.299527675424017,
          59.875493480656615
        ]
      }
    },
    {
      "type": "Feature",
      "properties": {
        "monotonic_time": 67200.19642484188,
        "horizontal_accuracy": 3.5919204955200956,
        "speed": 13.42737260259438,
        "course": 88.14920043945312,
        "synthetic": false
      },
      "geometry": {
        "type": "Point",
        "coordinates": [
          30.299776840862414,
          59.87549752853863
        ]
      }
    },
    {
      "type": "Feature",
      "properties": {
        "monotonic_time": 67201.19642484188,
        "horizontal_accuracy": 3.0369562593740165,
        "speed": 14.11661755657213,
        "course": 88.14920043945312,
        "synthetic": false
      },
      "geometry": {
        "type": "Point",
        "coordinates": [
          30.300041076526117,
          59.87550182125187
        ]
      }
    },
    {
      "type": "Feature",
      "properties": {
        "monotonic_time": 67202.19642484188,
        "horizontal_accuracy": 3.5385114523823136,
        "speed": 14.85437254019951,
        "course": 88.27534484863281,
        "synthetic": false
      },
      "geometry": {
        "type": "Point",
        "coordinates": [
          30.300321436415278,
          59.87550634326792
        ]
      }
    },
    {
      "type": "Feature",
      "properties": {
        "monotonic_time": 67203.19642400742,
        "horizontal_accuracy": 4.473611228177319,
        "speed": 15.471487923887285,
        "course": 88.27534484863281,
        "synthetic": false
      },
      "geometry": {
        "type": "Point",
        "coordinates": [
          30.30061478903632,
          59.87551078398768
        ]
      }
    },
    {
      "type": "Feature",
      "properties": {
        "monotonic_time": 67204.19642448425,
        "horizontal_accuracy": 3.4293375743599763,
        "speed": 15.744087652601891,
        "course": 88.02324676513672,
        "synthetic": false
      },
      "geometry": {
        "type": "Point",
        "coordinates": [
          30.300907578369667,
          59.875515599360845
        ]
      }
    },
    {
      "type": "Feature",
      "properties": {
        "monotonic_time": 67205.19642436504,
        "horizontal_accuracy": 3.1344973366412137,
        "speed": 15.72310352307162,
        "course": 88.59590911865234,
        "synthetic": false
      },
      "geometry": {
        "type": "Point",
        "coordinates": [
          30.301192330639896,
          59.875519803618545
        ]
      }
    },
    {
      "type": "Feature",
      "properties": {
        "monotonic_time": 67206.19642436504,
        "horizontal_accuracy": 3.5335311335509907,
        "speed": 15.717546445889987,
        "course": 88.05979919433594,
        "synthetic": false
      },
      "geometry": {
        "type": "Point",
        "coordinates": [
          30.301480316634983,
          59.87552463390918
        ]
      }
    },
    {
      "type": "Feature",
      "properties": {
        "monotonic_time": 67207.196423769,
        "horizontal_accuracy": 3.5075363851299137,
        "speed": 15.39683258778133,
        "course": 88.20771026611328,
        "synthetic": false
      },
      "geometry": {
        "type": "Point",
        "coordinates": [
          30.301756930126267,
          59.87552919629941
        ]
      }
    },
    {
      "type": "Feature",
      "properties": {
        "monotonic_time": 67208.19642400742,
        "horizontal_accuracy": 3.7290848462848154,
        "speed": 15.205244717572336,
        "course": 88.20771026611328,
        "synthetic": false
      },
      "geometry": {
        "type": "Point",
        "coordinates": [
          30.302030117036118,
          59.875533494041434
        ]
      }
    },
    {
      "type": "Feature",
      "properties": {
        "monotonic_time": 67209.196423769,
        "horizontal_accuracy": 5.782565002154631,
        "speed": 14.739277637881306,
        "course": 88.20771026611328,
        "synthetic": false
      },
      "geometry": {
        "type": "Point",
        "coordinates": [
          30.302294096574187,
          59.875537646935136
        ]
      }
    },
    {
      "type": "Feature",
      "properties": {
        "monotonic_time": 67210.19642364979,
        "horizontal_accuracy": 5.758871864326701,
        "speed": 14.547976741525396,
        "course": 88.16555786132812,
        "synthetic": false
      },
      "geometry": {
        "type": "Point",
        "coordinates": [
          30.302552432532487,
          59.87554177727283
        ]
      }
    },
    {
      "type": "Feature",
      "properties": {
        "monotonic_time": 67211.19642329216,
        "horizontal_accuracy": 4.12192859420951,
        "speed": 13.960415295756764,
        "course": 88.16555786132812,
        "synthetic": false
      },
      "geometry": {
        "type": "Point",
        "coordinates": [
          30.302796515523198,
          59.875545707514924
        ]
      }
    },
    {
      "type": "Feature",
      "properties": {
        "monotonic_time": 67212.19642364979,
        "horizontal_accuracy": 3.417762850812069,
        "speed": 13.627651033403804,
        "course": 88.16555786132812,
        "synthetic": false
      },
      "geometry": {
        "type": "Point",
        "coordinates": [
          30.303036909361165,
          59.87554957836264
        ]
      }
    },
    {
      "type": "Feature",
      "properties": {
        "monotonic_time": 67213.19642317295,
        "horizontal_accuracy": 4.867887440701123,
        "speed": 12.9483489542573,
        "course": 88.16555786132812,
        "synthetic": false
      },
      "geometry": {
        "type": "Point",
        "coordinates": [
          30.303261641203214,
          59.87555319701103
        ]
      }
    },
    {
      "type": "Feature",
      "properties": {
        "monotonic_time": 67214.19642293453,
        "horizontal_accuracy": 4.830748687338273,
        "speed": 12.294421665255165,
        "course": 88.16555786132812,
        "synthetic": false
      },
      "geometry": {
        "type": "Point",
        "coordinates": [
          30.303469532940603,
          59.875556544511866
        ]
      }
    },
    {
      "type": "Feature",
      "properties": {
        "monotonic_time": 67215.19642329216,
        "horizontal_accuracy": 3.1264931220554786,
        "speed": 11.74612390951977,
        "course": 88.16555786132812,
        "synthetic": false
      },
      "geometry": {
        "type": "Point",
        "coordinates": [
          30.30367034699695,
          59.875559778037044
        ]
      }
    },
    {
      "type": "Feature",
      "properties": {
        "monotonic_time": 67216.196423769,
        "horizontal_accuracy": 4.885720909196584,
        "speed": 11.332928393977308,
        "course": 88.16555786132812,
        "synthetic": false
      },
      "geometry": {
        "type": "Point",
        "coordinates": [
          30.303867438960292,
          59.875562951623415
        ]
      }
    },
    {
      "type": "Feature",
      "properties": {
        "monotonic_time": 67217.19642281532,
        "horizontal_accuracy": 3.2253013497015512,
        "speed": 10.113054907134407,
        "course": 88.16555786132812,
        "synthetic": false
      },
      "geometry": {
        "type": "Point",
        "coordinates": [
          30.30403494079585,
          59.87556564875875
        ]
      }
    },
    {
      "type": "Feature",
      "properties": {
        "monotonic_time": 67218.19642305374,
        "horizontal_accuracy": 4.884160891632356,
        "speed": 8.546517866916494,
        "course": 88.16555786132812,
        "synthetic": false
      },
      "geometry": {
        "type": "Point",
        "coordinates": [
          30.30416652482239,
          59.875567767541405
        ]
      }
    },
    {
      "type": "Feature",
      "properties": {
        "monotonic_time": 67219.19642293453,
        "horizontal_accuracy": 3.8021247470387918,
        "speed": 6.856519505923983,
        "course": 88.16555786132812,
        "synthetic": false
      },
      "geometry": {
        "type": "Point",
        "coordinates": [
          30.30426994169607,
          59.875569432761985
        ]
      }
    },
    {
      "type": "Feature",
      "properties": {
        "monotonic_time": 67220.19642353058,
        "horizontal_accuracy": 4.0726920615641795,
        "speed": 5.934880807520495,
        "course": 88.16555786132812,
        "synthetic": false
      },
      "geometry": {
        "type": "Point",
        "coordinates": [
          30.3043609464798,
          59.8755708981289
        ]
      }
    },
    {
      "type": "Feature",
      "properties": {
        "monotonic_time": 67221.19642317295,
        "horizontal_accuracy": 4.123568709905939,
        "speed": 4.632495572715901,
        "course": 88.16555786132812,
        "synthetic": false
      },
      "geometry": {
        "type": "Point",
        "coordinates": [
          30.304425498987044,
          59.875571937563286
        ]
      }
    },
    {
      "type": "Feature",
      "properties": {
        "monotonic_time": 67222.19642317295,
        "horizontal_accuracy": 4.414988107440266,
        "speed": 3.512585227780964,
        "course": 88.16555786132812,
        "synthetic": false
      },
      "geometry": {
        "type": "Point",
        "coordinates": [
          30.30447584857169,
          59.87557274829305
        ]
      }
    },
    {
      "type": "Feature",
      "properties": {
        "monotonic_time": 67223.19642281532,
        "horizontal_accuracy": 4.118025049893708,
        "speed": 2.3649405032621766,
        "course": 88.16555786132812,
        "synthetic": false
      },
      "geometry": {
        "type": "Point",
        "coordinates": [
          30.304498483357214,
          59.875573112761515
        ]
      }
    },
    {
      "type": "Feature",
      "properties": {
        "monotonic_time": 67224.19642317295,
        "horizontal_accuracy": 4.084319416942324,
        "speed": 1.2152241509205295,
        "course": 88.16555786132812,
        "synthetic": false
      },
      "geometry": {
        "type": "Point",
        "coordinates": [
          30.30450306398862,
          59.875573186520974
        ]
      }
    },
    {
      "type": "Feature",
      "properties": {
        "monotonic_time": 67225.19642281532,
        "horizontal_accuracy": 4.125382235031098,
        "speed": 0.6188961531443116,
        "course": 88.16555786132812,
        "synthetic": false
      },
      "geometry": {
        "type": "Point",
        "coordinates": [
          30.304498063291174,
          59.87557310599855
        ]
      }
    },
    {
      "type": "Feature",
      "properties": {
        "monotonic_time": 67226.1964224577,
        "horizontal_accuracy": 4.140956881356551,
        "speed": 0.4450628909716262,
        "course": 88.16555786132812,
        "synthetic": false
      },
      "geometry": {
        "type": "Point",
        "coordinates": [
          30.30450143700533,
          59.875573160325025
        ]
      }
    },
    {
      "type": "Feature",
      "properties": {
        "monotonic_time": 67227.19642305374,
        "horizontal_accuracy": 3.98034804847361,
        "speed": 0.2532528927407962,
        "course": 88.16555786132812,
        "synthetic": false
      },
      "geometry": {
        "type": "Point",
        "coordinates": [
          30.30450644139374,
          59.87557324090486
        ]
      }
    },
    {
      "type": "Feature",
      "properties": {
        "monotonic_time": 67228.19642293453,
        "horizontal_accuracy": 3.9901854836067674,
        "speed": 0.5042880385749156,
        "course": 88.16555786132812,
        "synthetic": false
      },
      "geometry": {
        "type": "Point",
        "coordinates": [
          30.3044951960817,
          59.87557305983187
        ]
      }
    },
    {
      "type": "Feature",
      "properties": {
        "monotonic_time": 67229.19642198086,
        "horizontal_accuracy": 4.265031882967412,
        "speed": 0.22089614134422217,
        "course": 88.16555786132812,
        "synthetic": false
      },
      "geometry": {
        "type": "Point",
        "coordinates": [
          30.30449302031996,
          59.875573024796516
        ]
      }
    },
    {
      "type": "Feature",
      "properties": {
        "monotonic_time": 67230.19642233849,
        "horizontal_accuracy": 4.558488094437332,
        "speed": 0.1784899504744015,
        "course": 88.16555786132812,
        "synthetic": false
      },
      "geometry": {
        "type": "Point",
        "coordinates": [
          30.304495141639332,
          59.8755730589546
        ]
      }
    },
    {
      "type": "Feature",
      "properties": {
        "monotonic_time": 67231.19642269611,
        "horizontal_accuracy": 4.537849369691609,
        "speed": 0.08492551801703688,
        "course": 88.16555786132812,
        "synthetic": false
      },
      "geometry": {
        "type": "Point",
        "coordinates": [
          30.30449104395952,
          59.875572992973744
        ]
      }
    },
    {
      "type": "Feature",
      "properties": {
        "monotonic_time": 67232.1964225769,
        "horizontal_accuracy": 4.556214869463566,
        "speed": 0,
        "course": 88.16555786132812,
        "synthetic": false
      },
      "geometry": {
        "type": "Point",
        "coordinates": [
          30.30448375336365,
          59.8755728755794
        ]
      }
    },
    {
      "type": "Feature",
      "properties": {
        "monotonic_time": 67233.19642186165,
        "horizontal_accuracy": 7.57744629170309,
        "speed": 0.06504391429155608,
        "course": 88.16555786132812,
        "synthetic": false
      },
      "geometry": {
        "type": "Point",
        "coordinates": [
          30.30447960508287,
          59.875572808783296
        ]
      }
    },
    {
      "type": "Feature",
      "properties": {
        "monotonic_time": 67234.19642221928,
        "horizontal_accuracy": 7.522683440322838,
        "speed": 0.17125379108447886,
        "course": 88.16555786132812,
        "synthetic": false
      },
      "geometry": {
        "type": "Point",
        "coordinates": [
          30.304483435454824,
          59.875572870460175
        ]
      }
    },
    {
      "type": "Feature",
      "properties": {
        "monotonic_time": 67235.19642221928,
        "horizontal_accuracy": 7.939406439030301,
        "speed": 0,
        "course": 88.16555786132812,
        "synthetic": false
      },
      "geometry": {
        "type": "Point",
        "coordinates": [
          30.30448224109984,
          59.875572851227616
        ]
      }
    },
    {
      "type": "Feature",
      "properties": {
        "monotonic_time": 67236.19642233849,
        "horizontal_accuracy": 8.205017696289415,
        "speed": 0,
        "course": 88.16555786132812,
        "synthetic": false
      },
      "geometry": {
        "type": "Point",
        "coordinates": [
          30.304481751337256,
          59.87557284334405
        ]
      }
    },
    {
      "type": "Feature",
      "properties": {
        "monotonic_time": 67237.19642233849,
        "horizontal_accuracy": 8.20501781354862,
        "speed": 0,
        "course": 88.16555786132812,
        "synthetic": false
      },
      "geometry": {
        "type": "Point",
        "coordinates": [
          30.30448175133732,
          59.87557284334305
        ]
      }
    },
    {
      "type": "Feature",
      "properties": {
        "monotonic_time": 67238.19642186165,
        "horizontal_accuracy": 8.205017843483155,
        "speed": 0,
        "course": 88.16555786132812,
        "synthetic": false
      },
      "geometry": {
        "type": "Point",
        "coordinates": [
          30.304481751337335,
          59.875572843342795
        ]
      }
    },
    {
      "type": "Feature",
      "properties": {
        "monotonic_time": 67239.19642186165,
        "horizontal_accuracy": 8.20501781354862,
        "speed": 0,
        "course": 88.16555786132812,
        "synthetic": false
      },
      "geometry": {
        "type": "Point",
        "coordinates": [
          30.30448175133732,
          59.87557284334305
        ]
      }
    },
    {
      "type": "Feature",
      "properties": {
        "monotonic_time": 67240.19642162323,
        "horizontal_accuracy": 5.0422631987614706,
        "speed": 0.10118299381248198,
        "course": 88.16555786132812,
        "synthetic": false
      },
      "geometry": {
        "type": "Point",
        "coordinates": [
          30.304467454022127,
          59.87557261312685
        ]
      }
    },
    {
      "type": "Feature",
      "properties": {
        "monotonic_time": 67241.19642221928,
        "horizontal_accuracy": 5.1092370575082455,
        "speed": 0,
        "course": 88.16555786132812,
        "synthetic": false
      },
      "geometry": {
        "type": "Point",
        "coordinates": [
          30.304467349329048,
          59.87557261143975
        ]
      }
    },
    {
      "type": "Feature",
      "properties": {
        "monotonic_time": 67242.19642221928,
        "horizontal_accuracy": 5.0881661302123,
        "speed": 0,
        "course": 88.16555786132812,
        "synthetic": false
      },
      "geometry": {
        "type": "Point",
        "coordinates": [
          30.304467349329002,
          59.8755726114405
        ]
      }
    },
    {
      "type": "Feature",
      "properties": {
        "monotonic_time": 67243.1964224577,
        "horizontal_accuracy": 5.247076281992217,
        "speed": 0,
        "course": 88.16555786132812,
        "synthetic": false
      },
      "geometry": {
        "type": "Point",
        "coordinates": [
          30.304467349329,
          59.875572611440546
        ]
      }
    },
    {
      "type": "Feature",
      "properties": {
        "monotonic_time": 67244.19642174244,
        "horizontal_accuracy": 5.326296819015087,
        "speed": 0,
        "course": 88.16555786132812,
        "synthetic": false
      },
      "geometry": {
        "type": "Point",
        "coordinates": [
          30.304467349329006,
          59.87557261144041
        ]
      }
    },
    {
      "type": "Feature",
      "properties": {
        "monotonic_time": 67245.19642138481,
        "horizontal_accuracy": 5.390308035928907,
        "speed": 0,
        "course": 88.16555786132812,
        "synthetic": false
      },
      "geometry": {
        "type": "Point",
        "coordinates": [
          30.304467349329,
          59.875572611440546
        ]
      }
    },
    {
      "type": "Feature",
      "properties": {
        "monotonic_time": 67246.19642162323,
        "horizontal_accuracy": 5.502419689304228,
        "speed": 0,
        "course": 88.16555786132812,
        "synthetic": false
      },
      "geometry": {
        "type": "Point",
        "coordinates": [
          30.304467349329,
          59.875572611440546
        ]
      }
    },
    {
      "type": "Feature",
      "properties": {
        "monotonic_time": 67247.19642150402,
        "horizontal_accuracy": 10.283179590260527,
        "speed": 0.19590815987136642,
        "course": 88.16555786132812,
        "synthetic": false
      },
      "geometry": {
        "type": "Point",
        "coordinates": [
          30.304461719766792,
          59.87557252079004
        ]
      }
    },
    {
      "type": "Feature",
      "properties": {
        "monotonic_time": 67248.19642210007,
        "horizontal_accuracy": 10.696044966599846,
        "speed": 0.762975301171278,
        "course": 88.16555786132812,
        "synthetic": false
      },
      "geometry": {
        "type": "Point",
        "coordinates": [
          30.30448481818296,
          59.875572892724946
        ]
      }
    },
    {
      "type": "Feature",
      "properties": {
        "monotonic_time": 67249.1964211464,
        "horizontal_accuracy": 9.363405293904163,
        "speed": 2.6919060110174886,
        "course": 88.16555786132812,
        "synthetic": false
      },
      "geometry": {
        "type": "Point",
        "coordinates": [
          30.30456146216638,
          59.87557412685371
        ]
      }
    },
    {
      "type": "Feature",
      "properties": {
        "monotonic_time": 67250.1964212656,
        "horizontal_accuracy": 5.721865563747874,
        "speed": 4.444047328440713,
        "course": 88.16555786132812,
        "synthetic": false
      },
      "geometry": {
        "type": "Point",
        "coordinates": [
          30.304674245158616,
          59.8755759428949
        ]
      }
    },
    {
      "type": "Feature",
      "properties": {
        "monotonic_time": 67251.1964211464,
        "horizontal_accuracy": 5.652140671451344,
        "speed": 6.1878192617095396,
        "course": 88.16555786132812,
        "synthetic": false
      },
      "geometry": {
        "type": "Point",
        "coordinates": [
          30.304813627427627,
          59.8755781872414
        ]
      }
    },
    {
      "type": "Feature",
      "properties": {
        "monotonic_time": 67252.19642174244,
        "horizontal_accuracy": 5.1197759595999885,
        "speed": 7.836538455454255,
        "course": 88.16555786132812,
        "synthetic": false
      },
      "geometry": {
        "type": "Point",
        "coordinates": [
          30.30497500978552,
          59.87558078584595
        ]
      }
    },
    {
      "type": "Feature",
      "properties": {
        "monotonic_time": 67253.19642186165,
        "horizontal_accuracy": 4.586101906795292,
        "speed": 8.633021347317783,
        "course": 88.16555786132812,
        "synthetic": false
      },
      "geometry": {
        "type": "Point",
        "coordinates": [
          30.30513964546051,
          59.875583436817266
        ]
      }
    },
    {
      "type": "Feature",
      "properties": {
        "monotonic_time": 67254.19642138481,
        "horizontal_accuracy": 4.415815020915882,
        "speed": 9.915118635897375,
        "course": 88.16555786132812,
        "synthetic": false
      },
      "geometry": {
        "type": "Point",
        "coordinates": [
          30.30533457525403,
          59.87558657559216
        ]
      }
    },
    {
      "type": "Feature",
      "properties": {
        "monotonic_time": 67255.19642138481,
        "horizontal_accuracy": 3.657774189570148,
        "speed": 11.066362355837187,
        "course": 88.0538558959961,
        "synthetic": false
      },
      "geometry": {
        "type": "Point",
        "coordinates": [
          30.30554929327766,
          59.875590035244514
        ]
      }
    },
    {
      "type": "Feature",
      "properties": {
        "monotonic_time": 67256.1964211464,
        "horizontal_accuracy": 4.97027648484361,
        "speed": 11.684092676325255,
        "course": 88.0538558959961,
        "synthetic": false
      },
      "geometry": {
        "type": "Point",
        "coordinates": [
          30.305769343764037,
          59.87559379444721
        ]
      }
    },
    {
      "type": "Feature",
      "properties": {
        "monotonic_time": 67257.1964211464,
        "horizontal_accuracy": 3.0824782121462087,
        "speed": 12.498728978888229,
        "course": 88.50962829589844,
        "synthetic": false
      },
      "geometry": {
        "type": "Point",
        "coordinates": [
          30.306002419183105,
          59.87559691424707
        ]
      }
    },
    {
      "type": "Feature",
      "properties": {
        "monotonic_time": 67258.1964212656,
        "horizontal_accuracy": 3.0715698335580233,
        "speed": 13.240996201914507,
        "course": 88.11063385009766,
        "synthetic": false
      },
      "geometry": {
        "type": "Point",
        "coordinates": [
          30.306251037196983,
          59.87560125614165
        ]
      }
    },
    {
      "type": "Feature",
      "properties": {
        "monotonic_time": 67259.19642150402,
        "horizontal_accuracy": 3.1027220984948483,
        "speed": 13.747775521957795,
        "course": 88.11063385009766,
        "synthetic": false
      },
      "geometry": {
        "type": "Point",
        "coordinates": [
          30.30650382339781,
          59.87560544848855
        ]
      }
    },
    {
      "type": "Feature",
      "properties": {
        "monotonic_time": 67260.19642090797,
        "horizontal_accuracy": 3.0585460671868914,
        "speed": 13.41158554796853,
        "course": 88.75345611572266,
        "synthetic": false
      },
      "geometry": {
        "type": "Point",
        "coordinates": [
          30.30674298168253,
          59.875608320370006
        ]
      }
    },
    {
      "type": "Feature",
      "properties": {
        "monotonic_time": 67261.1964212656,
        "horizontal_accuracy": 3.0015404716049745,
        "speed": 13.122889635300925,
        "course": 88.75345611572266,
        "synthetic": false
      },
      "geometry": {
        "type": "Point",
        "coordinates": [
          30.306979700704918,
          59.87561091000203
        ]
      }
    },
    {
      "type": "Feature",
      "properties": {
        "monotonic_time": 67262.1964211464,
        "horizontal_accuracy": 2.9901883042544033,
        "speed": 13.192678148905838,
        "course": 88.75345611572266,
        "synthetic": false
      },
      "geometry": {
        "type": "Point",
        "coordinates": [
          30.30721959454203,
          59.875613534364966
        ]
      }
    },
    {
      "type": "Feature",
      "properties": {
        "monotonic_time": 67263.19642055035,
        "horizontal_accuracy": 3.042320623464216,
        "speed": 13.201012236846609,
        "course": 88.75345611572266,
        "synthetic": false
      },
      "geometry": {
        "type": "Point",
        "coordinates": [
          30.30745890023954,
          59.87561615229531
        ]
      }
    },
    {
      "type": "Feature",
      "properties": {
        "monotonic_time": 67264.19642055035,
        "horizontal_accuracy": 3.0980980257559247,
        "speed": 13.199600148245324,
        "course": 88.75345611572266,
        "synthetic": false
      },
      "geometry": {
        "type": "Point",
        "coordinates": [
          30.30769764800168,
          59.875618764122024
        ]
      }
    },
    {
      "type": "Feature",
      "properties": {
        "monotonic_time": 67265.19642102718,
        "horizontal_accuracy": 3.571237373688788,
        "speed": 13.097773201351838,
        "course": 88.75345611572266,
        "synthetic": false
      },
      "geometry": {
        "type": "Point",
        "coordinates": [
          30.30792927408787,
          59.87562129804097
        ]
      }
    },
    {
      "type": "Feature",
      "properties": {
        "monotonic_time": 67266.19642102718,
        "horizontal_accuracy": 3.8480055820113996,
        "speed": 13.311081373932979,
        "course": 88.75345611572266,
        "synthetic": false
      },
      "geometry": {
        "type": "Point",
        "coordinates": [
          30.30816915675693,
          59.87562392228164
        ]
      }
    },
    {
      "type": "Feature",
      "properties": {
        "monotonic_time": 67267.19642055035,
        "horizontal_accuracy": 6.264358808790132,
        "speed": 13.815215018301831,
        "course": 88.75345611572266,
        "synthetic": false
      },
      "geometry": {
        "type": "Point",
        "coordinates": [
          30.308433982769998,
          59.87562681934713
        ]
      }
    },
    {
      "type": "Feature",
      "properties": {
        "monotonic_time": 67268.19642078876,
        "horizontal_accuracy": 5.459411586739224,
        "speed": 14.114429954006042,
        "course": 88.0961685180664,
        "synthetic": false
      },
      "geometry": {
        "type": "Point",
        "coordinates": [
          30.308700916431793,
          59.87563187127304
        ]
      }
    },
    {
      "type": "Feature",
      "properties": {
        "monotonic_time": 67269.19642055035,
        "horizontal_accuracy": 6.5785721100602315,
        "speed": 14.190304985492602,
        "course": 88.0961685180664,
        "synthetic": false
      },
      "geometry": {
        "type": "Point",
        "coordinates": [
          30.308957673121398,
          59.87563616208438
        ]
      }
    },
    {
      "type": "Feature",
      "properties": {
        "monotonic_time": 67270.19642090797,
        "horizontal_accuracy": 7.555300331908736,
        "speed": 14.131307438834256,
        "course": 88.0961685180664,
        "synthetic": false
      },
      "geometry": {
        "type": "Point",
        "coordinates": [
          30.30921941274531,
          59.875640536167715
        ]
      }
    },
    {
      "type": "Feature",
      "properties": {
        "monotonic_time": 67271.19642043114,
        "horizontal_accuracy": 6.75439133097876,
        "speed": 14.311819038731063,
        "course": 88.0961685180664,
        "synthetic": false
      },
      "geometry": {
        "type": "Point",
        "coordinates": [
          30.309479735236216,
          59.87564488657095
        ]
      }
    },
    {
      "type": "Feature",
      "properties": {
        "monotonic_time": 67272.1964211464,
        "horizontal_accuracy": 6.454646672161563,
        "speed": 14.451717852279527,
        "course": 88.0961685180664,
        "synthetic": false
      },
      "geometry": {
        "type": "Point",
        "coordinates": [
          30.30973806037913,
          59.875649203597
        ]
      }
    },
    {
      "type": "Feature",
      "properties": {
        "monotonic_time": 67273.19642102718,
        "horizontal_accuracy": 6.140676455458639,
        "speed": 13.76843337838146,
        "course": 88.0961685180664,
        "synthetic": false
      },
      "geometry": {
        "type": "Point",
        "coordinates": [
          30.309981522269005,
          59.87565327223628
        ]
      }
    },
    {
      "type": "Feature",
      "properties": {
        "monotonic_time": 67274.19642078876,
        "horizontal_accuracy": 6.618484101182219,
        "speed": 12.518435241962896,
        "course": 88.0961685180664,
        "synthetic": false
      },
      "geometry": {
        "type": "Point",
        "coordinates": [
          30.31019497534649,
          59.875656839348316
        ]
      }
    },
    {
      "type": "Feature",
      "properties": {
        "monotonic_time": 67275.19642007351,
        "horizontal_accuracy": 6.702911797709376,
        "speed": 11.716430811089793,
        "course": 88.11136627197266,
        "synthetic": false
      },
      "geometry": {
        "type": "Point",
        "coordinates": [
          30.310397135302374,
          59.8756601896624
        ]
      }
    },
    {
      "type": "Feature",
      "properties": {
        "monotonic_time": 67276.19642090797,
        "horizontal_accuracy": 7.426278113075609,
        "speed": 11.075712611212765,
        "course": 88.11136627197266,
        "synthetic": false
      },
      "geometry": {
        "type": "Point",
        "coordinates": [
          30.310595325618007,
          59.87566347528503
        ]
      }
    },
    {
      "type": "Feature",
      "properties": {
        "monotonic_time": 67277.19642066956,
        "horizontal_accuracy": 7.474697504017594,
        "speed": 9.511396399096583,
        "course": 88.11136627197266,
        "synthetic": false
      },
      "geometry": {
        "type": "Point",
        "coordinates": [
          30.310749906350658,
          59.875666037942906
        ]
      }
    },
    {
      "type": "Feature",
      "properties": {
        "monotonic_time": 67278.19642078876,
        "horizontal_accuracy": 7.049496334523671,
        "speed": 7.926208175124897,
        "course": 88.11136627197266,
        "synthetic": false
      },
      "geometry": {
        "type": "Point",
        "coordinates": [
          30.31087459130249,
          59.875668104983305
        ]
      }
    },
    {
      "type": "Feature",
      "properties": {
        "monotonic_time": 67279.19642019272,
        "horizontal_accuracy": 6.494064205160022,
        "speed": 7.356851183931161,
        "course": 88.11136627197266,
        "synthetic": false
      },
      "geometry": {
        "type": "Point",
        "coordinates": [
          30.310992797639624,
          59.87567006462841
        ]
      }
    },
    {
      "type": "Feature",
      "properties": {
        "monotonic_time": 67280.19642078876,
        "horizontal_accuracy": 6.19644361173402,
        "speed": 6.1227124510967625,
        "course": 88.11136627197266,
        "synthetic": false
      },
      "geometry": {
        "type": "Point",
        "coordinates": [
          30.311080037971433,
          59.87567151091023
        ]
      }
    },
    {
      "type": "Feature",
      "properties": {
        "monotonic_time": 67281.19642031193,
        "horizontal_accuracy": 5.872217686584849,
        "speed": 4.651647875034177,
        "course": 88.11136627197266,
        "synthetic": false
      },
      "geometry": {
        "type": "Point",
        "coordinates": [
          30.311149902884583,
          59.87567266913931
        ]
      }
    },
    {
      "type": "Feature",
      "properties": {
        "monotonic_time": 67282.19642019272,
        "horizontal_accuracy": 5.805323021440953,
        "speed": 3.232993674893934,
        "course": 88.11136627197266,
        "synthetic": false
      },
      "geometry": {
        "type": "Point",
        "coordinates": [
          30.311186580189013,
          59.87567327717982
        ]
      }
    },
    {
      "type": "Feature",
      "properties": {
        "monotonic_time": 67283.19642055035,
        "horizontal_accuracy": 3.7698234882700548,
        "speed": 2.6616377501251947,
        "course": 88.11136627197266,
        "synthetic": false
      },
      "geometry": {
        "type": "Point",
        "coordinates": [
          30.311225774903942,
          59.87567392695535
        ]
      }
    },
    {
      "type": "Feature",
      "properties": {
        "monotonic_time": 67284.19642007351,
        "horizontal_accuracy": 3.959305482537767,
        "speed": 1.5755726530984775,
        "course": 88.11136627197266,
        "synthetic": false
      },
      "geometry": {
        "type": "Point",
        "coordinates": [
          30.311240722117788,
          59.875674174755076
        ]
      }
    },
    {
      "type": "Feature",
      "properties": {
        "monotonic_time": 67285.19642066956,
        "horizontal_accuracy": 4.0231348251497465,
        "speed": 1.168838889907704,
        "course": 88.11136627197266,
        "synthetic": false
      },
      "geometry": {
        "type": "Point",
        "coordinates": [
          30.311257306706498,
          59.87567444968885
        ]
      }
    },
    {
      "type": "Feature",
      "properties": {
        "monotonic_time": 67286.19642055035,
        "horizontal_accuracy": 6.941302040923127,
        "speed": 1.06435139610083,
        "course": 87.98640441894531,
        "synthetic": false
      },
      "geometry": {
        "type": "Point",
        "coordinates": [
          30.311281095533943,
          59.87567484727283
        ]
      }
    },
    {
      "type": "Feature",
      "properties": {
        "monotonic_time": 67287.19641971588,
        "horizontal_accuracy": 7.6807678506479995,
        "speed": 1.3218001814071854,
        "course": 87.98640441894531,
        "synthetic": false
      },
      "geometry": {
        "type": "Point",
        "coordinates": [
          30.3113079392405,
          59.87567532175957
        ]
      }
    },
    {
      "type": "Feature",
      "properties": {
        "monotonic_time": 67288.19279420376,
        "horizontal_accuracy": 7.920042981890063,
        "speed": 1.2131749723181229,
        "course": 87.98640441894531,
        "synthetic": false
      },
      "geometry": {
        "type": "Point",
        "coordinates": [
          30.311330468721145,
          59.875675719987704
        ]
      }
    },
    {
      "type": "Feature",
      "properties": {
        "monotonic_time": 67289.19171309471,
        "horizontal_accuracy": 7.961900859018551,
        "speed": 1.1180200590445672,
        "course": 87.98640441894531,
        "synthetic": false
      },
      "geometry": {
        "type": "Point",
        "coordinates": [
          30.31135110043773,
          59.875676084671206
        ]
      }
    },
    {
      "type": "Feature",
      "properties": {
        "monotonic_time": 67290.1917129755,
        "horizontal_accuracy": 8.03630593963747,
        "speed": 1.0694263090231635,
        "course": 87.98640441894531,
        "synthetic": false
      },
      "geometry": {
        "type": "Point",
        "coordinates": [
          30.311370487312765,
          59.87567642735143
        ]
      }
    },
    {
      "type": "Feature",
      "properties": {
        "monotonic_time": 67291.19210541248,
        "horizontal_accuracy": 7.696749689741242,
        "speed": 0.6309152506212824,
        "course": 87.98640441894531,
        "synthetic": false
      },
      "geometry": {
        "type": "Point",
        "coordinates": [
          30.311377137218805,
          59.875676544893274
        ]
      }
    },
    {
      "type": "Feature",
      "properties": {
        "monotonic_time": 67292.1925034523,
        "horizontal_accuracy": 4.6708715367247375,
        "speed": 0.32458840138302714,
        "course": 87.98640441894531,
        "synthetic": false
      },
      "geometry": {
        "type": "Point",
        "coordinates": [
          30.31138099523536,
          59.8756766130843
        ]
      }
    },
    {
      "type": "Feature",
      "properties": {
        "monotonic_time": 67293.19250357151,
        "horizontal_accuracy": 4.848196455432796,
        "speed": 0.03505865204874578,
        "course": 87.98640441894531,
        "synthetic": false
      },
      "geometry": {
        "type": "Point",
        "coordinates": [
          30.311373448935615,
          59.87567647969853
        ]
      }
    },
    {
      "type": "Feature",
      "properties": {
        "monotonic_time": 67294.19252192974,
        "horizontal_accuracy": 4.928432196588345,
        "speed": 0,
        "course": 87.98640441894531,
        "synthetic": false
      },
      "geometry": {
        "type": "Point",
        "coordinates": [
          30.311373181898624,
          59.875676474980565
        ]
      }
    },
    {
      "type": "Feature",
      "properties": {
        "monotonic_time": 67295.19197535515,
        "horizontal_accuracy": 4.982887581063061,
        "speed": 0,
        "course": 87.98640441894531,
        "synthetic": false
      },
      "geometry": {
        "type": "Point",
        "coordinates": [
          30.311373181898652,
          59.87567647498014
        ]
      }
    },
    {
      "type": "Feature",
      "properties": {
        "monotonic_time": 67296.19197547436,
        "horizontal_accuracy": 5.10217357518293,
        "speed": 0,
        "course": 87.98640441894531,
        "synthetic": false
      },
      "geometry": {
        "type": "Point",
        "coordinates": [
          30.311373181898652,
          59.87567647498014
        ]
      }
    },
    {
      "type": "Feature",
      "properties": {
        "monotonic_time": 67297.19250929356,
        "horizontal_accuracy": 5.051111070431234,
        "speed": 0,
        "course": 87.98640441894531,
        "synthetic": false
      },
      "geometry": {
        "type": "Point",
        "coordinates": [
          30.311373181898652,
          59.87567647498014
        ]
      }
    },
    {
      "type": "Feature",
      "properties": {
        "monotonic_time": 67298.19197177887,
        "horizontal_accuracy": 5.265133186376769,
        "speed": 0,
        "course": 87.98640441894531,
        "synthetic": false
      },
      "geometry": {
        "type": "Point",
        "coordinates": [
          30.311373181898652,
          59.87567647498014
        ]
      }
    },
    {
      "type": "Feature",
      "properties": {
        "monotonic_time": 67299.19197189808,
        "horizontal_accuracy": 5.570635186829823,
        "speed": 0,
        "course": 87.98640441894531,
        "synthetic": false
      },
      "geometry": {
        "type": "Point",
        "coordinates": [
          30.311373181898652,
          59.87567647498014
        ]
      }
    },
    {
      "type": "Feature",
      "properties": {
        "monotonic_time": 67300.19196403027,
        "horizontal_accuracy": 5.700364518166177,
        "speed": 0.001597896204963219,
        "course": 87.98640441894531,
        "synthetic": false
      },
      "geometry": {
        "type": "Point",
        "coordinates": [
          30.311385302300735,
          59.8756766892185
        ]
      }
    },
    {
      "type": "Feature",
      "properties": {
        "monotonic_time": 67301.19247472286,
        "horizontal_accuracy": 5.692946131908894,
        "speed": 0.43541767806507503,
        "course": 87.98640441894531,
        "synthetic": false
      },
      "geometry": {
        "type": "Point",
        "coordinates": [
          30.311393025597418,
          59.87567682573361
        ]
      }
    },
    {
      "type": "Feature",
      "properties": {
        "monotonic_time": 67302.19247472286,
        "horizontal_accuracy": 5.719429168138318,
        "speed": 0.7348916647545785,
        "course": 87.98640441894531,
        "synthetic": false
      },
      "geometry": {
        "type": "Point",
        "coordinates": [
          30.311408634227767,
          59.8756771016306
        ]
      }
    },
    {
      "type": "Feature",
      "properties": {
        "monotonic_time": 67303.19247424603,
        "horizontal_accuracy": 5.702985983141438,
        "speed": 0.46963530237688755,
        "course": 87.98640441894531,
        "synthetic": false
      },
      "geometry": {
        "type": "Point",
        "coordinates": [
          30.311416277889183,
          59.87567723673823
        ]
      }
    },
    {
      "type": "Feature",
      "properties": {
        "monotonic_time": 67304.19247460365,
        "horizontal_accuracy": 5.784105643745077,
        "speed": 0.2373731236210371,
        "course": 87.98640441894531,
        "synthetic": false
      },
      "geometry": {
        "type": "Point",
        "coordinates": [
          30.31141776724817,
          59.8756772630672
        ]
      }
    },
    {
      "type": "Feature",
      "properties": {
        "monotonic_time": 67305.19247460365,
        "horizontal_accuracy": 5.78881886955465,
        "speed": 0.1677584093824237,
        "course": 87.98640441894531,
        "synthetic": false
      },
      "geometry": {
        "type": "Point",
        "coordinates": [
          30.311424090552602,
          59.87567737483335
        ]
      }
    },
    {
      "type": "Feature",
      "properties": {
        "monotonic_time": 67306.19247412682,
        "horizontal_accuracy": 5.662139814258849,
        "speed": 0.16497902647443158,
        "course": 87.98640441894531,
        "synthetic": false
      },
      "geometry": {
        "type": "Point",
        "coordinates": [
          30.311428910241318,
          59.875677460031326
        ]
      }
    },
    {
      "type": "Feature",
      "properties": {
        "monotonic_time": 67307.19247412682,
        "horizontal_accuracy": 8.983922407441096,
        "speed": 0.20199725663572193,
        "course": 87.98640441894531,
        "synthetic": false
      },
      "geometry": {
        "type": "Point",
        "coordinates": [
          30.311428270469378,
          59.87567744871628
        ]
      }
    },
    {
      "type": "Feature",
      "properties": {
        "monotonic_time": 67308.1924740076,
        "horizontal_accuracy": 9.788846906233747,
        "speed": 0.06833088646929815,
        "course": 87.98640441894531,
        "synthetic": false
      },
      "geometry": {
        "type": "Point",
        "coordinates": [
          30.311434536203855,
          59.875677559471626
        ]
      }
    },
    {
      "type": "Feature",
      "properties": {
        "monotonic_time": 67309.19247448444,
        "horizontal_accuracy": 10.231553272057113,
        "speed": 0.07093682440462055,
        "course": 87.98640441894531,
        "synthetic": false
      },
      "geometry": {
        "type": "Point",
        "coordinates": [
          30.311437493493806,
          59.875677611743406
        ]
      }
    },
    {
      "type": "Feature",
      "properties": {
        "monotonic_time": 67310.19247460365,
        "horizontal_accuracy": 10.669699683379756,
        "speed": 0,
        "course": 87.98640441894531,
        "synthetic": false
      },
      "geometry": {
        "type": "Point",
        "coordinates": [
          30.311437513194385,
          59.87567761209353
        ]
      }
    },
    {
      "type": "Feature",
      "properties": {
        "monotonic_time": 67311.1924740076,
        "horizontal_accuracy": 10.66969975240732,
        "speed": 0,
        "course": 87.98640441894531,
        "synthetic": false
      },
      "geometry": {
        "type": "Point",
        "coordinates": [
          30.311437513194424,
          59.87567761209294
        ]
      }
    },
    {
      "type": "Feature",
      "properties": {
        "monotonic_time": 67312.19247364998,
        "horizontal_accuracy": 10.669699736609635,
        "speed": 0,
        "course": 87.98640441894531,
        "synthetic": false
      },
      "geometry": {
        "type": "Point",
        "coordinates": [
          30.311437513194416,
          59.87567761209308
        ]
      }
    },
    {
      "type": "Feature",
      "properties": {
        "monotonic_time": 67313.19247436523,
        "horizontal_accuracy": 10.669699736609635,
        "speed": 0,
        "course": 87.98640441894531,
        "synthetic": false
      },
      "geometry": {
        "type": "Point",
        "coordinates": [
          30.311437513194416,
          59.87567761209308
        ]
      }
    },
    {
      "type": "Feature",
      "properties": {
        "monotonic_time": 67314.19247376919,
        "horizontal_accuracy": 10.669699736609635,
        "speed": 0,
        "course": 87.98640441894531,
        "synthetic": false
      },
      "geometry": {
        "type": "Point",
        "coordinates": [
          30.311437513194416,
          59.87567761209308
        ]
      }
    },
    {
      "type": "Feature",
      "properties": {
        "monotonic_time": 67315.1924738884,
        "horizontal_accuracy": 10.669699736609635,
        "speed": 0,
        "course": 87.98640441894531,
        "synthetic": false
      },
      "geometry": {
        "type": "Point",
        "coordinates": [
          30.311437513194416,
          59.87567761209308
        ]
      }
    },
    {
      "type": "Feature",
      "properties": {
        "monotonic_time": 67316.19247341156,
        "horizontal_accuracy": 10.90167998793903,
        "speed": 0.0013927908511579023,
        "course": 87.98640441894531,
        "synthetic": false
      },
      "geometry": {
        "type": "Point",
        "coordinates": [
          30.311452556438358,
          59.8756778779952
        ]
      }
    },
    {
      "type": "Feature",
      "properties": {
        "monotonic_time": 67317.19247364998,
        "horizontal_accuracy": 10.316470616246985,
        "speed": 0.34710255509524557,
        "course": 87.98640441894531,
        "synthetic": false
      },
      "geometry": {
        "type": "Point",
        "coordinates": [
          30.311460525222568,
          59.8756780188509
        ]
      }
    },
    {
      "type": "Feature",
      "properties": {
        "monotonic_time": 67318.19247341156,
        "horizontal_accuracy": 10.188202627850393,
        "speed": 1.0736177962495923,
        "course": 87.98640441894531,
        "synthetic": false
      },
      "geometry": {
        "type": "Point",
        "coordinates": [
          30.311489200163532,
          59.87567852570498
        ]
      }
    },
    {
      "type": "Feature",
      "properties": {
        "monotonic_time": 67319.19247353077,
        "horizontal_accuracy": 10.100926481384814,
        "speed": 2.528267571726735,
        "course": 87.98640441894531,
        "synthetic": false
      },
      "geometry": {
        "type": "Point",
        "coordinates": [
          30.3115506447919,
          59.875679611794375
        ]
      }
    },
    {
      "type": "Feature",
      "properties": {
        "monotonic_time": 67320.19247341156,
        "horizontal_accuracy": 10.434875344529997,
        "speed": 3.8450547061150293,
        "course": 87.98640441894531,
        "synthetic": false
      },
      "geometry": {
        "type": "Point",
        "coordinates": [
          30.31163482661664,
          59.875681099779385
        ]
      }
    },
    {
      "type": "Feature",
      "properties": {
        "monotonic_time": 67321.19247317314,
        "horizontal_accuracy": 10.526605245941939,
        "speed": 5.308570983768546,
        "course": 87.98640441894531,
        "synthetic": false
      },
      "geometry": {
        "type": "Point",
        "coordinates": [
          30.311745188699888,
          59.87568305053015
        ]
      }
    },
    {
      "type": "Feature",
      "properties": {
        "monotonic_time": 67322.1924738884,
        "horizontal_accuracy": 10.610236829588267,
        "speed": 6.656462966695709,
        "course": 87.55518341064453,
        "synthetic": false
      },
      "geometry": {
        "type": "Point",
        "coordinates": [
          30.31188026851759,
          59.87568555510125
        ]
      }
    },
    {
      "type": "Feature",
      "properties": {
        "monotonic_time": 67323.1924738884,
        "horizontal_accuracy": 10.378643310421843,
        "speed": 7.729465128757135,
        "course": 87.55518341064453,
        "synthetic": false
      },
      "geometry": {
        "type": "Point",
        "coordinates": [
          30.312033425673782,
          59.87568884268721
        ]
      }
    },
    {
      "type": "Feature",
      "properties": {
        "monotonic_time": 67324.19247293472,
        "horizontal_accuracy": 6.323327013356101,
        "speed": 8.476031095346588,
        "course": 87.55518341064453,
        "synthetic": false
      },
      "geometry": {
        "type": "Point",
        "coordinates": [
          30.3121912957121,
          59.875692231430094
        ]
      }
    },
    {
      "type": "Feature",
      "properties": {
        "monotonic_time": 67325.1924740076,
        "horizontal_accuracy": 6.192255006208271,
        "speed": 8.726479773623224,
        "course": 87.55518341064453,
        "synthetic": false
      },
      "geometry": {
        "type": "Point",
        "coordinates": [
          30.31234510071124,
          59.87569553291869
        ]
      }
    },
    {
      "type": "Feature",
      "properties": {
        "monotonic_time": 67326.19247376919,
        "horizontal_accuracy": 5.500978707726792,
        "speed": 9.047040289760997,
        "course": 87.55518341064453,
        "synthetic": false
      },
      "geometry": {
        "type": "Point",
        "coordinates": [
          30.312508720810076,
          59.87569904509019
        ]
      }
    },
    {
      "type": "Feature",
      "properties": {
        "monotonic_time": 67327.19247317314,
        "horizontal_accuracy": 6.267239275376994,
        "speed": 8.992623678047352,
        "course": 87.55518341064453,
        "synthetic": false
      },
      "geometry": {
        "type": "Point",
        "coordinates": [
          30.312665438753132,
          59.87570240910946
        ]
      }
    },
    {
      "type": "Feature",
      "properties": {
        "monotonic_time": 67328.19247305393,
        "horizontal_accuracy": 5.8437294952861505,
        "speed": 8.584865864786211,
        "course": 87.55518341064453,
        "synthetic": false
      },
      "geometry": {
        "type": "Point",
        "coordinates": [
          30.312813148303817,
          59.87570557975454
        ]
      }
    },
    {
      "type": "Feature",
      "properties": {
        "monotonic_time": 67329.19247281551,
        "horizontal_accuracy": 5.576114081640575,
        "speed": 7.573121241019416,
        "course": 87.55518341064453,
        "synthetic": false
      },
      "geometry": {
        "type": "Point",
        "coordinates": [
          30.312933616982328,
          59.87570816565648
        ]
      }
    },
    {
      "type": "Feature",
      "properties": {
        "monotonic_time": 67330.19247305393,
        "horizontal_accuracy": 5.792166743434246,
        "speed": 6.9118076214182285,
        "course": 87.55518341064453,
        "synthetic": false
      },
      "geometry": {
        "type": "Point",
        "coordinates": [
          30.313050100014493,
          59.87571066602219
        ]
      }
    },
    {
      "type": "Feature",
      "properties": {
        "monotonic_time": 67331.19247364998,
        "horizontal_accuracy": 5.497592105262558,
        "speed": 5.715736210068497,
        "course": 87.55518341064453,
        "synthetic": false
      },
      "geometry": {
        "type": "Point",
        "coordinates": [
          30.313138592947674,
          59.87571256556514
        ]
      }
    },
    {
      "type": "Feature",
      "properties": {
        "monotonic_time": 67332.19247305393,
        "horizontal_accuracy": 5.1151939694591375,
        "speed": 5.650850947587366,
        "course": 89.10588073730469,
        "synthetic": false
      },
      "geometry": {
        "type": "Point",
        "coordinates": [
          30.313231307247655,
          59.87571369538779
        ]
      }
    },
    {
      "type": "Feature",
      "properties": {
        "monotonic_time": 67333.19247281551,
        "horizontal_accuracy": 5.08505578809645,
        "speed": 6.573976373435865,
        "course": 89.10588073730469,
        "synthetic": false
      },
      "geometry": {
        "type": "Point",
        "coordinates": [
          30.313357896519456,
          59.87571468863599
        ]
      }
    },
    {
      "type": "Feature",
      "properties": {
        "monotonic_time": 67334.1924726963,
        "horizontal_accuracy": 4.737579554704173,
        "speed": 7.1622500646106735,
        "course": 89.10588073730469,
        "synthetic": false
      },
      "geometry": {
        "type": "Point",
        "coordinates": [
          30.313488825275655,
          59.87571571590412
        ]
      }
    },
    {
      "type": "Feature",
      "properties": {
        "monotonic_time": 67335.19247281551,
        "horizontal_accuracy": 4.460968276641236,
        "speed": 8.237840295936822,
        "course": 89.05591583251953,
        "synthetic": false
      },
      "geometry": {
        "type": "Point",
        "coordinates": [
          30.313647604913875,
          59.87571706004189
        ]
      }
    },
    {
      "type": "Feature",
      "properties": {
        "monotonic_time": 67336.19247317314,
        "horizontal_accuracy": 4.57601762741434,
        "speed": 9.663660024464178,
        "course": 87.97740936279297,
        "synthetic": false
      },
      "geometry": {
        "type": "Point",
        "coordinates": [
          30.313836636419172,
          59.87571945561595
        ]
      }
    },
    {
      "type": "Feature",
      "properties": {
        "monotonic_time": 67337.19247353077,
        "horizontal_accuracy": 4.247303898529189,
        "speed": 10.88886009161249,
        "course": 87.97740936279297,
        "synthetic": false
      },
      "geometry": {
        "type": "Point",
        "coordinates": [
          30.314046516970972,
          59.87572318204006
        ]
      }
    },
    {
      "type": "Feature",
      "properties": {
        "monotonic_time": 67338.1924726963,
        "horizontal_accuracy": 3.785620268032991,
        "speed": 11.705852820488817,
        "course": 87.97740936279297,
        "synthetic": false
      },
      "geometry": {
        "type": "Point",
        "coordinates": [
          30.31426667037487,
          59.875739515902644
        ]
      }
    },
    {
      "type": "Feature",
      "properties": {
        "monotonic_time": 67339.19247329235,
        "horizontal_accuracy": 4.381281585389497,
        "speed": 12.31490435336326,
        "course": 87.97740936279297,
        "synthetic": false
      },
      "geometry": {
        "type": "Point",
        "coordinates": [
          30.31449701426059,
          59.875742680074175
        ]
      }
    },
    {
      "type": "Feature",
      "properties": {
        "monotonic_time": 67340.19247281551,
        "horizontal_accuracy": 3.9059099587664465,
        "speed": 13.641829626331484,
        "course": 87.97740936279297,
        "synthetic": false
      },
      "geometry": {
        "type": "Point",
        "coordinates": [
          30.314762393278517,
          59.875745844595336
        ]
      }
    },
    {
      "type": "Feature",
      "properties": {
        "monotonic_time": 67341.19247317314,
        "horizontal_accuracy": 3.516344223002928,
        "speed": 14.477794016241859,
        "course": 87.97740936279297,
        "synthetic": false
      },
      "geometry": {
        "type": "Point",
        "coordinates": [
          30.315038662227682,
          59.87574583559694
        ]
      }
    },
    {
      "type": "Feature",
      "properties": {
        "monotonic_time": 67342.1924726963,
        "horizontal_accuracy": 3.3731001318093794,
        "speed": 15.064779916828693,
        "course": 87.97740936279297,
        "synthetic": false
      },
      "geometry": {
        "type": "Point",
        "coordinates": [
          30.315319848634786,
          59.87574987329049
        ]
      }
    },
    {
      "type": "Feature",
      "properties": {
        "monotonic_time": 67343.19247305393,
        "horizontal_accuracy": 4.30024272476309,
        "speed": 16.455525342680065,
        "course": 88.84300994873047,
        "synthetic": false
      },
      "geometry": {
        "type": "Point",
        "coordinates": [
          30.315633506178656,
          59.875757018665794
        ]
      }
    },
    {
      "type": "Feature",
      "properties": {
        "monotonic_time": 67344.1924738884,
        "horizontal_accuracy": 3.607861959929848,
        "speed": 17.14147735623379,
        "course": 88.2922592163086,
        "synthetic": false
      },
      "geometry": {
        "type": "Point",
        "coordinates": [
          30.315951554283487,
          59.875762035137676
        ]
      }
    },
    {
      "type": "Feature",
      "properties": {
        "monotonic_time": 67345.192476511,
        "horizontal_accuracy": 3.8274377503145343,
        "speed": 17.299808430596226,
        "course": 88.2922592163086,
        "synthetic": false
      },
      "geometry": {
        "type": "Point",
        "coordinates": [
          30.316266307846426,
          59.875765319885225
        ]
      }
    },
    {
      "type": "Feature",
      "properties": {
        "monotonic_time": 67346.19247972965,
        "horizontal_accuracy": 3.610511481901764,
        "speed": 16.7139142663002,
        "course": 88.2922592163086,
        "synthetic": false
      },
      "geometry": {
        "type": "Point",
        "coordinates": [
          30.316562764043432,
          59.87577046011538
        ]
      }
    },
    {
      "type": "Feature",
      "properties": {
        "monotonic_time": 67347.19248211384,
        "horizontal_accuracy": 3.625466731083505,
        "speed": 16.399614663620838,
        "course": 87.04729461669922,
        "synthetic": false
      },
      "geometry": {
        "type": "Point",
        "coordinates": [
          30.316861384359367,
          59.87577309236358
        ]
      }
    },
    {
      "type": "Feature",
      "properties": {
        "monotonic_time": 67348.19248521328,
        "horizontal_accuracy": 4.152012123950515,
        "speed": 16.051501612215503,
        "course": 87.04729461669922,
        "synthetic": false
      },
      "geometry": {
        "type": "Point",
        "coordinates": [
          30.317151714731853,
          59.87576875034461
        ]
      }
    },
    {
      "type": "Feature",
      "properties": {
        "monotonic_time": 67349.19248747826,
        "horizontal_accuracy": 3.776423834260958,
        "speed": 15.998787109928303,
        "course": 86.5540771484375,
        "synthetic": false
      },
      "geometry": {
        "type": "Point",
        "coordinates": [
          30.317444632650865,
          59.87577377073992
        ]
      }
    },
    {
      "type": "Feature",
      "properties": {
        "monotonic_time": 67350.19248962402,
        "horizontal_accuracy": 3.5119051598459583,
        "speed": 15.825028766771341,
        "course": 86.5540771484375,
        "synthetic": false
      },
      "geometry": {
        "type": "Point",
        "coordinates": [
          30.317728676887423,
          59.87577928795946
        ]
      }
    },
    {
      "type": "Feature",
      "properties": {
        "monotonic_time": 67351.19249093533,
        "horizontal_accuracy": 3.48628323639192,
        "speed": 15.700605745858223,
        "course": 88.38583374023438,
        "synthetic": false
      },
      "geometry": {
        "type": "Point",
        "coordinates": [
          30.318009620417037,
          59.875786398082916
        ]
      }
    },
    {
      "type": "Feature",
      "properties": {
        "monotonic_time": 67352.19249331951,
        "horizontal_accuracy": 3.4421340810021133,
        "speed": 15.949806588707812,
        "course": 88.38583374023438,
        "synthetic": false
      },
      "geometry": {
        "type": "Point",
        "coordinates": [
          30.31829957131536,
          59.87578797072829
        ]
      }
    },
    {
      "type": "Feature",
      "properties": {
        "monotonic_time": 67353.19249498844,
        "horizontal_accuracy": 3.3626425618195226,
        "speed": 16.33232909123805,
        "course": 88.38583374023438,
        "synthetic": false
      },
      "geometry": {
        "type": "Point",
        "coordinates": [
          30.31859662823522,
          59.87578857714287
        ]
      }
    },
    {
      "type": "Feature",
      "properties": {
        "monotonic_time": 67354.19249725342,
        "horizontal_accuracy": 3.925285504807772,
        "speed": 16.574586900605034,
        "course": 88.38583374023438,
        "synthetic": false
      },
      "geometry": {
        "type": "Point",
        "coordinates": [
          30.318897653501494,
          59.87578714071172
        ]
      }
    },
    {
      "type": "Feature",
      "properties": {
        "monotonic_time": 67355.19249808788,
        "horizontal_accuracy": 3.7962776881158518,
        "speed": 16.329600326282385,
        "course": 88.38583374023438,
        "synthetic": false
      },
      "geometry": {
        "type": "Point",
        "coordinates": [
          30.319191448307635,
          59.875793595592
        ]
      }
    },
    {
      "type": "Feature",
      "properties": {
        "monotonic_time": 67356.1924995184,
        "horizontal_accuracy": 3.8468931732315284,
        "speed": 15.647002821512988,
        "course": 85.05201721191406,
        "synthetic": false
      },
      "geometry": {
        "type": "Point",
        "coordinates": [
          30.31946549712445,
          59.87580375690168
        ]
      }
    },
    {
      "type": "Feature",
      "properties": {
        "monotonic_time": 67357.19250142574,
        "horizontal_accuracy": 3.3292716524071118,
        "speed": 14.091866299914491,
        "course": 85.05201721191406,
        "synthetic": false
      },
      "geometry": {
        "type": "Point",
        "coordinates": [
          30.31970105534191,
          59.87581221885674
        ]
      }
    },
    {
      "type": "Feature",
      "properties": {
        "monotonic_time": 67358.19250273705,
        "horizontal_accuracy": 2.957802156845868,
        "speed": 12.992348107299797,
        "course": 85.05201721191406,
        "synthetic": false
      },
      "geometry": {
        "type": "Point",
        "coordinates": [
          30.319917208611347,
          59.875819656989236
        ]
      }
    },
    {
      "type": "Feature",
      "properties": {
        "monotonic_time": 67359.19250380993,
        "horizontal_accuracy": 2.8507595242243897,
        "speed": 12.183116303668317,
        "course": 87.1695785522461,
        "synthetic": false
      },
      "geometry": {
        "type": "Point",
        "coordinates": [
          30.32011858945238,
          59.87583688455494
        ]
      }
    },
    {
      "type": "Feature",
      "properties": {
        "monotonic_time": 67360.1925047636,
        "horizontal_accuracy": 2.8150880880702167,
        "speed": 12.16877472588761,
        "course": 87.1695785522461,
        "synthetic": false
      },
      "geometry": {
        "type": "Point",
        "coordinates": [
          30.320330320846168,
          59.875851453761655
        ]
      }
    },
    {
      "type": "Feature",
      "properties": {
        "monotonic_time": 67361.1925060749,
        "horizontal_accuracy": 2.892408128116025,
        "speed": 12.552805748574727,
        "course": 86.88897705078125,
        "synthetic": false
      },
      "geometry": {
        "type": "Point",
        "coordinates": [
          30.320551546333096,
          59.8758656013086
        ]
      }
    },
    {
      "type": "Feature",
      "properties": {
        "monotonic_time": 67362.19250667095,
        "horizontal_accuracy": 2.914520183640138,
        "speed": 12.920630547362183,
        "course": 86.88897705078125,
        "synthetic": false
      },
      "geometry": {
        "type": "Point",
        "coordinates": [
          30.320782166356004,
          59.87587768225521
        ]
      }
    },
    {
      "type": "Feature",
      "properties": {
        "monotonic_time": 67363.19250798225,
        "horizontal_accuracy": 2.9825565988433986,
        "speed": 13.457219171305994,
        "course": 88.45793151855469,
        "synthetic": false
      },
      "geometry": {
        "type": "Point",
        "coordinates": [
          30.32102694849319,
          59.875869817441696
        ]
      }
    },
    {
      "type": "Feature",
      "properties": {
        "monotonic_time": 67364.19250881672,
        "horizontal_accuracy": 2.9641997653970025,
        "speed": 14.332008939349668,
        "course": 88.45793151855469,
        "synthetic": false
      },
      "geometry": {
        "type": "Point",
        "coordinates": [
          30.32129124379103,
          59.875873394523715
        ]
      }
    },
    {
      "type": "Feature",
      "properties": {
        "monotonic_time": 67365.19250941277,
        "horizontal_accuracy": 3.068348368416149,
        "speed": 14.869784056526074,
        "course": 88.45793151855469,
        "synthetic": false
      },
      "geometry": {
        "type": "Point",
        "coordinates": [
          30.321564948505586,
          59.87587709895772
        ]
      }
    },
    {
      "type": "Feature",
      "properties": {
        "monotonic_time": 67366.1925110817,
        "horizontal_accuracy": 3.6422418151656317,
        "speed": 15.769805818217305,
        "course": 88.45793151855469,
        "synthetic": false
      },
      "geometry": {
        "type": "Point",
        "coordinates": [
          30.32186013181993,
          59.8758810940922
        ]
      }
    },
    {
      "type": "Feature",
      "properties": {
        "monotonic_time": 67367.19251132011,
        "horizontal_accuracy": 3.976284218961477,
        "speed": 16.360254639824316,
        "course": 88.45793151855469,
        "synthetic": false
      },
      "geometry": {
        "type": "Point",
        "coordinates": [
          30.322164491101862,
          59.87588521341585
        ]
      }
    },
    {
      "type": "Feature",
      "properties": {
        "monotonic_time": 67368.19251143932,
        "horizontal_accuracy": 3.3118087513407843,
        "speed": 16.903690820989514,
        "course": 88.82829284667969,
        "synthetic": false
      },
      "geometry": {
        "type": "Point",
        "coordinates": [
          30.322478892927556,
          59.87588910199351
        ]
      }
    },
    {
      "type": "Feature",
      "properties": {
        "monotonic_time": 67369.19251227379,
        "horizontal_accuracy": 5.909505889549162,
        "speed": 17.581786698986,
        "course": 88.36649322509766,
        "synthetic": false
      },
      "geometry": {
        "type": "Point",
        "coordinates": [
          30.322808670565827,
          59.87589312098776
        ]
      }
    },
    {
      "type": "Feature",
      "properties": {
        "monotonic_time": 67370.19251346588,
        "horizontal_accuracy": 6.113204679969399,
        "speed": 18.039678349364625,
        "course": 88.36649322509766,
        "synthetic": false
      },
      "geometry": {
        "type": "Point",
        "coordinates": [
          30.323139651021755,
          59.87591052848178
        ]
      }
    },
    {
      "type": "Feature",
      "properties": {
        "monotonic_time": 67371.19251346588,
        "horizontal_accuracy": 4.482592810394695,
        "speed": 18.631193728163225,
        "course": 88.54203033447266,
        "synthetic": false
      },
      "geometry": {
        "type": "Point",
        "coordinates": [
          30.32347946190895,
          59.875916331782065
        ]
      }
    },
    {
      "type": "Feature",
      "properties": {
        "monotonic_time": 67372.19251441956,
        "horizontal_accuracy": 3.785850825346266,
        "speed": 18.716006029666477,
        "course": 88.54203033447266,
        "synthetic": false
      },
      "geometry": {
        "type": "Point",
        "coordinates": [
          30.32382186583933,
          59.875920012389436
        ]
      }
    },
    {
      "type": "Feature",
      "properties": {
        "monotonic_time": 67373.19251430035,
        "horizontal_accuracy": 5.118533494142106,
        "speed": 18.432025911620126,
        "course": 88.54203033447266,
        "synthetic": false
      },
      "geometry": {
        "type": "Point",
        "coordinates": [
          30.324152967794042,
          59.87592496781725
        ]
      }
    },
    {
      "type": "Feature",
      "properties": {
        "monotonic_time": 67374.19251513481,
        "horizontal_accuracy": 3.961891236997902,
        "speed": 17.676182541854477,
        "course": 88.11893463134766,
        "synthetic": false
      },
      "geometry": {
        "type": "Point",
        "coordinates": [
          30.324462871297477,
          59.87593188858761
        ]
      }
    },
    {
      "type": "Feature",
      "properties": {
        "monotonic_time": 67375.1925150156,
        "horizontal_accuracy": 3.1252248436653995,
        "speed": 17.255372133105404,
        "course": 88.11893463134766,
        "synthetic": false
      },
      "geometry": {
        "type": "Point",
        "coordinates": [
          30.324769408427894,
          59.87592040139937
        ]
      }
    },
    {
      "type": "Feature",
      "properties": {
        "monotonic_time": 67376.19251573086,
        "horizontal_accuracy": 3.0526971008452453,
        "speed": 16.659247246481996,
        "course": 88.11893463134766,
        "synthetic": false
      },
      "geometry": {
        "type": "Point",
        "coordinates": [
          30.3250597891357,
          59.87592519606474
        ]
      }
    },
    {
      "type": "Feature",
      "properties": {
        "monotonic_time": 67377.19251644611,
        "horizontal_accuracy": 2.996191723857274,
        "speed": 16.096213548898323,
        "course": 88.11893463134766,
        "synthetic": false
      },
      "geometry": {
        "type": "Point",
        "coordinates": [
          30.325339086388336,
          59.87592980771923
        ]
      }
    },
    {
      "type": "Feature",
      "properties": {
        "monotonic_time": 67378.19251680374,
        "horizontal_accuracy": 3.001800192371987,
        "speed": 15.547776795376143,
        "course": 88.11893463134766,
        "synthetic": false
      },
      "geometry": {
        "type": "Point",
        "coordinates": [
          30.325606733973455,
          59.875934227018625
        ]
      }
    },
    {
      "type": "Feature",
      "properties": {
        "monotonic_time": 67379.19251728058,
        "horizontal_accuracy": 2.916352319146176,
        "speed": 14.989275704035032,
        "course": 88.11893463134766,
        "synthetic": false
      },
      "geometry": {
        "type": "Point",
        "coordinates": [
          30.325864136066016,
          59.87593847712368
        ]
      }
    },
    {
      "type": "Feature",
      "properties": {
        "monotonic_time": 67380.192517519,
        "horizontal_accuracy": 2.890447591988832,
        "speed": 13.819609542291634,
        "course": 89.11763763427734,
        "synthetic": false
      },
      "geometry": {
        "type": "Point",
        "coordinates": [
          30.32609562146198,
          59.87594201446697
        ]
      }
    },
    {
      "type": "Feature",
      "properties": {
        "monotonic_time": 67381.19251704216,
        "horizontal_accuracy": 2.9039436560599934,
        "speed": 11.772197772728543,
        "course": 89.11763763427734,
        "synthetic": false
      },
      "geometry": {
        "type": "Point",
        "coordinates": [
          30.32627895674545,
          59.875943434042235
        ]
      }
    },
    {
      "type": "Feature",
      "properties": {
        "monotonic_time": 67382.19251775742,
        "horizontal_accuracy": 2.935230728368419,
        "speed": 10.249605604733974,
        "course": 89.11763763427734,
        "synthetic": false
      },
      "geometry": {
        "type": "Point",
        "coordinates": [
          30.326441822340513,
          59.87594469508987
        ]
      }
    },
    {
      "type": "Feature",
      "properties": {
        "monotonic_time": 67383.19251823425,
        "horizontal_accuracy": 3.070414916283799,
        "speed": 9.357885103142408,
        "course": 88.81790924072266,
        "synthetic": false
      },
      "geometry": {
        "type": "Point",
        "coordinates": [
          30.326596246503225,
          59.87594649840703
        ]
      }
    },
    {
      "type": "Feature",
      "properties": {
        "monotonic_time": 67384.19251775742,
        "horizontal_accuracy": 3.0782494844998913,
        "speed": 8.448368920288805,
        "course": 88.81790924072266,
        "synthetic": false
      },
      "geometry": {
        "type": "Point",
        "coordinates": [
          30.32673162496419,
          59.875947902812364
        ]
      }
    },
    {
      "type": "Feature",
      "properties": {
        "monotonic_time": 67385.19251799583,
        "horizontal_accuracy": 3.1838770986934284,
        "speed": 7.212850851181218,
        "course": 88.81790924072266,
        "synthetic": false
      },
      "geometry": {
        "type": "Point",
        "coordinates": [
          30.326841493033882,
          59.87594904257645
        ]
      }
    },
    {
      "type": "Feature",
      "properties": {
        "monotonic_time": 67386.19251811504,
        "horizontal_accuracy": 3.4710034922012976,
        "speed": 6.530830935805062,
        "course": 88.81790924072266,
        "synthetic": false
      },
      "geometry": {
        "type": "Point",
        "coordinates": [
          30.326946864653333,
          59.87595013569472
        ]
      }
    },
    {
      "type": "Feature",
      "properties": {
        "monotonic_time": 67387.19251871109,
        "horizontal_accuracy": 4.126405996871928,
        "speed": 6.225892844866652,
        "course": 88.81790924072266,
        "synthetic": false
      },
      "geometry": {
        "type": "Point",
        "coordinates": [
          30.327053390480515,
          59.87595124078036
        ]
      }
    },
    {
      "type": "Feature",
      "properties": {
        "monotonic_time": 67388.19251859188,
        "horizontal_accuracy": 4.292898305691585,
        "speed": 5.483438992912508,
        "course": 88.81790924072266,
        "synthetic": false
      },
      "geometry": {
        "type": "Point",
        "coordinates": [
          30.327140657047515,
          59.875952146077594
        ]
      }
    },
    {
      "type": "Feature",
      "properties": {
        "monotonic_time": 67389.19251918793,
        "horizontal_accuracy": 5.454121040942073,
        "speed": 3.766038410888766,
        "course": 88.81790924072266,
        "synthetic": false
      },
      "geometry": {
        "type": "Point",
        "coordinates": [
          30.32718200516269,
          59.87595257501931
        ]
      }
    },
    {
      "type": "Feature",
      "properties": {
        "monotonic_time": 67390.19251930714,
        "horizontal_accuracy": 5.718533908645718,
        "speed": 2.325215654094392,
        "course": 88.81790924072266,
        "synthetic": false
      },
      "geometry": {
        "type": "Point",
        "coordinates": [
          30.327202460446728,
          59.87595278722179
        ]
      }
    },
    {
      "type": "Feature",
      "properties": {
        "monotonic_time": 67391.19251954556,
        "horizontal_accuracy": 5.964406223057486,
        "speed": 1.6836690000383825,
        "course": 88.81790924072266,
        "synthetic": false
      },
      "geometry": {
        "type": "Point",
        "coordinates": [
          30.327221284899373,
          59.87595298250375
        ]
      }
    },
    {
      "type": "Feature",
      "properties": {
        "monotonic_time": 67392.1925188303,
        "horizontal_accuracy": 6.414698420587025,
        "speed": 1.2758408724097934,
        "course": 88.81790924072266,
        "synthetic": false
      },
      "geometry": {
        "type": "Point",
        "coordinates": [
          30.32723586645808,
          59.87595313376929
        ]
      }
    },
    {
      "type": "Feature",
      "properties": {
        "monotonic_time": 67393.19251954556,
        "horizontal_accuracy": 6.98315514117754,
        "speed": 1.129788760013919,
        "course": 88.81790924072266,
        "synthetic": false
      },
      "geometry": {
        "type": "Point",
        "coordinates": [
          30.32724908727901,
          59.87596905437405
        ]
      }
    },
    {
      "type": "Feature",
      "properties": {
        "monotonic_time": 67394.19251966476,
        "horizontal_accuracy": 7.326560448895476,
        "speed": 1.9499111719104847,
        "course": 88.81790924072266,
        "synthetic": false
      },
      "geometry": {
        "type": "Point",
        "coordinates": [
          30.327294199844303,
          59.87596639991679
        ]
      }
    },
    {
      "type": "Feature",
      "properties": {
        "monotonic_time": 67395.19251942635,
        "horizontal_accuracy": 7.32906819683801,
        "speed": 3.5639644596413462,
        "course": 88.81790924072266,
        "synthetic": false
      },
      "geometry": {
        "type": "Point",
        "coordinates": [
          30.327379028417138,
          59.87596406292581
        ]
      }
    },
    {
      "type": "Feature",
      "properties": {
        "monotonic_time": 67396.19251930714,
        "horizontal_accuracy": 7.061733453076158,
        "speed": 4.969708645577577,
        "course": 88.81790924072266,
        "synthetic": false
      },
      "geometry": {
        "type": "Point",
        "coordinates": [
          30.327483897528364,
          59.87596395140139
        ]
      }
    },
    {
      "type": "Feature",
      "properties": {
        "monotonic_time": 67397.19251978397,
        "horizontal_accuracy": 6.969663216555846,
        "speed": 6.195625129268099,
        "course": 88.81790924072266,
        "synthetic": false
      },
      "geometry": {
        "type": "Point",
        "coordinates": [
          30.32760841043105,
          59.8759643132673
        ]
      }
    },
    {
      "type": "Feature",
      "properties": {
        "monotonic_time": 67398.19251966476,
        "horizontal_accuracy": 6.632019148567183,
        "speed": 7.239171662252989,
        "course": 88.81790924072266,
        "synthetic": false
      },
      "geometry": {
        "type": "Point",
        "coordinates": [
          30.327748720856036,
          59.87596681522476
        ]
      }
    },
    {
      "type": "Feature",
      "properties": {
        "monotonic_time": 67399.19251990318,
        "horizontal_accuracy": 5.972502502959246,
        "speed": 7.605614049587099,
        "course": 88.81790924072266,
        "synthetic": false
      },
      "geometry": {
        "type": "Point",
        "coordinates": [
          30.32788913345734,
          59.875970043090256
        ]
      }
    },
    {
      "type": "Feature",
      "properties": {
        "monotonic_time": 67400.19251978397,
        "horizontal_accuracy": 4.975100094338291,
        "speed": 7.633940965961775,
        "course": 88.81790924072266,
        "synthetic": false
      },
      "geometry": {
        "type": "Point",
        "coordinates": [
          30.32802752064345,
          59.87597693358138
        ]
      }
    },
    {
      "type": "Feature",
      "properties": {
        "monotonic_time": 67401.19252002239,
        "horizontal_accuracy": 4.3032002397368405,
        "speed": 8.122991047855429,
        "course": 89.09127044677734,
        "synthetic": false
      },
      "geometry": {
        "type": "Point",
        "coordinates": [
          30.328181446608546,
          59.875962794979195
        ]
      }
    },
    {
      "type": "Feature",
      "properties": {
        "monotonic_time": 67402.1925201416,
        "horizontal_accuracy": 3.7208029137006573,
        "speed": 8.654577729128029,
        "course": 89.09127044677734,
        "synthetic": false
      },
      "geometry": {
        "type": "Point",
        "coordinates": [
          30.32834338219249,
          59.875964086329134
        ]
      }
    },
    {
      "type": "Feature",
      "properties": {
        "monotonic_time": 67403.19251966476,
        "horizontal_accuracy": 3.236183833783538,
        "speed": 9.311418059038683,
        "course": 89.09127044677734,
        "synthetic": false
      },
      "geometry": {
        "type": "Point",
        "coordinates": [
          30.328517048399295,
          59.875965471175626
        ]
      }
    },
    {
      "type": "Feature",
      "properties": {
        "monotonic_time": 67404.19251990318,
        "horizontal_accuracy": 3.0598327221854476,
        "speed": 9.886710039842756,
        "course": 88.34447479248047,
        "synthetic": false
      },
      "geometry": {
        "type": "Point",
        "coordinates": [
          30.328702153674133,
          59.875969147055606
        ]
      }
    },
    {
      "type": "Feature",
      "properties": {
        "monotonic_time": 67405.19251990318,
        "horizontal_accuracy": 3.0658390458384726,
        "speed": 10.676077696588347,
        "course": 88.34447479248047,
        "synthetic": false
      },
      "geometry": {
        "type": "Point",
        "coordinates": [
          30.328900924598848,
          59.875972035338194
        ]
      }
    },
    {
      "type": "Feature",
      "properties": {
        "monotonic_time": 67406.19251954556,
        "horizontal_accuracy": 3.324163993883652,
        "speed": 11.200722185723148,
        "course": 88.34447479248047,
        "synthetic": false
      },
      "geometry": {
        "type": "Point",
        "coordinates": [
          30.32910712133937,
          59.87597503150189
        ]
      }
    },
    {
      "type": "Feature",
      "properties": {
        "monotonic_time": 67407.19251990318,
        "horizontal_accuracy": 3.149434861515193,
        "speed": 11.006565484751492,
        "course": 88.34436798095703,
        "synthetic": false
      },
      "geometry": {
        "type": "Point",
        "coordinates": [
          30.32930175062587,
          59.875977859857635
        ]
      }
    },
    {
      "type": "Feature",
      "properties": {
        "monotonic_time": 67408.19252002239,
        "horizontal_accuracy": 3.131524454544089,
        "speed": 10.640177461324777,
        "course": 88.34436798095703,
        "synthetic": false
      },
      "geometry": {
        "type": "Point",
        "coordinates": [
          30.32948668657597,
          59.875993347859506
        ]
      }
    },
    {
      "type": "Feature",
      "properties": {
        "monotonic_time": 67409.19252049923,
        "horizontal_accuracy": 3.0824391165860563,
        "speed": 10.105337915758172,
        "course": 88.34436798095703,
        "synthetic": false
      },
      "geometry": {
        "type": "Point",
        "coordinates": [
          30.329661399673466,
          59.87599599142483
        ]
      }
    },
    {
      "type": "Feature",
      "properties": {
        "monotonic_time": 67410.19251966476,
        "horizontal_accuracy": 3.1385508880426936,
        "speed": 8.972313974595078,
        "course": 88.34436798095703,
        "synthetic": false
      },
      "geometry": {
        "type": "Point",
        "coordinates": [
          30.32980760544494,
          59.87599887818688
        ]
      }
    },
    {
      "type": "Feature",
      "properties": {
        "monotonic_time": 67411.19252002239,
        "horizontal_accuracy": 3.1448629965179435,
        "speed": 7.307419852762255,
        "course": 88.34436798095703,
        "synthetic": false
      },
      "geometry": {
        "type": "Point",
        "coordinates": [
          30.32992034063548,
          59.8759983171816
        ]
      }
    },
    {
      "type": "Feature",
      "properties": {
        "monotonic_time": 67412.19252002239,
        "horizontal_accuracy": 3.13815626965598,
        "speed": 6.430036526973246,
        "course": 88.34436798095703,
        "synthetic": false
      },
      "geometry": {
        "type": "Point",
        "coordinates": [
          30.330023720065732,
          59.87599906576981
        ]
      }
    },
    {
      "type": "Feature",
      "properties": {
        "monotonic_time": 67413.19251966476,
        "horizontal_accuracy": 3.124575996414839,
        "speed": 5.7676131148851235,
        "course": 88.34436798095703,
        "synthetic": false
      },
      "geometry": {
        "type": "Point",
        "coordinates": [
          30.330119013307133,
          59.876002039731475
        ]
      }
    },
    {
      "type": "Feature",
      "properties": {
        "monotonic_time": 67414.18847382069,
        "horizontal_accuracy": 3.067979210099789,
        "speed": 5.075468775890552,
        "course": 88.34436798095703,
        "synthetic": false
      },
      "geometry": {
        "type": "Point",
        "coordinates": [
          30.33020274060493,
          59.875990952729175
        ]
      }
    },
    {
      "type": "Feature",
      "properties": {
        "monotonic_time": 67415.18892884254,
        "horizontal_accuracy": 3.0064344027667227,
        "speed": 4.240913645324115,
        "course": 88.34436798095703,
        "synthetic": false
      },
      "geometry": {
        "type": "Point",
        "coordinates": [
          30.330268575457648,
          59.87599190941492
        ]
      }
    },
    {
      "type": "Feature",
      "properties": {
        "monotonic_time": 67416.18892836571,
        "horizontal_accuracy": 2.883110012634209,
        "speed": 3.1704150603368157,
        "course": 88.34436798095703,
        "synthetic": false
      },
      "geometry": {
        "type": "Point",
        "coordinates": [
          30.330316106698664,
          59.87599260012404
        ]
      }
    },
    {
      "type": "Feature",
      "properties": {
        "monotonic_time": 67417.18900227547,
        "horizontal_accuracy": 2.938077440723615,
        "speed": 2.139014573188227,
        "course": 88.34436798095703,
        "synthetic": false
      },
      "geometry": {
        "type": "Point",
        "coordinates": [
          30.330339425097677,
          59.87599293898091
        ]
      }
    },
    {
      "type": "Feature",
      "properties": {
        "monotonic_time": 67418.18894553185,
        "horizontal_accuracy": 2.9204446469085963,
        "speed": 0.5108772513839563,
        "course": 88.34436798095703,
        "synthetic": false
      },
      "geometry": {
        "type": "Point",
        "coordinates": [
          30.33032870916092,
          59.87600827257491
        ]
      }
    },
    {
      "type": "Feature",
      "properties": {
        "monotonic_time": 67419.18894541264,
        "horizontal_accuracy": 2.9458484221088406,
        "speed": 0.13372549478418577,
        "course": 88.34436798095703,
        "synthetic": false
      },
      "geometry": {
        "type": "Point",
        "coordinates": [
          30.33033087011558,
          59.87600437678781
        ]
      }
    },
    {
      "type": "Feature",
      "properties": {
        "monotonic_time": 67420.18837046623,
        "horizontal_accuracy": 3.029126740829459,
        "speed": 0.19538918535702016,
        "course": 88.34436798095703,
        "synthetic": false
      },
      "geometry": {
        "type": "Point",
        "coordinates": [
          30.330328689204833,
          59.876001715782
        ]
      }
    },
    {
      "type": "Feature",
      "properties": {
        "monotonic_time": 67421.18886756897,
        "horizontal_accuracy": 3.1665426696910988,
        "speed": 0.07457594442868692,
        "course": 88.34436798095703,
        "synthetic": false
      },
      "geometry": {
        "type": "Point",
        "coordinates": [
          30.33033250989651,
          59.87599958256974
        ]
      }
    },
    {
      "type": "Feature",
      "properties": {
        "monotonic_time": 67422.18886780739,
        "horizontal_accuracy": 3.1374735452550566,
        "speed": 0.06106038171519752,
        "course": 88.34436798095703,
        "synthetic": false
      },
      "geometry": {
        "type": "Point",
        "coordinates": [
          30.330339876763276,
          59.87599754036391
        ]
      }
    },
    {
      "type": "Feature",
      "properties": {
        "monotonic_time": 67423.18805849552,
        "horizontal_accuracy": 3.0960012069754317,
        "speed": 0.12453201658489467,
        "course": 88.34436798095703,
        "synthetic": false
      },
      "geometry": {
        "type": "Point",
        "coordinates": [
          30.330343564170445,
          59.87599257673396
        ]
      }
    },
    {
      "type": "Feature",
      "properties": {
        "monotonic_time": 67424.18863010406,
        "horizontal_accuracy": 3.101804965536689,
        "speed": 0.647253756939632,
        "course": 88.34436798095703,
        "synthetic": false
      },
      "geometry": {
        "type": "Point",
        "coordinates": [
          30.330348551763585,
          59.875988334423205
        ]
      }
    },
    {
      "type": "Feature",
      "properties": {
        "monotonic_time": 67425.18863034248,
        "horizontal_accuracy": 3.130111326885103,
        "speed": 1.0531678542444662,
        "course": 88.34436798095703,
        "synthetic": false
      },
      "geometry": {
        "type": "Point",
        "coordinates": [
          30.33037088775606,
          59.87598872734524
        ]
      }
    },
    {
      "type": "Feature",
      "properties": {
        "monotonic_time": 67426.18826854229,
        "horizontal_accuracy": 3.116128139904256,
        "speed": 1.436962424563653,
        "course": 88.34436798095703,
        "synthetic": false
      },
      "geometry": {
        "type": "Point",
        "coordinates": [
          30.33039683253103,
          59.87598934048157
        ]
      }
    },
    {
      "type": "Feature",
      "properties": {
        "monotonic_time": 67427.18802988529,
        "horizontal_accuracy": 3.133687032207415,
        "speed": 2.1920479395407,
        "course": 88.34436798095703,
        "synthetic": false
      },
      "geometry": {
        "type": "Point",
        "coordinates": [
          30.330442115467157,
          59.8759895468757
        ]
      }
    },
    {
      "type": "Feature",
      "properties": {
        "monotonic_time": 67428.18802917004,
        "horizontal_accuracy": 3.0770026780367545,
        "speed": 3.2373323441291744,
        "course": 88.34436798095703,
        "synthetic": false
      },
      "geometry": {
        "type": "Point",
        "coordinates": [
          30.330512536823992,
          59.875994539481006
        ]
      }
    },
    {
      "type": "Feature",
      "properties": {
        "monotonic_time": 67429.18802928925,
        "horizontal_accuracy": 3.0701842963186707,
        "speed": 4.537822369987629,
        "course": 88.34436798095703,
        "synthetic": false
      },
      "geometry": {
        "type": "Point",
        "coordinates": [
          30.33060849321514,
          59.87599912189573
        ]
      }
    },
    {
      "type": "Feature",
      "properties": {
        "monotonic_time": 67430.18802940845,
        "horizontal_accuracy": 3.016675078289938,
        "speed": 5.447453991787519,
        "course": 88.35978698730469,
        "synthetic": false
      },
      "geometry": {
        "type": "Point",
        "coordinates": [
          30.3307163302913,
          59.876003606551826
        ]
      }
    },
    {
      "type": "Feature",
      "properties": {
        "monotonic_time": 67431.18802917004,
        "horizontal_accuracy": 2.9100278700639994,
        "speed": 6.953797929132768,
        "course": 88.35978698730469,
        "synthetic": false
      },
      "geometry": {
        "type": "Point",
        "coordinates": [
          30.33086093253075,
          59.87601005755353
        ]
      }
    },
    {
      "type": "Feature",
      "properties": {
        "monotonic_time": 67432.18802964687,
        "horizontal_accuracy": 2.957149144589172,
        "speed": 8.260882569521637,
        "course": 88.35978698730469,
        "synthetic": false
      },
      "geometry": {
        "type": "Point",
        "coordinates": [
          30.331024971708842,
          59.87601498130913
        ]
      }
    },
    {
      "type": "Feature",
      "properties": {
        "monotonic_time": 67433.18802940845,
        "horizontal_accuracy": 2.75963724079046,
        "speed": 8.191387274869488,
        "course": 88.4639663696289,
        "synthetic": false
      },
      "geometry": {
        "type": "Point",
        "coordinates": [
          30.33116873848424,
          59.87602112823145
        ]
      }
    },
    {
      "type": "Feature",
      "properties": {
        "monotonic_time": 67434.18802988529,
        "horizontal_accuracy": 2.6188062481561,
        "speed": 8.920523144640919,
        "course": 88.4639663696289,
        "synthetic": false
      },
      "geometry": {
        "type": "Point",
        "coordinates": [
          30.331334468383556,
          59.876007043795525
        ]
      }
    },
    {
      "type": "Feature",
      "properties": {
        "monotonic_time": 67435.18802928925,
        "horizontal_accuracy": 2.5676840233798406,
        "speed": 9.657322622153716,
        "course": 87.74491882324219,
        "synthetic": false
      },
      "geometry": {
        "type": "Point",
        "coordinates": [
          30.331516170043322,
          59.87601080382663
        ]
      }
    },
    {
      "type": "Feature",
      "properties": {
        "monotonic_time": 67436.18802964687,
        "horizontal_accuracy": 2.9864485726588157,
        "speed": 10.64702394194696,
        "course": 88.33592224121094,
        "synthetic": false
      },
      "geometry": {
        "type": "Point",
        "coordinates": [
          30.331718747323098,
          59.87601391787007
        ]
      }
    },
    {
      "type": "Feature",
      "properties": {
        "monotonic_time": 67437.18802964687,
        "horizontal_accuracy": 2.90344857625244,
        "speed": 11.578710657666518,
        "course": 88.33592224121094,
        "synthetic": false
      },
      "geometry": {
        "type": "Point",
        "coordinates": [
          30.331938275545678,
          59.87601712426205
        ]
      }
    },
    {
      "type": "Feature",
      "properties": {
        "monotonic_time": 67438.18802964687,
        "horizontal_accuracy": 2.8067246549908544,
        "speed": 12.224546079753818,
        "course": 88.33592224121094,
        "synthetic": false
      },
      "geometry": {
        "type": "Point",
        "coordinates": [
          30.33216613845388,
          59.876020452388694
        ]
      }
    },
    {
      "type": "Feature",
      "properties": {
        "monotonic_time": 67439.18802940845,
        "horizontal_accuracy": 3.106381794834266,
        "speed": 13.33952130819946,
        "course": 88.33592224121094,
        "synthetic": false
      },
      "geometry": {
        "type": "Point",
        "coordinates": [
          30.33241896326518,
          59.87604040821327
        ]
      }
    },
    {
      "type": "Feature",
      "properties": {
        "monotonic_time": 67440.18802928925,
        "horizontal_accuracy": 3.3784624225484974,
        "speed": 14.357481211148004,
        "course": 88.33592224121094,
        "synthetic": false
      },
      "geometry": {
        "type": "Point",
        "coordinates": [
          30.332687162841903,
          59.87603595099218
        ]
      }
    },
    {
      "type": "Feature",
      "properties": {
        "monotonic_time": 67441.18802952766,
        "horizontal_accuracy": 3.0352678435626985,
        "speed": 14.324833691293897,
        "course": 88.33592224121094,
        "synthetic": false
      },
      "geometry": {
        "type": "Point",
        "coordinates": [
          30.33294792888274,
          59.87602974233352
        ]
      }
    },
    {
      "type": "Feature",
      "properties": {
        "monotonic_time": 67442.18802881241,
        "horizontal_accuracy": 3.143236100980327,
        "speed": 13.804850960695033,
        "course": 88.33592224121094,
        "synthetic": false
      },
      "geometry": {
        "type": "Point",
        "coordinates": [
          30.333194222232333,
          59.87602600501883
        ]
      }
    },
    {
      "type": "Feature",
      "properties": {
        "monotonic_time": 67443.18802893162,
        "horizontal_accuracy": 3.525120265129796,
        "speed": 13.244593374695354,
        "course": 88.3126220703125,
        "synthetic": false
      },
      "geometry": {
        "type": "Point",
        "coordinates": [
          30.33343060091004,
          59.876027344414375
        ]
      }
    },
    {
      "type": "Feature",
      "properties": {
        "monotonic_time": 67444.18802881241,
        "horizontal_accuracy": 3.25638024969625,
        "speed": 13.252709622024566,
        "course": 88.3126220703125,
        "synthetic": false
      },
      "geometry": {
        "type": "Point",
        "coordinates": [
          30.33367776534707,
          59.87603637768969
        ]
      }
    },
    {
      "type": "Feature",
      "properties": {
        "monotonic_time": 67445.18802952766,
        "horizontal_accuracy": 3.639867597618187,
        "speed": 13.604267997190815,
        "course": 88.3126220703125,
        "synthetic": false
      },
      "geometry": {
        "type": "Point",
        "coordinates": [
          30.33393239606973,
          59.87604370865199
        ]
      }
    },
    {
      "type": "Feature",
      "properties": {
        "monotonic_time": 67446.1880286932,
        "horizontal_accuracy": 3.461184452688842,
        "speed": 13.37991580652602,
        "course": 88.3126220703125,
        "synthetic": false
      },
      "geometry": {
        "type": "Point",
        "coordinates": [
          30.33417190775329,
          59.8760501891796
        ]
      }
    },
    {
      "type": "Feature",
      "properties": {
        "monotonic_time": 67447.18802917004,
        "horizontal_accuracy": 3.2908038074978077,
        "speed": 12.57664900442525,
        "course": 88.3126220703125,
        "synthetic": false
      },
      "geometry": {
        "type": "Point",
        "coordinates": [
          30.334392041021257,
          59.87604488087103
        ]
      }
    },
    {
      "type": "Feature",
      "properties": {
        "monotonic_time": 67448.18802893162,
        "horizontal_accuracy": 3.3858859416573854,
        "speed": 11.539679586015342,
        "course": 88.41263580322266,
        "synthetic": false
      },
      "geometry": {
        "type": "Point",
        "coordinates": [
          30.33458824089031,
          59.87604078664171
        ]
      }
    },
    {
      "type": "Feature",
      "properties": {
        "monotonic_time": 67449.18802905083,
        "horizontal_accuracy": 3.3893160380831575,
        "speed": 10.475131197817323,
        "course": 88.41263580322266,
        "synthetic": false
      },
      "geometry": {
        "type": "Point",
        "coordinates": [
          30.334762750330636,
          59.876035372198345
        ]
      }
    },
    {
      "type": "Feature",
      "properties": {
        "monotonic_time": 67450.18802857399,
        "horizontal_accuracy": 3.417470471184402,
        "speed": 9.266433416176216,
        "course": 88.41263580322266,
        "synthetic": false
      },
      "geometry": {
        "type": "Point",
        "coordinates": [
          30.334912071974212,
          59.87603118885353
        ]
      }
    },
    {
      "type": "Feature",
      "properties": {
        "monotonic_time": 67451.18802881241,
        "horizontal_accuracy": 3.4845291811388788,
        "speed": 8.330267390458227,
        "course": 88.41263580322266,
        "synthetic": false
      },
      "geometry": {
        "type": "Point",
        "coordinates": [
          30.335051519148234,
          59.87603186976394
        ]
      }
    },
    {
      "type": "Feature",
      "properties": {
        "monotonic_time": 67452.18802905083,
        "horizontal_accuracy": 3.4818252261475378,
        "speed": 7.63061362339029,
        "course": 88.66754913330078,
        "synthetic": false
      },
      "geometry": {
        "type": "Point",
        "coordinates": [
          30.33517930083385,
          59.87602954141858
        ]
      }
    },
    {
      "type": "Feature",
      "properties": {
        "monotonic_time": 67453.1880286932,
        "horizontal_accuracy": 3.3871555586761555,
        "speed": 6.408770209317454,
        "course": 88.66754913330078,
        "synthetic": false
      },
      "geometry": {
        "type": "Point",
        "coordinates": [
          30.335275609598202,
          59.876024745690934
        ]
      }
    },
    {
      "type": "Feature",
      "properties": {
        "monotonic_time": 67454.18802845478,
        "horizontal_accuracy": 3.524675985796888,
        "speed": 4.04743157746557,
        "course": 88.66754913330078,
        "synthetic": false
      },
      "geometry": {
        "type": "Point",
        "coordinates": [
          30.335321627667053,
          59.87601774883102
        ]
      }
    },
    {
      "type": "Feature",
      "properties": {
        "monotonic_time": 67455.18802857399,
        "horizontal_accuracy": 3.889929690079371,
        "speed": 2.773993727628627,
        "course": 88.66754913330078,
        "synthetic": false
      },
      "geometry": {
        "type": "Point",
        "coordinates": [
          30.33535049673623,
          59.876018727446436
        ]
      }
    },
    {
      "type": "Feature",
      "properties": {
        "monotonic_time": 67456.18802917004,
        "horizontal_accuracy": 3.796109690433397,
        "speed": 2.421722226976944,
        "course": 88.66754913330078,
        "synthetic": false
      },
      "geometry": {
        "type": "Point",
        "coordinates": [
          30.33538149983338,
          59.87601809108613
        ]
      }
    },
    {
      "type": "Feature",
      "properties": {
        "monotonic_time": 67457.18802845478,
        "horizontal_accuracy": 3.769956612143759,
        "speed": 2.1962491662688026,
        "course": 88.66754913330078,
        "synthetic": false
      },
      "geometry": {
        "type": "Point",
        "coordinates": [
          30.335405823464196,
          59.876020995782646
        ]
      }
    },
    {
      "type": "Feature",
      "properties": {
        "monotonic_time": 67458.18802893162,
        "horizontal_accuracy": 4.2051600219721905,
        "speed": 1.7037679465240654,
        "course": 88.66754913330078,
        "synthetic": false
      },
      "geometry": {
        "type": "Point",
        "coordinates": [
          30.3354297828375,
          59.87602883616553
        ]
      }
    },
    {
      "type": "Feature",
      "properties": {
        "monotonic_time": 67459.18802917004,
        "horizontal_accuracy": 4.339650562935842,
        "speed": 1.1863250891980885,
        "course": 88.66754913330078,
        "synthetic": false
      },
      "geometry": {
        "type": "Point",
        "coordinates": [
          30.33543860764515,
          59.87603419551303
        ]
      }
    },
    {
      "type": "Feature",
      "properties": {
        "monotonic_time": 67460.18802845478,
        "horizontal_accuracy": 4.431842707257507,
        "speed": 0.8360332289798907,
        "course": 88.66754913330078,
        "synthetic": false
      },
      "geometry": {
        "type": "Point",
        "coordinates": [
          30.33543793986872,
          59.876034834615574
        ]
      }
    },
    {
      "type": "Feature",
      "properties": {
        "monotonic_time": 67461.18802797794,
        "horizontal_accuracy": 4.538130519859255,
        "speed": 0.6820178343363702,
        "course": 88.66754913330078,
        "synthetic": false
      },
      "geometry": {
        "type": "Point",
        "coordinates": [
          30.33543581969957,
          59.87603531710675
        ]
      }
    },
    {
      "type": "Feature",
      "properties": {
        "monotonic_time": 67462.18802845478,
        "horizontal_accuracy": 4.543308458600397,
        "speed": 0.46797873408874163,
        "course": 88.66754913330078,
        "synthetic": false
      },
      "geometry": {
        "type": "Point",
        "coordinates": [
          30.335455442046015,
          59.876045719579416
        ]
      }
    },
    {
      "type": "Feature",
      "properties": {
        "monotonic_time": 67463.18802797794,
        "horizontal_accuracy": 4.585236487111059,
        "speed": 0.14557082509762712,
        "course": 88.66754913330078,
        "synthetic": false
      },
      "geometry": {
        "type": "Point",
        "coordinates": [
          30.33545752708426,
          59.87604720951564
        ]
      }
    },
    {
      "type": "Feature",
      "properties": {
        "monotonic_time": 67464.18802797794,
        "horizontal_accuracy": 4.698517738407119,
        "speed": 0.03340862396387522,
        "course": 88.66754913330078,
        "synthetic": false
      },
      "geometry": {
        "type": "Point",
        "coordinates": [
          30.335459823139598,
          59.87604614945903
        ]
      }
    },
    {
      "type": "Feature",
      "properties": {
        "monotonic_time": 67465.18802857399,
        "horizontal_accuracy": 4.6973630438416025,
        "speed": 0.04826544702393807,
        "course": 88.66754913330078,
        "synthetic": false
      },
      "geometry": {
        "type": "Point",
        "coordinates": [
          30.335461471351422,
          59.876042544791815
        ]
      }
    },
    {
      "type": "Feature",
      "properties": {
        "monotonic_time": 67466.18802845478,
        "horizontal_accuracy": 4.901329612008915,
        "speed": 0,
        "course": 88.66754913330078,
        "synthetic": false
      },
      "geometry": {
        "type": "Point",
        "coordinates": [
          30.33546401304457,
          59.87604308726546
        ]
      }
    },
    {
      "type": "Feature",
      "properties": {
        "monotonic_time": 67467.18802773952,
        "horizontal_accuracy": 5.080916606753208,
        "speed": 0.3655838241533991,
        "course": 88.66754913330078,
        "synthetic": false
      },
      "geometry": {
        "type": "Point",
        "coordinates": [
          30.335477815544905,
          59.876044482926275
        ]
      }
    },
    {
      "type": "Feature",
      "properties": {
        "monotonic_time": 67468.18802821636,
        "horizontal_accuracy": 5.291343618524573,
        "speed": 0.450287747913783,
        "course": 88.66754913330078,
        "synthetic": false
      },
      "geometry": {
        "type": "Point",
        "coordinates": [
          30.335489757745297,
          59.876046628658074
        ]
      }
    },
    {
      "type": "Feature",
      "properties": {
        "monotonic_time": 67469.18802809715,
        "horizontal_accuracy": 5.400619169838984,
        "speed": 0.4763307099412988,
        "course": 88.66754913330078,
        "synthetic": false
      },
      "geometry": {
        "type": "Point",
        "coordinates": [
          30.335503999629953,
          59.876049300378064
        ]
      }
    },
    {
      "type": "Feature",
      "properties": {
        "monotonic_time": 67470.18802797794,
        "horizontal_accuracy": 5.407760374128849,
        "speed": 1.6467102493623826,
        "course": 88.66754913330078,
        "synthetic": false
      },
      "geometry": {
        "type": "Point",
        "coordinates": [
          30.335549854080973,
          59.876049520972224
        ]
      }
    },
    {
      "type": "Feature",
      "properties": {
        "monotonic_time": 67471.18802845478,
        "horizontal_accuracy": 5.359614629082258,
        "speed": 2.417878865268209,
        "course": 88.66754913330078,
        "synthetic": false
      },
      "geometry": {
        "type": "Point",
        "coordinates": [
          30.33560389973364,
          59.87604525019116
        ]
      }
    },
    {
      "type": "Feature",
      "properties": {
        "monotonic_time": 67472.18802833557,
        "horizontal_accuracy": 5.331919095933786,
        "speed": 1.571852509053147,
        "course": 88.66754913330078,
        "synthetic": false
      },
      "geometry": {
        "type": "Point",
        "coordinates": [
          30.33561884250856,
          59.87604038875025
        ]
      }
    },
    {
      "type": "Feature",
      "properties": {
        "monotonic_time": 67473.18802797794,
        "horizontal_accuracy": 5.229277866413037,
        "speed": 1.3325332142119415,
        "course": 88.66754913330078,
        "synthetic": false
      },
      "geometry": {
        "type": "Point",
        "coordinates": [
          30.335637347414426,
          59.87603351624968
        ]
      }
    },
    {
      "type": "Feature",
      "properties": {
        "monotonic_time": 67474.18802797794,
        "horizontal_accuracy": 5.122043248278824,
        "speed": 2.0804977742625055,
        "course": 88.66754913330078,
        "synthetic": false
      },
      "geometry": {
        "type": "Point",
        "coordinates": [
          30.335682609673253,
          59.87602761050301
        ]
      }
    },
    {
      "type": "Feature",
      "properties": {
        "monotonic_time": 67475.18802773952,
        "horizontal_accuracy": 5.024060962986245,
        "speed": 0,
        "course": 88.66754913330078,
        "synthetic": false
      },
      "geometry": {
        "type": "Point",
        "coordinates": [
          30.335691601933565,
          59.876027092830704
        ]
      }
    },
    {
      "type": "Feature",
      "properties": {
        "monotonic_time": 67476.18802821636,
        "horizontal_accuracy": 4.946036838407109,
        "speed": 2.1762973348616224,
        "course": 88.66754913330078,
        "synthetic": false
      },
      "geometry": {
        "type": "Point",
        "coordinates": [
          30.33576684817015,
          59.876028325012506
        ]
      }
    },
    {
      "type": "Feature",
      "properties": {
        "monotonic_time": 67477.1880275011,
        "horizontal_accuracy": 4.872215407427168,
        "speed": 2.3486996353122254,
        "course": 88.66754913330078,
        "synthetic": false
      },
      "geometry": {
        "type": "Point",
        "coordinates": [
          30.33580730203747,
          59.876032498366534
        ]
      }
    },
    {
      "type": "Feature",
      "properties": {
        "monotonic_time": 67478.1880275011,
        "horizontal_accuracy": 4.738972017700103,
        "speed": 1.763563311084606,
        "course": 88.66754913330078,
        "synthetic": false
      },
      "geometry": {
        "type": "Point",
        "coordinates": [
          30.335830268699986,
          59.87603507049774
        ]
      }
    },
    {
      "type": "Feature",
      "properties": {
        "monotonic_time": 67479.18802797794,
        "horizontal_accuracy": 4.623230817737247,
        "speed": 1.6990143781163298,
        "course": 88.66754913330078,
        "synthetic": false
      },
      "geometry": {
        "type": "Point",
        "coordinates": [
          30.335861426566595,
          59.87603804203368
        ]
      }
    },
    {
      "type": "Feature",
      "properties": {
        "monotonic_time": 67480.18802762032,
        "horizontal_accuracy": 4.499364795386754,
        "speed": 1.9992808746763808,
        "course": 88.66754913330078,
        "synthetic": false
      },
      "geometry": {
        "type": "Point",
        "coordinates": [
          30.335904261456882,
          59.876037717836724
        ]
      }
    },
    {
      "type": "Feature",
      "properties": {
        "monotonic_time": 67481.18802726269,
        "horizontal_accuracy": 4.374396557279087,
        "speed": 2.165172373832161,
        "course": 88.66754913330078,
        "synthetic": false
      },
      "geometry": {
        "type": "Point",
        "coordinates": [
          30.335946929451787,
          59.876037456951735
        ]
      }
    },
    {
      "type": "Feature",
      "properties": {
        "monotonic_time": 67482.18802785873,
        "horizontal_accuracy": 4.2835342177299065,
        "speed": 2.237450168405741,
        "course": 86.50392150878906,
        "synthetic": false
      },
      "geometry": {
        "type": "Point",
        "coordinates": [
          30.335987313455608,
          59.87603723582926
        ]
      }
    },
    {
      "type": "Feature",
      "properties": {
        "monotonic_time": 67483.1880273819,
        "horizontal_accuracy": 4.232193585006425,
        "speed": 2.248456771372014,
        "course": 86.50392150878906,
        "synthetic": false
      },
      "geometry": {
        "type": "Point",
        "coordinates": [
          30.336030677605667,
          59.87603483401247
        ]
      }
    },
    {
      "type": "Feature",
      "properties": {
        "monotonic_time": 67484.18802726269,
        "horizontal_accuracy": 4.139376726376882,
        "speed": 2.9929208550344994,
        "course": 86.50392150878906,
        "synthetic": false
      },
      "geometry": {
        "type": "Point",
        "coordinates": [
          30.336088032770753,
          59.876043627704625
        ]
      }
    },
    {
      "type": "Feature",
      "properties": {
        "monotonic_time": 67485.18802714348,
        "horizontal_accuracy": 4.101346373038247,
        "speed": 3.740832092523217,
        "course": 122.51229582147853,
        "synthetic": false
      },
      "geometry": {
        "type": "Point",
        "coordinates": [
          30.336142731312826,
          59.87604530777288
        ]
      }
    },
    {
      "type": "Feature",
      "properties": {
        "monotonic_time": 67486.18802785873,
        "horizontal_accuracy": 3.9962790566073667,
        "speed": 4.563538773716061,
        "course": 137.9141114205985,
        "synthetic": false
      },
      "geometry": {
        "type": "Point",
        "coordinates": [
          30.33619219858914,
          59.87603779288003
        ]
      }
    },
    {
      "type": "Feature",
      "properties": {
        "monotonic_time": 67487.1880273819,
        "horizontal_accuracy": 3.90929628205016,
        "speed": 5.9325895993868745,
        "course": 178.27195739746094,
        "synthetic": false
      },
      "geometry": {
        "type": "Point",
        "coordinates": [
          30.33622734949264,
          59.875892463995186
        ]
      }
    },
    {
      "type": "Feature",
      "properties": {
        "monotonic_time": 67488.18802726269,
        "horizontal_accuracy": 3.8339876683984375,
        "speed": 7.359829340073633,
        "course": 178.27195739746094,
        "synthetic": false
      },
      "geometry": {
        "type": "Point",
        "coordinates": [
          30.336223816795375,
          59.87581433732546
        ]
      }
    },
    {
      "type": "Feature",
      "properties": {
        "monotonic_time": 67489.18802785873,
        "horizontal_accuracy": 3.8079278944746475,
        "speed": 8.513271435823471,
        "course": 178.27195739746094,
        "synthetic": false
      },
      "geometry": {
        "type": "Point",
        "coordinates": [
          30.336225674285963,
          59.87572953833585
        ]
      }
    },
    {
      "type": "Feature",
      "properties": {
        "monotonic_time": 67490.18802714348,
        "horizontal_accuracy": 4.062962568641311,
        "speed": 9.808805833749624,
        "course": 178.27195739746094,
        "synthetic": false
      },
      "geometry": {
        "type": "Point",
        "coordinates": [
          30.33621719925928,
          59.875629601183164
        ]
      }
    },
    {
      "type": "Feature",
      "properties": {
        "monotonic_time": 67491.18802762032,
        "horizontal_accuracy": 4.365677754775193,
        "speed": 11.05622908745798,
        "course": 178.27195739746094,
        "synthetic": false
      },
      "geometry": {
        "type": "Point",
        "coordinates": [
          30.336213383945058,
          59.87551668920795
        ]
      }
    },
    {
      "type": "Feature",
      "properties": {
        "monotonic_time": 67492.18802690506,
        "horizontal_accuracy": 4.38297179363683,
        "speed": 12.2757285638391,
        "course": 178.27195739746094,
        "synthetic": false
      },
      "geometry": {
        "type": "Point",
        "coordinates": [
          30.336228784757942,
          59.87539585541121
        ]
      }
    },
    {
      "type": "Feature",
      "properties": {
        "monotonic_time": 67493.1880273819,
        "horizontal_accuracy": 4.216808716411627,
        "speed": 13.319978204693625,
        "course": 178.27195739746094,
        "synthetic": false
      },
      "geometry": {
        "type": "Point",
        "coordinates": [
          30.336246812480745,
          59.87526422911398
        ]
      }
    },
    {
      "type": "Feature",
      "properties": {
        "monotonic_time": 67494.18802714348,
        "horizontal_accuracy": 4.683176381324068,
        "speed": 14.309254069507594,
        "course": 178.1842498779297,
        "synthetic": false
      },
      "geometry": {
        "type": "Point",
        "coordinates": [
          30.336262579985085,
          59.875124150980625
        ]
      }
    },
    {
      "type": "Feature",
      "properties": {
        "monotonic_time": 67495.18802678585,
        "horizontal_accuracy": 4.696754948035666,
        "speed": 15.203994499036412,
        "course": 178.1842498779297,
        "synthetic": false
      },
      "geometry": {
        "type": "Point",
        "coordinates": [
          30.33627645852812,
          59.874976705547674
        ]
      }
    },
    {
      "type": "Feature",
      "properties": {
        "monotonic_time": 67496.1880273819,
        "horizontal_accuracy": 4.342349383334315,
        "speed": 15.711106101017316,
        "course": 178.1842498779297,
        "synthetic": false
      },
      "geometry": {
        "type": "Point",
        "coordinates": [
          30.3362846543413,
          59.87482918949923
        ]
      }
    },
    {
      "type": "Feature",
      "properties": {
        "monotonic_time": 67497.1880273819,
        "horizontal_accuracy": 4.029955431703617,
        "speed": 15.730000647012789,
        "course": 178.1842498779297,
        "synthetic": false
      },
      "geometry": {
        "type": "Point",
        "coordinates": [
          30.336291635349887,
          59.87468365998362
        ]
      }
    },
    {
      "type": "Feature",
      "properties": {
        "monotonic_time": 67498.18802714348,
        "horizontal_accuracy": 3.3286710148270813,
        "speed": 16.157829510364415,
        "course": 178.1842498779297,
        "synthetic": false
      },
      "geometry": {
        "type": "Point",
        "coordinates": [
          30.33629307039273,
          59.874530328590446
        ]
      }
    },
    {
      "type": "Feature",
      "properties": {
        "monotonic_time": 67499.18802678585,
        "horizontal_accuracy": 3.320443656962895,
        "speed": 16.653070185743132,
        "course": 178.1842498779297,
        "synthetic": false
      },
      "geometry": {
        "type": "Point",
        "coordinates": [
          30.33629292178555,
          59.87437345050462
        ]
      }
    },
    {
      "type": "Feature",
      "properties": {
        "monotonic_time": 67500.1880273819,
        "horizontal_accuracy": 3.455940096925132,
        "speed": 16.81336839589763,
        "course": 178.1842498779297,
        "synthetic": false
      },
      "geometry": {
        "type": "Point",
        "coordinates": [
          30.336293024561694,
          59.87421747324884
        ]
      }
    },
    {
      "type": "Feature",
      "properties": {
        "monotonic_time": 67501.18802702427,
        "horizontal_accuracy": 3.837363930769165,
        "speed": 16.626548485680992,
        "course": 178.1842498779297,
        "synthetic": false
      },
      "geometry": {
        "type": "Point",
        "coordinates": [
          30.336304630102944,
          59.87406602423339
        ]
      }
    },
    {
      "type": "Feature",
      "properties": {
        "monotonic_time": 67502.18802666664,
        "horizontal_accuracy": 3.6399774320988856,
        "speed": 16.099145278364368,
        "course": 178.1842498779297,
        "synthetic": false
      },
      "geometry": {
        "type": "Point",
        "coordinates": [
          30.33631262236269,
          59.873921511144474
        ]
      }
    },
    {
      "type": "Feature",
      "properties": {
        "monotonic_time": 67503.18802726269,
        "horizontal_accuracy": 3.667783339393814,
        "speed": 15.801908505111355,
        "course": 178.1842498779297,
        "synthetic": false
      },
      "geometry": {
        "type": "Point",
        "coordinates": [
          30.336321983758975,
          59.87377977330515
        ]
      }
    },
    {
      "type": "Feature",
      "properties": {
        "monotonic_time": 67504.18802678585,
        "horizontal_accuracy": 3.750773280006478,
        "speed": 15.075732230627121,
        "course": 178.1842498779297,
        "synthetic": false
      },
      "geometry": {
        "type": "Point",
        "coordinates": [
          30.336332576222606,
          59.87364693302948
        ]
      }
    },
    {
      "type": "Feature",
      "properties": {
        "monotonic_time": 67505.18802714348,
        "horizontal_accuracy": 3.7757169541827826,
        "speed": 14.577082637206509,
        "course": 178.0438995361328,
        "synthetic": false
      },
      "geometry": {
        "type": "Point",
        "coordinates": [
          30.33633886486746,
          59.873517384161445
        ]
      }
    },
    {
      "type": "Feature",
      "properties": {
        "monotonic_time": 67506.18802690506,
        "horizontal_accuracy": 3.7863904978469995,
        "speed": 13.494606073719075,
        "course": 178.0438995361328,
        "synthetic": false
      },
      "geometry": {
        "type": "Point",
        "coordinates": [
          30.336346733176445,
          59.87340069413139
        ]
      }
    },
    {
      "type": "Feature",
      "properties": {
        "monotonic_time": 67507.18802630901,
        "horizontal_accuracy": 3.7689657349359322,
        "speed": 11.804655726266649,
        "course": 178.0438995361328,
        "synthetic": false
      },
      "geometry": {
        "type": "Point",
        "coordinates": [
          30.336359610227493,
          59.873303768433814
        ]
      }
    },
    {
      "type": "Feature",
      "properties": {
        "monotonic_time": 67508.18802714348,
        "horizontal_accuracy": 3.6594474707740035,
        "speed": 9.969185483062345,
        "course": 178.0438995361328,
        "synthetic": false
      },
      "geometry": {
        "type": "Point",
        "coordinates": [
          30.336362418727497,
          59.87322399971901
        ]
      }
    },
    {
      "type": "Feature",
      "properties": {
        "monotonic_time": 67509.18802630901,
        "horizontal_accuracy": 3.550545943679818,
        "speed": 8.168088770011261,
        "course": 178.0438995361328,
        "synthetic": false
      },
      "geometry": {
        "type": "Point",
        "coordinates": [
          30.336368551220517,
          59.87316012624139
        ]
      }
    },
    {
      "type": "Feature",
      "properties": {
        "monotonic_time": 67510.18802630901,
        "horizontal_accuracy": 3.4550116031792557,
        "speed": 6.8479884244275775,
        "course": 178.0438995361328,
        "synthetic": false
      },
      "geometry": {
        "type": "Point",
        "coordinates": [
          30.33637320574886,
          59.87310492618512
        ]
      }
    },
    {
      "type": "Feature",
      "properties": {
        "monotonic_time": 67511.18802630901,
        "horizontal_accuracy": 3.3390975743212086,
        "speed": 5.940372900327507,
        "course": 178.0438995361328,
        "synthetic": false
      },
      "geometry": {
        "type": "Point",
        "coordinates": [
          30.33637425680494,
          59.873053619186685
        ]
      }
    },
    {
      "type": "Feature",
      "properties": {
        "monotonic_time": 67512.18802630901,
        "horizontal_accuracy": 3.2162058673694154,
        "speed": 5.098082508324417,
        "course": 178.00074768066406,
        "synthetic": false
      },
      "geometry": {
        "type": "Point",
        "coordinates": [
          30.33637858058287,
          59.87301117969401
        ]
      }
    },
    {
      "type": "Feature",
      "properties": {
        "monotonic_time": 67513.18802595139,
        "horizontal_accuracy": 3.1146553498857656,
        "speed": 4.372808888326314,
        "course": 178.00074768066406,
        "synthetic": false
      },
      "geometry": {
        "type": "Point",
        "coordinates": [
          30.3363792671606,
          59.87298058400357
        ]
      }
    },
    {
      "type": "Feature",
      "properties": {
        "monotonic_time": 67514.18802654743,
        "horizontal_accuracy": 3.117337754961158,
        "speed": 3.6414408881067235,
        "course": 178.00074768066406,
        "synthetic": false
      },
      "geometry": {
        "type": "Point",
        "coordinates": [
          30.336378762933258,
          59.872954694906305
        ]
      }
    },
    {
      "type": "Feature",
      "properties": {
        "monotonic_time": 67515.18802654743,
        "horizontal_accuracy": 3.0641431286136056,
        "speed": 3.4164907918702667,
        "course": 178.00074768066406,
        "synthetic": false
      },
      "geometry": {
        "type": "Point",
        "coordinates": [
          30.336381563814236,
          59.872928618116454
        ]
      }
    },
    {
      "type": "Feature",
      "properties": {
        "monotonic_time": 67516.18802595139,
        "horizontal_accuracy": 2.969523252942469,
        "speed": 3.139459498283567,
        "course": 178.00074768066406,
        "synthetic": false
      },
      "geometry": {
        "type": "Point",
        "coordinates": [
          30.336382648104987,
          59.872903075696506
        ]
      }
    },
    {
      "type": "Feature",
      "properties": {
        "monotonic_time": 67517.18802583218,
        "horizontal_accuracy": 2.94487826090301,
        "speed": 2.837591871402151,
        "course": 178.00074768066406,
        "synthetic": false
      },
      "geometry": {
        "type": "Point",
        "coordinates": [
          30.336375942735664,
          59.872883390381986
        ]
      }
    },
    {
      "type": "Feature",
      "properties": {
        "monotonic_time": 67518.18802595139,
        "horizontal_accuracy": 2.901552435217876,
        "speed": 2.545174923247662,
        "course": 178.00074768066406,
        "synthetic": false
      },
      "geometry": {
        "type": "Point",
        "coordinates": [
          30.33637592744832,
          59.872864064865574
        ]
      }
    },
    {
      "type": "Feature",
      "properties": {
        "monotonic_time": 67519.1880260706,
        "horizontal_accuracy": 2.811068596347439,
        "speed": 2.2856758688534864,
        "course": 178.00074768066406,
        "synthetic": false
      },
      "geometry": {
        "type": "Point",
        "coordinates": [
          30.33637543141867,
          59.872847891091936
        ]
      }
    },
    {
      "type": "Feature",
      "properties": {
        "monotonic_time": 67520.18802666664,
        "horizontal_accuracy": 2.7600472660048934,
        "speed": 2.2441487712401424,
        "course": 178.00074768066406,
        "synthetic": false
      },
      "geometry": {
        "type": "Point",
        "coordinates": [
          30.336375648262774,
          59.87282785379999
        ]
      }
    },
    {
      "type": "Feature",
      "properties": {
        "monotonic_time": 67521.18802595139,
        "horizontal_accuracy": 2.68636657326575,
        "speed": 1.7136083457042126,
        "course": 178.00074768066406,
        "synthetic": false
      },
      "geometry": {
        "type": "Point",
        "coordinates": [
          30.33636579693357,
          59.872816867344035
        ]
      }
    },
    {
      "type": "Feature",
      "properties": {
        "monotonic_time": 67522.18802595139,
        "horizontal_accuracy": 2.657839415128871,
        "speed": 1.5120900189442805,
        "course": 178.00074768066406,
        "synthetic": false
      },
      "geometry": {
        "type": "Point",
        "coordinates": [
          30.336362414276746,
          59.872804807890105
        ]
      }
    },
    {
      "type": "Feature",
      "properties": {
        "monotonic_time": 67523.18802630901,
        "horizontal_accuracy": 2.688201500236146,
        "speed": 1.3023917080643965,
        "course": 178.00074768066406,
        "synthetic": false
      },
      "geometry": {
        "type": "Point",
        "coordinates": [
          30.336363350566714,
          59.8727950014543
        ]
      }
    },
    {
      "type": "Feature",
      "properties": {
        "monotonic_time": 67524.1880260706,
        "horizontal_accuracy": 2.6659875023301147,
        "speed": 1.1074763175639522,
        "course": 178.00074768066406,
        "synthetic": false
      },
      "geometry": {
        "type": "Point",
        "coordinates": [
          30.33635940673016,
          59.8727854818712
        ]
      }
    },
    {
      "type": "Feature",
      "properties": {
        "monotonic_time": 67525.1880261898,
        "horizontal_accuracy": 2.6078790726094443,
        "speed": 0.547377606461889,
        "course": 178.00074768066406,
        "synthetic": false
      },
      "geometry": {
        "type": "Point",
        "coordinates": [
          30.336358612984167,
          59.872786408536676
        ]
      }
    },
    {
      "type": "Feature",
      "properties": {
        "monotonic_time": 67526.18802630901,
        "horizontal_accuracy": 2.599794423556142,
        "speed": 0.4857261252251296,
        "course": 178.00074768066406,
        "synthetic": false
      },
      "geometry": {
        "type": "Point",
        "coordinates": [
          30.3363619774029,
          59.87278302546086
        ]
      }
    },
    {
      "type": "Feature",
      "properties": {
        "monotonic_time": 67527.18802583218,
        "horizontal_accuracy": 2.6069612727011324,
        "speed": 0.1670091178748665,
        "course": 178.00074768066406,
        "synthetic": false
      },
      "geometry": {
        "type": "Point",
        "coordinates": [
          30.33636515723435,
          59.872780475155764
        ]
      }
    },
    {
      "type": "Feature",
      "properties": {
        "monotonic_time": 67528.18802547455,
        "horizontal_accuracy": 2.557832668882736,
        "speed": 0.022565132359650963,
        "course": 178.00074768066406,
        "synthetic": false
      },
      "geometry": {
        "type": "Point",
        "coordinates": [
          30.33635907956739,
          59.872781450857296
        ]
      }
    },
    {
      "type": "Feature",
      "properties": {
        "monotonic_time": 67529.1880260706,
        "horizontal_accuracy": 2.5565637614994916,
        "speed": 0.09554010090490078,
        "course": 178.00074768066406,
        "synthetic": false
      },
      "geometry": {
        "type": "Point",
        "coordinates": [
          30.33635775463565,
          59.87277802850679
        ]
      }
    },
    {
      "type": "Feature",
      "properties": {
        "monotonic_time": 67530.18802595139,
        "horizontal_accuracy": 2.5976586962622976,
        "speed": 0.19690064760967643,
        "course": 178.00074768066406,
        "synthetic": false
      },
      "geometry": {
        "type": "Point",
        "coordinates": [
          30.33635738833968,
          59.87277631254269
        ]
      }
    },
    {
      "type": "Feature",
      "properties": {
        "monotonic_time": 67531.18802535534,
        "horizontal_accuracy": 2.6162141233182394,
        "speed": 0.2315446457049997,
        "course": 178.00074768066406,
        "synthetic": false
      },
      "geometry": {
        "type": "Point",
        "coordinates": [
          30.336356957725823,
          59.87277405801514
        ]
      }
    },
    {
      "type": "Feature",
      "properties": {
        "monotonic_time": 67532.1880261898,
        "horizontal_accuracy": 2.618507088569826,
        "speed": 0.36643592767846644,
        "course": 178.00074768066406,
        "synthetic": false
      },
      "geometry": {
        "type": "Point",
        "coordinates": [
          30.33635780971332,
          59.87276894747946
        ]
      }
    },
    {
      "type": "Feature",
      "properties": {
        "monotonic_time": 67533.18802547455,
        "horizontal_accuracy": 2.576161803164191,
        "speed": 0.22312264014040464,
        "course": 178.00074768066406,
        "synthetic": false
      },
      "geometry": {
        "type": "Point",
        "coordinates": [
          30.33636102914738,
          59.87276826841292
        ]
      }
    },
    {
      "type": "Feature",
      "properties": {
        "monotonic_time": 67534.18802511692,
        "horizontal_accuracy": 2.5734731046018924,
        "speed": 0.1883189368167009,
        "course": 178.00074768066406,
        "synthetic": false
      },
      "geometry": {
        "type": "Point",
        "coordinates": [
          30.336368546695187,
          59.87277149557191
        ]
      }
    },
    {
      "type": "Feature",
      "properties": {
        "monotonic_time": 67535.18802511692,
        "horizontal_accuracy": 2.5500771177773194,
        "speed": 0,
        "course": 178.00074768066406,
        "synthetic": false
      },
      "geometry": {
        "type": "Point",
        "coordinates": [
          30.336364998997087,
          59.872772414706596
        ]
      }
    },
    {
      "type": "Feature",
      "properties": {
        "monotonic_time": 67536.18802523613,
        "horizontal_accuracy": 2.5914875989627935,
        "speed": 0,
        "course": 178.00074768066406,
        "synthetic": false
      },
      "geometry": {
        "type": "Point",
        "coordinates": [
          30.336364998997087,
          59.872772414706596
        ]
      }
    },
    {
      "type": "Feature",
      "properties": {
        "monotonic_time": 67537.18802559376,
        "horizontal_accuracy": 2.651682717729924,
        "speed": 0,
        "course": 178.00074768066406,
        "synthetic": false
      },
      "geometry": {
        "type": "Point",
        "coordinates": [
          30.336364998997087,
          59.872772414706596
        ]
      }
    },
    {
      "type": "Feature",
      "properties": {
        "monotonic_time": 67538.18802511692,
        "horizontal_accuracy": 2.661824072583255,
        "speed": 0,
        "course": 178.00074768066406,
        "synthetic": false
      },
      "geometry": {
        "type": "Point",
        "coordinates": [
          30.336364998997087,
          59.872772414706596
        ]
      }
    },
    {
      "type": "Feature",
      "properties": {
        "monotonic_time": 67539.18802523613,
        "horizontal_accuracy": 2.766404076453529,
        "speed": 0,
        "course": 178.00074768066406,
        "synthetic": false
      },
      "geometry": {
        "type": "Point",
        "coordinates": [
          30.336364998997087,
          59.872772414706596
        ]
      }
    },
    {
      "type": "Feature",
      "properties": {
        "monotonic_time": 67540.1847653389,
        "horizontal_accuracy": 2.7471851187747625,
        "speed": 0,
        "course": 178.00074768066406,
        "synthetic": false
      },
      "geometry": {
        "type": "Point",
        "coordinates": [
          30.336364998997087,
          59.872772414706596
        ]
      }
    },
    {
      "type": "Feature",
      "properties": {
        "monotonic_time": 67541.18518853188,
        "horizontal_accuracy": 2.7477946532060127,
        "speed": 0,
        "course": 178.00074768066406,
        "synthetic": false
      },
      "geometry": {
        "type": "Point",
        "coordinates": [
          30.336364998997087,
          59.872772414706596
        ]
      }
    },
    {
      "type": "Feature",
      "properties": {
        "monotonic_time": 67542.18518793583,
        "horizontal_accuracy": 2.710404920545712,
        "speed": 0,
        "course": 178.00074768066406,
        "synthetic": false
      },
      "geometry": {
        "type": "Point",
        "coordinates": [
          30.336364998997087,
          59.872772414706596
        ]
      }
    },
    {
      "type": "Feature",
      "properties": {
        "monotonic_time": 67543.18509542942,
        "horizontal_accuracy": 2.804449268096287,
        "speed": 0,
        "course": 178.00074768066406,
        "synthetic": false
      },
      "geometry": {
        "type": "Point",
        "coordinates": [
          30.336364998997087,
          59.872772414706596
        ]
      }
    },
    {
      "type": "Feature",
      "properties": {
        "monotonic_time": 67544.1843842268,
        "horizontal_accuracy": 2.7747064592888946,
        "speed": 0,
        "course": 178.00074768066406,
        "synthetic": false
      },
      "geometry": {
        "type": "Point",
        "coordinates": [
          30.336364998997087,
          59.872772414706596
        ]
      }
    },
    {
      "type": "Feature",
      "properties": {
        "monotonic_time": 67545.18438494205,
        "horizontal_accuracy": 2.7540612416294303,
        "speed": 0,
        "course": 178.00074768066406,
        "synthetic": false
      },
      "geometry": {
        "type": "Point",
        "coordinates": [
          30.336364998997087,
          59.872772414706596
        ]
      }
    },
    {
      "type": "Feature",
      "properties": {
        "monotonic_time": 67546.1843200922,
        "horizontal_accuracy": 2.748802799095483,
        "speed": 0,
        "course": 178.00074768066406,
        "synthetic": false
      },
      "geometry": {
        "type": "Point",
        "coordinates": [
          30.336364998997087,
          59.872772414706596
        ]
      }
    },
    {
      "type": "Feature",
      "properties": {
        "monotonic_time": 67547.18390524387,
        "horizontal_accuracy": 2.7113626591407094,
        "speed": 0,
        "course": 178.00074768066406,
        "synthetic": false
      },
      "geometry": {
        "type": "Point",
        "coordinates": [
          30.336364998997087,
          59.872772414706596
        ]
      }
    },
    {
      "type": "Feature",
      "properties": {
        "monotonic_time": 67548.18390572071,
        "horizontal_accuracy": 2.701178145739375,
        "speed": 0,
        "course": 178.00074768066406,
        "synthetic": false
      },
      "geometry": {
        "type": "Point",
        "coordinates": [
          30.336364998997087,
          59.872772414706596
        ]
      }
    },
    {
      "type": "Feature",
      "properties": {
        "monotonic_time": 67549.18455147743,
        "horizontal_accuracy": 2.676819295351186,
        "speed": 0,
        "course": 178.00074768066406,
        "synthetic": false
      },
      "geometry": {
        "type": "Point",
        "coordinates": [
          30.336364998997087,
          59.872772414706596
        ]
      }
    },
    {
      "type": "Feature",
      "properties": {
        "monotonic_time": 67550.18414080143,
        "horizontal_accuracy": 2.6429783305836265,
        "speed": 0,
        "course": 178.00074768066406,
        "synthetic": false
      },
      "geometry": {
        "type": "Point",
        "coordinates": [
          30.336364998997087,
          59.872772414706596
        ]
      }
    },
    {
      "type": "Feature",
      "properties": {
        "monotonic_time": 67551.18414032459,
        "horizontal_accuracy": 2.6186341129171344,
        "speed": 0,
        "course": 178.00074768066406,
        "synthetic": false
      },
      "geometry": {
        "type": "Point",
        "coordinates": [
          30.336364998997087,
          59.872772414706596
        ]
      }
    },
    {
      "type": "Feature",
      "properties": {
        "monotonic_time": 67552.18447828293,
        "horizontal_accuracy": 2.5877024072712778,
        "speed": 0,
        "course": 178.00074768066406,
        "synthetic": false
      },
      "geometry": {
        "type": "Point",
        "coordinates": [
          30.336364998997087,
          59.872772414706596
        ]
      }
    },
    {
      "type": "Feature",
      "properties": {
        "monotonic_time": 67553.18479824066,
        "horizontal_accuracy": 2.564503838835591,
        "speed": 0,
        "course": 178.00074768066406,
        "synthetic": false
      },
      "geometry": {
        "type": "Point",
        "coordinates": [
          30.336364998997087,
          59.872772414706596
        ]
      }
    },
    {
      "type": "Feature",
      "properties": {
        "monotonic_time": 67554.18479907513,
        "horizontal_accuracy": 2.536278646893811,
        "speed": 0,
        "course": 178.00074768066406,
        "synthetic": false
      },
      "geometry": {
        "type": "Point",
        "coordinates": [
          30.336364998997087,
          59.872772414706596
        ]
      }
    },
    {
      "type": "Feature",
      "properties": {
        "monotonic_time": 67555.18479835987,
        "horizontal_accuracy": 2.5308808224115804,
        "speed": 0,
        "course": 178.00074768066406,
        "synthetic": false
      },
      "geometry": {
        "type": "Point",
        "coordinates": [
          30.336364998997087,
          59.872772414706596
        ]
      }
    },
    {
      "type": "Feature",
      "properties": {
        "monotonic_time": 67556.18479883671,
        "horizontal_accuracy": 2.504336781291002,
        "speed": 0,
        "course": 178.00074768066406,
        "synthetic": false
      },
      "geometry": {
        "type": "Point",
        "coordinates": [
          30.336364998997087,
          59.872772414706596
        ]
      }
    },
    {
      "type": "Feature",
      "properties": {
        "monotonic_time": 67557.18479895592,
        "horizontal_accuracy": 2.4791199422264514,
        "speed": 0,
        "course": 178.00074768066406,
        "synthetic": false
      },
      "geometry": {
        "type": "Point",
        "coordinates": [
          30.336364998997087,
          59.872772414706596
        ]
      }
    },
    {
      "type": "Feature",
      "properties": {
        "monotonic_time": 67558.18479800224,
        "horizontal_accuracy": 2.4659726893782414,
        "speed": 0,
        "course": 178.00074768066406,
        "synthetic": false
      },
      "geometry": {
        "type": "Point",
        "coordinates": [
          30.336364998997087,
          59.872772414706596
        ]
      }
    },
    {
      "type": "Feature",
      "properties": {
        "monotonic_time": 67559.18479847908,
        "horizontal_accuracy": 2.482779437622937,
        "speed": 0,
        "course": 178.00074768066406,
        "synthetic": false
      },
      "geometry": {
        "type": "Point",
        "coordinates": [
          30.336364998997087,
          59.872772414706596
        ]
      }
    },
    {
      "type": "Feature",
      "properties": {
        "monotonic_time": 67560.18479835987,
        "horizontal_accuracy": 2.4852951658488434,
        "speed": 0,
        "course": 178.00074768066406,
        "synthetic": false
      },
      "geometry": {
        "type": "Point",
        "coordinates": [
          30.336364998997087,
          59.872772414706596
        ]
      }
    },
    {
      "type": "Feature",
      "properties": {
        "monotonic_time": 67561.18479883671,
        "horizontal_accuracy": 2.5254075278063763,
        "speed": 0,
        "course": 178.00074768066406,
        "synthetic": false
      },
      "geometry": {
        "type": "Point",
        "coordinates": [
          30.336364998997087,
          59.872772414706596
        ]
      }
    },
    {
      "type": "Feature",
      "properties": {
        "monotonic_time": 67562.18479824066,
        "horizontal_accuracy": 2.4991371514160576,
        "speed": 0,
        "course": 178.00074768066406,
        "synthetic": false
      },
      "geometry": {
        "type": "Point",
        "coordinates": [
          30.336364998997087,
          59.872772414706596
        ]
      }
    },
    {
      "type": "Feature",
      "properties": {
        "monotonic_time": 67563.18479895592,
        "horizontal_accuracy": 2.4906288096767883,
        "speed": 0,
        "course": 178.00074768066406,
        "synthetic": false
      },
      "geometry": {
        "type": "Point",
        "coordinates": [
          30.336364998997087,
          59.872772414706596
        ]
      }
    },
    {
      "type": "Feature",
      "properties": {
        "monotonic_time": 67564.18479883671,
        "horizontal_accuracy": 2.466097369192949,
        "speed": 0,
        "course": 178.00074768066406,
        "synthetic": false
      },
      "geometry": {
        "type": "Point",
        "coordinates": [
          30.336364998997087,
          59.872772414706596
        ]
      }
    },
    {
      "type": "Feature",
      "properties": {
        "monotonic_time": 67565.18479847908,
        "horizontal_accuracy": 2.449831445746759,
        "speed": 0,
        "course": 178.00074768066406,
        "synthetic": false
      },
      "geometry": {
        "type": "Point",
        "coordinates": [
          30.336364998997087,
          59.872772414706596
        ]
      }
    },
    {
      "type": "Feature",
      "properties": {
        "monotonic_time": 67566.18479859829,
        "horizontal_accuracy": 2.427339873459421,
        "speed": 0,
        "course": 178.00074768066406,
        "synthetic": false
      },
      "geometry": {
        "type": "Point",
        "coordinates": [
          30.336364998997087,
          59.872772414706596
        ]
      }
    },
    {
      "type": "Feature",
      "properties": {
        "monotonic_time": 67567.18479824066,
        "horizontal_accuracy": 2.4390588068631867,
        "speed": 0,
        "course": 178.00074768066406,
        "synthetic": false
      },
      "geometry": {
        "type": "Point",
        "coordinates": [
          30.336364998997087,
          59.872772414706596
        ]
      }
    },
    {
      "type": "Feature",
      "properties": {
        "monotonic_time": 67568.18479776382,
        "horizontal_accuracy": 2.417105866520027,
        "speed": 0,
        "course": 178.00074768066406,
        "synthetic": false
      },
      "geometry": {
        "type": "Point",
        "coordinates": [
          30.336364998997087,
          59.872772414706596
        ]
      }
    },
    {
      "type": "Feature",
      "properties": {
        "monotonic_time": 67569.18479788303,
        "horizontal_accuracy": 2.4231991943134843,
        "speed": 0.05906573189662603,
        "course": 178.00074768066406,
        "synthetic": false
      },
      "geometry": {
        "type": "Point",
        "coordinates": [
          30.33635542623352,
          59.872779308833714
        ]
      }
    },
    {
      "type": "Feature",
      "properties": {
        "monotonic_time": 67570.18479835987,
        "horizontal_accuracy": 2.411004906782195,
        "speed": 0.1978678975412582,
        "course": 178.00074768066406,
        "synthetic": false
      },
      "geometry": {
        "type": "Point",
        "coordinates": [
          30.336358501586936,
          59.87277779319873
        ]
      }
    },
    {
      "type": "Feature",
      "properties": {
        "monotonic_time": 67571.18479847908,
        "horizontal_accuracy": 2.396941925207767,
        "speed": 0.28186685741350126,
        "course": 178.00074768066406,
        "synthetic": false
      },
      "geometry": {
        "type": "Point",
        "coordinates": [
          30.336358186917053,
          59.872774321955596
        ]
      }
    },
    {
      "type": "Feature",
      "properties": {
        "monotonic_time": 67572.18479788303,
        "horizontal_accuracy": 2.3770948289473783,
        "speed": 0.49395060802165275,
        "course": 178.00074768066406,
        "synthetic": false
      },
      "geometry": {
        "type": "Point",
        "coordinates": [
          30.33635844307267,
          59.8727695053243
        ]
      }
    },
    {
      "type": "Feature",
      "properties": {
        "monotonic_time": 67573.18479788303,
        "horizontal_accuracy": 2.3672204803303805,
        "speed": 0.3262713237795641,
        "course": 178.00074768066406,
        "synthetic": false
      },
      "geometry": {
        "type": "Point",
        "coordinates": [
          30.336358188358716,
          59.87276662492025
        ]
      }
    },
    {
      "type": "Feature",
      "properties": {
        "monotonic_time": 67574.18479835987,
        "horizontal_accuracy": 2.3746656622764255,
        "speed": 0.46811228262259325,
        "course": 178.00074768066406,
        "synthetic": false
      },
      "geometry": {
        "type": "Point",
        "coordinates": [
          30.336354981597154,
          59.8727609470377
        ]
      }
    },
    {
      "type": "Feature",
      "properties": {
        "monotonic_time": 67575.18479824066,
        "horizontal_accuracy": 2.355932379162604,
        "speed": 0.11328830064475115,
        "course": 178.00074768066406,
        "synthetic": false
      },
      "geometry": {
        "type": "Point",
        "coordinates": [
          30.33635441097207,
          59.87276091474179
        ]
      }
    },
    {
      "type": "Feature",
      "properties": {
        "monotonic_time": 67576.18479800224,
        "horizontal_accuracy": 2.3689533421511384,
        "speed": 0.06470170697559577,
        "course": 178.00074768066406,
        "synthetic": false
      },
      "geometry": {
        "type": "Point",
        "coordinates": [
          30.336355060142488,
          59.872761111952606
        ]
      }
    },
    {
      "type": "Feature",
      "properties": {
        "monotonic_time": 67577.18479835987,
        "horizontal_accuracy": 2.3856816819858047,
        "speed": 0,
        "course": 178.00074768066406,
        "synthetic": false
      },
      "geometry": {
        "type": "Point",
        "coordinates": [
          30.336355060142488,
          59.872761111952606
        ]
      }
    },
    {
      "type": "Feature",
      "properties": {
        "monotonic_time": 67578.1847974062,
        "horizontal_accuracy": 2.3663975978865146,
        "speed": 0,
        "course": 178.00074768066406,
        "synthetic": false
      },
      "geometry": {
        "type": "Point",
        "coordinates": [
          30.336355060142488,
          59.872761111952606
        ]
      }
    },
    {
      "type": "Feature",
      "properties": {
        "monotonic_time": 67579.18479776382,
        "horizontal_accuracy": 2.391901427435739,
        "speed": 0,
        "course": 178.00074768066406,
        "synthetic": false
      },
      "geometry": {
        "type": "Point",
        "coordinates": [
          30.336355060142488,
          59.872761111952606
        ]
      }
    },
    {
      "type": "Feature",
      "properties": {
        "monotonic_time": 67580.1847975254,
        "horizontal_accuracy": 2.3941481203303465,
        "speed": 0,
        "course": 178.00074768066406,
        "synthetic": false
      },
      "geometry": {
        "type": "Point",
        "coordinates": [
          30.336355060142488,
          59.872761111952606
        ]
      }
    },
    {
      "type": "Feature",
      "properties": {
        "monotonic_time": 67581.18479788303,
        "horizontal_accuracy": 2.3744407143138293,
        "speed": 0,
        "course": 178.00074768066406,
        "synthetic": false
      },
      "geometry": {
        "type": "Point",
        "coordinates": [
          30.336355060142488,
          59.872761111952606
        ]
      }
    },
    {
      "type": "Feature",
      "properties": {
        "monotonic_time": 67582.18479776382,
        "horizontal_accuracy": 2.3557186785981377,
        "speed": 0.06914616792402427,
        "course": 178.00074768066406,
        "synthetic": false
      },
      "geometry": {
        "type": "Point",
        "coordinates": [
          30.336362079490154,
          59.87276084996259
        ]
      }
    },
    {
      "type": "Feature",
      "properties": {
        "monotonic_time": 67583.18479788303,
        "horizontal_accuracy": 2.340829144412264,
        "speed": 0.5931746923164676,
        "course": 178.00074768066406,
        "synthetic": false
      },
      "geometry": {
        "type": "Point",
        "coordinates": [
          30.336361491453918,
          59.87275463345863
        ]
      }
    },
    {
      "type": "Feature",
      "properties": {
        "monotonic_time": 67584.1847974062,
        "horizontal_accuracy": 2.323787687278182,
        "speed": 1.8125380369827306,
        "course": 178.00074768066406,
        "synthetic": false
      },
      "geometry": {
        "type": "Point",
        "coordinates": [
          30.336363956316724,
          59.872728981443224
        ]
      }
    },
    {
      "type": "Feature",
      "properties": {
        "monotonic_time": 67585.18479788303,
        "horizontal_accuracy": 2.3075983023214834,
        "speed": 3.548135459480668,
        "course": 178.00074768066406,
        "synthetic": false
      },
      "geometry": {
        "type": "Point",
        "coordinates": [
          30.336364736293092,
          59.87268623501806
        ]
      }
    },
    {
      "type": "Feature",
      "properties": {
        "monotonic_time": 67586.1847974062,
        "horizontal_accuracy": 2.2922183866078547,
        "speed": 4.595782262151658,
        "course": 178.00074768066406,
        "synthetic": false
      },
      "geometry": {
        "type": "Point",
        "coordinates": [
          30.336365061950666,
          59.87263902442873
        ]
      }
    },
    {
      "type": "Feature",
      "properties": {
        "monotonic_time": 67587.18479788303,
        "horizontal_accuracy": 2.3067786014737015,
        "speed": 4.96949063730134,
        "course": 178.00074768066406,
        "synthetic": false
      },
      "geometry": {
        "type": "Point",
        "coordinates": [
          30.33636797934746,
          59.87259156381122
        ]
      }
    },
    {
      "type": "Feature",
      "properties": {
        "monotonic_time": 67588.18479776382,
        "horizontal_accuracy": 2.291010536540771,
        "speed": 4.538585764861168,
        "course": 178.00074768066406,
        "synthetic": false
      },
      "geometry": {
        "type": "Point",
        "coordinates": [
          30.33636917991328,
          59.87255271857255
        ]
      }
    },
    {
      "type": "Feature",
      "properties": {
        "monotonic_time": 67589.18479704857,
        "horizontal_accuracy": 2.346936520103586,
        "speed": 3.893150537484589,
        "course": 178.00074768066406,
        "synthetic": false
      },
      "geometry": {
        "type": "Point",
        "coordinates": [
          30.336375213589406,
          59.872520302547485
        ]
      }
    },
    {
      "type": "Feature",
      "properties": {
        "monotonic_time": 67590.18479692936,
        "horizontal_accuracy": 2.351249261886505,
        "speed": 3.4856879841434942,
        "course": 178.00074768066406,
        "synthetic": false
      },
      "geometry": {
        "type": "Point",
        "coordinates": [
          30.336378169558163,
          59.872490066842694
        ]
      }
    },
    {
      "type": "Feature",
      "properties": {
        "monotonic_time": 67591.18479692936,
        "horizontal_accuracy": 2.413830646878618,
        "speed": 3.2876620153284004,
        "course": 178.00074768066406,
        "synthetic": false
      },
      "geometry": {
        "type": "Point",
        "coordinates": [
          30.336384419596705,
          59.87245740361449
        ]
      }
    },
    {
      "type": "Feature",
      "properties": {
        "monotonic_time": 67592.18479669094,
        "horizontal_accuracy": 2.3833891127632767,
        "speed": 3.133309216087225,
        "course": 178.00074768066406,
        "synthetic": false
      },
      "geometry": {
        "type": "Point",
        "coordinates": [
          30.336384208554986,
          59.87242805537143
        ]
      }
    },
    {
      "type": "Feature",
      "properties": {
        "monotonic_time": 67593.18479764462,
        "horizontal_accuracy": 2.381396035598979,
        "speed": 3.128030333292336,
        "course": 178.14683532714844,
        "synthetic": false
      },
      "geometry": {
        "type": "Point",
        "coordinates": [
          30.3363844678554,
          59.87239779817898
        ]
      }
    },
    {
      "type": "Feature",
      "properties": {
        "monotonic_time": 67594.18479692936,
        "horizontal_accuracy": 2.442534108682995,
        "speed": 3.179520961820961,
        "course": 177.73568725585938,
        "synthetic": false
      },
      "geometry": {
        "type": "Point",
        "coordinates": [
          30.336376794486846,
          59.87236600372059
        ]
      }
    },
    {
      "type": "Feature",
      "properties": {
        "monotonic_time": 67595.1847975254,
        "horizontal_accuracy": 2.3812769331534707,
        "speed": 2.9625292121013493,
        "course": 177.73568725585938,
        "synthetic": false
      },
      "geometry": {
        "type": "Point",
        "coordinates": [
          30.336383911311444,
          59.87233999143901
        ]
      }
    },
    {
      "type": "Feature",
      "properties": {
        "monotonic_time": 67596.18479692936,
        "horizontal_accuracy": 2.4316721706976043,
        "speed": 2.3539294653889735,
        "course": 177.73568725585938,
        "synthetic": false
      },
      "geometry": {
        "type": "Point",
        "coordinates": [
          30.336390414103516,
          59.872321887215854
        ]
      }
    },
    {
      "type": "Feature",
      "properties": {
        "monotonic_time": 67597.18479716778,
        "horizontal_accuracy": 2.409046982105592,
        "speed": 1.6527307051915352,
        "course": 177.73568725585938,
        "synthetic": false
      },
      "geometry": {
        "type": "Point",
        "coordinates": [
          30.33639345884734,
          59.872310286874544
        ]
      }
    },
    {
      "type": "Feature",
      "properties": {
        "monotonic_time": 67598.18479692936,
        "horizontal_accuracy": 2.3879314590615395,
        "speed": 1.1710018284487655,
        "course": 177.73568725585938,
        "synthetic": false
      },
      "geometry": {
        "type": "Point",
        "coordinates": [
          30.33639061063442,
          59.872305584351196
        ]
      }
    },
    {
      "type": "Feature",
      "properties": {
        "monotonic_time": 67599.18479704857,
        "horizontal_accuracy": 2.3615517558984065,
        "speed": 0.31549614774733625,
        "course": 177.73568725585938,
        "synthetic": false
      },
      "geometry": {
        "type": "Point",
        "coordinates": [
          30.336393536475608,
          59.87230952752457
        ]
      }
    },
    {
      "type": "Feature",
      "properties": {
        "monotonic_time": 67600.18479692936,
        "horizontal_accuracy": 2.347917370223582,
        "speed": 0.08015827911636465,
        "course": 177.73568725585938,
        "synthetic": false
      },
      "geometry": {
        "type": "Point",
        "coordinates": [
          30.33639174382043,
          59.87230988705503
        ]
      }
    },
    {
      "type": "Feature",
      "properties": {
        "monotonic_time": 67601.18479681015,
        "horizontal_accuracy": 2.2923464627489323,
        "speed": 0.055640001005133104,
        "course": 177.73568725585938,
        "synthetic": false
      },
      "geometry": {
        "type": "Point",
        "coordinates": [
          30.336394099041637,
          59.87231075402588
        ]
      }
    },
    {
      "type": "Feature",
      "properties": {
        "monotonic_time": 67602.18479633331,
        "horizontal_accuracy": 2.2975433218848242,
        "speed": 0.00873175524542515,
        "course": 177.73568725585938,
        "synthetic": false
      },
      "geometry": {
        "type": "Point",
        "coordinates": [
          30.336397182794624,
          59.87230945653104
        ]
      }
    },
    {
      "type": "Feature",
      "properties": {
        "monotonic_time": 67603.18479633331,
        "horizontal_accuracy": 2.3737250872939977,
        "speed": 0.07850339148957904,
        "course": 177.73568725585938,
        "synthetic": false
      },
      "geometry": {
        "type": "Point",
        "coordinates": [
          30.336397324688285,
          59.87230768664962
        ]
      }
    },
    {
      "type": "Feature",
      "properties": {
        "monotonic_time": 67604.18479657173,
        "horizontal_accuracy": 2.3921773143216774,
        "speed": 0.08251791596062973,
        "course": 177.73568725585938,
        "synthetic": false
      },
      "geometry": {
        "type": "Point",
        "coordinates": [
          30.33640090168872,
          59.872309122927454
        ]
      }
    },
    {
      "type": "Feature",
      "properties": {
        "monotonic_time": 67605.18479692936,
        "horizontal_accuracy": 2.2992899171850927,
        "speed": 0,
        "course": 177.73568725585938,
        "synthetic": false
      },
      "geometry": {
        "type": "Point",
        "coordinates": [
          30.33640078024632,
          59.87230924027241
        ]
      }
    },
    {
      "type": "Feature",
      "properties": {
        "monotonic_time": 67606.18479681015,
        "horizontal_accuracy": 2.203856378905969,
        "speed": 0,
        "course": 177.73568725585938,
        "synthetic": false
      },
      "geometry": {
        "type": "Point",
        "coordinates": [
          30.33640078024632,
          59.87230924027241
        ]
      }
    },
    {
      "type": "Feature",
      "properties": {
        "monotonic_time": 67607.18479669094,
        "horizontal_accuracy": 2.2103718363291254,
        "speed": 0,
        "course": 177.73568725585938,
        "synthetic": false
      },
      "geometry": {
        "type": "Point",
        "coordinates": [
          30.33640078024632,
          59.87230924027241
        ]
      }
    },
    {
      "type": "Feature",
      "properties": {
        "monotonic_time": 67608.18479692936,
        "horizontal_accuracy": 2.2169529436060658,
        "speed": 0,
        "course": 177.73568725585938,
        "synthetic": false
      },
      "geometry": {
        "type": "Point",
        "coordinates": [
          30.33640078024632,
          59.87230924027241
        ]
      }
    },
    {
      "type": "Feature",
      "properties": {
        "monotonic_time": 67609.18479645252,
        "horizontal_accuracy": 2.206105296425763,
        "speed": 0,
        "course": 177.73568725585938,
        "synthetic": false
      },
      "geometry": {
        "type": "Point",
        "coordinates": [
          30.33640078024632,
          59.87230924027241
        ]
      }
    },
    {
      "type": "Feature",
      "properties": {
        "monotonic_time": 67610.1847960949,
        "horizontal_accuracy": 2.1975866327340343,
        "speed": 0,
        "course": 177.73568725585938,
        "synthetic": false
      },
      "geometry": {
        "type": "Point",
        "coordinates": [
          30.33640078024632,
          59.87230924027241
        ]
      }
    },
    {
      "type": "Feature",
      "properties": {
        "monotonic_time": 67611.18479669094,
        "horizontal_accuracy": 2.2059400201473864,
        "speed": 0,
        "course": 177.73568725585938,
        "synthetic": false
      },
      "geometry": {
        "type": "Point",
        "coordinates": [
          30.33640078024632,
          59.87230924027241
        ]
      }
    },
    {
      "type": "Feature",
      "properties": {
        "monotonic_time": 67612.1847962141,
        "horizontal_accuracy": 2.195643019140017,
        "speed": 0,
        "course": 177.73568725585938,
        "synthetic": false
      },
      "geometry": {
        "type": "Point",
        "coordinates": [
          30.33640078024632,
          59.87230924027241
        ]
      }
    },
    {
      "type": "Feature",
      "properties": {
        "monotonic_time": 67613.18479633331,
        "horizontal_accuracy": 2.185860868183016,
        "speed": 0,
        "course": 177.73568725585938,
        "synthetic": false
      },
      "geometry": {
        "type": "Point",
        "coordinates": [
          30.33640078024632,
          59.87230924027241
        ]
      }
    },
    {
      "type": "Feature",
      "properties": {
        "monotonic_time": 67614.1847962141,
        "horizontal_accuracy": 2.176567824773865,
        "speed": 0,
        "course": 177.73568725585938,
        "synthetic": false
      },
      "geometry": {
        "type": "Point",
        "coordinates": [
          30.33640078024632,
          59.87230924027241
        ]
      }
    },
    {
      "type": "Feature",
      "properties": {
        "monotonic_time": 67615.18479633331,
        "horizontal_accuracy": 2.167739433535172,
        "speed": 0,
        "course": 177.73568725585938,
        "synthetic": false
      },
      "geometry": {
        "type": "Point",
        "coordinates": [
          30.33640078024632,
          59.87230924027241
        ]
      }
    },
    {
      "type": "Feature",
      "properties": {
        "monotonic_time": 67616.18479645252,
        "horizontal_accuracy": 2.2497749799717743,
        "speed": 0,
        "course": 177.73568725585938,
        "synthetic": false
      },
      "geometry": {
        "type": "Point",
        "coordinates": [
          30.33640078024632,
          59.87230924027241
        ]
      }
    },
    {
      "type": "Feature",
      "properties": {
        "monotonic_time": 67617.1847962141,
        "horizontal_accuracy": 2.2702814339814728,
        "speed": 0,
        "course": 177.73568725585938,
        "synthetic": false
      },
      "geometry": {
        "type": "Point",
        "coordinates": [
          30.33640078024632,
          59.87230924027241
        ]
      }
    },
    {
      "type": "Feature",
      "properties": {
        "monotonic_time": 67618.18479657173,
        "horizontal_accuracy": 2.409263843601586,
        "speed": 0,
        "course": 177.73568725585938,
        "synthetic": false
      },
      "geometry": {
        "type": "Point",
        "coordinates": [
          30.33640078024632,
          59.87230924027241
        ]
      }
    },
    {
      "type": "Feature",
      "properties": {
        "monotonic_time": 67619.18479597569,
        "horizontal_accuracy": 2.4305052175086375,
        "speed": 0,
        "course": 177.73568725585938,
        "synthetic": false
      },
      "geometry": {
        "type": "Point",
        "coordinates": [
          30.33640078024632,
          59.87230924027241
        ]
      }
    },
    {
      "type": "Feature",
      "properties": {
        "monotonic_time": 67620.18479645252,
        "horizontal_accuracy": 2.450285250612974,
        "speed": 0.0012138058727881927,
        "course": 177.73568725585938,
        "synthetic": false
      },
      "geometry": {
        "type": "Point",
        "coordinates": [
          30.33639642224006,
          59.87231051842453
        ]
      }
    },
    {
      "type": "Feature",
      "properties": {
        "monotonic_time": 67621.18479645252,
        "horizontal_accuracy": 2.4277709880823255,
        "speed": 0,
        "course": 177.73568725585938,
        "synthetic": false
      },
      "geometry": {
        "type": "Point",
        "coordinates": [
          30.336396808662155,
          59.872309590923486
        ]
      }
    },
    {
      "type": "Feature",
      "properties": {
        "monotonic_time": 67622.18479597569,
        "horizontal_accuracy": 2.4063824386782087,
        "speed": 0.6878416485228535,
        "course": 177.73568725585938,
        "synthetic": false
      },
      "geometry": {
        "type": "Point",
        "coordinates": [
          30.33640099963533,
          59.87230154726175
        ]
      }
    },
    {
      "type": "Feature",
      "properties": {
        "monotonic_time": 67623.18479597569,
        "horizontal_accuracy": 2.386063316982399,
        "speed": 0.7352905574946569,
        "course": 177.73568725585938,
        "synthetic": false
      },
      "geometry": {
        "type": "Point",
        "coordinates": [
          30.336401506408244,
          59.8722920133747
        ]
      }
    },
    {
      "type": "Feature",
      "properties": {
        "monotonic_time": 67624.1847962141,
        "horizontal_accuracy": 2.4565125372582997,
        "speed": 0.10960623904153367,
        "course": 177.73568725585938,
        "synthetic": false
      },
      "geometry": {
        "type": "Point",
        "coordinates": [
          30.336402413770863,
          59.87229634356272
        ]
      }
    },
    {
      "type": "Feature",
      "properties": {
        "monotonic_time": 67625.1847962141,
        "horizontal_accuracy": 2.539366127794296,
        "speed": 0,
        "course": 177.73568725585938,
        "synthetic": false
      },
      "geometry": {
        "type": "Point",
        "coordinates": [
          30.336401602067166,
          59.87229669780106
        ]
      }
    },
    {
      "type": "Feature",
      "properties": {
        "monotonic_time": 67626.18479645252,
        "horizontal_accuracy": 2.647544965034364,
        "speed": 0,
        "course": 177.73568725585938,
        "synthetic": false
      },
      "geometry": {
        "type": "Point",
        "coordinates": [
          30.336401602067166,
          59.87229669780106
        ]
      }
    },
    {
      "type": "Feature",
      "properties": {
        "monotonic_time": 67627.18479597569,
        "horizontal_accuracy": 2.671251021773406,
        "speed": 0,
        "course": 177.73568725585938,
        "synthetic": false
      },
      "geometry": {
        "type": "Point",
        "coordinates": [
          30.336401602067166,
          59.87229669780106
        ]
      }
    },
    {
      "type": "Feature",
      "properties": {
        "monotonic_time": 67628.18479526043,
        "horizontal_accuracy": 2.7688810861753956,
        "speed": 0,
        "course": 177.73568725585938,
        "synthetic": false
      },
      "geometry": {
        "type": "Point",
        "coordinates": [
          30.336401602067166,
          59.87229669780106
        ]
      }
    },
    {
      "type": "Feature",
      "properties": {
        "monotonic_time": 67629.18479561806,
        "horizontal_accuracy": 2.8516316658251957,
        "speed": 0,
        "course": 177.73568725585938,
        "synthetic": false
      },
      "geometry": {
        "type": "Point",
        "coordinates": [
          30.336401602067166,
          59.87229669780106
        ]
      }
    },
    {
      "type": "Feature",
      "properties": {
        "monotonic_time": 67630.18479573727,
        "horizontal_accuracy": 2.9519499963798768,
        "speed": 0,
        "course": 177.73568725585938,
        "synthetic": false
      },
      "geometry": {
        "type": "Point",
        "coordinates": [
          30.336401602067166,
          59.87229669780106
        ]
      }
    },
    {
      "type": "Feature",
      "properties": {
        "monotonic_time": 67631.18479597569,
        "horizontal_accuracy": 3.0391584229970015,
        "speed": 0,
        "course": 177.73568725585938,
        "synthetic": false
      },
      "geometry": {
        "type": "Point",
        "coordinates": [
          30.336401602067166,
          59.87229669780106
        ]
      }
    },
    {
      "type": "Feature",
      "properties": {
        "monotonic_time": 67632.1847960949,
        "horizontal_accuracy": 3.034782147992487,
        "speed": 0,
        "course": 177.73568725585938,
        "synthetic": false
      },
      "geometry": {
        "type": "Point",
        "coordinates": [
          30.336401602067166,
          59.87229669780106
        ]
      }
    },
    {
      "type": "Feature",
      "properties": {
        "monotonic_time": 67633.18479549885,
        "horizontal_accuracy": 3.0801254696930362,
        "speed": 0,
        "course": 177.73568725585938,
        "synthetic": false
      },
      "geometry": {
        "type": "Point",
        "coordinates": [
          30.336401602067166,
          59.87229669780106
        ]
      }
    },
    {
      "type": "Feature",
      "properties": {
        "monotonic_time": 67634.18479514122,
        "horizontal_accuracy": 3.134611215435457,
        "speed": 0,
        "course": 177.73568725585938,
        "synthetic": false
      },
      "geometry": {
        "type": "Point",
        "coordinates": [
          30.336401602067166,
          59.87229669780106
        ]
      }
    },
    {
      "type": "Feature",
      "properties": {
        "monotonic_time": 67635.1847949028,
        "horizontal_accuracy": 3.1530075199544068,
        "speed": 0,
        "course": 177.73568725585938,
        "synthetic": false
      },
      "geometry": {
        "type": "Point",
        "coordinates": [
          30.336401602067166,
          59.87229669780106
        ]
      }
    },
    {
      "type": "Feature",
      "properties": {
        "monotonic_time": 67636.18479573727,
        "horizontal_accuracy": 3.3285850546639786,
        "speed": 0,
        "course": 177.73568725585938,
        "synthetic": false
      },
      "geometry": {
        "type": "Point",
        "coordinates": [
          30.336401602067166,
          59.87229669780106
        ]
      }
    },
    {
      "type": "Feature",
      "properties": {
        "monotonic_time": 67637.18479514122,
        "horizontal_accuracy": 3.2996105368454294,
        "speed": 0,
        "course": 177.73568725585938,
        "synthetic": false
      },
      "geometry": {
        "type": "Point",
        "coordinates": [
          30.336401602067166,
          59.87229669780106
        ]
      }
    },
    {
      "type": "Feature",
      "properties": {
        "monotonic_time": 67638.18479514122,
        "horizontal_accuracy": 3.32219393949985,
        "speed": 0,
        "course": 177.73568725585938,
        "synthetic": false
      },
      "geometry": {
        "type": "Point",
        "coordinates": [
          30.336401602067166,
          59.87229669780106
        ]
      }
    },
    {
      "type": "Feature",
      "properties": {
        "monotonic_time": 67639.18479526043,
        "horizontal_accuracy": 3.272061413313573,
        "speed": 0,
        "course": 177.73568725585938,
        "synthetic": false
      },
      "geometry": {
        "type": "Point",
        "coordinates": [
          30.336401602067166,
          59.87229669780106
        ]
      }
    },
    {
      "type": "Feature",
      "properties": {
        "monotonic_time": 67640.18479561806,
        "horizontal_accuracy": 3.3426605172135333,
        "speed": 0,
        "course": 177.73568725585938,
        "synthetic": false
      },
      "geometry": {
        "type": "Point",
        "coordinates": [
          30.336401602067166,
          59.87229669780106
        ]
      }
    },
    {
      "type": "Feature",
      "properties": {
        "monotonic_time": 67641.18479561806,
        "horizontal_accuracy": 3.358554346984561,
        "speed": 0,
        "course": 177.73568725585938,
        "synthetic": false
      },
      "geometry": {
        "type": "Point",
        "coordinates": [
          30.336401602067166,
          59.87229669780106
        ]
      }
    },
    {
      "type": "Feature",
      "properties": {
        "monotonic_time": 67642.18479526043,
        "horizontal_accuracy": 3.3480963514415096,
        "speed": 0,
        "course": 177.73568725585938,
        "synthetic": false
      },
      "geometry": {
        "type": "Point",
        "coordinates": [
          30.336401602067166,
          59.87229669780106
        ]
      }
    },
    {
      "type": "Feature",
      "properties": {
        "monotonic_time": 67643.18479502201,
        "horizontal_accuracy": 3.3926135872325274,
        "speed": 0,
        "course": 177.73568725585938,
        "synthetic": false
      },
      "geometry": {
        "type": "Point",
        "coordinates": [
          30.336401602067166,
          59.87229669780106
        ]
      }
    },
    {
      "type": "Feature",
      "properties": {
        "monotonic_time": 67644.18479478359,
        "horizontal_accuracy": 3.380280769896364,
        "speed": 0,
        "course": 177.73568725585938,
        "synthetic": false
      },
      "geometry": {
        "type": "Point",
        "coordinates": [
          30.336401602067166,
          59.87229669780106
        ]
      }
    },
    {
      "type": "Feature",
      "properties": {
        "monotonic_time": 67645.18479526043,
        "horizontal_accuracy": 3.448982549199808,
        "speed": 0,
        "course": 177.73568725585938,
        "synthetic": false
      },
      "geometry": {
        "type": "Point",
        "coordinates": [
          30.336401602067166,
          59.87229669780106
        ]
      }
    },
    {
      "type": "Feature",
      "properties": {
        "monotonic_time": 67646.18479466438,
        "horizontal_accuracy": 3.442008504125435,
        "speed": 0,
        "course": 177.73568725585938,
        "synthetic": false
      },
      "geometry": {
        "type": "Point",
        "coordinates": [
          30.336401602067166,
          59.87229669780106
        ]
      }
    },
    {
      "type": "Feature",
      "properties": {
        "monotonic_time": 67647.18479537964,
        "horizontal_accuracy": 3.4289248576893545,
        "speed": 0,
        "course": 177.73568725585938,
        "synthetic": false
      },
      "geometry": {
        "type": "Point",
        "coordinates": [
          30.336401602067166,
          59.87229669780106
        ]
      }
    },
    {
      "type": "Feature",
      "properties": {
        "monotonic_time": 67648.18479526043,
        "horizontal_accuracy": 3.4060864962193027,
        "speed": 0,
        "course": 177.73568725585938,
        "synthetic": false
      },
      "geometry": {
        "type": "Point",
        "coordinates": [
          30.336401602067166,
          59.87229669780106
        ]
      }
    },
    {
      "type": "Feature",
      "properties": {
        "monotonic_time": 67649.1847949028,
        "horizontal_accuracy": 3.3357821714083373,
        "speed": 0,
        "course": 177.73568725585938,
        "synthetic": false
      },
      "geometry": {
        "type": "Point",
        "coordinates": [
          30.336401602067166,
          59.87229669780106
        ]
      }
    },
    {
      "type": "Feature",
      "properties": {
        "monotonic_time": 67650.18479502201,
        "horizontal_accuracy": 3.268993062837921,
        "speed": 0,
        "course": 177.73568725585938,
        "synthetic": false
      },
      "geometry": {
        "type": "Point",
        "coordinates": [
          30.336401602067166,
          59.87229669780106
        ]
      }
    },
    {
      "type": "Feature",
      "properties": {
        "monotonic_time": 67651.18479454517,
        "horizontal_accuracy": 3.263590618523722,
        "speed": 0,
        "course": 177.73568725585938,
        "synthetic": false
      },
      "geometry": {
        "type": "Point",
        "coordinates": [
          30.336401602067166,
          59.87229669780106
        ]
      }
    },
    {
      "type": "Feature",
      "properties": {
        "monotonic_time": 67652.18479466438,
        "horizontal_accuracy": 3.33878432717741,
        "speed": 0,
        "course": 177.73568725585938,
        "synthetic": false
      },
      "geometry": {
        "type": "Point",
        "coordinates": [
          30.336401602067166,
          59.87229669780106
        ]
      }
    },
    {
      "type": "Feature",
      "properties": {
        "monotonic_time": 67653.18479514122,
        "horizontal_accuracy": 3.293427059348454,
        "speed": 0,
        "course": 177.73568725585938,
        "synthetic": false
      },
      "geometry": {
        "type": "Point",
        "coordinates": [
          30.336401602067166,
          59.87229669780106
        ]
      }
    },
    {
      "type": "Feature",
      "properties": {
        "monotonic_time": 67654.18479418755,
        "horizontal_accuracy": 3.300576240024138,
        "speed": 0,
        "course": 177.73568725585938,
        "synthetic": false
      },
      "geometry": {
        "type": "Point",
        "coordinates": [
          30.336401602067166,
          59.87229669780106
        ]
      }
    },
    {
      "type": "Feature",
      "properties": {
        "monotonic_time": 67655.18479454517,
        "horizontal_accuracy": 3.3195596079348464,
        "speed": 0,
        "course": 177.73568725585938,
        "synthetic": false
      },
      "geometry": {
        "type": "Point",
        "coordinates": [
          30.336401602067166,
          59.87229669780106
        ]
      }
    },
    {
      "type": "Feature",
      "properties": {
        "monotonic_time": 67656.1847949028,
        "horizontal_accuracy": 3.2575939331649453,
        "speed": 0,
        "course": 177.73568725585938,
        "synthetic": false
      },
      "geometry": {
        "type": "Point",
        "coordinates": [
          30.336401602067166,
          59.87229669780106
        ]
      }
    },
    {
      "type": "Feature",
      "properties": {
        "monotonic_time": 67657.18479430676,
        "horizontal_accuracy": 3.1978520251544382,
        "speed": 0,
        "course": 177.73568725585938,
        "synthetic": false
      },
      "geometry": {
        "type": "Point",
        "coordinates": [
          30.336401602067166,
          59.87229669780106
        ]
      }
    },
    {
      "type": "Feature",
      "properties": {
        "monotonic_time": 67658.18479430676,
        "horizontal_accuracy": 3.1654889321434347,
        "speed": 0,
        "course": 177.73568725585938,
        "synthetic": false
      },
      "geometry": {
        "type": "Point",
        "coordinates": [
          30.336401602067166,
          59.87229669780106
        ]
      }
    },
    {
      "type": "Feature",
      "properties": {
        "monotonic_time": 67659.18479454517,
        "horizontal_accuracy": 3.1691312709029287,
        "speed": 0,
        "course": 177.73568725585938,
        "synthetic": false
      },
      "geometry": {
        "type": "Point",
        "coordinates": [
          30.336401602067166,
          59.87229669780106
        ]
      }
    },
    {
      "type": "Feature",
      "properties": {
        "monotonic_time": 67660.18479406834,
        "horizontal_accuracy": 3.177380109877532,
        "speed": 0,
        "course": 177.73568725585938,
        "synthetic": false
      },
      "geometry": {
        "type": "Point",
        "coordinates": [
          30.336401602067166,
          59.87229669780106
        ]
      }
    },
    {
      "type": "Feature",
      "properties": {
        "monotonic_time": 67661.18479430676,
        "horizontal_accuracy": 3.1185111043836558,
        "speed": 0,
        "course": 177.73568725585938,
        "synthetic": false
      },
      "geometry": {
        "type": "Point",
        "coordinates": [
          30.336401602067166,
          59.87229669780106
        ]
      }
    },
    {
      "type": "Feature",
      "properties": {
        "monotonic_time": 67662.18479406834,
        "horizontal_accuracy": 3.1606972076962947,
        "speed": 0,
        "course": 177.73568725585938,
        "synthetic": false
      },
      "geometry": {
        "type": "Point",
        "coordinates": [
          30.336401602067166,
          59.87229669780106
        ]
      }
    },
    {
      "type": "Feature",
      "properties": {
        "monotonic_time": 67663.18479394913,
        "horizontal_accuracy": 3.140492126254586,
        "speed": 0,
        "course": 177.73568725585938,
        "synthetic": false
      },
      "geometry": {
        "type": "Point",
        "coordinates": [
          30.336401602067166,
          59.87229669780106
        ]
      }
    },
    {
      "type": "Feature",
      "properties": {
        "monotonic_time": 67664.18479394913,
        "horizontal_accuracy": 3.1579964162861356,
        "speed": 0,
        "course": 177.73568725585938,
        "synthetic": false
      },
      "geometry": {
        "type": "Point",
        "coordinates": [
          30.336401602067166,
          59.87229669780106
        ]
      }
    },
    {
      "type": "Feature",
      "properties": {
        "monotonic_time": 67665.18479466438,
        "horizontal_accuracy": 3.1202902126376793,
        "speed": 0,
        "course": 177.73568725585938,
        "synthetic": false
      },
      "geometry": {
        "type": "Point",
        "coordinates": [
          30.336401602067166,
          59.87229669780106
        ]
      }
    },
    {
      "type": "Feature",
      "properties": {
        "monotonic_time": 67666.18144130707,
        "horizontal_accuracy": 3.090282384330763,
        "speed": 0,
        "course": 177.73568725585938,
        "synthetic": false
      },
      "geometry": {
        "type": "Point",
        "coordinates": [
          30.336401602067166,
          59.87229669780106
        ]
      }
    },
    {
      "type": "Feature",
      "properties": {
        "monotonic_time": 67667.18183159828,
        "horizontal_accuracy": 3.0794290135544986,
        "speed": 0,
        "course": 177.73568725585938,
        "synthetic": false
      },
      "geometry": {
        "type": "Point",
        "coordinates": [
          30.336401602067166,
          59.87229669780106
        ]
      }
    },
    {
      "type": "Feature",
      "properties": {
        "monotonic_time": 67668.18183147907,
        "horizontal_accuracy": 3.068907053348551,
        "speed": 0,
        "course": 177.73568725585938,
        "synthetic": false
      },
      "geometry": {
        "type": "Point",
        "coordinates": [
          30.336401602067166,
          59.87229669780106
        ]
      }
    },
    {
      "type": "Feature",
      "properties": {
        "monotonic_time": 67669.18199658394,
        "horizontal_accuracy": 3.0754198453344275,
        "speed": 0,
        "course": 177.73568725585938,
        "synthetic": false
      },
      "geometry": {
        "type": "Point",
        "coordinates": [
          30.336401602067166,
          59.87229669780106
        ]
      }
    },
    {
      "type": "Feature",
      "properties": {
        "monotonic_time": 67670.18133211136,
        "horizontal_accuracy": 3.0496097733180387,
        "speed": 0,
        "course": 177.73568725585938,
        "synthetic": false
      },
      "geometry": {
        "type": "Point",
        "coordinates": [
          30.336401602067166,
          59.87229669780106
        ]
      }
    },
    {
      "type": "Feature",
      "properties": {
        "monotonic_time": 67671.18133187294,
        "horizontal_accuracy": 3.0490603417454567,
        "speed": 0.0907028454320426,
        "course": 177.73568725585938,
        "synthetic": false
      },
      "geometry": {
        "type": "Point",
        "coordinates": [
          30.33639513401329,
          59.87229891561201
        ]
      }
    },
    {
      "type": "Feature",
      "properties": {
        "monotonic_time": 67672.18127512932,
        "horizontal_accuracy": 3.0053047141452374,
        "speed": 0.3999083068302847,
        "course": 177.73568725585938,
        "synthetic": false
      },
      "geometry": {
        "type": "Point",
        "coordinates": [
          30.33639687949076,
          59.87229508443543
        ]
      }
    },
    {
      "type": "Feature",
      "properties": {
        "monotonic_time": 67673.18206107616,
        "horizontal_accuracy": 2.9768280968086653,
        "speed": 0.17282723647806647,
        "course": 177.73568725585938,
        "synthetic": false
      },
      "geometry": {
        "type": "Point",
        "coordinates": [
          30.336397512136298,
          59.87229360090405
        ]
      }
    },
    {
      "type": "Feature",
      "properties": {
        "monotonic_time": 67674.18206143379,
        "horizontal_accuracy": 2.942977251736149,
        "speed": 0.1462248960099329,
        "course": 177.73568725585938,
        "synthetic": false
      },
      "geometry": {
        "type": "Point",
        "coordinates": [
          30.336399240794908,
          59.87229332974436
        ]
      }
    },
    {
      "type": "Feature",
      "properties": {
        "monotonic_time": 67675.18201351166,
        "horizontal_accuracy": 2.9173685688461024,
        "speed": 0.5940810272302023,
        "course": 177.73568725585938,
        "synthetic": false
      },
      "geometry": {
        "type": "Point",
        "coordinates": [
          30.33640308205287,
          59.87228793067848
        ]
      }
    },
    {
      "type": "Feature",
      "properties": {
        "monotonic_time": 67676.18135774136,
        "horizontal_accuracy": 2.871500141801436,
        "speed": 1.5720001478203092,
        "course": 177.73568725585938,
        "synthetic": false
      },
      "geometry": {
        "type": "Point",
        "coordinates": [
          30.336406483403035,
          59.872265604917445
        ]
      }
    },
    {
      "type": "Feature",
      "properties": {
        "monotonic_time": 67677.18135714531,
        "horizontal_accuracy": 2.856698365586248,
        "speed": 2.571663312054686,
        "course": 177.73568725585938,
        "synthetic": false
      },
      "geometry": {
        "type": "Point",
        "coordinates": [
          30.336409675434858,
          59.872235924279224
        ]
      }
    },
    {
      "type": "Feature",
      "properties": {
        "monotonic_time": 67678.18178880215,
        "horizontal_accuracy": 2.813863448676368,
        "speed": 2.9523360902451308,
        "course": 177.73568725585938,
        "synthetic": false
      },
      "geometry": {
        "type": "Point",
        "coordinates": [
          30.336407307428345,
          59.87220617442658
        ]
      }
    },
    {
      "type": "Feature",
      "properties": {
        "monotonic_time": 67679.18133294582,
        "horizontal_accuracy": 2.788345953421329,
        "speed": 3.349196604526984,
        "course": 177.73568725585938,
        "synthetic": false
      },
      "geometry": {
        "type": "Point",
        "coordinates": [
          30.33640279933511,
          59.87217289852763
        ]
      }
    },
    {
      "type": "Feature",
      "properties": {
        "monotonic_time": 67680.18133306503,
        "horizontal_accuracy": 2.8062922440696814,
        "speed": 4.203954963746096,
        "course": 177.73568725585938,
        "synthetic": false
      },
      "geometry": {
        "type": "Point",
        "coordinates": [
          30.336404552868277,
          59.87212860176477
        ]
      }
    },
    {
      "type": "Feature",
      "properties": {
        "monotonic_time": 67681.18133342266,
        "horizontal_accuracy": 2.819715748139443,
        "speed": 4.602495581021387,
        "course": 177.73568725585938,
        "synthetic": false
      },
      "geometry": {
        "type": "Point",
        "coordinates": [
          30.336407660137862,
          59.87208298654996
        ]
      }
    },
    {
      "type": "Feature",
      "properties": {
        "monotonic_time": 67682.18133354187,
        "horizontal_accuracy": 2.8106346764757197,
        "speed": 5.0613081127805835,
        "course": 175.973876953125,
        "synthetic": false
      },
      "geometry": {
        "type": "Point",
        "coordinates": [
          30.336415306264584,
          59.87203217163039
        ]
      }
    },
    {
      "type": "Feature",
      "properties": {
        "monotonic_time": 67683.1813327074,
        "horizontal_accuracy": 2.7701029371496007,
        "speed": 5.452599941034647,
        "course": 175.973876953125,
        "synthetic": false
      },
      "geometry": {
        "type": "Point",
        "coordinates": [
          30.336448267568986,
          59.87198053590359
        ]
      }
    },
    {
      "type": "Feature",
      "properties": {
        "monotonic_time": 67684.1813327074,
        "horizontal_accuracy": 2.7489209081649193,
        "speed": 5.324697481671811,
        "course": 175.973876953125,
        "synthetic": false
      },
      "geometry": {
        "type": "Point",
        "coordinates": [
          30.336501028287067,
          59.87193804223156
        ]
      }
    },
    {
      "type": "Feature",
      "properties": {
        "monotonic_time": 67685.18133282661,
        "horizontal_accuracy": 2.76111541398605,
        "speed": 6.084224440601891,
        "course": 129.05048783910507,
        "synthetic": false
      },
      "geometry": {
        "type": "Point",
        "coordinates": [
          30.336492801398578,
          59.87190591036529
        ]
      }
    },
    {
      "type": "Feature",
      "properties": {
        "monotonic_time": 67686.18133342266,
        "horizontal_accuracy": 2.8031832893542057,
        "speed": 6.736555763942325,
        "course": 89.16252136230469,
        "synthetic": false
      },
      "geometry": {
        "type": "Point",
        "coordinates": [
          30.336762928330515,
          59.87190531152946
        ]
      }
    },
    {
      "type": "Feature",
      "properties": {
        "monotonic_time": 67687.18133306503,
        "horizontal_accuracy": 3.317109321592687,
        "speed": 7.981110744475534,
        "course": 88.55553436279297,
        "synthetic": false
      },
      "geometry": {
        "type": "Point",
        "coordinates": [
          30.336927071064643,
          59.87191385562479
        ]
      }
    },
    {
      "type": "Feature",
      "properties": {
        "monotonic_time": 67688.18133330345,
        "horizontal_accuracy": 4.230384131103778,
        "speed": 9.096859955901179,
        "course": 88.55553436279297,
        "synthetic": false
      },
      "geometry": {
        "type": "Point",
        "coordinates": [
          30.337108993396154,
          59.87191767622273
        ]
      }
    },
    {
      "type": "Feature",
      "properties": {
        "monotonic_time": 67689.18133330345,
        "horizontal_accuracy": 4.903923784863753,
        "speed": 10.15264764262009,
        "course": 88.55553436279297,
        "synthetic": false
      },
      "geometry": {
        "type": "Point",
        "coordinates": [
          30.33730911132235,
          59.87192087755136
        ]
      }
    },
    {
      "type": "Feature",
      "properties": {
        "monotonic_time": 67690.1813327074,
        "horizontal_accuracy": 5.030135586733146,
        "speed": 10.88409423739998,
        "course": 88.61254119873047,
        "synthetic": false
      },
      "geometry": {
        "type": "Point",
        "coordinates": [
          30.337518924146647,
          59.87192307767212
        ]
      }
    },
    {
      "type": "Feature",
      "properties": {
        "monotonic_time": 67691.1813327074,
        "horizontal_accuracy": 3.9094469722461906,
        "speed": 11.142874440481178,
        "course": 88.61254119873047,
        "synthetic": false
      },
      "geometry": {
        "type": "Point",
        "coordinates": [
          30.337728039875874,
          59.87192504591126
        ]
      }
    },
    {
      "type": "Feature",
      "properties": {
        "monotonic_time": 67692.18133234978,
        "horizontal_accuracy": 3.9388827768413317,
        "speed": 11.137509969520663,
        "course": 88.61254119873047,
        "synthetic": false
      },
      "geometry": {
        "type": "Point",
        "coordinates": [
          30.33793715951796,
          59.871929136123924
        ]
      }
    },
    {
      "type": "Feature",
      "properties": {
        "monotonic_time": 67693.18133318424,
        "horizontal_accuracy": 4.202725532115279,
        "speed": 10.897225992859694,
        "course": 88.61254119873047,
        "synthetic": false
      },
      "geometry": {
        "type": "Point",
        "coordinates": [
          30.33814021413713,
          59.87193299951619
        ]
      }
    },
    {
      "type": "Feature",
      "properties": {
        "monotonic_time": 67694.18133294582,
        "horizontal_accuracy": 3.7951660627710995,
        "speed": 10.85830234838298,
        "course": 88.61254119873047,
        "synthetic": false
      },
      "geometry": {
        "type": "Point",
        "coordinates": [
          30.33834230729042,
          59.87193805001942
        ]
      }
    },
    {
      "type": "Feature",
      "properties": {
        "monotonic_time": 67695.1813325882,
        "horizontal_accuracy": 3.6900116487616046,
        "speed": 10.906166004970943,
        "course": 88.37725830078125,
        "synthetic": false
      },
      "geometry": {
        "type": "Point",
        "coordinates": [
          30.338546031747473,
          59.871944118999174
        ]
      }
    },
    {
      "type": "Feature",
      "properties": {
        "monotonic_time": 67696.18133223057,
        "horizontal_accuracy": 3.7463411735608636,
        "speed": 11.3125660792713,
        "course": 88.37725830078125,
        "synthetic": false
      },
      "geometry": {
        "type": "Point",
        "coordinates": [
          30.33876052655212,
          59.87194960703771
        ]
      }
    },
    {
      "type": "Feature",
      "properties": {
        "monotonic_time": 67697.18133223057,
        "horizontal_accuracy": 4.175863132932136,
        "speed": 11.785840397458237,
        "course": 88.37725830078125,
        "synthetic": false
      },
      "geometry": {
        "type": "Point",
        "coordinates": [
          30.338987612620592,
          59.87195720361178
        ]
      }
    },
    {
      "type": "Feature",
      "properties": {
        "monotonic_time": 67698.18133282661,
        "horizontal_accuracy": 3.786757546281635,
        "speed": 12.165995787918114,
        "course": 88.37725830078125,
        "synthetic": false
      },
      "geometry": {
        "type": "Point",
        "coordinates": [
          30.33921393472438,
          59.87196099597998
        ]
      }
    },
    {
      "type": "Feature",
      "properties": {
        "monotonic_time": 67699.1813325882,
        "horizontal_accuracy": 3.303093981165472,
        "speed": 12.215434411736457,
        "course": 88.31404113769531,
        "synthetic": false
      },
      "geometry": {
        "type": "Point",
        "coordinates": [
          30.339435298915678,
          59.871963388236296
        ]
      }
    },
    {
      "type": "Feature",
      "properties": {
        "monotonic_time": 67700.18133199215,
        "horizontal_accuracy": 3.3093300099728293,
        "speed": 12.25418382171242,
        "course": 88.44673156738281,
        "synthetic": false
      },
      "geometry": {
        "type": "Point",
        "coordinates": [
          30.33965507608057,
          59.87196816031419
        ]
      }
    },
    {
      "type": "Feature",
      "properties": {
        "monotonic_time": 67701.18133223057,
        "horizontal_accuracy": 3.715567647781574,
        "speed": 12.068483075897399,
        "course": 88.44673156738281,
        "synthetic": false
      },
      "geometry": {
        "type": "Point",
        "coordinates": [
          30.33987304855569,
          59.87195560970068
        ]
      }
    },
    {
      "type": "Feature",
      "properties": {
        "monotonic_time": 67702.18133211136,
        "horizontal_accuracy": 5.744905449764332,
        "speed": 12.099467974869958,
        "course": 88.44673156738281,
        "synthetic": false
      },
      "geometry": {
        "type": "Point",
        "coordinates": [
          30.340098838260904,
          59.87195868770241
        ]
      }
    },
    {
      "type": "Feature",
      "properties": {
        "monotonic_time": 67703.18133223057,
        "horizontal_accuracy": 8.578734482755948,
        "speed": 12.257394331683853,
        "course": 88.28484344482422,
        "synthetic": false
      },
      "geometry": {
        "type": "Point",
        "coordinates": [
          30.340321988138957,
          59.871976964280776
        ]
      }
    },
    {
      "type": "Feature",
      "properties": {
        "monotonic_time": 67704.18133187294,
        "horizontal_accuracy": 10.224127858509712,
        "speed": 12.598313295499933,
        "course": 88.28484344482422,
        "synthetic": false
      },
      "geometry": {
        "type": "Point",
        "coordinates": [
          30.340561289706738,
          59.871973600646726
        ]
      }
    },
    {
      "type": "Feature",
      "properties": {
        "monotonic_time": 67705.18133223057,
        "horizontal_accuracy": 10.19577634595665,
        "speed": 12.643000121597336,
        "course": 88.28484344482422,
        "synthetic": false
      },
      "geometry": {
        "type": "Point",
        "coordinates": [
          30.34080295169157,
          59.87196942187015
        ]
      }
    },
    {
      "type": "Feature",
      "properties": {
        "monotonic_time": 67706.18133163452,
        "horizontal_accuracy": 10.416681677184572,
        "speed": 12.812554510516557,
        "course": 88.28484344482422,
        "synthetic": false
      },
      "geometry": {
        "type": "Point",
        "coordinates": [
          30.34105082807005,
          59.87196132927828
        ]
      }
    },
    {
      "type": "Feature",
      "properties": {
        "monotonic_time": 67707.18133163452,
        "horizontal_accuracy": 11.104886408354176,
        "speed": 12.513002701388512,
        "course": 88.325439453125,
        "synthetic": false
      },
      "geometry": {
        "type": "Point",
        "coordinates": [
          30.34127742556638,
          59.87195783205925
        ]
      }
    },
    {
      "type": "Feature",
      "properties": {
        "monotonic_time": 67708.18133187294,
        "horizontal_accuracy": 11.551027167534116,
        "speed": 12.035032910717415,
        "course": 88.30778503417969,
        "synthetic": false
      },
      "geometry": {
        "type": "Point",
        "coordinates": [
          30.341490788436836,
          59.87195532523245
        ]
      }
    },
    {
      "type": "Feature",
      "properties": {
        "monotonic_time": 67709.1813313961,
        "horizontal_accuracy": 9.947320065845588,
        "speed": 11.664378227235328,
        "course": 88.30778503417969,
        "synthetic": false
      },
      "geometry": {
        "type": "Point",
        "coordinates": [
          30.34169936732826,
          59.8719557453587
        ]
      }
    },
    {
      "type": "Feature",
      "properties": {
        "monotonic_time": 67710.18133199215,
        "horizontal_accuracy": 8.97251781218669,
        "speed": 11.25871164011923,
        "course": 88.30778503417969,
        "synthetic": false
      },
      "geometry": {
        "type": "Point",
        "coordinates": [
          30.3418940240086,
          59.87196908841018
        ]
      }
    },
    {
      "type": "Feature",
      "properties": {
        "monotonic_time": 67711.18133223057,
        "horizontal_accuracy": 8.674960749286178,
        "speed": 9.521892324682636,
        "course": 88.30778503417969,
        "synthetic": false
      },
      "geometry": {
        "type": "Point",
        "coordinates": [
          30.34204907141801,
          59.87197139131685
        ]
      }
    },
    {
      "type": "Feature",
      "properties": {
        "monotonic_time": 67712.18133175373,
        "horizontal_accuracy": 7.9815059318372805,
        "speed": 8.823662049504144,
        "course": 88.33224487304688,
        "synthetic": false
      },
      "geometry": {
        "type": "Point",
        "coordinates": [
          30.342206964978654,
          59.87197370561488
        ]
      }
    },
    {
      "type": "Feature",
      "properties": {
        "monotonic_time": 67713.18133234978,
        "horizontal_accuracy": 8.362770963162662,
        "speed": 8.393715885724962,
        "course": 88.33224487304688,
        "synthetic": false
      },
      "geometry": {
        "type": "Point",
        "coordinates": [
          30.34236145229026,
          59.87197596701507
        ]
      }
    },
    {
      "type": "Feature",
      "properties": {
        "monotonic_time": 67714.18133163452,
        "horizontal_accuracy": 6.143516517930606,
        "speed": 7.548837226144578,
        "course": 88.33224487304688,
        "synthetic": false
      },
      "geometry": {
        "type": "Point",
        "coordinates": [
          30.34249692094898,
          59.87197794998
        ]
      }
    },
    {
      "type": "Feature",
      "properties": {
        "monotonic_time": 67715.18133151531,
        "horizontal_accuracy": 5.5770651606249615,
        "speed": 6.329778009233352,
        "course": 88.63107299804688,
        "synthetic": false
      },
      "geometry": {
        "type": "Point",
        "coordinates": [
          30.342598056443766,
          59.871978994823074
        ]
      }
    },
    {
      "type": "Feature",
      "properties": {
        "monotonic_time": 67716.1813313961,
        "horizontal_accuracy": 4.917859462111236,
        "speed": 5.053915843627213,
        "course": 88.63107299804688,
        "synthetic": false
      },
      "geometry": {
        "type": "Point",
        "coordinates": [
          30.342676618948303,
          59.871979938685044
        ]
      }
    },
    {
      "type": "Feature",
      "properties": {
        "monotonic_time": 67717.18133163452,
        "horizontal_accuracy": 4.843823641897032,
        "speed": 4.0740623896985895,
        "course": 88.40240478515625,
        "synthetic": false
      },
      "geometry": {
        "type": "Point",
        "coordinates": [
          30.342738593087297,
          59.871980730565376
        ]
      }
    },
    {
      "type": "Feature",
      "properties": {
        "monotonic_time": 67718.18133211136,
        "horizontal_accuracy": 4.554470253601505,
        "speed": 3.4394982288576044,
        "course": 88.40240478515625,
        "synthetic": false
      },
      "geometry": {
        "type": "Point",
        "coordinates": [
          30.342793106684425,
          59.871981494954426
        ]
      }
    },
    {
      "type": "Feature",
      "properties": {
        "monotonic_time": 67719.18133151531,
        "horizontal_accuracy": 4.347937196473562,
        "speed": 2.967434848647203,
        "course": 88.40240478515625,
        "synthetic": false
      },
      "geometry": {
        "type": "Point",
        "coordinates": [
          30.342838990774982,
          59.8719821383373
        ]
      }
    },
    {
      "type": "Feature",
      "properties": {
        "monotonic_time": 67720.18133115768,
        "horizontal_accuracy": 4.260895896003698,
        "speed": 2.140672945416667,
        "course": 88.40240478515625,
        "synthetic": false
      },
      "geometry": {
        "type": "Point",
        "coordinates": [
          30.34286365170268,
          59.87198248413179
        ]
      }
    },
    {
      "type": "Feature",
      "properties": {
        "monotonic_time": 67721.18133151531,
        "horizontal_accuracy": 4.188994033857051,
        "speed": 1.6266017351288482,
        "course": 88.40240478515625,
        "synthetic": false
      },
      "geometry": {
        "type": "Point",
        "coordinates": [
          30.34288088941883,
          59.87198272583885
        ]
      }
    },
    {
      "type": "Feature",
      "properties": {
        "monotonic_time": 67722.18133199215,
        "horizontal_accuracy": 4.121645489764955,
        "speed": 1.0800747735786127,
        "course": 88.40240478515625,
        "synthetic": false
      },
      "geometry": {
        "type": "Point",
        "coordinates": [
          30.342889030240148,
          59.871982839988725
        ]
      }
    },
    {
      "type": "Feature",
      "properties": {
        "monotonic_time": 67723.18133103848,
        "horizontal_accuracy": 4.114112910814838,
        "speed": 0.7480737581088738,
        "course": 88.40240478515625,
        "synthetic": false
      },
      "geometry": {
        "type": "Point",
        "coordinates": [
          30.34289406427847,
          59.87198291057662
        ]
      }
    },
    {
      "type": "Feature",
      "properties": {
        "monotonic_time": 67724.1813312769,
        "horizontal_accuracy": 4.1797325586917875,
        "speed": 0.1936754031800524,
        "course": 88.40240478515625,
        "synthetic": false
      },
      "geometry": {
        "type": "Point",
        "coordinates": [
          30.34288377558529,
          59.871982766308875
        ]
      }
    },
    {
      "type": "Feature",
      "properties": {
        "monotonic_time": 67725.18133187294,
        "horizontal_accuracy": 4.188023960265251,
        "speed": 0.04448749130336911,
        "course": 88.40240478515625,
        "synthetic": false
      },
      "geometry": {
        "type": "Point",
        "coordinates": [
          30.342877891089554,
          59.87196900599526
        ]
      }
    },
    {
      "type": "Feature",
      "properties": {
        "monotonic_time": 67726.18133080006,
        "horizontal_accuracy": 4.087407703926349,
        "speed": 0.06732335385881126,
        "course": 88.40240478515625,
        "synthetic": false
      },
      "geometry": {
        "type": "Point",
        "coordinates": [
          30.342870894026824,
          59.87197173832688
        ]
      }
    },
    {
      "type": "Feature",
      "properties": {
        "monotonic_time": 67727.18133115768,
        "horizontal_accuracy": 3.9705894631180674,
        "speed": 0.038048903613299885,
        "course": 88.40240478515625,
        "synthetic": false
      },
      "geometry": {
        "type": "Point",
        "coordinates": [
          30.34286513057473,
          59.87197357559223
        ]
      }
    },
    {
      "type": "Feature",
      "properties": {
        "monotonic_time": 67728.18133080006,
        "horizontal_accuracy": 3.99704399990134,
        "speed": 0.09352949388333696,
        "course": 88.40240478515625,
        "synthetic": false
      },
      "geometry": {
        "type": "Point",
        "coordinates": [
          30.34285958053974,
          59.871974476778185
        ]
      }
    },
    {
      "type": "Feature",
      "properties": {
        "monotonic_time": 67729.18133115768,
        "horizontal_accuracy": 4.031582628710588,
        "speed": 0.07271455172664222,
        "course": 88.40240478515625,
        "synthetic": false
      },
      "geometry": {
        "type": "Point",
        "coordinates": [
          30.34285376372076,
          59.871976096861154
        ]
      }
    },
    {
      "type": "Feature",
      "properties": {
        "monotonic_time": 67730.18133115768,
        "horizontal_accuracy": 4.078002044333771,
        "speed": 0.1468638487469336,
        "course": 88.40240478515625,
        "synthetic": false
      },
      "geometry": {
        "type": "Point",
        "coordinates": [
          30.3428527818983,
          59.871976663728496
        ]
      }
    },
    {
      "type": "Feature",
      "properties": {
        "monotonic_time": 67731.18133151531,
        "horizontal_accuracy": 4.137880382154608,
        "speed": 0.3089145124227761,
        "course": 88.40240478515625,
        "synthetic": false
      },
      "geometry": {
        "type": "Point",
        "coordinates": [
          30.342854812189582,
          59.87197756752423
        ]
      }
    },
    {
      "type": "Feature",
      "properties": {
        "monotonic_time": 67732.18133163452,
        "horizontal_accuracy": 4.162602649668843,
        "speed": 0.838277563264081,
        "course": 88.40240478515625,
        "synthetic": false
      },
      "geometry": {
        "type": "Point",
        "coordinates": [
          30.342875960132414,
          59.87197866077573
        ]
      }
    },
    {
      "type": "Feature",
      "properties": {
        "monotonic_time": 67733.18133091927,
        "horizontal_accuracy": 4.137939653994316,
        "speed": 1.2709494224417577,
        "course": 88.40240478515625,
        "synthetic": false
      },
      "geometry": {
        "type": "Point",
        "coordinates": [
          30.342903607872202,
          59.871982699384624
        ]
      }
    },
    {
      "type": "Feature",
      "properties": {
        "monotonic_time": 67734.18133080006,
        "horizontal_accuracy": 4.031042670917125,
        "speed": 0.9654260300144674,
        "course": 88.40240478515625,
        "synthetic": false
      },
      "geometry": {
        "type": "Point",
        "coordinates": [
          30.34291821506106,
          59.87198354852939
        ]
      }
    },
    {
      "type": "Feature",
      "properties": {
        "monotonic_time": 67735.18133103848,
        "horizontal_accuracy": 3.9485163504092875,
        "speed": 0.29009037538069826,
        "course": 88.40240478515625,
        "synthetic": false
      },
      "geometry": {
        "type": "Point",
        "coordinates": [
          30.342912304354876,
          59.871983463136175
        ]
      }
    },
    {
      "type": "Feature",
      "properties": {
        "monotonic_time": 67736.18133056164,
        "horizontal_accuracy": 3.851090532888823,
        "speed": 0.6266154128656252,
        "course": 88.40240478515625,
        "synthetic": false
      },
      "geometry": {
        "type": "Point",
        "coordinates": [
          30.34292201736549,
          59.87198250448193
        ]
      }
    },
    {
      "type": "Feature",
      "properties": {
        "monotonic_time": 67737.18133103848,
        "horizontal_accuracy": 3.7763098169659606,
        "speed": 1.8352795786994192,
        "course": 88.40240478515625,
        "synthetic": false
      },
      "geometry": {
        "type": "Point",
        "coordinates": [
          30.34297019086973,
          59.87198523159322
        ]
      }
    },
    {
      "type": "Feature",
      "properties": {
        "monotonic_time": 67738.18133080006,
        "horizontal_accuracy": 3.6874943140292435,
        "speed": 3.964541749699239,
        "course": 88.40240478515625,
        "synthetic": false
      },
      "geometry": {
        "type": "Point",
        "coordinates": [
          30.343066049040193,
          59.87199131390907
        ]
      }
    },
    {
      "type": "Feature",
      "properties": {
        "monotonic_time": 67739.18133091927,
        "horizontal_accuracy": 3.603119596818531,
        "speed": 5.350042564959734,
        "course": 88.82585144042969,
        "synthetic": false
      },
      "geometry": {
        "type": "Point",
        "coordinates": [
          30.343180497097077,
          59.87199735479814
        ]
      }
    },
    {
      "type": "Feature",
      "properties": {
        "monotonic_time": 67740.18133032322,
        "horizontal_accuracy": 3.596731689541038,
        "speed": 5.928116612801631,
        "course": 88.82585144042969,
        "synthetic": false
      },
      "geometry": {
        "type": "Point",
        "coordinates": [
          30.343303650211737,
          59.872001449392506
        ]
      }
    },
    {
      "type": "Feature",
      "properties": {
        "monotonic_time": 67741.18133044243,
        "horizontal_accuracy": 3.6077853292260156,
        "speed": 6.373189952312501,
        "course": 88.47063446044922,
        "synthetic": false
      },
      "geometry": {
        "type": "Point",
        "coordinates": [
          30.34342657089681,
          59.87200756730013
        ]
      }
    },
    {
      "type": "Feature",
      "properties": {
        "monotonic_time": 67742.18133115768,
        "horizontal_accuracy": 3.4171872367815372,
        "speed": 7.52212182261365,
        "course": 88.47063446044922,
        "synthetic": false
      },
      "geometry": {
        "type": "Point",
        "coordinates": [
          30.343576428289698,
          59.872010451986185
        ]
      }
    },
    {
      "type": "Feature",
      "properties": {
        "monotonic_time": 67743.18133068085,
        "horizontal_accuracy": 3.314708378945753,
        "speed": 8.22015272890461,
        "course": 88.47063446044922,
        "synthetic": false
      },
      "geometry": {
        "type": "Point",
        "coordinates": [
          30.343732436977973,
          59.8720162185332
        ]
      }
    },
    {
      "type": "Feature",
      "properties": {
        "monotonic_time": 67744.18133032322,
        "horizontal_accuracy": 3.3373192626092467,
        "speed": 8.833666982083805,
        "course": 88.47063446044922,
        "synthetic": false
      },
      "geometry": {
        "type": "Point",
        "coordinates": [
          30.343897460614375,
          59.87202043652295
        ]
      }
    },
    {
      "type": "Feature",
      "properties": {
        "monotonic_time": 67745.18133080006,
        "horizontal_accuracy": 3.3943559615324945,
        "speed": 9.157851326744812,
        "course": 91.12187194824219,
        "synthetic": false
      },
      "geometry": {
        "type": "Point",
        "coordinates": [
          30.34406618647108,
          59.872020763969175
        ]
      }
    },
    {
      "type": "Feature",
      "properties": {
        "monotonic_time": 67746.18133044243,
        "horizontal_accuracy": 3.416841944932398,
        "speed": 9.814396899351365,
        "course": 87.02598571777344,
        "synthetic": false
      },
      "geometry": {
        "type": "Point",
        "coordinates": [
          30.344249159235495,
          59.872022048414884
        ]
      }
    },
    {
      "type": "Feature",
      "properties": {
        "monotonic_time": 67747.18133056164,
        "horizontal_accuracy": 3.4472198568329313,
        "speed": 10.537208444393004,
        "course": 84.22386169433594,
        "synthetic": false
      },
      "geometry": {
        "type": "Point",
        "coordinates": [
          30.344444204091452,
          59.872025720583515
        ]
      }
    },
    {
      "type": "Feature",
      "properties": {
        "monotonic_time": 67748.18133020401,
        "horizontal_accuracy": 3.554713245323319,
        "speed": 9.83194890910235,
        "course": 84.29544067382812,
        "synthetic": false
      },
      "geometry": {
        "type": "Point",
        "coordinates": [
          30.344607922782547,
          59.87203533492328
        ]
      }
    },
    {
      "type": "Feature",
      "properties": {
        "monotonic_time": 67749.18132984638,
        "horizontal_accuracy": 3.5899562874418938,
        "speed": 8.718295061297052,
        "course": 79.12303924560547,
        "synthetic": false
      },
      "geometry": {
        "type": "Point",
        "coordinates": [
          30.344747023709846,
          59.872048544080755
        ]
      }
    },
    {
      "type": "Feature",
      "properties": {
        "monotonic_time": 67750.18133068085,
        "horizontal_accuracy": 3.6266020465711417,
        "speed": 7.458641117168045,
        "course": 79.12303924560547,
        "synthetic": false
      },
      "geometry": {
        "type": "Point",
        "coordinates": [
          30.344858944722855,
          59.872062395590106
        ]
      }
    },
    {
      "type": "Feature",
      "properties": {
        "monotonic_time": 67751.18133044243,
        "horizontal_accuracy": 3.61484124076752,
        "speed": 5.502889738278857,
        "course": 79.12303924560547,
        "synthetic": false
      },
      "geometry": {
        "type": "Point",
        "coordinates": [
          30.34492756247063,
          59.87207291148873
        ]
      }
    },
    {
      "type": "Feature",
      "properties": {
        "monotonic_time": 67752.1813300848,
        "horizontal_accuracy": 3.608469684671672,
        "speed": 3.06387628021649,
        "course": 79.12303924560547,
        "synthetic": false
      },
      "geometry": {
        "type": "Point",
        "coordinates": [
          30.34494875447594,
          59.87207696223642
        ]
      }
    },
    {
      "type": "Feature",
      "properties": {
        "monotonic_time": 67753.18133056164,
        "horizontal_accuracy": 3.5745149129429294,
        "speed": 1.279612940854426,
        "course": 79.12303924560547,
        "synthetic": false
      },
      "geometry": {
        "type": "Point",
        "coordinates": [
          30.34494409790004,
          59.872080081952866
        ]
      }
    },
    {
      "type": "Feature",
      "properties": {
        "monotonic_time": 67754.18132960796,
        "horizontal_accuracy": 3.5232041579033986,
        "speed": 1.3767081406003336,
        "course": 79.12303924560547,
        "synthetic": false
      },
      "geometry": {
        "type": "Point",
        "coordinates": [
          30.344964232754585,
          59.87206624443937
        ]
      }
    },
    {
      "type": "Feature",
      "properties": {
        "monotonic_time": 67755.1813300848,
        "horizontal_accuracy": 3.4837449450283224,
        "speed": 1.593512376661743,
        "course": 79.12303924560547,
        "synthetic": false
      },
      "geometry": {
        "type": "Point",
        "coordinates": [
          30.344966463683612,
          59.87206645995459
        ]
      }
    },
    {
      "type": "Feature",
      "properties": {
        "monotonic_time": 67756.1813300848,
        "horizontal_accuracy": 3.4062509115973136,
        "speed": 2.065960889745096,
        "course": 79.12303924560547,
        "synthetic": false
      },
      "geometry": {
        "type": "Point",
        "coordinates": [
          30.344960925257862,
          59.872065924938035
        ]
      }
    },
    {
      "type": "Feature",
      "properties": {
        "monotonic_time": 67757.18132996559,
        "horizontal_accuracy": 3.3851782576867686,
        "speed": 3.072430630557977,
        "course": 346.5620616071379,
        "synthetic": false
      },
      "geometry": {
        "type": "Point",
        "coordinates": [
          30.34494253961968,
          59.87207586732524
        ]
      }
    },
    {
      "type": "Feature",
      "properties": {
        "monotonic_time": 67758.18132996559,
        "horizontal_accuracy": 3.3212818908624135,
        "speed": 2.682887783208977,
        "course": 346.8135070800781,
        "synthetic": false
      },
      "geometry": {
        "type": "Point",
        "coordinates": [
          30.344898806896087,
          59.872206029958114
        ]
      }
    },
    {
      "type": "Feature",
      "properties": {
        "monotonic_time": 67759.18133020401,
        "horizontal_accuracy": 3.322580354263457,
        "speed": 2.9125642398196123,
        "course": 352.72601318359375,
        "synthetic": false
      },
      "geometry": {
        "type": "Point",
        "coordinates": [
          30.344885981839404,
          59.87224226201209
        ]
      }
    },
    {
      "type": "Feature",
      "properties": {
        "monotonic_time": 67760.18132972717,
        "horizontal_accuracy": 3.2914867587266756,
        "speed": 2.7095305794660653,
        "course": 352.72601318359375,
        "synthetic": false
      },
      "geometry": {
        "type": "Point",
        "coordinates": [
          30.344874666922866,
          59.87227223170793
        ]
      }
    },
    {
      "type": "Feature",
      "properties": {
        "monotonic_time": 67761.18132972717,
        "horizontal_accuracy": 3.381372832222096,
        "speed": 2.298615916161825,
        "course": 352.72601318359375,
        "synthetic": false
      },
      "geometry": {
        "type": "Point",
        "coordinates": [
          30.344862183592433,
          59.87230030184573
        ]
      }
    },
    {
      "type": "Feature",
      "properties": {
        "monotonic_time": 67762.18132960796,
        "horizontal_accuracy": 3.3245967804747787,
        "speed": 2.173418686366638,
        "course": 352.72601318359375,
        "synthetic": false
      },
      "geometry": {
        "type": "Point",
        "coordinates": [
          30.344836788242752,
          59.872325830333274
        ]
      }
    },
    {
      "type": "Feature",
      "properties": {
        "monotonic_time": 67763.18132972717,
        "horizontal_accuracy": 3.353001899577295,
        "speed": 1.4172957245276196,
        "course": 352.72601318359375,
        "synthetic": false
      },
      "geometry": {
        "type": "Point",
        "coordinates": [
          30.34483036401595,
          59.87234085758375
        ]
      }
    },
    {
      "type": "Feature",
      "properties": {
        "monotonic_time": 67764.18132960796,
        "horizontal_accuracy": 3.3820511813624505,
        "speed": 1.4538160715641695,
        "course": 352.72601318359375,
        "synthetic": false
      },
      "geometry": {
        "type": "Point",
        "coordinates": [
          30.3448568149681,
          59.87236095879171
        ]
      }
    },
    {
      "type": "Feature",
      "properties": {
        "monotonic_time": 67765.18132972717,
        "horizontal_accuracy": 3.4301746121331482,
        "speed": 0.8975197337298175,
        "course": 352.72601318359375,
        "synthetic": false
      },
      "geometry": {
        "type": "Point",
        "coordinates": [
          30.344854798598902,
          59.872368900472736
        ]
      }
    },
    {
      "type": "Feature",
      "properties": {
        "monotonic_time": 67766.18133032322,
        "horizontal_accuracy": 3.5704085593974972,
        "speed": 1.4500650379246958,
        "course": 349.3121643066406,
        "synthetic": false
      },
      "geometry": {
        "type": "Point",
        "coordinates": [
          30.34483692376802,
          59.87238625129135
        ]
      }
    },
    {
      "type": "Feature",
      "properties": {
        "monotonic_time": 67767.18132972717,
        "horizontal_accuracy": 3.6030670011700683,
        "speed": 1.551656151426339,
        "course": 349.28955078125,
        "synthetic": false
      },
      "geometry": {
        "type": "Point",
        "coordinates": [
          30.344830361946737,
          59.87240372513081
        ]
      }
    },
    {
      "type": "Feature",
      "properties": {
        "monotonic_time": 67768.18132972717,
        "horizontal_accuracy": 3.7306297287288683,
        "speed": 1.582873353127369,
        "course": 349.28955078125,
        "synthetic": false
      },
      "geometry": {
        "type": "Point",
        "coordinates": [
          30.344824946986126,
          59.87241811856267
        ]
      }
    },
    {
      "type": "Feature",
      "properties": {
        "monotonic_time": 67769.18132996559,
        "horizontal_accuracy": 3.6870138981825864,
        "speed": 1.2733903279560919,
        "course": 349.28955078125,
        "synthetic": false
      },
      "geometry": {
        "type": "Point",
        "coordinates": [
          30.34482307012244,
          59.87242310742237
        ]
      }
    },
    {
      "type": "Feature",
      "properties": {
        "monotonic_time": 67770.18132960796,
        "horizontal_accuracy": 7.038834805966259,
        "speed": 2.083286605824745,
        "course": 349.28955078125,
        "synthetic": false
      },
      "geometry": {
        "type": "Point",
        "coordinates": [
          30.344816573728096,
          59.872440375227285
        ]
      }
    },
    {
      "type": "Feature",
      "properties": {
        "monotonic_time": 67771.18132936954,
        "horizontal_accuracy": 8.908039200331487,
        "speed": 1.5716278004374638,
        "course": 349.28955078125,
        "synthetic": false
      },
      "geometry": {
        "type": "Point",
        "coordinates": [
          30.344817948781483,
          59.87243672030497
        ]
      }
    },
    {
      "type": "Feature",
      "properties": {
        "monotonic_time": 67772.18132901192,
        "horizontal_accuracy": 9.446831754735074,
        "speed": 1.3576182982038745,
        "course": 279.114541468811,
        "synthetic": false
      },
      "geometry": {
        "type": "Point",
        "coordinates": [
          30.344800237673635,
          59.87243551463578
        ]
      }
    },
    {
      "type": "Feature",
      "properties": {
        "monotonic_time": 67773.18132972717,
        "horizontal_accuracy": 10.468335402808739,
        "speed": 1.258281844058088,
        "course": 291.9794167034583,
        "synthetic": false
      },
      "geometry": {
        "type": "Point",
        "coordinates": [
          30.344796376291914,
          59.87244055761197
        ]
      }
    },
    {
      "type": "Feature",
      "properties": {
        "monotonic_time": 67774.18132948875,
        "horizontal_accuracy": 11.732968921374983,
        "speed": 1.2360639453796363,
        "course": 293.2535036620368,
        "synthetic": false
      },
      "geometry": {
        "type": "Point",
        "coordinates": [
          30.344792784102957,
          59.87244364239543
        ]
      }
    },
    {
      "type": "Feature",
      "properties": {
        "monotonic_time": 67775.18132936954,
        "horizontal_accuracy": 13.243836806947748,
        "speed": 1.481244763040282,
        "course": 288.14815084439533,
        "synthetic": false
      },
      "geometry": {
        "type": "Point",
        "coordinates": [
          30.34478818232815,
          59.87244815217486
        ]
      }
    },
    {
      "type": "Feature",
      "properties": {
        "monotonic_time": 67776.18132913113,
        "horizontal_accuracy": 14.736000046929853,
        "speed": 1.5446762008508197,
        "course": 285.30663556279285,
        "synthetic": false
      },
      "geometry": {
        "type": "Point",
        "coordinates": [
          30.344784453979738,
          59.87245043587502
        ]
      }
    },
    {
      "type": "Feature",
      "properties": {
        "monotonic_time": 67777.18132948875,
        "horizontal_accuracy": 15.717958021634542,
        "speed": 1.306096020480428,
        "course": 285.4599698706096,
        "synthetic": false
      },
      "geometry": {
        "type": "Point",
        "coordinates": [
          30.344781620659592,
          59.872452948213315
        ]
      }
    },
    {
      "type": "Feature",
      "properties": {
        "monotonic_time": 67778.18132960796,
        "horizontal_accuracy": 3.187777142218415,
        "speed": 1.5084946367876007,
        "course": 269.6903076171875,
        "synthetic": false
      },
      "geometry": {
        "type": "Point",
        "coordinates": [
          30.34448636605618,
          59.872388400311905
        ]
      }
    },
    {
      "type": "Feature",
      "properties": {
        "monotonic_time": 67779.18132960796,
        "horizontal_accuracy": 3.1313787923427627,
        "speed": 1.2439848920523522,
        "course": 269.6903076171875,
        "synthetic": false
      },
      "geometry": {
        "type": "Point",
        "coordinates": [
          30.344462606082935,
          59.8723883357467
        ]
      }
    },
    {
      "type": "Feature",
      "properties": {
        "monotonic_time": 67780.1813287735,
        "horizontal_accuracy": 3.1454636644687137,
        "speed": 1.3709590371928804,
        "course": 269.6903076171875,
        "synthetic": false
      },
      "geometry": {
        "type": "Point",
        "coordinates": [
          30.344433970680196,
          59.8723882579327
        ]
      }
    },
    {
      "type": "Feature",
      "properties": {
        "monotonic_time": 67781.18132865429,
        "horizontal_accuracy": 3.094836943890676,
        "speed": 1.2151353864307488,
        "course": 269.6903076171875,
        "synthetic": false
      },
      "geometry": {
        "type": "Point",
        "coordinates": [
          30.34441271805476,
          59.87238820018128
        ]
      }
    },
    {
      "type": "Feature",
      "properties": {
        "monotonic_time": 67782.18132925034,
        "horizontal_accuracy": 3.040095096905325,
        "speed": 0.7149390884102494,
        "course": 269.6903076171875,
        "synthetic": false
      },
      "geometry": {
        "type": "Point",
        "coordinates": [
          30.344409141812527,
          59.8723881904624
        ]
      }
    },
    {
      "type": "Feature",
      "properties": {
        "monotonic_time": 67783.18132936954,
        "horizontal_accuracy": 4.871041302840139,
        "speed": 0.6220810939055481,
        "course": 269.6903076171875,
        "synthetic": false
      },
      "geometry": {
        "type": "Point",
        "coordinates": [
          30.344403854343604,
          59.87238817609479
        ]
      }
    },
    {
      "type": "Feature",
      "properties": {
        "monotonic_time": 67784.18132889271,
        "horizontal_accuracy": 4.989045530164281,
        "speed": 0.0933830184927039,
        "course": 269.6903076171875,
        "synthetic": false
      },
      "geometry": {
        "type": "Point",
        "coordinates": [
          30.34440905114339,
          59.872388190217045
        ]
      }
    },
    {
      "type": "Feature",
      "properties": {
        "monotonic_time": 67785.18132925034,
        "horizontal_accuracy": 5.054092068193701,
        "speed": 0.20163696529996122,
        "course": 269.6903076171875,
        "synthetic": false
      },
      "geometry": {
        "type": "Point",
        "coordinates": [
          30.344415171869517,
          59.87238820684883
        ]
      }
    },
    {
      "type": "Feature",
      "properties": {
        "monotonic_time": 67786.18132853508,
        "horizontal_accuracy": 5.580343068508377,
        "speed": 0.23496850401233013,
        "course": 269.6903076171875,
        "synthetic": false
      },
      "geometry": {
        "type": "Point",
        "coordinates": [
          30.34441853066493,
          59.87238821597621
        ]
      }
    },
    {
      "type": "Feature",
      "properties": {
        "monotonic_time": 67787.18132853508,
        "horizontal_accuracy": 5.579401362582757,
        "speed": 0.25632801090351454,
        "course": 269.6903076171875,
        "synthetic": false
      },
      "geometry": {
        "type": "Point",
        "coordinates": [
          30.34442343414252,
          59.872388229300974
        ]
      }
    },
    {
      "type": "Feature",
      "properties": {
        "monotonic_time": 67788.1813287735,
        "horizontal_accuracy": 5.560476919819175,
        "speed": 0.37106427253882335,
        "course": 269.6903076171875,
        "synthetic": false
      },
      "geometry": {
        "type": "Point",
        "coordinates": [
          30.344431249903288,
          59.87238825053996
        ]
      }
    },
    {
      "type": "Feature",
      "properties": {
        "monotonic_time": 67789.18132913113,
        "horizontal_accuracy": 3.0910034821614296,
        "speed": 0.7318488839425262,
        "course": 269.6903076171875,
        "synthetic": false
      },
      "geometry": {
        "type": "Point",
        "coordinates": [
          30.34444528360488,
          59.872388288674856
        ]
      }
    },
    {
      "type": "Feature",
      "properties": {
        "monotonic_time": 67790.18132889271,
        "horizontal_accuracy": 3.0888511659201403,
        "speed": 0.5066536220638613,
        "course": 269.6903076171875,
        "synthetic": false
      },
      "geometry": {
        "type": "Point",
        "coordinates": [
          30.344448968983684,
          59.87238829868894
        ]
      }
    },
    {
      "type": "Feature",
      "properties": {
        "monotonic_time": 67791.18132829666,
        "horizontal_accuracy": 3.152761396218771,
        "speed": 0.03906190549442863,
        "course": 269.6903076171875,
        "synthetic": false
      },
      "geometry": {
        "type": "Point",
        "coordinates": [
          30.344446537619994,
          59.872388292081794
        ]
      }
    },
    {
      "type": "Feature",
      "properties": {
        "monotonic_time": 67792.17884171009,
        "horizontal_accuracy": 3.0951233264078324,
        "speed": 0.19603334348533602,
        "course": 269.6903076171875,
        "synthetic": false
      },
      "geometry": {
        "type": "Point",
        "coordinates": [
          30.34444191694371,
          59.87238827952588
        ]
      }
    },
    {
      "type": "Feature",
      "properties": {
        "monotonic_time": 67793.17843163013,
        "horizontal_accuracy": 3.2274605734925945,
        "speed": 0.08974786734979666,
        "course": 269.6903076171875,
        "synthetic": false
      },
      "geometry": {
        "type": "Point",
        "coordinates": [
          30.344446135270914,
          59.872388290989086
        ]
      }
    },
    {
      "type": "Feature",
      "properties": {
        "monotonic_time": 67794.17843139172,
        "horizontal_accuracy": 3.296993675591951,
        "speed": 0.20301699324122666,
        "course": 269.6903076171875,
        "synthetic": false
      },
      "geometry": {
        "type": "Point",
        "coordinates": [
          30.34445097552432,
          59.872388304141374
        ]
      }
    },
    {
      "type": "Feature",
      "properties": {
        "monotonic_time": 67795.17851281166,
        "horizontal_accuracy": 3.2612781239263007,
        "speed": 0.053263659640365855,
        "course": 269.6903076171875,
        "synthetic": false
      },
      "geometry": {
        "type": "Point",
        "coordinates": [
          30.344448643891855,
          59.87238829780554
        ]
      }
    },
    {
      "type": "Feature",
      "properties": {
        "monotonic_time": 67796.17873930931,
        "horizontal_accuracy": 3.2746705690995306,
        "speed": 0.1927599086081136,
        "course": 269.6903076171875,
        "synthetic": false
      },
      "geometry": {
        "type": "Point",
        "coordinates": [
          30.344448890943536,
          59.87238829847665
        ]
      }
    },
    {
      "type": "Feature",
      "properties": {
        "monotonic_time": 67797.17873883247,
        "horizontal_accuracy": 3.244652970403242,
        "speed": 0.5606099136884216,
        "course": 269.6903076171875,
        "synthetic": false
      },
      "geometry": {
        "type": "Point",
        "coordinates": [
          30.344429028549538,
          59.8723882445029
        ]
      }
    },
    {
      "type": "Feature",
      "properties": {
        "monotonic_time": 67798.17894363403,
        "horizontal_accuracy": 3.20515213491597,
        "speed": 0.6751421864679169,
        "course": 269.6903076171875,
        "synthetic": false
      },
      "geometry": {
        "type": "Point",
        "coordinates": [
          30.344420671040254,
          59.87238822179249
        ]
      }
    },
    {
      "type": "Feature",
      "properties": {
        "monotonic_time": 67799.17895960808,
        "horizontal_accuracy": 3.144894527033232,
        "speed": 0.8576136028054016,
        "course": 269.6903076171875,
        "synthetic": false
      },
      "geometry": {
        "type": "Point",
        "coordinates": [
          30.344393409964127,
          59.872388147713714
        ]
      }
    },
    {
      "type": "Feature",
      "properties": {
        "monotonic_time": 67800.17895889282,
        "horizontal_accuracy": 3.139735986861462,
        "speed": 0.16401676899310572,
        "course": 269.6903076171875,
        "synthetic": false
      },
      "geometry": {
        "type": "Point",
        "coordinates": [
          30.344393029035103,
          59.87238814667839
        ]
      }
    },
    {
      "type": "Feature",
      "properties": {
        "monotonic_time": 67801.17858362198,
        "horizontal_accuracy": 3.14295416779742,
        "speed": 0,
        "course": 269.6903076171875,
        "synthetic": false
      },
      "geometry": {
        "type": "Point",
        "coordinates": [
          30.344390207101526,
          59.872388139009914
        ]
      }
    },
    {
      "type": "Feature",
      "properties": {
        "monotonic_time": 67802.17829942703,
        "horizontal_accuracy": 3.145001727403213,
        "speed": 0,
        "course": 269.6903076171875,
        "synthetic": false
      },
      "geometry": {
        "type": "Point",
        "coordinates": [
          30.344390207101526,
          59.872388139009914
        ]
      }
    },
    {
      "type": "Feature",
      "properties": {
        "monotonic_time": 67803.17829871178,
        "horizontal_accuracy": 3.089532319587891,
        "speed": 0,
        "course": 269.6903076171875,
        "synthetic": false
      },
      "geometry": {
        "type": "Point",
        "coordinates": [
          30.344390207101526,
          59.8723881390099
        ]
      }
    },
    {
      "type": "Feature",
      "properties": {
        "monotonic_time": 67804.17861557007,
        "horizontal_accuracy": 3.070635524888464,
        "speed": 0,
        "course": 269.6903076171875,
        "synthetic": false
      },
      "geometry": {
        "type": "Point",
        "coordinates": [
          30.344390207101526,
          59.87238813900986
        ]
      }
    },
    {
      "type": "Feature",
      "properties": {
        "monotonic_time": 67805.17866230011,
        "horizontal_accuracy": 3.0186468098825983,
        "speed": 0,
        "course": 269.6903076171875,
        "synthetic": false
      },
      "geometry": {
        "type": "Point",
        "coordinates": [
          30.344390207101526,
          59.87238813900986
        ]
      }
    },
    {
      "type": "Feature",
      "properties": {
        "monotonic_time": 67806.17866277695,
        "horizontal_accuracy": 2.971267307725588,
        "speed": 0.02085435235759898,
        "course": 269.6903076171875,
        "synthetic": false
      },
      "geometry": {
        "type": "Point",
        "coordinates": [
          30.3443874734,
          59.87238813158139
        ]
      }
    },
    {
      "type": "Feature",
      "properties": {
        "monotonic_time": 67807.17866265774,
        "horizontal_accuracy": 2.9283570530523195,
        "speed": 0,
        "course": 269.6903076171875,
        "synthetic": false
      },
      "geometry": {
        "type": "Point",
        "coordinates": [
          30.34438892713641,
          59.87238813553159
        ]
      }
    },
    {
      "type": "Feature",
      "properties": {
        "monotonic_time": 67808.17866241932,
        "horizontal_accuracy": 2.9013170163875666,
        "speed": 0,
        "course": 269.6903076171875,
        "synthetic": false
      },
      "geometry": {
        "type": "Point",
        "coordinates": [
          30.34438892713641,
          59.872388135531594
        ]
      }
    },
    {
      "type": "Feature",
      "properties": {
        "monotonic_time": 67809.17866241932,
        "horizontal_accuracy": 2.8657432459718493,
        "speed": 0,
        "course": 269.6903076171875,
        "synthetic": false
      },
      "geometry": {
        "type": "Point",
        "coordinates": [
          30.344388927136414,
          59.87238813553151
        ]
      }
    },
    {
      "type": "Feature",
      "properties": {
        "monotonic_time": 67810.17866289616,
        "horizontal_accuracy": 2.8340187191842707,
        "speed": 0,
        "course": 269.6903076171875,
        "synthetic": false
      },
      "geometry": {
        "type": "Point",
        "coordinates": [
          30.34438892713641,
          59.87238813553158
        ]
      }
    },
    {
      "type": "Feature",
      "properties": {
        "monotonic_time": 67811.17866206169,
        "horizontal_accuracy": 2.820127531191487,
        "speed": 0,
        "course": 269.6903076171875,
        "synthetic": false
      },
      "geometry": {
        "type": "Point",
        "coordinates": [
          30.344388927136414,
          59.87238813553151
        ]
      }
    },
    {
      "type": "Feature",
      "properties": {
        "monotonic_time": 67812.17866265774,
        "horizontal_accuracy": 2.8522345690831834,
        "speed": 0,
        "course": 269.6903076171875,
        "synthetic": false
      },
      "geometry": {
        "type": "Point",
        "coordinates": [
          30.34438892713641,
          59.872388135531544
        ]
      }
    },
    {
      "type": "Feature",
      "properties": {
        "monotonic_time": 67813.17866265774,
        "horizontal_accuracy": 2.812866054850765,
        "speed": 0,
        "course": 269.6903076171875,
        "synthetic": false
      },
      "geometry": {
        "type": "Point",
        "coordinates": [
          30.34438892713641,
          59.87238813553159
        ]
      }
    },
    {
      "type": "Feature",
      "properties": {
        "monotonic_time": 67814.17866170406,
        "horizontal_accuracy": 2.795877697485668,
        "speed": 0,
        "course": 269.6903076171875,
        "synthetic": false
      },
      "geometry": {
        "type": "Point",
        "coordinates": [
          30.34438892713641,
          59.872388135531594
        ]
      }
    },
    {
      "type": "Feature",
      "properties": {
        "monotonic_time": 67815.17866253853,
        "horizontal_accuracy": 2.7560838126113842,
        "speed": 0,
        "course": 269.6903076171875,
        "synthetic": false
      },
      "geometry": {
        "type": "Point",
        "coordinates": [
          30.344388927136414,
          59.87238813553151
        ]
      }
    },
    {
      "type": "Feature",
      "properties": {
        "monotonic_time": 67816.17866253853,
        "horizontal_accuracy": 2.8048721710681845,
        "speed": 0,
        "course": 269.6903076171875,
        "synthetic": false
      },
      "geometry": {
        "type": "Point",
        "coordinates": [
          30.344388927136414,
          59.87238813553151
        ]
      }
    },
    {
      "type": "Feature",
      "properties": {
        "monotonic_time": 67817.17866241932,
        "horizontal_accuracy": 2.7927772428898003,
        "speed": 0,
        "course": 269.6903076171875,
        "synthetic": false
      },
      "geometry": {
        "type": "Point",
        "coordinates": [
          30.344388927136414,
          59.87238813553151
        ]
      }
    },
    {
      "type": "Feature",
      "properties": {
        "monotonic_time": 67818.17866194248,
        "horizontal_accuracy": 2.7531383807453103,
        "speed": 0.07054576893434539,
        "course": 269.6903076171875,
        "synthetic": false
      },
      "geometry": {
        "type": "Point",
        "coordinates": [
          30.344378587811775,
          59.87238810743537
        ]
      }
    },
    {
      "type": "Feature",
      "properties": {
        "monotonic_time": 67819.17866146564,
        "horizontal_accuracy": 2.7154814617080447,
        "speed": 0.3961773898168017,
        "course": 269.6903076171875,
        "synthetic": false
      },
      "geometry": {
        "type": "Point",
        "coordinates": [
          30.34437060388035,
          59.87238808573946
        ]
      }
    },
    {
      "type": "Feature",
      "properties": {
        "monotonic_time": 67820.17866206169,
        "horizontal_accuracy": 2.683652392482894,
        "speed": 0,
        "course": 269.6903076171875,
        "synthetic": false
      },
      "geometry": {
        "type": "Point",
        "coordinates": [
          30.34437210642512,
          59.8723880898228
        ]
      }
    },
    {
      "type": "Feature",
      "properties": {
        "monotonic_time": 67821.17866170406,
        "horizontal_accuracy": 2.6769118197295776,
        "speed": 0,
        "course": 269.6903076171875,
        "synthetic": false
      },
      "geometry": {
        "type": "Point",
        "coordinates": [
          30.34437210642512,
          59.872388089822834
        ]
      }
    },
    {
      "type": "Feature",
      "properties": {
        "monotonic_time": 67822.17866241932,
        "horizontal_accuracy": 2.643066228743099,
        "speed": 0,
        "course": 269.6903076171875,
        "synthetic": false
      },
      "geometry": {
        "type": "Point",
        "coordinates": [
          30.34437210642512,
          59.872388089822834
        ]
      }
    },
    {
      "type": "Feature",
      "properties": {
        "monotonic_time": 67823.17866182327,
        "horizontal_accuracy": 2.610938324972485,
        "speed": 0,
        "course": 269.6903076171875,
        "synthetic": false
      },
      "geometry": {
        "type": "Point",
        "coordinates": [
          30.34437210642512,
          59.872388089822834
        ]
      }
    },
    {
      "type": "Feature",
      "properties": {
        "monotonic_time": 67824.17866158485,
        "horizontal_accuracy": 2.5803914087238606,
        "speed": 0,
        "course": 269.6903076171875,
        "synthetic": false
      },
      "geometry": {
        "type": "Point",
        "coordinates": [
          30.34437210642512,
          59.872388089822834
        ]
      }
    },
    {
      "type": "Feature",
      "properties": {
        "monotonic_time": 67825.17866170406,
        "horizontal_accuracy": 2.5847945256624874,
        "speed": 0,
        "course": 269.6903076171875,
        "synthetic": false
      },
      "geometry": {
        "type": "Point",
        "coordinates": [
          30.34437210642512,
          59.872388089822834
        ]
      }
    },
    {
      "type": "Feature",
      "properties": {
        "monotonic_time": 67826.17866206169,
        "horizontal_accuracy": 2.568724930428721,
        "speed": 0,
        "course": 269.6903076171875,
        "synthetic": false
      },
      "geometry": {
        "type": "Point",
        "coordinates": [
          30.34437210642512,
          59.872388089822856
        ]
      }
    },
    {
      "type": "Feature",
      "properties": {
        "monotonic_time": 67827.17866134644,
        "horizontal_accuracy": 2.540288683907285,
        "speed": 0.03873372798627378,
        "course": 269.6903076171875,
        "synthetic": false
      },
      "geometry": {
        "type": "Point",
        "coordinates": [
          30.344356882959307,
          59.87238804845479
        ]
      }
    },
    {
      "type": "Feature",
      "properties": {
        "monotonic_time": 67828.17866170406,
        "horizontal_accuracy": 2.5217331482986283,
        "speed": 0.3173634412184757,
        "course": 269.6903076171875,
        "synthetic": false
      },
      "geometry": {
        "type": "Point",
        "coordinates": [
          30.344349100241224,
          59.87238802730619
        ]
      }
    },
    {
      "type": "Feature",
      "properties": {
        "monotonic_time": 67829.17866146564,
        "horizontal_accuracy": 2.4956464902496434,
        "speed": 0.7777574496159466,
        "course": 269.6903076171875,
        "synthetic": false
      },
      "geometry": {
        "type": "Point",
        "coordinates": [
          30.344327569025396,
          59.87238796879749
        ]
      }
    },
    {
      "type": "Feature",
      "properties": {
        "monotonic_time": 67830.17866194248,
        "horizontal_accuracy": 2.470864166339512,
        "speed": 0.15392656486764794,
        "course": 269.6903076171875,
        "synthetic": false
      },
      "geometry": {
        "type": "Point",
        "coordinates": [
          30.344339841836582,
          59.87238800214777
        ]
      }
    },
    {
      "type": "Feature",
      "properties": {
        "monotonic_time": 67831.17866182327,
        "horizontal_accuracy": 2.4598732720266026,
        "speed": 0.35650934666388506,
        "course": 269.6903076171875,
        "synthetic": false
      },
      "geometry": {
        "type": "Point",
        "coordinates": [
          30.344333118893356,
          59.872387983878106
        ]
      }
    },
    {
      "type": "Feature",
      "properties": {
        "monotonic_time": 67832.17866146564,
        "horizontal_accuracy": 2.451560678034679,
        "speed": 0.5659513483715566,
        "course": 269.6903076171875,
        "synthetic": false
      },
      "geometry": {
        "type": "Point",
        "coordinates": [
          30.344322634566836,
          59.87238795538819
        ]
      }
    },
    {
      "type": "Feature",
      "properties": {
        "monotonic_time": 67833.17866170406,
        "horizontal_accuracy": 2.4986710767438645,
        "speed": 0.3324235516106953,
        "course": 269.6903076171875,
        "synthetic": false
      },
      "geometry": {
        "type": "Point",
        "coordinates": [
          30.344318230065777,
          59.87238794341942
        ]
      }
    },
    {
      "type": "Feature",
      "properties": {
        "monotonic_time": 67834.17866146564,
        "horizontal_accuracy": 2.546190092256163,
        "speed": 0.2521797555389481,
        "course": 269.6903076171875,
        "synthetic": false
      },
      "geometry": {
        "type": "Point",
        "coordinates": [
          30.344318623856736,
          59.872387944490576
        ]
      }
    },
    {
      "type": "Feature",
      "properties": {
        "monotonic_time": 67835.17866098881,
        "horizontal_accuracy": 2.61824383234992,
        "speed": 0.06620784271803279,
        "course": 269.6903076171875,
        "synthetic": false
      },
      "geometry": {
        "type": "Point",
        "coordinates": [
          30.34432050054612,
          59.87238794959045
        ]
      }
    },
    {
      "type": "Feature",
      "properties": {
        "monotonic_time": 67836.17866158485,
        "horizontal_accuracy": 2.698476794488928,
        "speed": 0.08511453663888881,
        "course": 269.6903076171875,
        "synthetic": false
      },
      "geometry": {
        "type": "Point",
        "coordinates": [
          30.344319768943972,
          59.872387947602085
        ]
      }
    },
    {
      "type": "Feature",
      "properties": {
        "monotonic_time": 67837.17866134644,
        "horizontal_accuracy": 2.7026713515061713,
        "speed": 0.12669036791486873,
        "course": 269.6903076171875,
        "synthetic": false
      },
      "geometry": {
        "type": "Point",
        "coordinates": [
          30.344313321772773,
          59.872387930083185
        ]
      }
    },
    {
      "type": "Feature",
      "properties": {
        "monotonic_time": 67838.17866110802,
        "horizontal_accuracy": 2.640336820981778,
        "speed": 0,
        "course": 270,
        "synthetic": false
      },
      "geometry": {
        "type": "Point",
        "coordinates": [
          30.34430366668475,
          59.87238790792046
        ]
      }
    },
    {
      "type": "Feature",
      "properties": {
        "monotonic_time": 67839.17866146564,
        "horizontal_accuracy": 2.5451613231259875,
        "speed": 0,
        "course": 270,
        "synthetic": false
      },
      "geometry": {
        "type": "Point",
        "coordinates": [
          30.34430366668475,
          59.87238790792046
        ]
      }
    },
    {
      "type": "Feature",
      "properties": {
        "monotonic_time": 67840.17866134644,
        "horizontal_accuracy": 2.5586621354438552,
        "speed": 0.030352996939432855,
        "course": 270,
        "synthetic": false
      },
      "geometry": {
        "type": "Point",
        "coordinates": [
          30.34429711231745,
          59.87238790792032
        ]
      }
    },
    {
      "type": "Feature",
      "properties": {
        "monotonic_time": 67841.17866146564,
        "horizontal_accuracy": 2.559849669136966,
        "speed": 0,
        "course": 270,
        "synthetic": false
      },
      "geometry": {
        "type": "Point",
        "coordinates": [
          30.34429297801309,
          59.872387907920306
        ]
      }
    },
    {
      "type": "Feature",
      "properties": {
        "monotonic_time": 67842.17866134644,
        "horizontal_accuracy": 2.4927222637204483,
        "speed": 0.03918324465334905,
        "course": 270,
        "synthetic": false
      },
      "geometry": {
        "type": "Point",
        "coordinates": [
          30.344292881223915,
          59.87238790792012
        ]
      }
    },
    {
      "type": "Feature",
      "properties": {
        "monotonic_time": 67843.17866122723,
        "horizontal_accuracy": 2.5536594321654804,
        "speed": 0.10405477773620712,
        "course": 270,
        "synthetic": false
      },
      "geometry": {
        "type": "Point",
        "coordinates": [
          30.34429447255599,
          59.872387907920334
        ]
      }
    },
    {
      "type": "Feature",
      "properties": {
        "monotonic_time": 67844.17866134644,
        "horizontal_accuracy": 2.607805510222579,
        "speed": 0.20825522828044263,
        "course": 270,
        "synthetic": false
      },
      "geometry": {
        "type": "Point",
        "coordinates": [
          30.344300387333053,
          59.872387907919645
        ]
      }
    },
    {
      "type": "Feature",
      "properties": {
        "monotonic_time": 67845.1786608696,
        "horizontal_accuracy": 2.6244292037051036,
        "speed": 0.3358535746531286,
        "course": 269.6903076171875,
        "synthetic": false
      },
      "geometry": {
        "type": "Point",
        "coordinates": [
          30.344312060233772,
          59.872387926654234
        ]
      }
    },
    {
      "type": "Feature",
      "properties": {
        "monotonic_time": 67846.17866063118,
        "horizontal_accuracy": 2.6341269034601216,
        "speed": 0.29413829595216434,
        "course": 269.6903076171875,
        "synthetic": false
      },
      "geometry": {
        "type": "Point",
        "coordinates": [
          30.344317871270377,
          59.872387942445016
        ]
      }
    },
    {
      "type": "Feature",
      "properties": {
        "monotonic_time": 67847.17866051197,
        "horizontal_accuracy": 2.692074615471233,
        "speed": 0.28693955429915735,
        "course": 269.6903076171875,
        "synthetic": false
      },
      "geometry": {
        "type": "Point",
        "coordinates": [
          30.34432451217739,
          59.87238796049149
        ]
      }
    },
    {
      "type": "Feature",
      "properties": {
        "monotonic_time": 67848.17866075039,
        "horizontal_accuracy": 2.8082088579281144,
        "speed": 0.20136387187502075,
        "course": 269.6903076171875,
        "synthetic": false
      },
      "geometry": {
        "type": "Point",
        "coordinates": [
          30.344327076695883,
          59.872387967460554
        ]
      }
    },
    {
      "type": "Feature",
      "properties": {
        "monotonic_time": 67849.17866110802,
        "horizontal_accuracy": 2.865327782661924,
        "speed": 0.36086767323915636,
        "course": 269.6903076171875,
        "synthetic": false
      },
      "geometry": {
        "type": "Point",
        "coordinates": [
          30.344333224876483,
          59.87238798416702
        ]
      }
    },
    {
      "type": "Feature",
      "properties": {
        "monotonic_time": 67850.17866051197,
        "horizontal_accuracy": 2.9086404180150076,
        "speed": 0.12467512551939823,
        "course": 269.6903076171875,
        "synthetic": false
      },
      "geometry": {
        "type": "Point",
        "coordinates": [
          30.344332850589428,
          59.87238798315
        ]
      }
    },
    {
      "type": "Feature",
      "properties": {
        "monotonic_time": 67851.17866098881,
        "horizontal_accuracy": 2.9417027295340925,
        "speed": 0.18335484475197258,
        "course": 269.6903076171875,
        "synthetic": false
      },
      "geometry": {
        "type": "Point",
        "coordinates": [
          30.344335053513046,
          59.872387989136804
        ]
      }
    },
    {
      "type": "Feature",
      "properties": {
        "monotonic_time": 67852.17866039276,
        "horizontal_accuracy": 2.9496779224950935,
        "speed": 0.07259690735711817,
        "course": 269.6903076171875,
        "synthetic": false
      },
      "geometry": {
        "type": "Point",
        "coordinates": [
          30.344331079835815,
          59.87238797833835
        ]
      }
    },
    {
      "type": "Feature",
      "properties": {
        "monotonic_time": 67853.1786608696,
        "horizontal_accuracy": 2.951316729762239,
        "speed": 0.3661769925949687,
        "course": 269.6903076171875,
        "synthetic": false
      },
      "geometry": {
        "type": "Point",
        "coordinates": [
          30.344340683441665,
          59.8723880044358
        ]
      }
    },
    {
      "type": "Feature",
      "properties": {
        "monotonic_time": 67854.17866075039,
        "horizontal_accuracy": 2.9446987305977586,
        "speed": 0.12423881910608338,
        "course": 269.6903076171875,
        "synthetic": false
      },
      "geometry": {
        "type": "Point",
        "coordinates": [
          30.344339961334384,
          59.87240281231809
        ]
      }
    },
    {
      "type": "Feature",
      "properties": {
        "monotonic_time": 67855.1786608696,
        "horizontal_accuracy": 2.8791801315664505,
        "speed": 0.18929323033036444,
        "course": 269.6903076171875,
        "synthetic": false
      },
      "geometry": {
        "type": "Point",
        "coordinates": [
          30.34434128194639,
          59.872402507131056
        ]
      }
    },
    {
      "type": "Feature",
      "properties": {
        "monotonic_time": 67856.17866075039,
        "horizontal_accuracy": 2.791880988159782,
        "speed": 0.1416176015861027,
        "course": 269.6903076171875,
        "synthetic": false
      },
      "geometry": {
        "type": "Point",
        "coordinates": [
          30.344346963132615,
          59.87240137433986
        ]
      }
    },
    {
      "type": "Feature",
      "properties": {
        "monotonic_time": 67857.17866027355,
        "horizontal_accuracy": 2.773138647155068,
        "speed": 0.14780581263951903,
        "course": 269.6903076171875,
        "synthetic": false
      },
      "geometry": {
        "type": "Point",
        "coordinates": [
          30.34435248990544,
          59.872402140959764
        ]
      }
    },
    {
      "type": "Feature",
      "properties": {
        "monotonic_time": 67858.17866075039,
        "horizontal_accuracy": 2.749253719303739,
        "speed": 0.08668998499654336,
        "course": 269.6903076171875,
        "synthetic": false
      },
      "geometry": {
        "type": "Point",
        "coordinates": [
          30.344363483675284,
          59.872401431401805
        ]
      }
    },
    {
      "type": "Feature",
      "properties": {
        "monotonic_time": 67859.17866003513,
        "horizontal_accuracy": 2.750412072248995,
        "speed": 0.08658749680793766,
        "course": 269.6903076171875,
        "synthetic": false
      },
      "geometry": {
        "type": "Point",
        "coordinates": [
          30.34437257760878,
          59.87240116527565
        ]
      }
    },
    {
      "type": "Feature",
      "properties": {
        "monotonic_time": 67860.17865979671,
        "horizontal_accuracy": 2.829542782733652,
        "speed": 0.068995852785728,
        "course": 269.6903076171875,
        "synthetic": false
      },
      "geometry": {
        "type": "Point",
        "coordinates": [
          30.344378925633702,
          59.87240015569929
        ]
      }
    },
    {
      "type": "Feature",
      "properties": {
        "monotonic_time": 67861.17866003513,
        "horizontal_accuracy": 2.836766104507056,
        "speed": 0.6541762796917883,
        "course": 269.6903076171875,
        "synthetic": false
      },
      "geometry": {
        "type": "Point",
        "coordinates": [
          30.344387456628127,
          59.87240462768268
        ]
      }
    },
    {
      "type": "Feature",
      "properties": {
        "monotonic_time": 67862.17865979671,
        "horizontal_accuracy": 2.849683893302983,
        "speed": 0.314896047086702,
        "course": 269.6903076171875,
        "synthetic": false
      },
      "geometry": {
        "type": "Point",
        "coordinates": [
          30.344391595055527,
          59.87240222741569
        ]
      }
    },
    {
      "type": "Feature",
      "properties": {
        "monotonic_time": 67863.17866027355,
        "horizontal_accuracy": 2.873749396303455,
        "speed": 0.10795954441243534,
        "course": 269.6903076171875,
        "synthetic": false
      },
      "geometry": {
        "type": "Point",
        "coordinates": [
          30.344392267451962,
          59.872404155499055
        ]
      }
    },
    {
      "type": "Feature",
      "properties": {
        "monotonic_time": 67864.17866015434,
        "horizontal_accuracy": 2.913826667901315,
        "speed": 0.1383670621254672,
        "course": 269.6903076171875,
        "synthetic": false
      },
      "geometry": {
        "type": "Point",
        "coordinates": [
          30.344397408925857,
          59.87238815858076
        ]
      }
    },
    {
      "type": "Feature",
      "properties": {
        "monotonic_time": 67865.17866063118,
        "horizontal_accuracy": 2.926513740018767,
        "speed": 0,
        "course": 269.6903076171875,
        "synthetic": false
      },
      "geometry": {
        "type": "Point",
        "coordinates": [
          30.34440306336141,
          59.872403464719625
        ]
      }
    },
    {
      "type": "Feature",
      "properties": {
        "monotonic_time": 67866.17866051197,
        "horizontal_accuracy": 2.8716050628826584,
        "speed": 0,
        "course": 269.6903076171875,
        "synthetic": false
      },
      "geometry": {
        "type": "Point",
        "coordinates": [
          30.34440306336141,
          59.872403464719625
        ]
      }
    },
    {
      "type": "Feature",
      "properties": {
        "monotonic_time": 67867.17865991592,
        "horizontal_accuracy": 2.970778207416302,
        "speed": 0.06408392023474202,
        "course": 269.6903076171875,
        "synthetic": false
      },
      "geometry": {
        "type": "Point",
        "coordinates": [
          30.34441170083158,
          59.87240082406948
        ]
      }
    },
    {
      "type": "Feature",
      "properties": {
        "monotonic_time": 67868.17866015434,
        "horizontal_accuracy": 3.0319767429883204,
        "speed": 0.15341783497480194,
        "course": 269.6903076171875,
        "synthetic": false
      },
      "geometry": {
        "type": "Point",
        "coordinates": [
          30.344406814655876,
          59.87239849364545
        ]
      }
    },
    {
      "type": "Feature",
      "properties": {
        "monotonic_time": 67869.17865991592,
        "horizontal_accuracy": 3.0725336195801227,
        "speed": 0,
        "course": 269.6903076171875,
        "synthetic": false
      },
      "geometry": {
        "type": "Point",
        "coordinates": [
          30.344402349156216,
          59.872395925544524
        ]
      }
    },
    {
      "type": "Feature",
      "properties": {
        "monotonic_time": 67870.17866051197,
        "horizontal_accuracy": 3.105242213032177,
        "speed": 0,
        "course": 269.6903076171875,
        "synthetic": false
      },
      "geometry": {
        "type": "Point",
        "coordinates": [
          30.344402349156216,
          59.872395925544524
        ]
      }
    },
    {
      "type": "Feature",
      "properties": {
        "monotonic_time": 67871.17866003513,
        "horizontal_accuracy": 3.181822447373709,
        "speed": 0,
        "course": 269.6903076171875,
        "synthetic": false
      },
      "geometry": {
        "type": "Point",
        "coordinates": [
          30.344402349156216,
          59.872395925544524
        ]
      }
    },
    {
      "type": "Feature",
      "properties": {
        "monotonic_time": 67872.1786595583,
        "horizontal_accuracy": 3.1727675364009644,
        "speed": 0,
        "course": 269.6903076171875,
        "synthetic": false
      },
      "geometry": {
        "type": "Point",
        "coordinates": [
          30.344402349156216,
          59.872395925544524
        ]
      }
    },
    {
      "type": "Feature",
      "properties": {
        "monotonic_time": 67873.1786595583,
        "horizontal_accuracy": 3.2449616213483026,
        "speed": 0,
        "course": 269.6903076171875,
        "synthetic": false
      },
      "geometry": {
        "type": "Point",
        "coordinates": [
          30.344402349156216,
          59.872395925544524
        ]
      }
    },
    {
      "type": "Feature",
      "properties": {
        "monotonic_time": 67874.1786596775,
        "horizontal_accuracy": 3.2298888659542073,
        "speed": 0,
        "course": 269.6903076171875,
        "synthetic": false
      },
      "geometry": {
        "type": "Point",
        "coordinates": [
          30.344402349156216,
          59.872395925544524
        ]
      }
    },
    {
      "type": "Feature",
      "properties": {
        "monotonic_time": 67875.17865920067,
        "horizontal_accuracy": 3.198020535061631,
        "speed": 0.0025936825328507166,
        "course": 269.6903076171875,
        "synthetic": false
      },
      "geometry": {
        "type": "Point",
        "coordinates": [
          30.34439522322773,
          59.87239833198595
        ]
      }
    },
    {
      "type": "Feature",
      "properties": {
        "monotonic_time": 67876.1786595583,
        "horizontal_accuracy": 3.1741026496886295,
        "speed": 0.12784496857918914,
        "course": 269.6903076171875,
        "synthetic": false
      },
      "geometry": {
        "type": "Point",
        "coordinates": [
          30.344399782531987,
          59.872400271371916
        ]
      }
    },
    {
      "type": "Feature",
      "properties": {
        "monotonic_time": 67877.1786595583,
        "horizontal_accuracy": 3.149343864665418,
        "speed": 0.15372261010263005,
        "course": 269.6903076171875,
        "synthetic": false
      },
      "geometry": {
        "type": "Point",
        "coordinates": [
          30.34440249965718,
          59.87240288527833
        ]
      }
    },
    {
      "type": "Feature",
      "properties": {
        "monotonic_time": 67878.1786595583,
        "horizontal_accuracy": 3.256293553794132,
        "speed": 0.1835794264851104,
        "course": 269.6903076171875,
        "synthetic": false
      },
      "geometry": {
        "type": "Point",
        "coordinates": [
          30.344405754787644,
          59.87240387564318
        ]
      }
    },
    {
      "type": "Feature",
      "properties": {
        "monotonic_time": 67879.17865931988,
        "horizontal_accuracy": 3.1995476293147513,
        "speed": 0.06995991756899332,
        "course": 269.6903076171875,
        "synthetic": false
      },
      "geometry": {
        "type": "Point",
        "coordinates": [
          30.344409121557167,
          59.87240265730936
        ]
      }
    },
    {
      "type": "Feature",
      "properties": {
        "monotonic_time": 67880.1786596775,
        "horizontal_accuracy": 3.2104787083990813,
        "speed": 0,
        "course": 269.6903076171875,
        "synthetic": false
      },
      "geometry": {
        "type": "Point",
        "coordinates": [
          30.344414236798613,
          59.87240195388484
        ]
      }
    },
    {
      "type": "Feature",
      "properties": {
        "monotonic_time": 67881.17865920067,
        "horizontal_accuracy": 3.2084695027998573,
        "speed": 0,
        "course": 269.6903076171875,
        "synthetic": false
      },
      "geometry": {
        "type": "Point",
        "coordinates": [
          30.344414236798613,
          59.87240195388484
        ]
      }
    },
    {
      "type": "Feature",
      "properties": {
        "monotonic_time": 67882.1786595583,
        "horizontal_accuracy": 3.2102244274835026,
        "speed": 0.04207683675234304,
        "course": 269.6903076171875,
        "synthetic": false
      },
      "geometry": {
        "type": "Point",
        "coordinates": [
          30.34441683986667,
          59.87239925466353
        ]
      }
    },
    {
      "type": "Feature",
      "properties": {
        "monotonic_time": 67883.17865943909,
        "horizontal_accuracy": 3.2184824229063436,
        "speed": 0.1318474327076156,
        "course": 269.6903076171875,
        "synthetic": false
      },
      "geometry": {
        "type": "Point",
        "coordinates": [
          30.344418406241413,
          59.872398585072965
        ]
      }
    },
    {
      "type": "Feature",
      "properties": {
        "monotonic_time": 67884.17865920067,
        "horizontal_accuracy": 3.267927158981332,
        "speed": 0.16419781061919192,
        "course": 269.6903076171875,
        "synthetic": false
      },
      "geometry": {
        "type": "Point",
        "coordinates": [
          30.34442122342236,
          59.87239620040267
        ]
      }
    },
    {
      "type": "Feature",
      "properties": {
        "monotonic_time": 67885.17865884304,
        "horizontal_accuracy": 3.2556167684173083,
        "speed": 0.09331971339711417,
        "course": 269.6903076171875,
        "synthetic": false
      },
      "geometry": {
        "type": "Point",
        "coordinates": [
          30.344424390853156,
          59.87239742709209
        ]
      }
    },
    {
      "type": "Feature",
      "properties": {
        "monotonic_time": 67886.17865884304,
        "horizontal_accuracy": 3.2162114128167056,
        "speed": 0.05194762078149087,
        "course": 269.6903076171875,
        "synthetic": false
      },
      "geometry": {
        "type": "Point",
        "coordinates": [
          30.34442913767299,
          59.87239821060195
        ]
      }
    },
    {
      "type": "Feature",
      "properties": {
        "monotonic_time": 67887.17865908146,
        "horizontal_accuracy": 3.231261037902945,
        "speed": 0.2649483949895235,
        "course": 269.6903076171875,
        "synthetic": false
      },
      "geometry": {
        "type": "Point",
        "coordinates": [
          30.344437191069744,
          59.872398853127734
        ]
      }
    },
    {
      "type": "Feature",
      "properties": {
        "monotonic_time": 67888.17865908146,
        "horizontal_accuracy": 3.2094529788605186,
        "speed": 0.10009983555969162,
        "course": 269.6903076171875,
        "synthetic": false
      },
      "geometry": {
        "type": "Point",
        "coordinates": [
          30.34443792879075,
          59.87239858660721
        ]
      }
    },
    {
      "type": "Feature",
      "properties": {
        "monotonic_time": 67889.1786595583,
        "horizontal_accuracy": 3.2038093875304448,
        "speed": 0,
        "course": 269.6903076171875,
        "synthetic": false
      },
      "geometry": {
        "type": "Point",
        "coordinates": [
          30.344437217430787,
          59.872398562743804
        ]
      }
    },
    {
      "type": "Feature",
      "properties": {
        "monotonic_time": 67890.1786595583,
        "horizontal_accuracy": 3.19473375256358,
        "speed": 0,
        "course": 269.6903076171875,
        "synthetic": false
      },
      "geometry": {
        "type": "Point",
        "coordinates": [
          30.344437217430787,
          59.872398562743804
        ]
      }
    },
    {
      "type": "Feature",
      "properties": {
        "monotonic_time": 67891.17865931988,
        "horizontal_accuracy": 3.1349970649354013,
        "speed": 0,
        "course": 269.6903076171875,
        "synthetic": false
      },
      "geometry": {
        "type": "Point",
        "coordinates": [
          30.344437217430787,
          59.872398562743804
        ]
      }
    },
    {
      "type": "Feature",
      "properties": {
        "monotonic_time": 67892.17865860462,
        "horizontal_accuracy": 3.1176383517861246,
        "speed": 0,
        "course": 269.6903076171875,
        "synthetic": false
      },
      "geometry": {
        "type": "Point",
        "coordinates": [
          30.344437217430787,
          59.872398562743804
        ]
      }
    },
    {
      "type": "Feature",
      "properties": {
        "monotonic_time": 67893.17865884304,
        "horizontal_accuracy": 3.1186997985912637,
        "speed": 0,
        "course": 269.6903076171875,
        "synthetic": false
      },
      "geometry": {
        "type": "Point",
        "coordinates": [
          30.344437217430787,
          59.872398562743804
        ]
      }
    },
    {
      "type": "Feature",
      "properties": {
        "monotonic_time": 67894.17865872383,
        "horizontal_accuracy": 3.1084813196791723,
        "speed": 0,
        "course": 269.6903076171875,
        "synthetic": false
      },
      "geometry": {
        "type": "Point",
        "coordinates": [
          30.344437217430787,
          59.872398562743804
        ]
      }
    },
    {
      "type": "Feature",
      "properties": {
        "monotonic_time": 67895.17865896225,
        "horizontal_accuracy": 3.062792608696515,
        "speed": 0,
        "course": 269.6903076171875,
        "synthetic": false
      },
      "geometry": {
        "type": "Point",
        "coordinates": [
          30.344437217430787,
          59.872398562743804
        ]
      }
    },
    {
      "type": "Feature",
      "properties": {
        "monotonic_time": 67896.17865872383,
        "horizontal_accuracy": 3.0096529782616894,
        "speed": 0,
        "course": 269.6903076171875,
        "synthetic": false
      },
      "geometry": {
        "type": "Point",
        "coordinates": [
          30.344437217430787,
          59.872398562743804
        ]
      }
    },
    {
      "type": "Feature",
      "properties": {
        "monotonic_time": 67897.17865872383,
        "horizontal_accuracy": 2.98737410232771,
        "speed": 0,
        "course": 269.6903076171875,
        "synthetic": false
      },
      "geometry": {
        "type": "Point",
        "coordinates": [
          30.344437217430787,
          59.872398562743804
        ]
      }
    },
    {
      "type": "Feature",
      "properties": {
        "monotonic_time": 67898.17865884304,
        "horizontal_accuracy": 2.948257856305912,
        "speed": 0,
        "course": 269.6903076171875,
        "synthetic": false
      },
      "geometry": {
        "type": "Point",
        "coordinates": [
          30.344437217430787,
          59.872398562743804
        ]
      }
    },
    {
      "type": "Feature",
      "properties": {
        "monotonic_time": 67899.17865896225,
        "horizontal_accuracy": 2.9288279915624225,
        "speed": 0.0024614021560369465,
        "course": 269.6903076171875,
        "synthetic": false
      },
      "geometry": {
        "type": "Point",
        "coordinates": [
          30.344452188014778,
          59.87238830743654
        ]
      }
    },
    {
      "type": "Feature",
      "properties": {
        "monotonic_time": 67900.17865884304,
        "horizontal_accuracy": 2.9819739379488674,
        "speed": 0.14095019771987669,
        "course": 269.6903076171875,
        "synthetic": false
      },
      "geometry": {
        "type": "Point",
        "coordinates": [
          30.3444538778021,
          59.87238831202834
        ]
      }
    },
    {
      "type": "Feature",
      "properties": {
        "monotonic_time": 67901.17865812778,
        "horizontal_accuracy": 2.981876375885883,
        "speed": 0.03472233372869553,
        "course": 269.6903076171875,
        "synthetic": false
      },
      "geometry": {
        "type": "Point",
        "coordinates": [
          30.344452756079082,
          59.872388308980064
        ]
      }
    },
    {
      "type": "Feature",
      "properties": {
        "monotonic_time": 67902.17865812778,
        "horizontal_accuracy": 2.932782557091589,
        "speed": 0.06361860744293027,
        "course": 269.6903076171875,
        "synthetic": false
      },
      "geometry": {
        "type": "Point",
        "coordinates": [
          30.344454610797385,
          59.87238831402015
        ]
      }
    },
    {
      "type": "Feature",
      "properties": {
        "monotonic_time": 67903.178658247,
        "horizontal_accuracy": 2.8861434292370096,
        "speed": 0.08234799775185664,
        "course": 269.6903076171875,
        "synthetic": false
      },
      "geometry": {
        "type": "Point",
        "coordinates": [
          30.344453681043632,
          59.87238831149351
        ]
      }
    },
    {
      "type": "Feature",
      "properties": {
        "monotonic_time": 67904.1786583662,
        "horizontal_accuracy": 2.8418362577751592,
        "speed": 0.10660418437795663,
        "course": 269.6903076171875,
        "synthetic": false
      },
      "geometry": {
        "type": "Point",
        "coordinates": [
          30.344454586590647,
          59.87238831395395
        ]
      }
    },
    {
      "type": "Feature",
      "properties": {
        "monotonic_time": 67905.17865884304,
        "horizontal_accuracy": 2.799744444886401,
        "speed": 0.055516949136589805,
        "course": 269.6903076171875,
        "synthetic": false
      },
      "geometry": {
        "type": "Point",
        "coordinates": [
          30.34445308927451,
          59.87238830988562
        ]
      }
    },
    {
      "type": "Feature",
      "properties": {
        "monotonic_time": 67906.17865860462,
        "horizontal_accuracy": 2.7631290481228907,
        "speed": 0.13352064098248606,
        "course": 269.6903076171875,
        "synthetic": false
      },
      "geometry": {
        "type": "Point",
        "coordinates": [
          30.344455509759687,
          59.87238831646231
        ]
      }
    },
    {
      "type": "Feature",
      "properties": {
        "monotonic_time": 67907.17865872383,
        "horizontal_accuracy": 2.868869264356761,
        "speed": 0.07971474360704442,
        "course": 269.6903076171875,
        "synthetic": false
      },
      "geometry": {
        "type": "Point",
        "coordinates": [
          30.344458142463232,
          59.87238832361696
        ]
      }
    },
    {
      "type": "Feature",
      "properties": {
        "monotonic_time": 67908.17865860462,
        "horizontal_accuracy": 2.948596425672603,
        "speed": 0.19027501934510546,
        "course": 269.6903076171875,
        "synthetic": false
      },
      "geometry": {
        "type": "Point",
        "coordinates": [
          30.344458325574976,
          59.872388324113764
        ]
      }
    },
    {
      "type": "Feature",
      "properties": {
        "monotonic_time": 67909.17865848541,
        "horizontal_accuracy": 3.0433899275365874,
        "speed": 0,
        "course": 269.6903076171875,
        "synthetic": false
      },
      "geometry": {
        "type": "Point",
        "coordinates": [
          30.34445567539425,
          59.87238831691218
        ]
      }
    },
    {
      "type": "Feature",
      "properties": {
        "monotonic_time": 67910.1786583662,
        "horizontal_accuracy": 3.1514224672385818,
        "speed": 0.04874912175134817,
        "course": 269.6903076171875,
        "synthetic": false
      },
      "geometry": {
        "type": "Point",
        "coordinates": [
          30.344457002954194,
          59.87238832051951
        ]
      }
    },
    {
      "type": "Feature",
      "properties": {
        "monotonic_time": 67911.17865860462,
        "horizontal_accuracy": 3.2308496441743766,
        "speed": 0.12652039338241558,
        "course": 269.6903076171875,
        "synthetic": false
      },
      "geometry": {
        "type": "Point",
        "coordinates": [
          30.344458882481018,
          59.87238832562685
        ]
      }
    },
    {
      "type": "Feature",
      "properties": {
        "monotonic_time": 67912.17865777016,
        "horizontal_accuracy": 3.3240063269415585,
        "speed": 0.1901146899315998,
        "course": 269.6903076171875,
        "synthetic": false
      },
      "geometry": {
        "type": "Point",
        "coordinates": [
          30.344456583181593,
          59.87238831937942
        ]
      }
    },
    {
      "type": "Feature",
      "properties": {
        "monotonic_time": 67913.17865872383,
        "horizontal_accuracy": 3.327471093744852,
        "speed": 0.046892639772607186,
        "course": 269.6903076171875,
        "synthetic": false
      },
      "geometry": {
        "type": "Point",
        "coordinates": [
          30.344448956157407,
          59.872388298653895
        ]
      }
    },
    {
      "type": "Feature",
      "properties": {
        "monotonic_time": 67914.17865788937,
        "horizontal_accuracy": 3.3436500898445933,
        "speed": 0,
        "course": 269.6903076171875,
        "synthetic": false
      },
      "geometry": {
        "type": "Point",
        "coordinates": [
          30.34444643536576,
          59.87238829180366
        ]
      }
    },
    {
      "type": "Feature",
      "properties": {
        "monotonic_time": 67915.17865800858,
        "horizontal_accuracy": 3.3790748396812633,
        "speed": 0.08855983697250563,
        "course": 269.6903076171875,
        "synthetic": false
      },
      "geometry": {
        "type": "Point",
        "coordinates": [
          30.34444746136339,
          59.87238829459241
        ]
      }
    },
    {
      "type": "Feature",
      "properties": {
        "monotonic_time": 67916.17865872383,
        "horizontal_accuracy": 3.394260353669507,
        "speed": 0.12626593399324412,
        "course": 269.6903076171875,
        "synthetic": false
      },
      "geometry": {
        "type": "Point",
        "coordinates": [
          30.344448241959025,
          59.87238829671349
        ]
      }
    },
    {
      "type": "Feature",
      "properties": {
        "monotonic_time": 67917.17865848541,
        "horizontal_accuracy": 3.3912601414348855,
        "speed": 0.11937400901533712,
        "course": 269.6903076171875,
        "synthetic": false
      },
      "geometry": {
        "type": "Point",
        "coordinates": [
          30.34445034083496,
          59.8723883024165
        ]
      }
    },
    {
      "type": "Feature",
      "properties": {
        "monotonic_time": 67918.17565560341,
        "horizontal_accuracy": 3.398901555308192,
        "speed": 0,
        "course": 269.6903076171875,
        "synthetic": false
      },
      "geometry": {
        "type": "Point",
        "coordinates": [
          30.344451814888878,
          59.872388306422145
        ]
      }
    },
    {
      "type": "Feature",
      "properties": {
        "monotonic_time": 67919.1753565073,
        "horizontal_accuracy": 3.4294726094887187,
        "speed": 0,
        "course": 269.6903076171875,
        "synthetic": false
      },
      "geometry": {
        "type": "Point",
        "coordinates": [
          30.344451814888878,
          59.872388306422
        ]
      }
    },
    {
      "type": "Feature",
      "properties": {
        "monotonic_time": 67920.17535579205,
        "horizontal_accuracy": 3.3706640347764387,
        "speed": 0,
        "course": 269.6903076171875,
        "synthetic": false
      },
      "geometry": {
        "type": "Point",
        "coordinates": [
          30.344451814888878,
          59.872388306421975
        ]
      }
    },
    {
      "type": "Feature",
      "properties": {
        "monotonic_time": 67921.1760674715,
        "horizontal_accuracy": 3.407878779916462,
        "speed": 0.02671357353059009,
        "course": 269.6903076171875,
        "synthetic": false
      },
      "geometry": {
        "type": "Point",
        "coordinates": [
          30.344453082373345,
          59.87240473880514
        ]
      }
    },
    {
      "type": "Feature",
      "properties": {
        "monotonic_time": 67922.17611455917,
        "horizontal_accuracy": 3.3447393264938703,
        "speed": 0.05198060945231649,
        "course": 269.6903076171875,
        "synthetic": false
      },
      "geometry": {
        "type": "Point",
        "coordinates": [
          30.34445134495206,
          59.87238830514502
        ]
      }
    },
    {
      "type": "Feature",
      "properties": {
        "monotonic_time": 67923.1761149168,
        "horizontal_accuracy": 3.3597885188636987,
        "speed": 0,
        "course": 269.6903076171875,
        "synthetic": false
      },
      "geometry": {
        "type": "Point",
        "coordinates": [
          30.344451670168574,
          59.87238830602887
        ]
      }
    },
    {
      "type": "Feature",
      "properties": {
        "monotonic_time": 67924.1755644083,
        "horizontal_accuracy": 3.339058756556013,
        "speed": 0,
        "course": 269.6903076171875,
        "synthetic": false
      },
      "geometry": {
        "type": "Point",
        "coordinates": [
          30.344451670168574,
          59.872388306028775
        ]
      }
    },
    {
      "type": "Feature",
      "properties": {
        "monotonic_time": 67925.17608976364,
        "horizontal_accuracy": 3.4082996744161784,
        "speed": 0,
        "course": 269.6903076171875,
        "synthetic": false
      },
      "geometry": {
        "type": "Point",
        "coordinates": [
          30.344451670168574,
          59.87238830602881
        ]
      }
    },
    {
      "type": "Feature",
      "properties": {
        "monotonic_time": 67926.17608964443,
        "horizontal_accuracy": 3.4604875338558596,
        "speed": 0.10187675196540712,
        "course": 269.6903076171875,
        "synthetic": false
      },
      "geometry": {
        "type": "Point",
        "coordinates": [
          30.344448702796786,
          59.87238829796491
        ]
      }
    },
    {
      "type": "Feature",
      "properties": {
        "monotonic_time": 67927.17615962029,
        "horizontal_accuracy": 3.3899522035197904,
        "speed": 0.30414324085179034,
        "course": 269.6903076171875,
        "synthetic": false
      },
      "geometry": {
        "type": "Point",
        "coordinates": [
          30.344450769550313,
          59.87238830358126
        ]
      }
    },
    {
      "type": "Feature",
      "properties": {
        "monotonic_time": 67928.17557263374,
        "horizontal_accuracy": 3.381939459382143,
        "speed": 0.0997688812307673,
        "course": 269.6903076171875,
        "synthetic": false
      },
      "geometry": {
        "type": "Point",
        "coordinates": [
          30.34445171312804,
          59.87238830614492
        ]
      }
    },
    {
      "type": "Feature",
      "properties": {
        "monotonic_time": 67929.17557275295,
        "horizontal_accuracy": 3.3526646976371737,
        "speed": 0.17364881608217145,
        "course": 269.6903076171875,
        "synthetic": false
      },
      "geometry": {
        "type": "Point",
        "coordinates": [
          30.34444974400281,
          59.872388300794704
        ]
      }
    },
    {
      "type": "Feature",
      "properties": {
        "monotonic_time": 67930.17556142807,
        "horizontal_accuracy": 3.4445844412691975,
        "speed": 0.05318517833649803,
        "course": 269.6903076171875,
        "synthetic": false
      },
      "geometry": {
        "type": "Point",
        "coordinates": [
          30.344448727984748,
          59.87238829803406
        ]
      }
    },
    {
      "type": "Feature",
      "properties": {
        "monotonic_time": 67931.17525923252,
        "horizontal_accuracy": 3.465672293726191,
        "speed": 0.09646065097236972,
        "course": 269.6903076171875,
        "synthetic": false
      },
      "geometry": {
        "type": "Point",
        "coordinates": [
          30.34444701067765,
          59.87238829336703
        ]
      }
    },
    {
      "type": "Feature",
      "properties": {
        "monotonic_time": 67932.17525923252,
        "horizontal_accuracy": 3.563501475291295,
        "speed": 0.2669106407863372,
        "course": 269.6903076171875,
        "synthetic": false
      },
      "geometry": {
        "type": "Point",
        "coordinates": [
          30.3444364283494,
          59.872404692990365
        ]
      }
    },
    {
      "type": "Feature",
      "properties": {
        "monotonic_time": 67933.1752588749,
        "horizontal_accuracy": 3.4965873533164435,
        "speed": 0.14915321303554643,
        "course": 269.6903076171875,
        "synthetic": false
      },
      "geometry": {
        "type": "Point",
        "coordinates": [
          30.34443193781361,
          59.8724040905225
        ]
      }
    },
    {
      "type": "Feature",
      "properties": {
        "monotonic_time": 67934.17525839806,
        "horizontal_accuracy": 3.5051689158396675,
        "speed": 0.06957157528970513,
        "course": 269.6903076171875,
        "synthetic": false
      },
      "geometry": {
        "type": "Point",
        "coordinates": [
          30.344426432210902,
          59.87240212697946
        ]
      }
    },
    {
      "type": "Feature",
      "properties": {
        "monotonic_time": 67935.17525875568,
        "horizontal_accuracy": 3.45387551898731,
        "speed": 0.1559371151321772,
        "course": 269.6903076171875,
        "synthetic": false
      },
      "geometry": {
        "type": "Point",
        "coordinates": [
          30.344425381936137,
          59.87240208471654
        ]
      }
    },
    {
      "type": "Feature",
      "properties": {
        "monotonic_time": 67936.17525875568,
        "horizontal_accuracy": 3.4070262202113835,
        "speed": 0.08921378887076678,
        "course": 269.6903076171875,
        "synthetic": false
      },
      "geometry": {
        "type": "Point",
        "coordinates": [
          30.34442684944386,
          59.872400806109056
        ]
      }
    },
    {
      "type": "Feature",
      "properties": {
        "monotonic_time": 67937.17525875568,
        "horizontal_accuracy": 3.355685479444124,
        "speed": 0.055464807331047195,
        "course": 269.6903076171875,
        "synthetic": false
      },
      "geometry": {
        "type": "Point",
        "coordinates": [
          30.344426130901947,
          59.87240153465454
        ]
      }
    },
    {
      "type": "Feature",
      "properties": {
        "monotonic_time": 67938.17525827885,
        "horizontal_accuracy": 3.3405820343722783,
        "speed": 0.11517286463809195,
        "course": 269.6903076171875,
        "synthetic": false
      },
      "geometry": {
        "type": "Point",
        "coordinates": [
          30.344423571125052,
          59.8724005431685
        ]
      }
    },
    {
      "type": "Feature",
      "properties": {
        "monotonic_time": 67939.17525851727,
        "horizontal_accuracy": 3.4342939882003147,
        "speed": 0.0728495738270029,
        "course": 269.6903076171875,
        "synthetic": false
      },
      "geometry": {
        "type": "Point",
        "coordinates": [
          30.344428193383347,
          59.872400384332515
        ]
      }
    },
    {
      "type": "Feature",
      "properties": {
        "monotonic_time": 67940.17525875568,
        "horizontal_accuracy": 3.5086228666885804,
        "speed": 0.11595607836923585,
        "course": 269.6903076171875,
        "synthetic": false
      },
      "geometry": {
        "type": "Point",
        "coordinates": [
          30.34443634504676,
          59.872397821564526
        ]
      }
    },
    {
      "type": "Feature",
      "properties": {
        "monotonic_time": 67941.17525804043,
        "horizontal_accuracy": 3.6418958927472134,
        "speed": 0.08227768554100211,
        "course": 269.6903076171875,
        "synthetic": false
      },
      "geometry": {
        "type": "Point",
        "coordinates": [
          30.34443830111285,
          59.87239665069272
        ]
      }
    },
    {
      "type": "Feature",
      "properties": {
        "monotonic_time": 67942.17525827885,
        "horizontal_accuracy": 3.734382879652335,
        "speed": 0.07295727976650718,
        "course": 269.6903076171875,
        "synthetic": false
      },
      "geometry": {
        "type": "Point",
        "coordinates": [
          30.344441132789186,
          59.87239293111556
        ]
      }
    },
    {
      "type": "Feature",
      "properties": {
        "monotonic_time": 67943.17525875568,
        "horizontal_accuracy": 3.6773471258265458,
        "speed": 0.05113474216460421,
        "course": 269.6903076171875,
        "synthetic": false
      },
      "geometry": {
        "type": "Point",
        "coordinates": [
          30.344439475665595,
          59.87239311058051
        ]
      }
    },
    {
      "type": "Feature",
      "properties": {
        "monotonic_time": 67944.17525875568,
        "horizontal_accuracy": 3.637570742516179,
        "speed": 0.21168858394798862,
        "course": 269.6903076171875,
        "synthetic": false
      },
      "geometry": {
        "type": "Point",
        "coordinates": [
          30.34443153883303,
          59.87239536299821
        ]
      }
    },
    {
      "type": "Feature",
      "properties": {
        "monotonic_time": 67945.17525815964,
        "horizontal_accuracy": 3.6145113904756614,
        "speed": 0.30962553504008383,
        "course": 269.6903076171875,
        "synthetic": false
      },
      "geometry": {
        "type": "Point",
        "coordinates": [
          30.344423007290867,
          59.872396249279916
        ]
      }
    },
    {
      "type": "Feature",
      "properties": {
        "monotonic_time": 67946.17525792122,
        "horizontal_accuracy": 3.603900536465178,
        "speed": 0.034947446374971367,
        "course": 269.6903076171875,
        "synthetic": false
      },
      "geometry": {
        "type": "Point",
        "coordinates": [
          30.344416615924697,
          59.87239923914678
        ]
      }
    },
    {
      "type": "Feature",
      "properties": {
        "monotonic_time": 67947.1752576828,
        "horizontal_accuracy": 3.5478851336619224,
        "speed": 0.04993491806731879,
        "course": 269.6903076171875,
        "synthetic": false
      },
      "geometry": {
        "type": "Point",
        "coordinates": [
          30.34440677220448,
          59.87240063985198
        ]
      }
    },
    {
      "type": "Feature",
      "properties": {
        "monotonic_time": 67948.17525780201,
        "horizontal_accuracy": 3.483087222925053,
        "speed": 0.12971880578047557,
        "course": 269.6903076171875,
        "synthetic": false
      },
      "geometry": {
        "type": "Point",
        "coordinates": [
          30.34440049566679,
          59.87240414772158
        ]
      }
    },
    {
      "type": "Feature",
      "properties": {
        "monotonic_time": 67949.17525827885,
        "horizontal_accuracy": 3.4948920359845963,
        "speed": 0.10903315848128035,
        "course": 269.6903076171875,
        "synthetic": false
      },
      "geometry": {
        "type": "Point",
        "coordinates": [
          30.34440435309929,
          59.872402944927096
        ]
      }
    },
    {
      "type": "Feature",
      "properties": {
        "monotonic_time": 67950.17525863647,
        "horizontal_accuracy": 3.4946779814016606,
        "speed": 0.29765587275182437,
        "course": 269.6903076171875,
        "synthetic": false
      },
      "geometry": {
        "type": "Point",
        "coordinates": [
          30.34441264942246,
          59.87240047416488
        ]
      }
    },
    {
      "type": "Feature",
      "properties": {
        "monotonic_time": 67951.17525804043,
        "horizontal_accuracy": 3.5166589576265572,
        "speed": 0.08244640961432494,
        "course": 269.6903076171875,
        "synthetic": false
      },
      "geometry": {
        "type": "Point",
        "coordinates": [
          30.34441466778456,
          59.872401885262185
        ]
      }
    },
    {
      "type": "Feature",
      "properties": {
        "monotonic_time": 67952.17525780201,
        "horizontal_accuracy": 3.448056310123891,
        "speed": 0.06267625183835457,
        "course": 269.6903076171875,
        "synthetic": false
      },
      "geometry": {
        "type": "Point",
        "coordinates": [
          30.344412913856242,
          59.872403025392444
        ]
      }
    },
    {
      "type": "Feature",
      "properties": {
        "monotonic_time": 67953.1752576828,
        "horizontal_accuracy": 3.409319793654088,
        "speed": 0.21585872377087376,
        "course": 269.6903076171875,
        "synthetic": false
      },
      "geometry": {
        "type": "Point",
        "coordinates": [
          30.3444138716183,
          59.87238820331616
        ]
      }
    },
    {
      "type": "Feature",
      "properties": {
        "monotonic_time": 67954.17525792122,
        "horizontal_accuracy": 3.3388538039713844,
        "speed": 0.1540466903658559,
        "course": 269.6903076171875,
        "synthetic": false
      },
      "geometry": {
        "type": "Point",
        "coordinates": [
          30.344408499153754,
          59.87238818871774
        ]
      }
    },
    {
      "type": "Feature",
      "properties": {
        "monotonic_time": 67955.17525827885,
        "horizontal_accuracy": 3.2719111137728154,
        "speed": 0.3774668945888826,
        "course": 269.6903076171875,
        "synthetic": false
      },
      "geometry": {
        "type": "Point",
        "coordinates": [
          30.344400824090588,
          59.87238816786062
        ]
      }
    },
    {
      "type": "Feature",
      "properties": {
        "monotonic_time": 67956.17525804043,
        "horizontal_accuracy": 3.2083155599116697,
        "speed": 1.013381270294618,
        "course": 269.6903076171875,
        "synthetic": false
      },
      "geometry": {
        "type": "Point",
        "coordinates": [
          30.344366548764047,
          59.87240439263414
        ]
      }
    },
    {
      "type": "Feature",
      "properties": {
        "monotonic_time": 67957.17525827885,
        "horizontal_accuracy": 3.147899783029227,
        "speed": 1.4053481705503377,
        "course": 269.6903076171875,
        "synthetic": false
      },
      "geometry": {
        "type": "Point",
        "coordinates": [
          30.344329917410494,
          59.872387975180494
        ]
      }
    },
    {
      "type": "Feature",
      "properties": {
        "monotonic_time": 67958.17525827885,
        "horizontal_accuracy": 3.0905047939119905,
        "speed": 1.63010577954555,
        "course": 270,
        "synthetic": false
      },
      "geometry": {
        "type": "Point",
        "coordinates": [
          30.344297392177502,
          59.87238790792117
        ]
      }
    },
    {
      "type": "Feature",
      "properties": {
        "monotonic_time": 67959.17525792122,
        "horizontal_accuracy": 3.035979553287594,
        "speed": 1.5120952791298177,
        "course": 268.5119934082031,
        "synthetic": false
      },
      "geometry": {
        "type": "Point",
        "coordinates": [
          30.34427181166442,
          59.87238765397587
        ]
      }
    },
    {
      "type": "Feature",
      "properties": {
        "monotonic_time": 67960.17525815964,
        "horizontal_accuracy": 2.984180575272399,
        "speed": 1.7851837143258382,
        "course": 268.5119934082031,
        "synthetic": false
      },
      "geometry": {
        "type": "Point",
        "coordinates": [
          30.344233062621214,
          59.872387147928336
        ]
      }
    },
    {
      "type": "Feature",
      "properties": {
        "monotonic_time": 67961.17525720596,
        "horizontal_accuracy": 2.9349715453394087,
        "speed": 1.7307323717154621,
        "course": 270,
        "synthetic": false
      },
      "geometry": {
        "type": "Point",
        "coordinates": [
          30.344197655782292,
          59.872402039670405
        ]
      }
    },
    {
      "type": "Feature",
      "properties": {
        "monotonic_time": 67962.1752576828,
        "horizontal_accuracy": 2.9192803906917244,
        "speed": 1.853605673567642,
        "course": 269.3535461425781,
        "synthetic": false
      },
      "geometry": {
        "type": "Point",
        "coordinates": [
          30.344159854146326,
          59.872395792691854
        ]
      }
    },
    {
      "type": "Feature",
      "properties": {
        "monotonic_time": 67963.17525732517,
        "horizontal_accuracy": 2.873316371246257,
        "speed": 1.7141759275650827,
        "course": 269.3535461425781,
        "synthetic": false
      },
      "geometry": {
        "type": "Point",
        "coordinates": [
          30.34413017246111,
          59.872390856708115
        ]
      }
    },
    {
      "type": "Feature",
      "properties": {
        "monotonic_time": 67964.17525780201,
        "horizontal_accuracy": 2.8862952335116545,
        "speed": 1.6030631380372087,
        "course": 269.3535461425781,
        "synthetic": false
      },
      "geometry": {
        "type": "Point",
        "coordinates": [
          30.344097442108392,
          59.87239019314153
        ]
      }
    },
    {
      "type": "Feature",
      "properties": {
        "monotonic_time": 67965.17525732517,
        "horizontal_accuracy": 2.934266754739984,
        "speed": 1.4345736193761023,
        "course": 269.3535461425781,
        "synthetic": false
      },
      "geometry": {
        "type": "Point",
        "coordinates": [
          30.344070266488355,
          59.87238879341441
        ]
      }
    },
    {
      "type": "Feature",
      "properties": {
        "monotonic_time": 67966.17525756359,
        "horizontal_accuracy": 3.0294769385559754,
        "speed": 1.6448489079758242,
        "course": 269.3535461425781,
        "synthetic": false
      },
      "geometry": {
        "type": "Point",
        "coordinates": [
          30.344036292514907,
          59.872380600149434
        ]
      }
    },
    {
      "type": "Feature",
      "properties": {
        "monotonic_time": 67967.17525708675,
        "horizontal_accuracy": 3.123540447339655,
        "speed": 1.2454991871579693,
        "course": 269.3535461425781,
        "synthetic": false
      },
      "geometry": {
        "type": "Point",
        "coordinates": [
          30.344017966854995,
          59.87237667803455
        ]
      }
    },
    {
      "type": "Feature",
      "properties": {
        "monotonic_time": 67968.17525708675,
        "horizontal_accuracy": 3.12308581343459,
        "speed": 1.1729569146863974,
        "course": 269.3535461425781,
        "synthetic": false
      },
      "geometry": {
        "type": "Point",
        "coordinates": [
          30.344002678223312,
          59.8723689811827
        ]
      }
    },
    {
      "type": "Feature",
      "properties": {
        "monotonic_time": 67969.17525744438,
        "horizontal_accuracy": 3.15017038089791,
        "speed": 1.4189224051289882,
        "course": 269.3535461425781,
        "synthetic": false
      },
      "geometry": {
        "type": "Point",
        "coordinates": [
          30.343989809307857,
          59.872377900080856
        ]
      }
    },
    {
      "type": "Feature",
      "properties": {
        "monotonic_time": 67970.17525744438,
        "horizontal_accuracy": 3.16539953825355,
        "speed": 1.0076789894157607,
        "course": 269.3535461425781,
        "synthetic": false
      },
      "geometry": {
        "type": "Point",
        "coordinates": [
          30.343984566677747,
          59.872377870341786
        ]
      }
    },
    {
      "type": "Feature",
      "properties": {
        "monotonic_time": 67971.17525780201,
        "horizontal_accuracy": 3.25519896636488,
        "speed": 1.3806299348586897,
        "course": 269.3535461425781,
        "synthetic": false
      },
      "geometry": {
        "type": "Point",
        "coordinates": [
          30.343989494308456,
          59.872377898294054
        ]
      }
    },
    {
      "type": "Feature",
      "properties": {
        "monotonic_time": 67972.17525708675,
        "horizontal_accuracy": 5.467904269529497,
        "speed": 0.8867630365748995,
        "course": 269.3535461425781,
        "synthetic": false
      },
      "geometry": {
        "type": "Point",
        "coordinates": [
          30.343999654502266,
          59.872377955926666
        ]
      }
    },
    {
      "type": "Feature",
      "properties": {
        "monotonic_time": 67973.17525732517,
        "horizontal_accuracy": 3.2758704158530962,
        "speed": 0.16482141708921394,
        "course": 269.3535461425781,
        "synthetic": false
      },
      "geometry": {
        "type": "Point",
        "coordinates": [
          30.344006794964656,
          59.8723779964299
        ]
      }
    },
    {
      "type": "Feature",
      "properties": {
        "monotonic_time": 67974.17525684834,
        "horizontal_accuracy": 5.2793225692149575,
        "speed": 0.09419310561295527,
        "course": 269.3535461425781,
        "synthetic": false
      },
      "geometry": {
        "type": "Point",
        "coordinates": [
          30.344012799349066,
          59.87237803048903
        ]
      }
    },
    {
      "type": "Feature",
      "properties": {
        "monotonic_time": 67975.17525660992,
        "horizontal_accuracy": 3.339478539190886,
        "speed": 0.4929882523289696,
        "course": 269.3535461425781,
        "synthetic": false
      },
      "geometry": {
        "type": "Point",
        "coordinates": [
          30.344019801019193,
          59.872378070205144
        ]
      }
    },
    {
      "type": "Feature",
      "properties": {
        "monotonic_time": 67976.17525672913,
        "horizontal_accuracy": 3.3450875016518657,
        "speed": 0.37203842727298575,
        "course": 269.3535461425781,
        "synthetic": false
      },
      "geometry": {
        "type": "Point",
        "coordinates": [
          30.344028162259416,
          59.87237811763356
        ]
      }
    },
    {
      "type": "Feature",
      "properties": {
        "monotonic_time": 67977.17525684834,
        "horizontal_accuracy": 3.3741998001276605,
        "speed": 0.35561010893056755,
        "course": 269.3535461425781,
        "synthetic": false
      },
      "geometry": {
        "type": "Point",
        "coordinates": [
          30.344035028537775,
          59.87237815658184
        ]
      }
    },
    {
      "type": "Feature",
      "properties": {
        "monotonic_time": 67978.17525744438,
        "horizontal_accuracy": 5.6928216235426525,
        "speed": 0.11673042954321589,
        "course": 269.3535461425781,
        "synthetic": false
      },
      "geometry": {
        "type": "Point",
        "coordinates": [
          30.344036441334215,
          59.87237816459646
        ]
      }
    },
    {
      "type": "Feature",
      "properties": {
        "monotonic_time": 67979.17525672913,
        "horizontal_accuracy": 5.716148846467565,
        "speed": 0.24398933419693342,
        "course": 269.3535461425781,
        "synthetic": false
      },
      "geometry": {
        "type": "Point",
        "coordinates": [
          30.34404106420848,
          59.87237819081842
        ]
      }
    },
    {
      "type": "Feature",
      "properties": {
        "monotonic_time": 67980.17525708675,
        "horizontal_accuracy": 5.609381755054016,
        "speed": 0.5053060808122017,
        "course": 269.3535461425781,
        "synthetic": false
      },
      "geometry": {
        "type": "Point",
        "coordinates": [
          30.344055660698675,
          59.87237827361784
        ]
      }
    },
    {
      "type": "Feature",
      "properties": {
        "monotonic_time": 67981.17525708675,
        "horizontal_accuracy": 3.461505087918348,
        "speed": 0.44569395739484036,
        "course": 269.3535461425781,
        "synthetic": false
      },
      "geometry": {
        "type": "Point",
        "coordinates": [
          30.344058878376725,
          59.87237829187065
        ]
      }
    },
    {
      "type": "Feature",
      "properties": {
        "monotonic_time": 67982.17525708675,
        "horizontal_accuracy": 3.4807642512157666,
        "speed": 0.39031779132909805,
        "course": 269.3535461425781,
        "synthetic": false
      },
      "geometry": {
        "type": "Point",
        "coordinates": [
          30.344058762463643,
          59.87237829121354
        ]
      }
    },
    {
      "type": "Feature",
      "properties": {
        "monotonic_time": 67983.17525625229,
        "horizontal_accuracy": 3.4556737006375267,
        "speed": 0.8767544614619986,
        "course": 269.3535461425781,
        "synthetic": false
      },
      "geometry": {
        "type": "Point",
        "coordinates": [
          30.344053635151088,
          59.87237826212792
        ]
      }
    },
    {
      "type": "Feature",
      "properties": {
        "monotonic_time": 67984.17525672913,
        "horizontal_accuracy": 3.439539655401372,
        "speed": 0.38153218940226197,
        "course": 269.3535461425781,
        "synthetic": false
      },
      "geometry": {
        "type": "Point",
        "coordinates": [
          30.344061783094777,
          59.87237830834873
        ]
      }
    },
    {
      "type": "Feature",
      "properties": {
        "monotonic_time": 67985.17525708675,
        "horizontal_accuracy": 3.395420217032237,
        "speed": 0.31104313121980126,
        "course": 269.3535461425781,
        "synthetic": false
      },
      "geometry": {
        "type": "Point",
        "coordinates": [
          30.344071382495567,
          59.87237836280134
        ]
      }
    },
    {
      "type": "Feature",
      "properties": {
        "monotonic_time": 67986.17525684834,
        "horizontal_accuracy": 6.594329277236738,
        "speed": 0.8067927183770474,
        "course": 269.3535461425781,
        "synthetic": false
      },
      "geometry": {
        "type": "Point",
        "coordinates": [
          30.344091706115304,
          59.87237847808937
        ]
      }
    },
    {
      "type": "Feature",
      "properties": {
        "monotonic_time": 67987.17525660992,
        "horizontal_accuracy": 7.85716547654482,
        "speed": 1.354317945550116,
        "course": 269.3535461425781,
        "synthetic": false
      },
      "geometry": {
        "type": "Point",
        "coordinates": [
          30.344131272407296,
          59.8723787025337
        ]
      }
    },
    {
      "type": "Feature",
      "properties": {
        "monotonic_time": 67988.1752563715,
        "horizontal_accuracy": 7.9708415719864165,
        "speed": 1.9700921448033384,
        "course": 270,
        "synthetic": false
      },
      "geometry": {
        "type": "Point",
        "coordinates": [
          30.344182821215323,
          59.87237890528005
        ]
      }
    },
    {
      "type": "Feature",
      "properties": {
        "monotonic_time": 67989.17525696754,
        "horizontal_accuracy": 6.779903615221707,
        "speed": 2.003464651913779,
        "course": 270,
        "synthetic": false
      },
      "geometry": {
        "type": "Point",
        "coordinates": [
          30.34423019657516,
          59.872378905278985
        ]
      }
    },
    {
      "type": "Feature",
      "properties": {
        "monotonic_time": 67990.17525696754,
        "horizontal_accuracy": 6.304053872911192,
        "speed": 2.1094514558948823,
        "course": 268.5119934082031,
        "synthetic": false
      },
      "geometry": {
        "type": "Point",
        "coordinates": [
          30.344277672836895,
          59.872379425073454
        ]
      }
    },
    {
      "type": "Feature",
      "properties": {
        "monotonic_time": 67991.17525660992,
        "horizontal_accuracy": 5.820610365163291,
        "speed": 2.466646002734587,
        "course": 270,
        "synthetic": false
      },
      "geometry": {
        "type": "Point",
        "coordinates": [
          30.34434273720663,
          59.87237960528057
        ]
      }
    },
    {
      "type": "Feature",
      "properties": {
        "monotonic_time": 67992.17525672913,
        "horizontal_accuracy": 3.4363332398777,
        "speed": 2.328835094093601,
        "course": 269.6903076171875,
        "synthetic": false
      },
      "geometry": {
        "type": "Point",
        "coordinates": [
          30.344383720737387,
          59.872379818623564
        ]
      }
    },
    {
      "type": "Feature",
      "properties": {
        "monotonic_time": 67993.1752563715,
        "horizontal_accuracy": 3.3645165838813167,
        "speed": 0.6747443474506128,
        "course": 269.6903076171875,
        "synthetic": false
      },
      "geometry": {
        "type": "Point",
        "coordinates": [
          30.344368166264477,
          59.872379776355864
        ]
      }
    },
    {
      "type": "Feature",
      "properties": {
        "monotonic_time": 67994.17525601387,
        "horizontal_accuracy": 3.3102885675478397,
        "speed": 0.11737123199684313,
        "course": 269.6903076171875,
        "synthetic": false
      },
      "geometry": {
        "type": "Point",
        "coordinates": [
          30.344364540390554,
          59.87237976650273
        ]
      }
    },
    {
      "type": "Feature",
      "properties": {
        "monotonic_time": 67995.17525660992,
        "horizontal_accuracy": 3.272159957849068,
        "speed": 0.15797729296309104,
        "course": 269.6903076171875,
        "synthetic": false
      },
      "geometry": {
        "type": "Point",
        "coordinates": [
          30.34437028853288,
          59.8723797821223
        ]
      }
    }
  ]
}