{
  "type": "FeatureCollection",
  "features": [
    {
      "type": "Feature",
      "properties": {
        "name": "ekf_dead_reckoning",
        "point_count": 2154,
        "role": "baseline"
      },
      "geometry": {
        "type": "LineString",
        "coordinates": [
          [
            30.381228769614506,
            59.81588921109901
          ],
          [
            30.381406428151823,
            59.815911788340934
          ],
          [
            30.38161381481984,
            59.81593565918304
          ],
          [
            30.381837372229047,
            59.81595864696493
          ],
          [
            30.382074125325026,
            59.815984291505806
          ],
          [
            30.382319496507954,
            59.816013985075394
          ],
          [
            30.382557561862384,
            59.816078627356596
          ],
          [
            30.382814321270832,
            59.81612350306116
          ],
          [
            30.38308652910774,
            59.8161608740129
          ],
          [
            30.383364642978268,
            59.81619544508667
          ],
          [
            30.383646294227166,
            59.816242098860975
          ],
          [
            30.38394300360411,
            59.816286273080046
          ],
          [
            30.38424265639689,
            59.81632447840836
          ],
          [
            30.38452251618429,
            59.816385110445026
          ],
          [
            30.384849651968693,
            59.81643399749954
          ],
          [
            30.38515178051326,
            59.81646661324187
          ],
          [
            30.38543596964616,
            59.816494697014015
          ],
          [
            30.385712958289812,
            59.81651857582532
          ],
          [
            30.385990293095343,
            59.81654124576775
          ],
          [
            30.38627222536049,
            59.81656440591534
          ],
          [
            30.386558422109193,
            59.81658846448266
          ],
          [
            30.38684927931157,
            59.816613409340846
          ],
          [
            30.387143632139377,
            59.81663747530651
          ],
          [
            30.38744320787191,
            59.81666271261511
          ],
          [
            30.387750433389705,
            59.81668950591312
          ],
          [
            30.38806461883133,
            59.81671743862175
          ],
          [
            30.388386265271432,
            59.81674780862466
          ],
          [
            30.388711933121016,
            59.816778587743585
          ],
          [
            30.389038819647954,
            59.816808613514816
          ],
          [
            30.38935871873543,
            59.81684002763658
          ],
          [
            30.389678419099365,
            59.81687162249834
          ],
          [
            30.38999785930068,
            59.8169024677124
          ],
          [
            30.390321505741593,
            59.816932455667335
          ],
          [
            30.39064949293399,
            59.81696358411036
          ],
          [
            30.39098110380936,
            59.81699514177588
          ],
          [
            30.391318323533987,
            59.81702709907249
          ],
          [
            30.391664333105446,
            59.817059826013896
          ],
          [
            30.392014514876873,
            59.81709426140398
          ],
          [
            30.392371442372415,
            59.817129642823375
          ],
          [
            30.392734992650208,
            59.81716463418709
          ],
          [
            30.39310310689474,
            59.81720074409941
          ],
          [
            30.393475661358853,
            59.81723734996985
          ],
          [
            30.39385256595547,
            59.81727474849702
          ],
          [
            30.394234517023982,
            59.81731262029315
          ],
          [
            30.394622261923097,
            59.81734969113239
          ],
          [
            30.395014579888333,
            59.817388106838024
          ],
          [
            30.39541071005768,
            59.81742739099635
          ],
          [
            30.395809625132614,
            59.81746472114667
          ],
          [
            30.39621056132544,
            59.817503689831085
          ],
          [
            30.39661260904434,
            59.817546048881816
          ],
          [
            30.39701349090448,
            59.81758783749549
          ],
          [
            30.397410252929394,
            59.817628148972034
          ],
          [
            30.397803954172836,
            59.81766803888415
          ],
          [
            30.39816414792369,
            59.8177050008109
          ],
          [
            30.398605158612185,
            59.81775119002866
          ],
          [
            30.398974408173338,
            59.81779179110355
          ],
          [
            30.39932922772203,
            59.81783131122397
          ],
          [
            30.399675956591214,
            59.817870239971306
          ],
          [
            30.40000977060678,
            59.81791053664263
          ],
          [
            30.40034171871845,
            59.81795165743816
          ],
          [
            30.400779753677444,
            59.81800617062705
          ],
          [
            30.40121897892593,
            59.81806535302323
          ],
          [
            30.40165194963888,
            59.81812665536878
          ],
          [
            30.401645552562563,
            59.81812499608074
          ],
          [
            30.40174917889521,
            59.81813899880731
          ],
          [
            30.401894587588195,
            59.81816167731062
          ],
          [
            30.40171676962875,
            59.81813220310563
          ],
          [
            30.401955594275044,
            59.8181656974267
          ],
          [
            30.402180244829093,
            59.81819721659407
          ],
          [
            30.40239106979571,
            59.81822616625499
          ],
          [
            30.40259126748465,
            59.81825350046517
          ],
          [
            30.402782661137053,
            59.81828016407803
          ],
          [
            30.402975690062636,
            59.81830610128376
          ],
          [
            30.40316473961725,
            59.81833150014291
          ],
          [
            30.4033565166106,
            59.818356067715925
          ],
          [
            30.403589101094088,
            59.81838629045973
          ],
          [
            30.403734853611425,
            59.81840894278135
          ],
          [
            30.403936913365104,
            59.818442231298505
          ],
          [
            30.40415277310475,
            59.81848180900447
          ],
          [
            30.40437752063458,
            59.81852690873262
          ],
          [
            30.404611478738673,
            59.818573265645995
          ],
          [
            30.40486136471074,
            59.81861998646852
          ],
          [
            30.405117373279513,
            59.81866761055362
          ],
          [
            30.405382536690652,
            59.81871794334875
          ],
          [
            30.405652157446927,
            59.818769821100645
          ],
          [
            30.40592452039845,
            59.818824646238
          ],
          [
            30.406193639110914,
            59.81888221812078
          ],
          [
            30.40646043694454,
            59.81894330965274
          ],
          [
            30.406726070972976,
            59.819004133496456
          ],
          [
            30.406982395676135,
            59.81905931645893
          ],
          [
            30.40722755832443,
            59.81911416906081
          ],
          [
            30.4074656025469,
            59.81916867842045
          ],
          [
            30.407705271133484,
            59.81922146019701
          ],
          [
            30.407939067709478,
            59.81927346022727
          ],
          [
            30.408155099516527,
            59.81932243329141
          ],
          [
            30.40835747257537,
            59.8193687660773
          ],
          [
            30.408547684993458,
            59.81941253198569
          ],
          [
            30.4087259674395,
            59.81945325700749
          ],
          [
            30.408891576755835,
            59.8194898858911
          ],
          [
            30.40904587942272,
            59.819526072085125
          ],
          [
            30.409194635365534,
            59.81956023080359
          ],
          [
            30.40934216377649,
            59.8195934554906
          ],
          [
            30.409491078920052,
            59.81962745157179
          ],
          [
            30.409646587534684,
            59.81966273320601
          ],
          [
            30.409812345579116,
            59.81970027728628
          ],
          [
            30.409992346234606,
            59.819739447198906
          ],
          [
            30.410178507183858,
            59.81977879935341
          ],
          [
            30.410354524062072,
            59.81981573519454
          ],
          [
            30.410516795952283,
            59.81984920855342
          ],
          [
            30.410673610169397,
            59.819881783173216
          ],
          [
            30.410826356772215,
            59.819914065922745
          ],
          [
            30.41097439676167,
            59.81994735801928
          ],
          [
            30.411122169562717,
            59.819980426816144
          ],
          [
            30.41126956391132,
            59.820013383813254
          ],
          [
            30.4114272650148,
            59.82004850317521
          ],
          [
            30.4115978623729,
            59.820088264574416
          ],
          [
            30.411776025246038,
            59.82012972617111
          ],
          [
            30.411960333947675,
            59.82017178317273
          ],
          [
            30.41214135392137,
            59.82021404470393
          ],
          [
            30.412333841699514,
            59.82025939859739
          ],
          [
            30.412539383805164,
            59.82030754236358
          ],
          [
            30.412752828107017,
            59.82035848863819
          ],
          [
            30.412954291859663,
            59.82040674302551
          ],
          [
            30.41315493047922,
            59.82045322314354
          ],
          [
            30.41335570371053,
            59.820498754776274
          ],
          [
            30.413553988774606,
            59.82054200614596
          ],
          [
            30.413746386647794,
            59.8205845110505
          ],
          [
            30.413940043045645,
            59.820626590406505
          ],
          [
            30.41413108178957,
            59.82066783045005
          ],
          [
            30.414323531348757,
            59.82071104850231
          ],
          [
            30.414506239321227,
            59.820753211255564
          ],
          [
            30.41469416927667,
            59.820797931381534
          ],
          [
            30.414887265586845,
            59.82084471792237
          ],
          [
            30.4150880685054,
            59.82089316852202
          ],
          [
            30.41529657169309,
            59.82094217622375
          ],
          [
            30.4155345358967,
            59.820998101314785
          ],
          [
            30.415730698848016,
            59.821047387368026
          ],
          [
            30.415950126559213,
            59.82110081876367
          ],
          [
            30.4161744668114,
            59.821153265882344
          ],
          [
            30.416401638849315,
            59.82120698685881
          ],
          [
            30.41663467751823,
            59.82126170324776
          ],
          [
            30.416876603528042,
            59.82131867138357
          ],
          [
            30.417126495129416,
            59.82137570993703
          ],
          [
            30.417379992246786,
            59.82143180874833
          ],
          [
            30.417637664544724,
            59.8214868663716
          ],
          [
            30.417900372522176,
            59.821541053662614
          ],
          [
            30.418178862012173,
            59.821600965941286
          ],
          [
            30.418440948371032,
            59.82165923036824
          ],
          [
            30.418702773701856,
            59.821717814164536
          ],
          [
            30.41898987208576,
            59.82177969262539
          ],
          [
            30.419246527583258,
            59.82183771912066
          ],
          [
            30.41947672467063,
            59.821890039877566
          ],
          [
            30.419688090317972,
            59.82193961068491
          ],
          [
            30.419895700423115,
            59.82198863779054
          ],
          [
            30.420099735862706,
            59.822035743831975
          ],
          [
            30.42029029706689,
            59.822081321632936
          ],
          [
            30.420471256092114,
            59.822124228544695
          ],
          [
            30.420646818411075,
            59.82216406618925
          ],
          [
            30.420815899159425,
            59.822201545237405
          ],
          [
            30.420954026894417,
            59.822229787370716
          ],
          [
            30.42114932349064,
            59.8222738238004
          ],
          [
            30.421311740885212,
            59.82230788285646
          ],
          [
            30.42147624432075,
            59.82234253153237
          ],
          [
            30.42164245116188,
            59.82237699260829
          ],
          [
            30.421817901634206,
            59.822413920921726
          ],
          [
            30.422002771867227,
            59.82245447546487
          ],
          [
            30.422202491167514,
            59.82249910408624
          ],
          [
            30.422418815369852,
            59.82254908161075
          ],
          [
            30.42264998342948,
            59.822603917714076
          ],
          [
            30.42289200064026,
            59.82266258589671
          ],
          [
            30.423150306711165,
            59.822725890981495
          ],
          [
            30.423423746600264,
            59.82279287365072
          ],
          [
            30.423706876407454,
            59.82286558265407
          ],
          [
            30.424000813855425,
            59.82293913465658
          ],
          [
            30.424308786299225,
            59.82301345909499
          ],
          [
            30.42462964049671,
            59.823089438834366
          ],
          [
            30.425019372550516,
            59.82317231695327
          ],
          [
            30.425307157271465,
            59.823239928396355
          ],
          [
            30.425652853964714,
            59.82331681387423
          ],
          [
            30.426035893335406,
            59.82339885593175
          ],
          [
            30.42638830214038,
            59.823477008702994
          ],
          [
            30.42672922563661,
            59.82355123525084
          ],
          [
            30.4270890074813,
            59.823628152598985
          ],
          [
            30.42744771868184,
            59.82370636331136
          ],
          [
            30.427807049611154,
            59.82378495391782
          ],
          [
            30.42816810537827,
            59.82386492084879
          ],
          [
            30.42853505277872,
            59.82394330074736
          ],
          [
            30.42890167941276,
            59.82402396593261
          ],
          [
            30.42926810287954,
            59.82410615553726
          ],
          [
            30.42965894351919,
            59.82419292455725
          ],
          [
            30.42999288578127,
            59.82427517183694
          ],
          [
            30.430355500846787,
            59.82435872622301
          ],
          [
            30.430718531570694,
            59.82443873791743
          ],
          [
            30.43107735299274,
            59.82451904912972
          ],
          [
            30.431430784458097,
            59.82460212849498
          ],
          [
            30.431778718804313,
            59.82468749069089
          ],
          [
            30.432124583444796,
            59.82477487419169
          ],
          [
            30.432465789766756,
            59.82486782807516
          ],
          [
            30.432801020268336,
            59.82496421765625
          ],
          [
            30.43313110831072,
            59.825066441776094
          ],
          [
            30.433456959596327,
            59.825172647177766
          ],
          [
            30.43377918338475,
            59.82527949013558
          ],
          [
            30.43409765518369,
            59.82538995798339
          ],
          [
            30.43440784134176,
            59.82550567480402
          ],
          [
            30.4347123896221,
            59.8256237780931
          ],
          [
            30.43500952278138,
            59.82574654745385
          ],
          [
            30.435304069740138,
            59.82587126401899
          ],
          [
            30.435595189347964,
            59.82599983020141
          ],
          [
            30.4358809731612,
            59.8261320628958
          ],
          [
            30.436160728837557,
            59.82626878953038
          ],
          [
            30.43643492746092,
            59.82640886482911
          ],
          [
            30.436703442828552,
            59.8265532719615
          ],
          [
            30.43696690832536,
            59.82669924173806
          ],
          [
            30.437226069823545,
            59.826847745032005
          ],
          [
            30.437479237526286,
            59.82699878484826
          ],
          [
            30.437728633192517,
            59.82715230037543
          ],
          [
            30.437972873355577,
            59.827308566965634
          ],
          [
            30.438210326482956,
            59.82746909794012
          ],
          [
            30.43844488442156,
            59.82763310153534
          ],
          [
            30.43867744246709,
            59.82779750435517
          ],
          [
            30.43890765890158,
            59.82796284887419
          ],
          [
            30.439138019052525,
            59.82812813530612
          ],
          [
            30.439369677839025,
            59.82829273797088
          ],
          [
            30.439596748353697,
            59.82845835594342
          ],
          [
            30.439821622632273,
            59.828623113407744
          ],
          [
            30.440048513284193,
            59.828786690649274
          ],
          [
            30.440273560893072,
            59.828950474360916
          ],
          [
            30.440495324361674,
            59.829113249219716
          ],
          [
            30.440715756962746,
            59.82927370583405
          ],
          [
            30.44093588876564,
            59.8294334947556
          ],
          [
            30.44115621380595,
            59.829591819334055
          ],
          [
            30.441377767010025,
            59.82974863773356
          ],
          [
            30.441597606660583,
            59.829905070128675
          ],
          [
            30.441817070664747,
            59.83006292987755
          ],
          [
            30.4420354313821,
            59.830220405496675
          ],
          [
            30.442254043648187,
            59.83037958415406
          ],
          [
            30.44247062026485,
            59.83054108682664
          ],
          [
            30.442682667485496,
            59.830703498564645
          ],
          [
            30.442895684743867,
            59.83086813080292
          ],
          [
            30.4431150508835,
            59.83103167786981
          ],
          [
            30.443339104180932,
            59.8311974234556
          ],
          [
            30.44356640190139,
            59.83136471311745
          ],
          [
            30.443786991686387,
            59.831530039652066
          ],
          [
            30.444005526657463,
            59.831694733354055
          ],
          [
            30.44422423742048,
            59.83185756451716
          ],
          [
            30.444439269693866,
            59.83201786141365
          ],
          [
            30.44463876258135,
            59.83217728336568
          ],
          [
            30.444834832828683,
            59.83233596124627
          ],
          [
            30.44502954645002,
            59.832494250172985
          ],
          [
            30.445221833236516,
            59.83265135573849
          ],
          [
            30.44541413337747,
            59.83280489192845
          ],
          [
            30.44560483077931,
            59.83295656841396
          ],
          [
            30.445792252424738,
            59.833105798648404
          ],
          [
            30.445974019879717,
            59.833250763989994
          ],
          [
            30.446148339138436,
            59.83339282900354
          ],
          [
            30.44631400210757,
            59.83353117124085
          ],
          [
            30.446469662306317,
            59.83366335875135
          ],
          [
            30.446619138218228,
            59.83378953904431
          ],
          [
            30.446762433599616,
            59.833913558622086
          ],
          [
            30.44690561848391,
            59.8340367049561
          ],
          [
            30.447047720802253,
            59.83415872160277
          ],
          [
            30.44718699221638,
            59.834281193168536
          ],
          [
            30.447324404677346,
            59.83440420149326
          ],
          [
            30.4474608828733,
            59.83452680743481
          ],
          [
            30.44759582015962,
            59.83464809876204
          ],
          [
            30.447726665267187,
            59.8347695016695
          ],
          [
            30.447854240907166,
            59.83489147200653
          ],
          [
            30.447982688181614,
            59.83501344481764
          ],
          [
            30.448112478556794,
            59.83513499289897
          ],
          [
            30.44823752951281,
            59.835258708877596
          ],
          [
            30.44835898570174,
            59.83538365918779
          ],
          [
            30.448477006225616,
            59.8355082118117
          ],
          [
            30.448595969172644,
            59.835631492411906
          ],
          [
            30.448711006328445,
            59.835753935604416
          ],
          [
            30.448820308269134,
            59.83587577640983
          ],
          [
            30.448928599137655,
            59.835995979730214
          ],
          [
            30.449032987448895,
            59.836113550492854
          ],
          [
            30.44913359550191,
            59.836230741894006
          ],
          [
            30.449231485022427,
            59.83634361236013
          ],
          [
            30.4493214486681,
            59.83645174358008
          ],
          [
            30.44940795240702,
            59.83655803593972
          ],
          [
            30.449492375230307,
            59.836662890343
          ],
          [
            30.44957473977778,
            59.836766300451956
          ],
          [
            30.449655068755085,
            59.836868259993835
          ],
          [
            30.449733352905355,
            59.83696879889697
          ],
          [
            30.449808535524337,
            59.83706955628238
          ],
          [
            30.449877809455298,
            59.837170057732244
          ],
          [
            30.449942858648242,
            59.83726735377375
          ],
          [
            30.450004011903445,
            59.83736170497234
          ],
          [
            30.450064264324684,
            59.837454311570816
          ],
          [
            30.450123154288065,
            59.83754450599839
          ],
          [
            30.45017835292006,
            59.83763595723465
          ],
          [
            30.45023156356307,
            59.83772807143927
          ],
          [
            30.450283833325567,
            59.837816221512945
          ],
          [
            30.45033397811354,
            59.837901756420976
          ],
          [
            30.450382050020767,
            59.83798550803871
          ],
          [
            30.450426052338482,
            59.838067694219184
          ],
          [
            30.450465919460868,
            59.83814773943906
          ],
          [
            30.45050090020703,
            59.83822629263687
          ],
          [
            30.45053199881105,
            59.83830332781239
          ],
          [
            30.450561502257443,
            59.83837726440286
          ],
          [
            30.45058893718457,
            59.83844843591811
          ],
          [
            30.450614540440068,
            59.83851742313895
          ],
          [
            30.45063734762046,
            59.83858628773173
          ],
          [
            30.45065854316221,
            59.838653271607626
          ],
          [
            30.450676376866973,
            59.83871783482325
          ],
          [
            30.450691619736258,
            59.8387798479449
          ],
          [
            30.450705549230868,
            59.838840091294664
          ],
          [
            30.45071784510418,
            59.83889848615791
          ],
          [
            30.450731394937158,
            59.83895597692168
          ],
          [
            30.450743829433662,
            59.839011066661975
          ],
          [
            30.450754755218938,
            59.83906297603844
          ],
          [
            30.450764798766,
            59.839110645031056
          ],
          [
            30.45077346458663,
            59.83915441290491
          ],
          [
            30.450781057424724,
            59.83919489981799
          ],
          [
            30.45078713994659,
            59.83923201785513
          ],
          [
            30.450792376243832,
            59.83926602898602
          ],
          [
            30.450796465002146,
            59.83929619230624
          ],
          [
            30.450800247173788,
            59.83931949647575
          ],
          [
            30.4508038524638,
            59.839336478007915
          ],
          [
            30.45080699084923,
            59.839348817023684
          ],
          [
            30.45080886975633,
            59.83935515679305
          ],
          [
            30.4508092335961,
            59.83935631463961
          ],
          [
            30.45080914746592,
            59.839356057174065
          ],
          [
            30.450809035327758,
            59.839355755800106
          ],
          [
            30.45080899970938,
            59.839355666279886
          ],
          [
            30.450808932453036,
            59.83935551848124
          ],
          [
            30.450808847119383,
            59.83935534129127
          ],
          [
            30.450808736774256,
            59.839355126976585
          ],
          [
            30.450808651063415,
            59.839354973825806
          ],
          [
            30.450808583204022,
            59.83935486069543
          ],
          [
            30.45080844306465,
            59.83935463500835
          ],
          [
            30.45080828517081,
            59.839354395945286
          ],
          [
            30.45080816907943,
            59.839354233736174
          ],
          [
            30.450808039831163,
            59.83935406491401
          ],
          [
            30.45080790081721,
            59.839353895520645
          ],
          [
            30.450807737854845,
            59.839353708497185
          ],
          [
            30.45080760944481,
            59.8393535688881
          ],
          [
            30.45080744645576,
            59.8393534010935
          ],
          [
            30.45080725592241,
            59.839353211659606
          ],
          [
            30.45080704382518,
            59.83935300981166
          ],
          [
            30.45080687414304,
            59.839352856103034
          ],
          [
            30.450806789929008,
            59.83935278533978
          ],
          [
            30.45080657594521,
            59.839352614872745
          ],
          [
            30.450806404874363,
            59.83935248392711
          ],
          [
            30.45080631059588,
            59.83935241178699
          ],
          [
            30.4508062168558,
            59.839352339469364
          ],
          [
            30.450806123655443,
            59.83935226697526
          ],
          [
            30.450806030996116,
            59.839352194305725
          ],
          [
            30.450805938879135,
            59.839352121461744
          ],
          [
            30.450805847305777,
            59.839352048444354
          ],
          [
            30.450805756277358,
            59.83935197525459
          ],
          [
            30.450805665795126,
            59.83935190189344
          ],
          [
            30.450805575860382,
            59.83935182836199
          ],
          [
            30.450805486474387,
            59.83935175466126
          ],
          [
            30.450805397638383,
            59.839351680792284
          ],
          [
            30.450805309353633,
            59.83935160675608
          ],
          [
            30.45080522162138,
            59.83935153255374
          ],
          [
            30.45080513444286,
            59.839351458186265
          ],
          [
            30.450805047819287,
            59.83935138365472
          ],
          [
            30.45080496175189,
            59.83935130896013
          ],
          [
            30.450804876241886,
            59.83935123410358
          ],
          [
            30.450804791290466,
            59.839351159086085
          ],
          [
            30.450804706898836,
            59.83935108390877
          ],
          [
            30.45080462306818,
            59.839351008572606
          ],
          [
            30.45080453979967,
            59.83935093307872
          ],
          [
            30.450804457094492,
            59.839350857428144
          ],
          [
            30.450804374953798,
            59.83935078162194
          ],
          [
            30.450804293378752,
            59.83935070566119
          ],
          [
            30.450804212370496,
            59.83935062954696
          ],
          [
            30.450804131930173,
            59.83935055328032
          ],
          [
            30.450804052058924,
            59.839350476862315
          ],
          [
            30.45080397275785,
            59.83935040029407
          ],
          [
            30.45080389402809,
            59.839350323576625
          ],
          [
            30.450803893428493,
            59.83935032370583
          ],
          [
            30.450803793440034,
            59.83935022288617
          ],
          [
            30.450803673277147,
            59.83935009951269
          ],
          [
            30.4508035383375,
            59.83934996137803
          ],
          [
            30.45080383892621,
            59.83935027461169
          ],
          [
            30.450804110791836,
            59.83935056085169
          ],
          [
            30.45080395693964,
            59.83935039676812
          ],
          [
            30.450803779810627,
            59.839350216286235
          ],
          [
            30.450803600384234,
            59.839350037840894
          ],
          [
            30.45080338678573,
            59.83934983560413
          ],
          [
            30.450803141084254,
            59.83934961495928
          ],
          [
            30.450802908915072,
            59.839349415202776
          ],
          [
            30.450802476114962,
            59.839349060627846
          ],
          [
            30.4508022867309,
            59.839348914978814
          ],
          [
            30.450802127949903,
            59.83934879879779
          ],
          [
            30.450801814490298,
            59.839348580420896
          ],
          [
            30.45080153610788,
            59.83934839761003
          ],
          [
            30.450801381219318,
            59.83934830058305
          ],
          [
            30.450801195739523,
            59.83934818783473
          ],
          [
            30.45080092844278,
            59.83934803313339
          ],
          [
            30.45080064119458,
            59.83934787566486
          ],
          [
            30.45080043342627,
            59.83934776647534
          ],
          [
            30.45080021386949,
            59.83934765446554
          ],
          [
            30.450800072482757,
            59.83934758423649
          ],
          [
            30.45079990501725,
            59.83934750202773
          ],
          [
            30.45079987662303,
            59.83934748827324
          ],
          [
            30.45080003175517,
            59.839347561953076
          ],
          [
            30.450801064693476,
            59.83934805630715
          ],
          [
            30.45080401111086,
            59.83934948922533
          ],
          [
            30.450807068350674,
            59.83935099459241
          ],
          [
            30.45080902572516,
            59.83935196003817
          ],
          [
            30.450812495976166,
            59.83935372254314
          ],
          [
            30.45081681025052,
            59.839355959397764
          ],
          [
            30.45082137806147,
            59.83935834928672
          ],
          [
            30.450825993980263,
            59.839360763691005
          ],
          [
            30.450830146240225,
            59.83936292731512
          ],
          [
            30.45083423965051,
            59.83936504504189
          ],
          [
            30.45083893684251,
            59.83936741834834
          ],
          [
            30.45084491763592,
            59.8393704715672
          ],
          [
            30.450850744634476,
            59.83937339449675
          ],
          [
            30.45085588785615,
            59.83937602729317
          ],
          [
            30.450860867629043,
            59.83937854649455
          ],
          [
            30.450864299936633,
            59.83938026977873
          ],
          [
            30.45086642661469,
            59.839381340788954
          ],
          [
            30.450869280968256,
            59.839382730176915
          ],
          [
            30.450871144194387,
            59.839383640005536
          ],
          [
            30.45087231250397,
            59.839384223469004
          ],
          [
            30.450872360976668,
            59.83938424775386
          ],
          [
            30.450872103784693,
            59.839384114149595
          ],
          [
            30.45087159240472,
            59.83938384455782
          ],
          [
            30.450871437978883,
            59.839383762395315
          ],
          [
            30.450871002902222,
            59.83938352654225
          ],
          [
            30.450870633442605,
            59.83938332179418
          ],
          [
            30.45087044479395,
            59.8393832157743
          ],
          [
            30.45087032873079,
            59.83938314871889
          ],
          [
            30.450870101224403,
            59.83938301823256
          ],
          [
            30.450870042088674,
            59.839382984147306
          ],
          [
            30.450870013791693,
            59.83938296753717
          ],
          [
            30.450869937312596,
            59.839382922109536
          ],
          [
            30.450869826814447,
            59.83938285605716
          ],
          [
            30.450869716809436,
            59.83938278979663
          ],
          [
            30.450869607299108,
            59.839382723328846
          ],
          [
            30.450869498285005,
            59.83938265665478
          ],
          [
            30.45086938976867,
            59.83938258977536
          ],
          [
            30.450869281751626,
            59.83938252269154
          ],
          [
            30.450869174235393,
            59.83938245540421
          ],
          [
            30.450869067221483,
            59.8393823879144
          ],
          [
            30.4508689607114,
            59.839382320222995
          ],
          [
            30.45086885470665,
            59.839382252330964
          ],
          [
            30.450868749208706,
            59.839382184239284
          ],
          [
            30.450868644219078,
            59.83938211594888
          ],
          [
            30.450868539739233,
            59.83938204746074
          ],
          [
            30.450868435770644,
            59.83938197877582
          ],
          [
            30.450868332314766,
            59.83938190989507
          ],
          [
            30.450868229373064,
            59.83938184081949
          ],
          [
            30.450868126946986,
            59.83938177155004
          ],
          [
            30.450868025037966,
            59.839381702087664
          ],
          [
            30.450867923647433,
            59.83938163243337
          ],
          [
            30.450867822776846,
            59.839381562588166
          ],
          [
            30.450867722427585,
            59.839381492552974
          ],
          [
            30.450867622601088,
            59.839381422328835
          ],
          [
            30.45086752329875,
            59.839381351916686
          ],
          [
            30.450867424521967,
            59.83938128131756
          ],
          [
            30.45086732627214,
            59.83938121053243
          ],
          [
            30.450867228550635,
            59.83938113956229
          ],
          [
            30.450867131358844,
            59.83938106840816
          ],
          [
            30.450867034698124,
            59.83938099707102
          ],
          [
            30.450866938569845,
            59.83938092555188
          ],
          [
            30.45086684297534,
            59.83938085385173
          ],
          [
            30.45086674791598,
            59.83938078197163
          ],
          [
            30.45086665339308,
            59.83938070991254
          ],
          [
            30.450866559407988,
            59.83938063767548
          ],
          [
            30.450866465962033,
            59.83938056526151
          ],
          [
            30.450866373056506,
            59.839380492671594
          ],
          [
            30.45086628069272,
            59.83938041990679
          ],
          [
            30.450866188871984,
            59.839380346968106
          ],
          [
            30.450866097595586,
            59.83938027385657
          ],
          [
            30.450866006864818,
            59.8393802005732
          ],
          [
            30.45086591668094,
            59.83938012711906
          ],
          [
            30.450865827045238,
            59.839380053495155
          ],
          [
            30.450865737958964,
            59.83937997970255
          ],
          [
            30.45086564942338,
            59.839379905742234
          ],
          [
            30.450865561439723,
            59.83937983161529
          ],
          [
            30.45086547400924,
            59.83937975732276
          ],
          [
            30.450865387133152,
            59.83937968286567
          ],
          [
            30.450865300812684,
            59.839379608245075
          ],
          [
            30.450865215049056,
            59.83937953346202
          ],
          [
            30.45086512984347,
            59.839379458517584
          ],
          [
            30.450865045197126,
            59.83937938341278
          ],
          [
            30.450864961111225,
            59.83937930814871
          ],
          [
            30.450864877586945,
            59.83937923272638
          ],
          [
            30.45086479462544,
            59.839379157146915
          ],
          [
            30.450864712227915,
            59.83937908141133
          ],
          [
            30.4508646303955,
            59.83937900552071
          ],
          [
            30.450864549129363,
            59.83937892947612
          ],
          [
            30.450864468430638,
            59.83937885327861
          ],
          [
            30.45086438830047,
            59.83937877692931
          ],
          [
            30.450864308739977,
            59.839378700429236
          ],
          [
            30.450864229750287,
            59.83937862377948
          ],
          [
            30.450864151332503,
            59.83937854698114
          ],
          [
            30.450864073487743,
            59.83937847003526
          ],
          [
            30.45086399621708,
            59.839378392942976
          ],
          [
            30.45086391952163,
            59.83937831570532
          ],
          [
            30.45086384340245,
            59.83937823832342
          ],
          [
            30.450863767860614,
            59.839378160798326
          ],
          [
            30.450863692897187,
            59.839378083131166
          ],
          [
            30.450863618513242,
            59.839378005323006
          ],
          [
            30.450863544709808,
            59.839377927374976
          ],
          [
            30.450863471487907,
            59.839377849288105
          ],
          [
            30.45086339884861,
            59.839377771063575
          ],
          [
            30.45086332679291,
            59.83937769270243
          ],
          [
            30.450863255321824,
            59.8393776142058
          ],
          [
            30.450863184436376,
            59.83937753557478
          ],
          [
            30.450863114137537,
            59.83937745681048
          ],
          [
            30.45086304442631,
            59.83937737791399
          ],
          [
            30.45086297530369,
            59.839377298886454
          ],
          [
            30.450862906770624,
            59.83937721972896
          ],
          [
            30.450862838828094,
            59.83937714044263
          ],
          [
            30.45086277147704,
            59.83937706102857
          ],
          [
            30.450862704718432,
            59.83937698148792
          ],
          [
            30.4508626385532,
            59.83937690182177
          ],
          [
            30.45086257298227,
            59.83937682203127
          ],
          [
            30.45086250800656,
            59.83937674211752
          ],
          [
            30.450862443627006,
            59.83937666208166
          ],
          [
            30.450862379844498,
            59.83937658192481
          ],
          [
            30.450862316659922,
            59.8393765016481
          ],
          [
            30.450862254074195,
            59.83937642125265
          ],
          [
            30.45086219635816,
            59.839376346258916
          ],
          [
            30.450862127603447,
            59.8393762513865
          ],
          [
            30.450862074274927,
            59.83937617552562
          ],
          [
            30.450861978921548,
            59.83937603475381
          ],
          [
            30.45086191266783,
            59.8393759360326
          ],
          [
            30.45086194375474,
            59.839375985103814
          ],
          [
            30.450861824578677,
            59.83937579761108
          ],
          [
            30.45086172678114,
            59.83937564734154
          ],
          [
            30.450861794051203,
            59.839375755268904
          ],
          [
            30.450862353054305,
            59.839376716300144
          ],
          [
            30.450863373685422,
            59.83937852124103
          ],
          [
            30.45086462588794,
            59.839380768307585
          ],
          [
            30.45086603946477,
            59.8393833826829
          ],
          [
            30.450867940611626,
            59.83938707654855
          ],
          [
            30.450870938360232,
            59.839393605936
          ],
          [
            30.450874655508926,
            59.8394026645684
          ],
          [
            30.450879103948495,
            59.83941384911189
          ],
          [
            30.45088399517306,
            59.8394268303323
          ],
          [
            30.450888729960766,
            59.83944101945049
          ],
          [
            30.450893360693776,
            59.839457711757206
          ],
          [
            30.450898049615162,
            59.839477282013014
          ],
          [
            30.450902273082175,
            59.83949896276577
          ],
          [
            30.450906218897252,
            59.839522550496035
          ],
          [
            30.45090968563517,
            59.83954531871779
          ],
          [
            30.45091149680445,
            59.83956554898598
          ],
          [
            30.450911712553815,
            59.839585051406395
          ],
          [
            30.450910406410333,
            59.83960563000502
          ],
          [
            30.450907887001886,
            59.83962683270752
          ],
          [
            30.450904448261138,
            59.839647500577115
          ],
          [
            30.450900694958754,
            59.83966702255171
          ],
          [
            30.450896517930182,
            59.839686052307655
          ],
          [
            30.45089103789444,
            59.83970606578621
          ],
          [
            30.450884815877362,
            59.839726740652885
          ],
          [
            30.450878071705503,
            59.839746551865545
          ],
          [
            30.4508703937448,
            59.83976619165409
          ],
          [
            30.450861898637765,
            59.83978579008213
          ],
          [
            30.45085344316703,
            59.83980403685463
          ],
          [
            30.45084527579557,
            59.83982041933683
          ],
          [
            30.45083642740709,
            59.839836252735864
          ],
          [
            30.45082639923314,
            59.839852125200935
          ],
          [
            30.450817730929696,
            59.8398651834904
          ],
          [
            30.45081068634544,
            59.83987544980483
          ],
          [
            30.450804987995006,
            59.839883529930766
          ],
          [
            30.45079948374279,
            59.83989064945771
          ],
          [
            30.45079360661268,
            59.839897742700984
          ],
          [
            30.45078872586705,
            59.839903264262915
          ],
          [
            30.45078478843201,
            59.83990749057646
          ],
          [
            30.450781192040782,
            59.839911080689674
          ],
          [
            30.45077791960207,
            59.83991410410169
          ],
          [
            30.450774719747155,
            59.83991685545802
          ],
          [
            30.45077308664341,
            59.83991821273936
          ],
          [
            30.450773109625754,
            59.83991819528103
          ],
          [
            30.45077306455404,
            59.83991822844739
          ],
          [
            30.45077134837904,
            59.83991945095325
          ],
          [
            30.450768454865415,
            59.839921414078944
          ],
          [
            30.45076668249022,
            59.83992259373588
          ],
          [
            30.450766615043122,
            59.83992263856361
          ],
          [
            30.450766719594252,
            59.83992257010238
          ],
          [
            30.45076682465496,
            59.83992250183904
          ],
          [
            30.45076693022379,
            59.83992243377453
          ],
          [
            30.450767036299244,
            59.839922365909814
          ],
          [
            30.450767142879823,
            59.839922298245845
          ],
          [
            30.45076724996404,
            59.83992223078358
          ],
          [
            30.450767357550376,
            59.83992216352397
          ],
          [
            30.45076746563732,
            59.83992209646796
          ],
          [
            30.45076757422336,
            59.8399220296165
          ],
          [
            30.450767683306964,
            59.83992196297052
          ],
          [
            30.450767792886595,
            59.839921896530946
          ],
          [
            30.45076790296071,
            59.83992183029875
          ],
          [
            30.45076801352775,
            59.83992176427485
          ],
          [
            30.450768124586165,
            59.83992169846014
          ],
          [
            30.450768236134408,
            59.8399216328556
          ],
          [
            30.45076834817089,
            59.839921567462106
          ],
          [
            30.450768460694043,
            59.839921502280596
          ],
          [
            30.450768573702288,
            59.83992143731202
          ],
          [
            30.450768687194014,
            59.83992137255725
          ],
          [
            30.450768801167644,
            59.8399213080172
          ],
          [
            30.450768915621573,
            59.839921243692814
          ],
          [
            30.450769030554177,
            59.839921179584955
          ],
          [
            30.45076914596385,
            59.83992111569456
          ],
          [
            30.450769261848954,
            59.83992105202249
          ],
          [
            30.45076937820788,
            59.83992098856967
          ],
          [
            30.45076949503898,
            59.83992092533698
          ],
          [
            30.450769612340597,
            59.83992086232533
          ],
          [
            30.450769730111098,
            59.83992079953558
          ],
          [
            30.450769848348816,
            59.83992073696862
          ],
          [
            30.450769967052086,
            59.83992067462535
          ],
          [
            30.450770086219244,
            59.83992061250664
          ],
          [
            30.450770205848617,
            59.839920550613336
          ],
          [
            30.450770325938503,
            59.83992048894635
          ],
          [
            30.450770446487226,
            59.83992042750652
          ],
          [
            30.450770567493088,
            59.83992036629472
          ],
          [
            30.45077068895439,
            59.83992030531182
          ],
          [
            30.450770810869415,
            59.83992024455867
          ],
          [
            30.450770933236434,
            59.83992018403611
          ],
          [
            30.450771056053757,
            59.83992012374503
          ],
          [
            30.45077117931963,
            59.83992006368625
          ],
          [
            30.450771303032337,
            59.83992000386063
          ],
          [
            30.45077142719012,
            59.839919944269006
          ],
          [
            30.450771551791235,
            59.8399198849122
          ],
          [
            30.450771676833927,
            59.83991982579105
          ],
          [
            30.450771802316453,
            59.839919766906426
          ],
          [
            30.45077192823703,
            59.83991970825914
          ],
          [
            30.45077205459389,
            59.83991964984998
          ],
          [
            30.45077218138526,
            59.8399195916798
          ],
          [
            30.45077230860934,
            59.83991953374943
          ],
          [
            30.45077243626436,
            59.83991947605965
          ],
          [
            30.450772564348515,
            59.839919418611316
          ],
          [
            30.450772692859996,
            59.83991936140519
          ],
          [
            30.450772821796992,
            59.83991930444211
          ],
          [
            30.45077295115771,
            59.839919247722875
          ],
          [
            30.450773080940298,
            59.83991919124827
          ],
          [
            30.450773211142966,
            59.839919135019095
          ],
          [
            30.45077334176385,
            59.83991907903613
          ],
          [
            30.45077347280113,
            59.83991902330019
          ],
          [
            30.45077360425295,
            59.83991896781204
          ],
          [
            30.450773736117466,
            59.83991891257246
          ],
          [
            30.45077386839283,
            59.83991885758225
          ],
          [
            30.45077400107716,
            59.839918802842135
          ],
          [
            30.450774134168604,
            59.839918748352936
          ],
          [
            30.450774267665295,
            59.8399186941154
          ],
          [
            30.450774401565337,
            59.83991864013029
          ],
          [
            30.450774535866852,
            59.83991858639838
          ],
          [
            30.45077467056795,
            59.83991853292039
          ],
          [
            30.450774805666747,
            59.83991847969711
          ],
          [
            30.45077494116132,
            59.83991842672927
          ],
          [
            30.450775077049784,
            59.83991837401762
          ],
          [
            30.45077521333021,
            59.839918321562905
          ],
          [
            30.450775350000672,
            59.83991826936586
          ],
          [
            30.45077548705927,
            59.83991821742722
          ],
          [
            30.450775624504082,
            59.83991816574771
          ],
          [
            30.450775762333144,
            59.83991811432808
          ],
          [
            30.450775900544524,
            59.83991806316902
          ],
          [
            30.450776039136283,
            59.83991801227127
          ],
          [
            30.450776178106473,
            59.83991796163555
          ],
          [
            30.450776317453133,
            59.83991791126256
          ],
          [
            30.450776457174307,
            59.83991786115301
          ],
          [
            30.45077659726802,
            59.83991781130763
          ],
          [
            30.45077673773231,
            59.839917761727065
          ],
          [
            30.45077687856519,
            59.83991771241207
          ],
          [
            30.450777019764693,
            59.83991766336332
          ],
          [
            30.450777161328823,
            59.839917614581516
          ],
          [
            30.450777303255574,
            59.83991756606732
          ],
          [
            30.450777445542972,
            59.83991751782142
          ],
          [
            30.450777588189,
            59.83991746984451
          ],
          [
            30.450777731191646,
            59.839917422137255
          ],
          [
            30.450777874548915,
            59.83991737470034
          ],
          [
            30.45077801825878,
            59.83991732753441
          ],
          [
            30.450778162319224,
            59.839917280640115
          ],
          [
            30.4507783067282,
            59.83991723401819
          ],
          [
            30.4507784514837,
            59.83991718766922
          ],
          [
            30.45077859658367,
            59.839917141593865
          ],
          [
            30.450778742026092,
            59.839917095792806
          ],
          [
            30.450778887808887,
            59.83991705026666
          ],
          [
            30.450779033930015,
            59.839917005016076
          ],
          [
            30.450779180387425,
            59.83991696004169
          ],
          [
            30.450779327179056,
            59.83991691534414
          ],
          [
            30.45077947430284,
            59.83991687092404
          ],
          [
            30.450779621756695,
            59.83991682678205
          ],
          [
            30.450779769538567,
            59.83991678291874
          ],
          [
            30.450779917646358,
            59.83991673933476
          ],
          [
            30.450780066078003,
            59.839916696030734
          ],
          [
            30.450780214831394,
            59.83991665300726
          ],
          [
            30.450780363904435,
            59.839916610264915
          ],
          [
            30.450780513295058,
            59.83991656780433
          ],
          [
            30.450780663001126,
            59.839916525626094
          ],
          [
            30.45078081302055,
            59.83991648373082
          ],
          [
            30.450780963351217,
            59.83991644211909
          ],
          [
            30.450781113990995,
            59.83991640079146
          ],
          [
            30.450781264937792,
            59.83991635974855
          ],
          [
            30.450781416189464,
            59.8399163189909
          ],
          [
            30.4507815677439,
            59.83991627851912
          ],
          [
            30.450781719598936,
            59.83991623833375
          ],
          [
            30.45078187175247,
            59.83991619843537
          ],
          [
            30.450782024202333,
            59.83991615882455
          ],
          [
            30.45078217694639,
            59.839916119501844
          ],
          [
            30.4507823299825,
            59.83991608046778
          ],
          [
            30.450782483308497,
            59.83991604172294
          ],
          [
            30.450782636922227,
            59.83991600326786
          ],
          [
            30.450782790821535,
            59.839915965103074
          ],
          [
            30.45078294500424,
            59.839915927229114
          ],
          [
            30.450783099468175,
            59.83991588964653
          ],
          [
            30.45078325421119,
            59.839915852355844
          ],
          [
            30.450783409231075,
            59.83991581535757
          ],
          [
            30.450783564525672,
            59.839915778652255
          ],
          [
            30.45078372009277,
            59.839915742240386
          ],
          [
            30.45078387593021,
            59.83991570612249
          ],
          [
            30.45078403203577,
            59.83991567029908
          ],
          [
            30.450784188407273,
            59.83991563477064
          ],
          [
            30.45078434504252,
            59.83991559953769
          ],
          [
            30.4507845019393,
            59.839915564600716
          ],
          [
            30.45078465909539,
            59.83991552996023
          ],
          [
            30.450784816508598,
            59.83991549561668
          ],
          [
            30.450784974176695,
            59.839915461570584
          ],
          [
            30.450785132097483,
            59.839915427822405
          ],
          [
            30.450785290268733,
            59.83991539437264
          ],
          [
            30.45078544868819,
            59.83991536122171
          ],
          [
            30.450785607353648,
            59.83991532837013
          ],
          [
            30.45078576626288,
            59.83991529581835
          ],
          [
            30.450785925413644,
            59.83991526356683
          ],
          [
            30.450786084803696,
            59.839915231616004
          ],
          [
            30.45078624443079,
            59.83991519996635
          ],
          [
            30.450786404292696,
            59.83991516861829
          ],
          [
            30.450786564387137,
            59.83991513757226
          ],
          [
            30.45078672471189,
            59.83991510682874
          ],
          [
            30.450786885264673,
            59.83991507638812
          ],
          [
            30.45078704604323,
            59.83991504625084
          ],
          [
            30.450787207045323,
            59.83991501641732
          ],
          [
            30.450787368268657,
            59.83991498688798
          ],
          [
            30.45078752971098,
            59.83991495766328
          ],
          [
            30.45078769137001,
            59.83991492874357
          ],
          [
            30.450787853243483,
            59.83991490012927
          ],
          [
            30.450788015329103,
            59.83991487182081
          ],
          [
            30.450788177624602,
            59.83991484381855
          ],
          [
            30.450788340127698,
            59.83991481612291
          ],
          [
            30.450788502836104,
            59.839914788734305
          ],
          [
            30.450788665747517,
            59.83991476165306
          ],
          [
            30.450788828859654,
            59.8399147348796
          ],
          [
            30.450788992170224,
            59.83991470841429
          ],
          [
            30.450789155676922,
            59.839914682257486
          ],
          [
            30.45078931937744,
            59.83991465640959
          ],
          [
            30.45078948326949,
            59.83991463087094
          ],
          [
            30.450789647350753,
            59.839914605641894
          ],
          [
            30.45078981161893,
            59.83991458072282
          ],
          [
            30.450789976071697,
            59.83991455611407
          ],
          [
            30.450790140706744,
            59.83991453181598
          ],
          [
            30.450790305521764,
            59.839914507828894
          ],
          [
            30.450790470514416,
            59.839914484153155
          ],
          [
            30.450790635682395,
            59.83991446078909
          ],
          [
            30.45079080102338,
            59.83991443773704
          ],
          [
            30.450790966535035,
            59.83991441499731
          ],
          [
            30.450791132215027,
            59.839914392570236
          ],
          [
            30.45079129806103,
            59.839914370456135
          ],
          [
            30.45079146407072,
            59.8399143486553
          ],
          [
            30.45079163024174,
            59.83991432716806
          ],
          [
            30.450791796571764,
            59.8399143059947
          ],
          [
            30.450791963058446,
            59.83991428513553
          ],
          [
            30.450792129699437,
            59.839914264590824
          ],
          [
            30.450792296492413,
            59.83991424436088
          ],
          [
            30.450792463435008,
            59.839914224446005
          ],
          [
            30.45079263052488,
            59.83991420484647
          ],
          [
            30.450792797759675,
            59.83991418556253
          ],
          [
            30.450792965137037,
            59.839914166594475
          ],
          [
            30.45079313265462,
            59.839914147942565
          ],
          [
            30.450793300310046,
            59.83991412960707
          ],
          [
            30.450793468100994,
            59.839914111588214
          ],
          [
            30.450793636025058,
            59.83991409388632
          ],
          [
            30.450793804079897,
            59.83991407650156
          ],
          [
            30.45079397226314,
            59.839914059434236
          ],
          [
            30.45079414057243,
            59.83991404268454
          ],
          [
            30.45079430900538,
            59.83991402625278
          ],
          [
            30.450794477559647,
            59.83991401013911
          ],
          [
            30.45079464623283,
            59.83991399434379
          ],
          [
            30.450794815022576,
            59.839913978867045
          ],
          [
            30.450794983926496,
            59.839913963709094
          ],
          [
            30.450795152942224,
            59.83991394887013
          ],
          [
            30.450795322067364,
            59.8399139343504
          ],
          [
            30.45079549129956,
            59.839913920150074
          ],
          [
            30.450795660636405,
            59.839913906269345
          ],
          [
            30.450795830075545,
            59.83991389270845
          ],
          [
            30.450795999614556,
            59.83991387946753
          ],
          [
            30.45079616925109,
            59.83991386654682
          ],
          [
            30.45079633898274,
            59.839913853946484
          ],
          [
            30.450796508807123,
            59.83991384166668
          ],
          [
            30.450796678721844,
            59.839913829707605
          ],
          [
            30.450796848724522,
            59.839913818069405
          ],
          [
            30.45079701881275,
            59.83991380675228
          ],
          [
            30.450797188984147,
            59.83991379575634
          ],
          [
            30.450797359236308,
            59.83991378508178
          ],
          [
            30.45079752956685,
            59.83991377472873
          ],
          [
            30.450797699973354,
            59.83991376469734
          ],
          [
            30.450797870453446,
            59.83991375498776
          ],
          [
            30.450798041004706,
            59.839913745600114
          ],
          [
            30.45079821162474,
            59.83991373653454
          ],
          [
            30.450798382311174,
            59.83991372779117
          ],
          [
            30.45079855306156,
            59.83991371937012
          ],
          [
            30.450798723873522,
            59.83991371127151
          ],
          [
            30.45079889474465,
            59.83991370349545
          ],
          [
            30.450799065672545,
            59.839913696042046
          ],
          [
            30.450799236654795,
            59.839913688911444
          ],
          [
            30.450799407688994,
            59.839913682103685
          ],
          [
            30.450799578772727,
            59.83991367561889
          ],
          [
            30.450799749903613,
            59.83991366945716
          ],
          [
            30.450799921079213,
            59.83991366361857
          ],
          [
            30.45080009229713,
            59.83991365810321
          ],
          [
            30.450800263554964,
            59.83991365291115
          ],
          [
            30.450800434850287,
            59.83991364804246
          ],
          [
            30.450800606180707,
            59.83991364349722
          ],
          [
            30.450800777543787,
            59.839913639275494
          ],
          [
            30.45080094893715,
            59.83991363537733
          ],
          [
            30.45080112035835,
            59.839913631802794
          ],
          [
            30.45080129180499,
            59.839913628551905
          ],
          [
            30.450801463274658,
            59.83991362562477
          ],
          [
            30.45080163476494,
            59.83991362302138
          ],
          [
            30.450801806273425,
            59.83991362074179
          ],
          [
            30.450801977797692,
            59.83991361878603
          ],
          [
            30.450802149335335,
            59.83991361715411
          ],
          [
            30.450802320883927,
            59.839913615846086
          ],
          [
            30.450802492441074,
            59.83991361486196
          ],
          [
            30.450802664004343,
            59.83991361420174
          ],
          [
            30.450802835571324,
            59.83991361386543
          ],
          [
            30.450803007139605,
            59.839913613853064
          ],
          [
            30.45080317870677,
            59.839913614164615
          ],
          [
            30.45080335027042,
            59.83991361480008
          ],
          [
            30.450803521828107,
            59.83991361575948
          ],
          [
            30.45080369337744,
            59.83991361704277
          ],
          [
            30.45080386491601,
            59.83991361864994
          ],
          [
            30.450804036441376,
            59.83991362058095
          ],
          [
            30.450804207951155,
            59.8399136228358
          ],
          [
            30.450804379442907,
            59.83991362541447
          ],
          [
            30.45080455091424,
            59.83991362831688
          ],
          [
            30.450804722362733,
            59.83991363154301
          ],
          [
            30.450804893785964,
            59.839913635092834
          ],
          [
            30.450805065181534,
            59.83991363896628
          ],
          [
            30.450805236547023,
            59.8399136431633
          ],
          [
            30.45080540788001,
            59.83991364768382
          ],
          [
            30.450805579178102,
            59.83991365252779
          ],
          [
            30.450805750438892,
            59.83991365769515
          ],
          [
            30.450805921659942,
            59.83991366318583
          ],
          [
            30.45080609283887,
            59.83991366899972
          ],
          [
            30.450806263973256,
            59.83991367513676
          ],
          [
            30.450806435060677,
            59.83991368159689
          ],
          [
            30.450806606098748,
            59.83991368837997
          ],
          [
            30.450806777085056,
            59.83991369548593
          ],
          [
            30.450806948017185,
            59.83991370291468
          ],
          [
            30.45080711889274,
            59.83991371066607
          ],
          [
            30.450807289709307,
            59.83991371874005
          ],
          [
            30.450807460464492,
            59.83991372713647
          ],
          [
            30.45080763115588,
            59.839913735855234
          ],
          [
            30.450807801781085,
            59.839913744896194
          ],
          [
            30.450807972337696,
            59.839913754259236
          ],
          [
            30.450808142823313,
            59.839913763944224
          ],
          [
            30.45080831323553,
            59.83991377395104
          ],
          [
            30.45080848357196,
            59.839913784279524
          ],
          [
            30.45080865383019,
            59.83991379492952
          ],
          [
            30.450808824007837,
            59.839913805900906
          ],
          [
            30.45080899410252,
            59.83991381719352
          ],
          [
            30.450809164111806,
            59.83991382880719
          ],
          [
            30.450809334033348,
            59.83991384074176
          ],
          [
            30.45080950386472,
            59.839913852997064
          ],
          [
            30.450809673603533,
            59.839913865572925
          ],
          [
            30.45080984324743,
            59.83991387846918
          ],
          [
            30.45081001279399,
            59.83991389168561
          ],
          [
            30.45081018224084,
            59.839913905222076
          ],
          [
            30.45081035158559,
            59.83991391907836
          ],
          [
            30.450810520825865,
            59.83991393325427
          ],
          [
            30.450810689959276,
            59.83991394774964
          ],
          [
            30.450810858983452,
            59.839913962564204
          ],
          [
            30.450811027896,
            59.839913977697805
          ],
          [
            30.450811196694556,
            59.839913993150226
          ],
          [
            30.450811365376744,
            59.8399140089212
          ],
          [
            30.450811533940175,
            59.83991402501054
          ],
          [
            30.450811702382484,
            59.839914041418034
          ],
          [
            30.450811870701312,
            59.839914058143435
          ],
          [
            30.45081203889427,
            59.8399140751865
          ],
          [
            30.450812206959018,
            59.839914092547026
          ],
          [
            30.450812374893157,
            59.839914110224704
          ],
          [
            30.45081254269435,
            59.83991412821934
          ],
          [
            30.450812710360236,
            59.83991414653066
          ],
          [
            30.45081287788842,
            59.839914165158405
          ],
          [
            30.450813045276593,
            59.839914184102334
          ],
          [
            30.45081321252237,
            59.83991420336214
          ],
          [
            30.450813379623398,
            59.83991422293758
          ],
          [
            30.450813546577347,
            59.839914242828385
          ],
          [
            30.450813713381834,
            59.83991426303426
          ],
          [
            30.45081388003453,
            59.83991428355492
          ],
          [
            30.450814046533093,
            59.839914304390085
          ],
          [
            30.450814212875176,
            59.83991432553944
          ],
          [
            30.450814379058425,
            59.839914347002725
          ],
          [
            30.45081454508053,
            59.8399143687796
          ],
          [
            30.450814710939124,
            59.8399143908698
          ],
          [
            30.450814876631892,
            59.83991441327298
          ],
          [
            30.450815042156496,
            59.83991443598883
          ],
          [
            30.450815207510608,
            59.83991445901704
          ],
          [
            30.450815372691896,
            59.83991448235727
          ],
          [
            30.45081553769804,
            59.83991450600921
          ],
          [
            30.45081570252671,
            59.83991452997252
          ],
          [
            30.4508158671756,
            59.83991455424687
          ],
          [
            30.450816031642383,
            59.83991457883189
          ],
          [
            30.450816195924748,
            59.83991460372727
          ],
          [
            30.450816360020383,
            59.83991462893265
          ],
          [
            30.450816523926974,
            59.839914654447654
          ],
          [
            30.450816687642224,
            59.83991468027194
          ],
          [
            30.450816851163815,
            59.83991470640516
          ],
          [
            30.450817014489456,
            59.83991473284692
          ],
          [
            30.45081717761684,
            59.83991475959686
          ],
          [
            30.450817340543683,
            59.83991478665459
          ],
          [
            30.45081750326768,
            59.83991481401975
          ],
          [
            30.45081766578655,
            59.839914841691936
          ],
          [
            30.450817828098003,
            59.83991486967078
          ],
          [
            30.450817990199756,
            59.83991489795586
          ],
          [
            30.45081815208951,
            59.8399149265468
          ],
          [
            30.450818313765012,
            59.839914955443206
          ],
          [
            30.450818475223983,
            59.839914984644636
          ],
          [
            30.45081863646414,
            59.839915014150705
          ],
          [
            30.450818797483215,
            59.83991504396099
          ],
          [
            30.450818958278948,
            59.83991507407508
          ],
          [
            30.45081911884908,
            59.83991510449255
          ],
          [
            30.450819279191336,
            59.83991513521296
          ],
          [
            30.450819439303462,
            59.839915166235876
          ],
          [
            30.45081959918321,
            59.83991519756086
          ],
          [
            30.45081975882834,
            59.83991522918751
          ],
          [
            30.450819918236583,
            59.83991526111534
          ],
          [
            30.450820077405726,
            59.83991529334392
          ],
          [
            30.450820236333488,
            59.839915325872774
          ],
          [
            30.450820395017672,
            59.83991535870148
          ],
          [
            30.450820553456015,
            59.83991539182954
          ],
          [
            30.450820711646312,
            59.8399154252565
          ],
          [
            30.45082086958632,
            59.83991545898189
          ],
          [
            30.450821027273815,
            59.839915493005265
          ],
          [
            30.450821184706584,
            59.839915527326085
          ],
          [
            30.450821341882413,
            59.83991556194391
          ],
          [
            30.45082149879908,
            59.83991559685825
          ],
          [
            30.450821655454394,
            59.83991563206859
          ],
          [
            30.450821811846133,
            59.83991566757447
          ],
          [
            30.450821967972114,
            59.83991570337538
          ],
          [
            30.450822123830125,
            59.8399157394708
          ],
          [
            30.45082227941797,
            59.83991577586022
          ],
          [
            30.450822434733468,
            59.83991581254314
          ],
          [
            30.45082258977443,
            59.839915849519045
          ],
          [
            30.450822744538687,
            59.83991588678742
          ],
          [
            30.450822899024036,
            59.83991592434772
          ],
          [
            30.45082305322832,
            59.83991596219943
          ],
          [
            30.45082320714936,
            59.83991600034203
          ],
          [
            30.45082336078499,
            59.839916038774945
          ],
          [
            30.450823514133056,
            59.839916077497676
          ],
          [
            30.450823667191397,
            59.83991611650965
          ],
          [
            30.45082381995786,
            59.83991615581034
          ],
          [
            30.450823972430292,
            59.83991619539916
          ],
          [
            30.450824124606548,
            59.839916235275595
          ],
          [
            30.450824276484482,
            59.83991627543905
          ],
          [
            30.450824428061964,
            59.83991631588897
          ],
          [
            30.45082457933686,
            59.8399163566248
          ],
          [
            30.45082473030703,
            59.83991639764595
          ],
          [
            30.45082488097037,
            59.83991643895184
          ],
          [
            30.450825031324737,
            59.83991648054191
          ],
          [
            30.45082518136802,
            59.839916522415535
          ],
          [
            30.450825331098116,
            59.83991656457217
          ],
          [
            30.450825480512915,
            59.839916607011205
          ],
          [
            30.45082562961032,
            59.83991664973203
          ],
          [
            30.45082577838821,
            59.839916692734064
          ],
          [
            30.450825926844523,
            59.83991673601668
          ],
          [
            30.45082607497714,
            59.8399167795793
          ],
          [
            30.450826222784,
            59.83991682342128
          ],
          [
            30.450826370263012,
            59.839916867542016
          ],
          [
            30.4508265174121,
            59.83991691194088
          ],
          [
            30.450826664229186,
            59.83991695661725
          ],
          [
            30.450826810712222,
            59.83991700157051
          ],
          [
            30.45082695685913,
            59.839917046800025
          ],
          [
            30.450827102667862,
            59.83991709230515
          ],
          [
            30.450827248136363,
            59.83991713808523
          ],
          [
            30.450827393262585,
            59.839917184139644
          ],
          [
            30.450827538044482,
            59.839917230467734
          ],
          [
            30.45082768248003,
            59.83991727706885
          ],
          [
            30.450827826567178,
            59.83991732394232
          ],
          [
            30.450827970303916,
            59.83991737108755
          ],
          [
            30.450828113688207,
            59.83991741850378
          ],
          [
            30.450828256718037,
            59.83991746619042
          ],
          [
            30.450828399391405,
            59.83991751414675
          ],
          [
            30.450828541706272,
            59.839917562372115
          ],
          [
            30.450828683660674,
            59.83991761086584
          ],
          [
            30.45082882525259,
            59.83991765962724
          ],
          [
            30.450828966480028,
            59.83991770865563
          ],
          [
            30.450829107341,
            59.83991775795031
          ],
          [
            30.45082924783354,
            59.83991780751058
          ],
          [
            30.450829387955647,
            59.83991785733576
          ],
          [
            30.450829527705366,
            59.83991790742516
          ],
          [
            30.450829667080725,
            59.83991795777805
          ],
          [
            30.45082980607977,
            59.839918008393724
          ],
          [
            30.450829944700523,
            59.83991805927148
          ],
          [
            30.45083008294105,
            59.839918110410586
          ],
          [
            30.450830220799407,
            59.83991816181036
          ],
          [
            30.45083035827364,
            59.83991821347003
          ],
          [
            30.45083049536183,
            59.8399182653889
          ],
          [
            30.450830632062047,
            59.83991831756624
          ],
          [
            30.450830768372352,
            59.83991837000129
          ],
          [
            30.450830904290843,
            59.83991842269334
          ],
          [
            30.450831039815593,
            59.83991847564163
          ],
          [
            30.450831174944696,
            59.83991852884543
          ],
          [
            30.45083130967627,
            59.83991858230398
          ],
          [
            30.450831444008404,
            59.83991863601653
          ],
          [
            30.450831577939194,
            59.83991868998232
          ],
          [
            30.450831711466787,
            59.839918744200595
          ],
          [
            30.450831844589267,
            59.8399187986706
          ],
          [
            30.450831977304787,
            59.83991885339156
          ],
          [
            30.450832109611483,
            59.83991890836269
          ],
          [
            30.450832241507463,
            59.83991896358325
          ],
          [
            30.450832372990902,
            59.839919019052445
          ],
          [
            30.45083250405993,
            59.83991907476949
          ],
          [
            30.450832634712715,
            59.839919130733584
          ],
          [
            30.45083276494741,
            59.83991918694399
          ],
          [
            30.45083289476217,
            59.839919243399876
          ],
          [
            30.450833024155205,
            59.83991930010046
          ],
          [
            30.450833153124655,
            59.839919357044934
          ],
          [
            30.450833281668732,
            59.83991941423252
          ],
          [
            30.450833409785606,
            59.83991947166237
          ],
          [
            30.450833537473496,
            59.83991952933374
          ],
          [
            30.450833664730585,
            59.83991958724576
          ],
          [
            30.450833791555088,
            59.83991964539765
          ],
          [
            30.450833917945225,
            59.83991970378856
          ],
          [
            30.45083404389921,
            59.8399197624177
          ],
          [
            30.450834169415277,
            59.83991982128425
          ],
          [
            30.45083429449166,
            59.83991988038732
          ],
          [
            30.450834419126593,
            59.83991993972616
          ],
          [
            30.450834543318333,
            59.83991999929988
          ],
          [
            30.45083466706511,
            59.839920059107655
          ],
          [
            30.450834790365203,
            59.83992011914866
          ],
          [
            30.450834913216877,
            59.83992017942203
          ],
          [
            30.45083503561839,
            59.83992023992693
          ],
          [
            30.450835157568015,
            59.839920300662484
          ],
          [
            30.450835279064066,
            59.839920361627875
          ],
          [
            30.450835400104793,
            59.83992042282221
          ],
          [
            30.45083552068852,
            59.83992048424465
          ],
          [
            30.450835640813548,
            59.839920545894316
          ],
          [
            30.450835760478178,
            59.83992060777036
          ],
          [
            30.45083587968072,
            59.83992066987188
          ],
          [
            30.450835998419517,
            59.83992073219802
          ],
          [
            30.450836116692876,
            59.839920794747925
          ],
          [
            30.450836234499146,
            59.839920857520674
          ],
          [
            30.450836351836674,
            59.83992092051542
          ],
          [
            30.450836468703795,
            59.83992098373125
          ],
          [
            30.450836585098873,
            59.839921047167294
          ],
          [
            30.45083670102025,
            59.83992111082264
          ],
          [
            30.450836816466325,
            59.83992117469639
          ],
          [
            30.45083693143545,
            59.83992123878766
          ],
          [
            30.450837045926022,
            59.839921303095565
          ],
          [
            30.450837159936427,
            59.839921367619155
          ],
          [
            30.450837273465048,
            59.839921432357556
          ],
          [
            30.4508373865103,
            59.83992149730984
          ],
          [
            30.450837499070595,
            59.839921562475105
          ],
          [
            30.450837611144337,
            59.83992162785243
          ],
          [
            30.45083772272995,
            59.83992169344088
          ],
          [
            30.450837833825872,
            59.83992175923956
          ],
          [
            30.450837944430532,
            59.83992182524753
          ],
          [
            30.45083805454238,
            59.83992189146384
          ],
          [
            30.45083816415985,
            59.839921957887604
          ],
          [
            30.450838273281427,
            59.83992202451784
          ],
          [
            30.450838381905555,
            59.83992209135365
          ],
          [
            30.45083849003071,
            59.83992215839405
          ],
          [
            30.450838530605285,
            59.839922183857794
          ],
          [
            30.450838627255255,
            59.839922249494876
          ],
          [
            30.450837446545478,
            59.83992143651033
          ],
          [
            30.450834050144152,
            59.83991916362424
          ],
          [
            30.450829860756723,
            59.839916346392485
          ],
          [
            30.450827002032877,
            59.83991437622546
          ],
          [
            30.45082486220034,
            59.83991291282153
          ],
          [
            30.45082195227763,
            59.839910974526475
          ],
          [
            30.450818619264943,
            59.83990872439382
          ],
          [
            30.450813353550075,
            59.83990516795825
          ],
          [
            30.45080568218621,
            59.839900021282915
          ],
          [
            30.450798848447207,
            59.83989540910765
          ],
          [
            30.450793361965175,
            59.83989166411411
          ],
          [
            30.450789393081642,
            59.83988892497242
          ],
          [
            30.45078598751844,
            59.83988658336983
          ],
          [
            30.450783357958937,
            59.83988479279081
          ],
          [
            30.450780868205605,
            59.839883114796805
          ],
          [
            30.45077664630792,
            59.83988027661018
          ],
          [
            30.450771070355525,
            59.83987654064464
          ],
          [
            30.450765199943742,
            59.83987257183579
          ],
          [
            30.450758974107263,
            59.83986834756919
          ],
          [
            30.450751852815536,
            59.83986352383613
          ],
          [
            30.450744378674695,
            59.8398584605616
          ],
          [
            30.45073649217355,
            59.839853124019925
          ],
          [
            30.450728810286,
            59.83984787764855
          ],
          [
            30.450723768959968,
            59.839844338318414
          ],
          [
            30.45072212689468,
            59.839843154826525
          ],
          [
            30.450720348276576,
            59.83984189028318
          ],
          [
            30.45071850903862,
            59.83984058210461
          ],
          [
            30.450717243182787,
            59.83983966549293
          ],
          [
            30.45071730496085,
            59.83983971212166
          ],
          [
            30.450717379930165,
            59.83983976963245
          ],
          [
            30.45071755703694,
            59.83983990664795
          ],
          [
            30.450718122653807,
            59.83984034895173
          ],
          [
            30.450718819494167,
            59.83984091180751
          ],
          [
            30.450719185693277,
            59.839841212869985
          ],
          [
            30.450719293588804,
            59.83984130285678
          ],
          [
            30.45071925184333,
            59.839841267797134
          ],
          [
            30.450719373825763,
            59.83984137438792
          ],
          [
            30.45071920845755,
            59.8398412265546
          ],
          [
            30.450717238410633,
            59.839839528021365
          ],
          [
            30.450714756273722,
            59.839837405905314
          ],
          [
            30.450712588904118,
            59.839835524344785
          ],
          [
            30.450708619404466,
            59.83983215126526
          ],
          [
            30.45070609043876,
            59.839829985511145
          ],
          [
            30.450705871181505,
            59.83982979596873
          ],
          [
            30.45070610007995,
            59.83983000362913
          ],
          [
            30.450706277387543,
            59.839830175158596
          ],
          [
            30.45070645478923,
            59.83983035574482
          ],
          [
            30.450706728550056,
            59.83983065058209
          ],
          [
            30.45070669278951,
            59.83983061203847
          ],
          [
            30.45070686129745,
            59.839830813014984
          ],
          [
            30.450706941236866,
            59.839830911260435
          ],
          [
            30.450707028440704,
            59.8398310217882
          ],
          [
            30.450707176693513,
            59.83983121641527
          ],
          [
            30.45070730385784,
            59.83983139170242
          ],
          [
            30.450707396345692,
            59.83983152592586
          ],
          [
            30.450707476648216,
            59.83983164753307
          ],
          [
            30.450707554143683,
            59.8398317710781
          ],
          [
            30.45070765849987,
            59.83983195282409
          ],
          [
            30.450707702989316,
            59.839832035929966
          ],
          [
            30.450707725603397,
            59.8398320792398
          ],
          [
            30.450707571253485,
            59.83983176806089
          ],
          [
            30.450707339557315,
            59.83983127158867
          ],
          [
            30.45070731933153,
            59.83983122150768
          ],
          [
            30.450707116965432,
            59.83983070918505
          ],
          [
            30.450707152555527,
            59.83983080973013
          ],
          [
            30.450707181847463,
            59.839830894807974
          ],
          [
            30.450707210505005,
            59.83983097994052
          ],
          [
            30.450707238527745,
            59.839831065126575
          ],
          [
            30.450707265915305,
            59.839831150364944
          ],
          [
            30.450707292667285,
            59.83983123565441
          ],
          [
            30.450707318783305,
            59.83983132099379
          ],
          [
            30.45070734426301,
            59.839831406381876
          ],
          [
            30.450707369106034,
            59.83983149181746
          ],
          [
            30.450707393312026,
            59.839831577299364
          ],
          [
            30.45070741688066,
            59.83983166282636
          ],
          [
            30.450707439811584,
            59.83983174839725
          ],
          [
            30.450707462104486,
            59.83983183401084
          ],
          [
            30.45070748375905,
            59.83983191966591
          ],
          [
            30.45070750477497,
            59.83983200536126
          ],
          [
            30.45070752515196,
            59.839832091095694
          ],
          [
            30.45070754488972,
            59.839832176867986
          ],
          [
            30.450707563987976,
            59.83983226267695
          ],
          [
            30.45070758244645,
            59.83983234852137
          ],
          [
            30.450707600264906,
            59.83983243440002
          ],
          [
            30.450707617443083,
            59.83983252031172
          ],
          [
            30.450707633980727,
            59.839832606255236
          ],
          [
            30.450707649877614,
            59.83983269222939
          ],
          [
            30.450707665133528,
            59.839832778232946
          ],
          [
            30.45070767974824,
            59.83983286426469
          ],
          [
            30.450707693721554,
            59.83983295032345
          ],
          [
            30.450707707053265,
            59.83983303640795
          ],
          [
            30.450707719743207,
            59.839833122517035
          ],
          [
            30.45070773179116,
            59.83983320864947
          ],
          [
            30.450707743196993,
            59.839833294804045
          ],
          [
            30.450707753960536,
            59.83983338097954
          ],
          [
            30.450707764081635,
            59.83983346717478
          ],
          [
            30.450707773560136,
            59.839833553388495
          ],
          [
            30.450707782395927,
            59.83983363961949
          ],
          [
            30.450707790588865,
            59.83983372586659
          ],
          [
            30.45070779813884,
            59.83983381212854
          ],
          [
            30.450707805045752,
            59.83983389840412
          ],
          [
            30.4507078113095,
            59.839833984692156
          ],
          [
            30.45070781692999,
            59.8398340709914
          ],
          [
            30.450707821907166,
            59.83983415730065
          ],
          [
            30.45070782624092,
            59.8398342436187
          ],
          [
            30.450707829931222,
            59.83983432994432
          ],
          [
            30.450707832978,
            59.83983441627629
          ],
          [
            30.450707835381227,
            59.839834502613414
          ],
          [
            30.450707837140865,
            59.83983458895445
          ],
          [
            30.45070783825689,
            59.83983467529822
          ],
          [
            30.450707838729276,
            59.83983476164348
          ],
          [
            30.450707838558024,
            59.83983484798904
          ],
          [
            30.450707837743135,
            59.83983493433366
          ],
          [
            30.450707836284625,
            59.83983502067614
          ],
          [
            30.45070783418251,
            59.83983510701523
          ],
          [
            30.45070783143682,
            59.83983519334978
          ],
          [
            30.450707828047594,
            59.83983527967852
          ],
          [
            30.450707824014888,
            59.83983536600026
          ],
          [
            30.45070781933873,
            59.83983545231377
          ],
          [
            30.450707814019225,
            59.839835538617855
          ],
          [
            30.450707808056414,
            59.839835624911274
          ],
          [
            30.45070780145041,
            59.839835711192826
          ],
          [
            30.450707794201296,
            59.83983579746132
          ],
          [
            30.450707786309156,
            59.8398358837155
          ],
          [
            30.450707777774124,
            59.839835969954194
          ],
          [
            30.45070776859631,
            59.83983605617616
          ],
          [
            30.450707758775838,
            59.839836142380186
          ],
          [
            30.45070774831286,
            59.83983622856506
          ],
          [
            30.450707737207512,
            59.83983631472958
          ],
          [
            30.450707725459953,
            59.83983640087253
          ],
          [
            30.45070771307035,
            59.83983648699268
          ],
          [
            30.450707700038887,
            59.83983657308884
          ],
          [
            30.450707686365728,
            59.839836659159786
          ],
          [
            30.45070767205108,
            59.83983674520431
          ],
          [
            30.450707657095123,
            59.83983683122122
          ],
          [
            30.450707641498102,
            59.83983691720927
          ],
          [
            30.450707625260225,
            59.839837003167254
          ],
          [
            30.450707608381695,
            59.839837089094
          ],
          [
            30.450707590862773,
            59.839837174988276
          ],
          [
            30.450707572703703,
            59.83983726084887
          ],
          [
            30.450707553904742,
            59.83983734667456
          ],
          [
            30.450707534466144,
            59.83983743246415
          ],
          [
            30.45070751438819,
            59.83983751821645
          ],
          [
            30.450707493671167,
            59.839837603930235
          ],
          [
            30.450707472315358,
            59.8398376896043
          ],
          [
            30.450707450321065,
            59.83983777523744
          ],
          [
            30.450707427688602,
            59.83983786082846
          ],
          [
            30.45070740441829,
            59.83983794637613
          ],
          [
            30.450707380510448,
            59.83983803187929
          ],
          [
            30.45070735596542,
            59.83983811733668
          ],
          [
            30.450707330783544,
            59.839838202747146
          ],
          [
            30.450707304965174,
            59.839838288109455
          ],
          [
            30.45070727851068,
            59.839838373422424
          ],
          [
            30.45070725142044,
            59.83983845868484
          ],
          [
            30.45070722369482,
            59.839838543895524
          ],
          [
            30.450707195334214,
            59.83983862905325
          ],
          [
            30.450707166339033,
            59.83983871415684
          ],
          [
            30.45070713670967,
            59.839838799205076
          ],
          [
            30.450707106446554,
            59.83983888419677
          ],
          [
            30.4507070755501,
            59.839838969130724
          ],
          [
            30.450707044020753,
            59.83983905400576
          ],
          [
            30.450707011858945,
            59.83983913882067
          ],
          [
            30.450706979065135,
            59.83983922357426
          ],
          [
            30.450706945639794,
            59.83983930826533
          ],
          [
            30.45070691158337,
            59.839839392892706
          ],
          [
            30.450706876896376,
            59.83983947745518
          ],
          [
            30.45070684157926,
            59.83983956195158
          ],
          [
            30.45070680563255,
            59.83983964638068
          ],
          [
            30.450706769056744,
            59.839839730741346
          ],
          [
            30.45070673185234,
            59.839839815032335
          ],
          [
            30.45070669401989,
            59.83983989925249
          ],
          [
            30.4507066555599,
            59.83983998340066
          ],
          [
            30.45070661647293,
            59.83984006747559
          ],
          [
            30.450706576759522,
            59.83984015147614
          ],
          [
            30.450706536420235,
            59.83984023540112
          ],
          [
            30.450706495455634,
            59.83984031924937
          ],
          [
            30.450706453866307,
            59.83984040301963
          ],
          [
            30.45070641165282,
            59.83984048671083
          ],
          [
            30.450706368815798,
            59.83984057032172
          ],
          [
            30.45070632535581,
            59.83984065385115
          ],
          [
            30.45070628127348,
            59.83984073729794
          ],
          [
            30.45070623656944,
            59.8398408206609
          ],
          [
            30.45070619124431,
            59.83984090393888
          ],
          [
            30.450706145298717,
            59.8398409871307
          ],
          [
            30.450706098733324,
            59.83984107023518
          ],
          [
            30.450706051548785,
            59.83984115325117
          ],
          [
            30.450706003745754,
            59.839841236177485
          ],
          [
            30.450705955324906,
            59.839841319012955
          ],
          [
            30.450705906286935,
            59.83984140175643
          ],
          [
            30.450705856632524,
            59.83984148440675
          ],
          [
            30.450705806362354,
            59.83984156696271
          ],
          [
            30.450705755477163,
            59.8398416494232
          ],
          [
            30.45070570397764,
            59.83984173178702
          ],
          [
            30.45070565186453,
            59.839841814053045
          ],
          [
            30.450705599138562,
            59.83984189622008
          ],
          [
            30.45070554580047,
            59.83984197828702
          ],
          [
            30.45070549185101,
            59.83984206025265
          ],
          [
            30.450705437290942,
            59.83984214211585
          ],
          [
            30.45070538212104,
            59.83984222387547
          ],
          [
            30.450705326342064,
            59.83984230553035
          ],
          [
            30.45070526995481,
            59.83984238707934
          ],
          [
            30.45070521296006,
            59.83984246852128
          ],
          [
            30.450705155358637,
            59.839842549855064
          ],
          [
            30.450705097151342,
            59.83984263107952
          ],
          [
            30.450705038338988,
            59.839842712193494
          ],
          [
            30.45070497892241,
            59.839842793195864
          ],
          [
            30.450704918902435,
            59.839842874085484
          ],
          [
            30.45070485827992,
            59.839842954861204
          ],
          [
            30.45070479705571,
            59.839843035521916
          ],
          [
            30.450704735230676,
            59.83984311606646
          ],
          [
            30.450704672805674,
            59.83984319649371
          ],
          [
            30.450704609781592,
            59.83984327680254
          ],
          [
            30.450704546159308,
            59.839843356991814
          ],
          [
            30.450704481939738,
            59.83984343706038
          ],
          [
            30.45070441712376,
            59.83984351700715
          ],
          [
            30.4507043517123,
            59.83984359683098
          ],
          [
            30.450704285706287,
            59.83984367653074
          ],
          [
            30.450704219106623,
            59.83984375610533
          ],
          [
            30.450704151914277,
            59.839843835553616
          ],
          [
            30.450704084130166,
            59.839843914874486
          ],
          [
            30.45070401575527,
            59.83984399406681
          ],
          [
            30.450703951647082,
            59.83984406770364
          ],
          [
            30.450703892139405,
            59.83984413567406
          ],
          [
            30.450703832837277,
            59.83984420261201
          ],
          [
            30.450703771513936,
            59.83984427113013
          ],
          [
            30.450703707463756,
            59.839844342065625
          ],
          [
            30.450703641862855,
            59.83984441391701
          ],
          [
            30.450703578004482,
            59.83984448334336
          ],
          [
            30.450703509801354,
            59.839844557410984
          ],
          [
            30.450703439590754,
            59.839844632489275
          ],
          [
            30.450703369039054,
            59.83984470678898
          ],
          [
            30.450703299679713,
            59.83984477932237
          ],
          [
            30.450703229103357,
            59.83984485251075
          ],
          [
            30.450703156106975,
            59.839844927464334
          ],
          [
            30.450703081309992,
            59.839845003479326
          ],
          [
            30.450703007734454,
            59.83984507772253
          ],
          [
            30.45070293377091,
            59.839845151939556
          ],
          [
            30.45070285855024,
            59.83984522696942
          ],
          [
            30.450702783329497,
            59.83984530128849
          ],
          [
            30.45070270527137,
            59.83984537758668
          ],
          [
            30.45070262938057,
            59.839845451052454
          ],
          [
            30.45070263178839,
            59.83984544894659
          ],
          [
            30.450702888320034,
            59.83984520451835
          ],
          [
            30.45070312024787,
            59.83984498532772
          ],
          [
            30.45070306234779,
            59.839845038882345
          ],
          [
            30.450702981037374,
            59.83984511181566
          ],
          [
            30.45070283478756,
            59.839845237621944
          ],
          [
            30.450702659795525,
            59.83984538476757
          ],
          [
            30.450702526771792,
            59.83984549338846
          ],
          [
            30.450702452907684,
            59.83984555269246
          ],
          [
            30.45070322573528,
            59.8398449536769
          ],
          [
            30.450703451507472,
            59.839844779826436
          ],
          [
            30.450703412167798,
            59.839844809067145
          ],
          [
            30.450703263719433,
            59.83984491602495
          ],
          [
            30.450702891785866,
            59.839845181363714
          ],
          [
            30.450702714525004,
            59.839845308102944
          ],
          [
            30.45070252143003,
            59.83984544764563
          ],
          [
            30.4507023768323,
            59.8398455521652
          ],
          [
            30.450702233450077,
            59.839845654978184
          ],
          [
            30.45070208294588,
            59.8398457621954
          ],
          [
            30.450701964661427,
            59.83984584644413
          ],
          [
            30.45070177116868,
            59.83984598343345
          ],
          [
            30.450701621202647,
            59.839846089119135
          ],
          [
            30.45070147664947,
            59.83984619036963
          ],
          [
            30.450701429568063,
            59.839846223064455
          ],
          [
            30.450701369186916,
            59.83984626470486
          ],
          [
            30.450701300308264,
            59.83984631181697
          ],
          [
            30.450701224532853,
            59.83984636325403
          ],
          [
            30.450701145297216,
            59.83984641670749
          ],
          [
            30.450701064722768,
            59.83984647067415
          ],
          [
            30.450700978349136,
            59.83984652811566
          ],
          [
            30.450700882537134,
            59.83984659131591
          ],
          [
            30.450700791819997,
            59.839846650804866
          ],
          [
            30.450700698297307,
            59.8398467116925
          ],
          [
            30.45070060051772,
            59.83984677487055
          ],
          [
            30.450700505120206,
            59.83984683601658
          ],
          [
            30.450700410864197,
            59.83984689614578
          ],
          [
            30.45070031229541,
            59.83984695860535
          ],
          [
            30.45070031092405,
            59.83984695959304
          ],
          [
            30.450701113119404,
            59.839846458056726
          ],
          [
            30.45070293451287,
            59.83984532650388
          ],
          [
            30.450704732513724,
            59.83984421555983
          ],
          [
            30.45070641968218,
            59.83984318548211
          ],
          [
            30.450709809776345,
            59.83984113750479
          ],
          [
            30.450716152963135,
            59.839837359649955
          ],
          [
            30.450720922500125,
            59.839834524070746
          ],
          [
            30.450720889319346,
            59.83983454407442
          ],
          [
            30.450720644330538,
            59.83983468777416
          ],
          [
            30.450720457388005,
            59.839834796353486
          ],
          [
            30.450720344417856,
            59.83983486133874
          ],
          [
            30.450720230964087,
            59.839834926110235
          ],
          [
            30.450720117028293,
            59.83983499066704
          ],
          [
            30.450720002612094,
            59.83983505500831
          ],
          [
            30.450719887717067,
            59.839835119133085
          ],
          [
            30.450719772344865,
            59.839835183040506
          ],
          [
            30.450719656497085,
            59.839835246729635
          ],
          [
            30.450719540175378,
            59.83983531019959
          ],
          [
            30.450719423381358,
            59.83983537344949
          ],
          [
            30.450719306116696,
            59.839835436478424
          ],
          [
            30.450719188383022,
            59.83983549928553
          ],
          [
            30.450719070181993,
            59.83983556186987
          ],
          [
            30.450718951515288,
            59.83983562423064
          ],
          [
            30.450718832384567,
            59.83983568636691
          ],
          [
            30.450718712791506,
            59.839835748277814
          ],
          [
            30.450718592737786,
            59.839835809962516
          ],
          [
            30.4507184722251,
            59.83983587142008
          ],
          [
            30.45071835125515,
            59.83983593264971
          ],
          [
            30.450718229829633,
            59.839835993650496
          ],
          [
            30.450718107950244,
            59.839836054421596
          ],
          [
            30.45071798561873,
            59.83983611496216
          ],
          [
            30.450717862836783,
            59.839836175271344
          ],
          [
            30.450717739606148,
            59.83983623534828
          ],
          [
            30.450717615928546,
            59.83983629519212
          ],
          [
            30.450717491805737,
            59.83983635480204
          ],
          [
            30.450717367239452,
            59.83983641417718
          ],
          [
            30.450717242231445,
            59.839836473316744
          ],
          [
            30.450717116783487,
            59.839836532219856
          ],
          [
            30.450716990897327,
            59.839836590885696
          ],
          [
            30.450716864574748,
            59.83983664931345
          ],
          [
            30.450716737817533,
            59.83983670750229
          ],
          [
            30.450716610627442,
            59.8398367654514
          ],
          [
            30.45071648300629,
            59.839836823159985
          ],
          [
            30.450716354955865,
            59.83983688062719
          ],
          [
            30.450716226477976,
            59.839836937852226
          ],
          [
            30.450716097574414,
            59.83983699483429
          ],
          [
            30.450715968247003,
            59.83983705157258
          ],
          [
            30.45071583849757,
            59.83983710806629
          ],
          [
            30.450715708327923,
            59.83983716431464
          ],
          [
            30.450715577739906,
            59.83983722031683
          ],
          [
            30.45071544673536,
            59.83983727607207
          ],
          [
            30.450715315316124,
            59.83983733157958
          ],
          [
            30.450715183484046,
            59.83983738683856
          ],
          [
            30.450715051240987,
            59.83983744184826
          ],
          [
            30.4507149185888,
            59.8398374966079
          ],
          [
            30.450714785529364,
            59.83983755111669
          ],
          [
            30.45071465206454,
            59.83983760537389
          ],
          [
            30.45071451819621,
            59.8398376593787
          ],
          [
            30.45071438392625,
            59.83983771313039
          ],
          [
            30.450714249256578,
            59.839837766628214
          ],
          [
            30.450714114189058,
            59.83983781987137
          ],
          [
            30.450713978725602,
            59.83983787285916
          ],
          [
            30.45071384286812,
            59.83983792559081
          ],
          [
            30.45071370661852,
            59.83983797806559
          ],
          [
            30.450713569978713,
            59.83983803028276
          ],
          [
            30.450713432950636,
            59.83983808224158
          ],
          [
            30.45071329553622,
            59.83983813394133
          ],
          [
            30.45071315773738,
            59.839838185381254
          ],
          [
            30.450713019556062,
            59.83983823656065
          ],
          [
            30.45071288099423,
            59.8398382874788
          ],
          [
            30.4507127420538,
            59.83983833813498
          ],
          [
            30.450712602736758,
            59.839838388528484
          ],
          [
            30.450712463045047,
            59.83983843865859
          ],
          [
            30.45071232298064,
            59.83983848852461
          ],
          [
            30.450712182545505,
            59.83983853812582
          ],
          [
            30.450712041741625,
            59.83983858746156
          ],
          [
            30.45071190057097,
            59.83983863653108
          ],
          [
            30.450711759035535,
            59.83983868533374
          ],
          [
            30.450711617137312,
            59.839838733868824
          ],
          [
            30.450711474878304,
            59.83983878213566
          ],
          [
            30.450711332260493,
            59.83983883013355
          ],
          [
            30.45071118928591,
            59.83983887786187
          ],
          [
            30.45071104595655,
            59.83983892531988
          ],
          [
            30.450710902274437,
            59.839838972506975
          ],
          [
            30.450710758241588,
            59.83983901942244
          ],
          [
            30.45071061386004,
            59.839839066065636
          ],
          [
            30.450710469131824,
            59.83983911243591
          ],
          [
            30.450710324058967,
            59.839839158532605
          ],
          [
            30.450710178643515,
            59.83983920435508
          ],
          [
            30.450710032887518,
            59.839839249902674
          ],
          [
            30.450709886793025,
            59.83983929517477
          ],
          [
            30.450709740362097,
            59.8398393401707
          ],
          [
            30.450709593596788,
            59.839839384889856
          ],
          [
            30.45070944649916,
            59.83983942933159
          ],
          [
            30.450709299071292,
            59.8398394734953
          ],
          [
            30.45070915131526,
            59.83983951738034
          ],
          [
            30.45070900323313,
            59.839839560986114
          ],
          [
            30.450708854826996,
            59.83983960431197
          ],
          [
            30.450708706098954,
            59.83983964735736
          ],
          [
            30.45070855705109,
            59.83983969012162
          ],
          [
            30.450708407685486,
            59.83983973260419
          ],
          [
            30.450708258004276,
            59.83983977480443
          ],
          [
            30.45070810800954,
            59.83983981672179
          ],
          [
            30.450707957703397,
            59.839839858355646
          ],
          [
            30.450707807087973,
            59.83983989970544
          ],
          [
            30.450707656165374,
            59.839839940770574
          ],
          [
            30.45070750493773,
            59.83983998155045
          ],
          [
            30.450707353407168,
            59.83984002204455
          ],
          [
            30.45070720157582,
            59.83984006225226
          ],
          [
            30.450707049445818,
            59.839840102173014
          ],
          [
            30.45070689701932,
            59.83984014180626
          ],
          [
            30.45070674429845,
            59.83984018115144
          ],
          [
            30.45070659128537,
            59.83984022020802
          ],
          [
            30.450706437982234,
            59.8398402589754
          ],
          [
            30.45070628439119,
            59.839840297453094
          ],
          [
            30.450706130514412,
            59.839840335640524
          ],
          [
            30.450705976354058,
            59.83984037353715
          ],
          [
            30.450705821912297,
            59.83984041114245
          ],
          [
            30.450705667191308,
            59.8398404484559
          ],
          [
            30.450705512193267,
            59.83984048547698
          ],
          [
            30.45070538316262,
            59.839840515903255
          ],
          [
            30.450705224846658,
            59.83984055279858
          ],
          [
            30.450705076444322,
            59.83984058710596
          ],
          [
            30.450704923884068,
            59.83984062206616
          ],
          [
            30.450704768216692,
            59.83984065741658
          ],
          [
            30.45070461557204,
            59.83984069172489
          ],
          [
            30.45070447264314,
            59.839840723538416
          ],
          [
            30.45070432012452,
            59.83984075722867
          ],
          [
            30.45070416520924,
            59.83984079111887
          ],
          [
            30.45070400175618,
            59.839840826418
          ],
          [
            30.450703839680347,
            59.8398408610514
          ],
          [
            30.450703681083713,
            59.839840894555046
          ],
          [
            30.45070392055226,
            59.83984084486492
          ],
          [
            30.45070379036981,
            59.83984087171482
          ],
          [
            30.450705043012285,
            59.83984061730056
          ],
          [
            30.450709289435196,
            59.83983976503545
          ],
          [
            30.450709599659923,
            59.83983970326895
          ],
          [
            30.450710423172563,
            59.83983954125605
          ],
          [
            30.4507100003977,
            59.83983962286561
          ],
          [
            30.450709541307404,
            59.83983971030439
          ],
          [
            30.450709058026423,
            59.83983980152472
          ],
          [
            30.450708602739777,
            59.839839889883656
          ],
          [
            30.45070853417755,
            59.83983990269107
          ],
          [
            30.45070842277302,
            59.83983992341104
          ],
          [
            30.45070830464765,
            59.839839945025204
          ],
          [
            30.45070818362997,
            59.839839966796
          ],
          [
            30.45070805693649,
            59.839839989391905
          ],
          [
            30.450707909430935,
            59.8398400154015
          ],
          [
            30.45070775992089,
            59.839840041508324
          ],
          [
            30.45070762101476,
            59.83984006555591
          ],
          [
            30.450707466341385,
            59.839840091937326
          ],
          [
            30.45070731429855,
            59.83984011751795
          ],
          [
            30.450708874612147,
            59.839839859856994
          ],
          [
            30.450716720439758,
            59.83983857346825
          ],
          [
            30.45072479314713,
            59.839837257708254
          ],
          [
            30.450730344761862,
            59.83983635961504
          ],
          [
            30.450731808668557,
            59.83983612416289
          ],
          [
            30.45073144261282,
            59.8398361836489
          ],
          [
            30.450731157863228,
            59.839836229726
          ],
          [
            30.450731308829127,
            59.83983620547931
          ],
          [
            30.450731096521945,
            59.83983623911445
          ],
          [
            30.450730823352078,
            59.839836281659956
          ],
          [
            30.450730369872378,
            59.83983635083222
          ],
          [
            30.45073013405449,
            59.83983638649107
          ],
          [
            30.450730775546816,
            59.839836291433826
          ],
          [
            30.450730376087225,
            59.83983634933628
          ],
          [
            30.450729995135788,
            59.839836403575234
          ],
          [
            30.450729593571985,
            59.839836459752114
          ],
          [
            30.450729303106748,
            59.8398364997542
          ],
          [
            30.450729232245592,
            59.839836509310125
          ],
          [
            30.45072915555476,
            59.8398365195059
          ],
          [
            30.45072963920241,
            59.83983645629662
          ],
          [
            30.450729481616005,
            59.83983647649935
          ],
          [
            30.450730055613406,
            59.83983640492163
          ],
          [
            30.4507301021752,
            59.83983639900482
          ],
          [
            30.45072995842382,
            59.83983641655328
          ],
          [
            30.45072981405773,
            59.83983643389212
          ],
          [
            30.45072966275702,
            59.83983645174286
          ],
          [
            30.450729509030648,
            59.83983646957268
          ],
          [
            30.450729359484747,
            59.83983648662855
          ],
          [
            30.45072920390072,
            59.839836504062696
          ],
          [
            30.450729049147764,
            59.8398365211196
          ],
          [
            30.4507288846723,
            59.83983653896156
          ],
          [
            30.450728719430483,
            59.83983655652504
          ],
          [
            30.45072855888002,
            59.83983657322205
          ],
          [
            30.4507284530786,
            59.83983658408317
          ],
          [
            30.45073228842278,
            59.839836201380066
          ],
          [
            30.450740421431423,
            59.839835395297584
          ],
          [
            30.450744859318444,
            59.839834958537196
          ],
          [
            30.45074547984481,
            59.83983489816518
          ],
          [
            30.450745148565066,
            59.83983493016408
          ],
          [
            30.450744672476638,
            59.839834976017485
          ],
          [
            30.45074440633647,
            59.83983500142741
          ],
          [
            30.4507441024219,
            59.83983503011944
          ],
          [
            30.45074364884722,
            59.839835072336044
          ],
          [
            30.450743163521864,
            59.83983511686978
          ],
          [
            30.450743003977724,
            59.839835131260045
          ],
          [
            30.450743490784454,
            59.83983508899821
          ],
          [
            30.450745465473805,
            59.83983491887867
          ],
          [
            30.450745197249148,
            59.83983494151327
          ],
          [
            30.450744992374414,
            59.839834958443284
          ],
          [
            30.450744857866574,
            59.83983496923948
          ],
          [
            30.450744710941557,
            59.8398349807177
          ],
          [
            30.450744561826987,
            59.83983499206103
          ],
          [
            30.450744406370035,
            59.839835003515724
          ],
          [
            30.450744245800376,
            59.83983501500657
          ],
          [
            30.450744094678946,
            59.83983502554155
          ],
          [
            30.450743944658125,
            59.83983503574836
          ],
          [
            30.450743788051714,
            59.83983504614695
          ],
          [
            30.450743621194754,
            59.83983505689178
          ],
          [
            30.450743458858135,
            59.83983506701428
          ],
          [
            30.450743298522347,
            59.839835076714714
          ],
          [
            30.45074313455925,
            59.8398350862966
          ],
          [
            30.450742975542127,
            59.83983509531833
          ],
          [
            30.450742806529632,
            59.8398351046257
          ],
          [
            30.45074264505747,
            59.83983511323201
          ],
          [
            30.450742486714486,
            59.83983512142331
          ],
          [
            30.450742447770487,
            59.83983512340111
          ],
          [
            30.45074260997678,
            59.83983511576747
          ],
          [
            30.450743688340907,
            59.83983506545097
          ],
          [
            30.450743387930768,
            59.83983507902218
          ],
          [
            30.45074341442866,
            59.83983507792537
          ],
          [
            30.450746086253094,
            59.839834964321696
          ],
          [
            30.45074970737424,
            59.83983481034655
          ],
          [
            30.450749258433707,
            59.83983482946025
          ],
          [
            30.45074876138489,
            59.839834850031494
          ],
          [
            30.450749232539817,
            59.83983483105395
          ],
          [
            30.450748899428753,
            59.83983484404402
          ],
          [
            30.450748472565053,
            59.83983486036719
          ],
          [
            30.450748153991956,
            59.839834872097796
          ],
          [
            30.450749914284778,
            59.83983481114733
          ],
          [
            30.450750394758014,
            59.83983479485995
          ],
          [
            30.450750290508243,
            59.83983479825195
          ],
          [
            30.450750393720547,
            59.839834794909336
          ],
          [
            30.450750055779558,
            59.8398348047055
          ],
          [
            30.450749747043485,
            59.83983481323166
          ],
          [
            30.450749471357998,
            59.83983482036669
          ],
          [
            30.450749976615217,
            59.839834808194375
          ],
          [
            30.450750540763398,
            59.839834794821044
          ],
          [
            30.450750348750336,
            59.839834799162375
          ],
          [
            30.450750132181096,
            59.839834803684575
          ],
          [
            30.45074983965497,
            59.839834809350656
          ],
          [
            30.450749480679264,
            59.83983481586979
          ],
          [
            30.450749249559447,
            59.83983481967072
          ],
          [
            30.450751823138525,
            59.83983478337032
          ],
          [
            30.450753171650913,
            59.83983476515671
          ],
          [
            30.450755144179514,
            59.839834743810975
          ],
          [
            30.4507563780378,
            59.839834730832244
          ],
          [
            30.450756188012868,
            59.839834732396326
          ],
          [
            30.450756319975365,
            59.839834731754905
          ],
          [
            30.4507572484052,
            59.83983472763644
          ],
          [
            30.450760063381512,
            59.83983472147975
          ],
          [
            30.450761566496197,
            59.83983471857809
          ],
          [
            30.450761876064554,
            59.83983471893287
          ],
          [
            30.450761686287972,
            59.83983471852865
          ],
          [
            30.450762488130106,
            59.839834721095116
          ],
          [
            30.45076384567782,
            59.83983472698471
          ],
          [
            30.45076405812549,
            59.839834727855624
          ],
          [
            30.45076387014539,
            59.83983472684183
          ],
          [
            30.450763512229205,
            59.83983472457888
          ],
          [
            30.450763244114373,
            59.839834722678305
          ],
          [
            30.450763141977514,
            59.83983472188939
          ],
          [
            30.450763143053738,
            59.83983472185491
          ],
          [
            30.45076286920816,
            59.839834718581955
          ],
          [
            30.450762388855853,
            59.83983471195583
          ],
          [
            30.45076201438131,
            59.839834705847
          ],
          [
            30.45076170343542,
            59.83983469995191
          ],
          [
            30.450761459753874,
            59.83983469467403
          ],
          [
            30.450761242973236,
            59.83983468950447
          ],
          [
            30.450761041619813,
            59.839834684353654
          ],
          [
            30.45076087797437,
            59.83983467981187
          ],
          [
            30.45076070066613,
            59.83983467459625
          ],
          [
            30.4507604199744,
            59.839834665834225
          ],
          [
            30.450760023299623,
            59.83983465277645
          ],
          [
            30.4507599626852,
            59.83983465063103
          ],
          [
            30.45075985698175,
            59.83983464663582
          ],
          [
            30.450759739624715,
            59.839834641964856
          ],
          [
            30.45075961558393,
            59.839834636776956
          ],
          [
            30.450759488741966,
            59.83983463126749
          ],
          [
            30.45075934888861,
            59.839834624971424
          ],
          [
            30.450759194989477,
            59.83983461777076
          ],
          [
            30.450759041500017,
            59.839834610230696
          ],
          [
            30.450758888543472,
            59.839834602364206
          ],
          [
            30.450758781930663,
            59.83983459686676
          ],
          [
            30.450759264964052,
            59.8398346221378
          ],
          [
            30.450759302644517,
            59.8398346242658
          ],
          [
            30.450759202252993,
            59.83983461853809
          ],
          [
            30.45075893704673,
            59.83983460246415
          ],
          [
            30.450758889738655,
            59.83983459971088
          ],
          [
            30.4507590533596,
            59.839834610386745
          ],
          [
            30.450758690854435,
            59.83983458512557
          ],
          [
            30.45075902194888,
            59.839834609080555
          ],
          [
            30.450758697605558,
            59.83983458468699
          ],
          [
            30.450758457000713,
            59.83983456612779
          ],
          [
            30.450758881358148,
            59.83983459973918
          ],
          [
            30.4507587314811,
            59.83983458737349
          ],
          [
            30.450758521603063,
            59.839834569765685
          ],
          [
            30.450758294106098,
            59.8398345504067
          ],
          [
            30.450757987453763,
            59.83983452395263
          ],
          [
            30.450757397822056,
            59.83983447286795
          ],
          [
            30.45075717478227,
            59.839834453235824
          ],
          [
            30.45076006020884,
            59.83983471326591
          ],
          [
            30.450762411110464,
            59.83983492612403
          ],
          [
            30.45076231807273,
            59.83983491739637
          ],
          [
            30.450761966285828,
            59.83983488446292
          ],
          [
            30.45076163117945,
            59.839834852589675
          ],
          [
            30.45076133132556,
            59.83983482378154
          ],
          [
            30.450761242971268,
            59.83983481511643
          ],
          [
            30.450761132821974,
            59.83983480412154
          ],
          [
            30.450761010411764,
            59.839834791699346
          ],
          [
            30.45076087538337,
            59.839834777724874
          ],
          [
            30.450760742316895,
            59.839834763703465
          ],
          [
            30.45076060211844,
            59.83983474866163
          ],
          [
            30.450760453512796,
            59.83983473246075
          ],
          [
            30.45076143643851,
            59.839834842295495
          ],
          [
            30.450761893407698,
            59.83983489367547
          ],
          [
            30.450761908475442,
            59.839834895469735
          ],
          [
            30.450763391466236,
            59.83983506768844
          ],
          [
            30.450765399390654,
            59.83983530184584
          ],
          [
            30.450767511516098,
            59.8398355500319
          ],
          [
            30.450768430296872,
            59.8398356582177
          ],
          [
            30.450768118087804,
            59.839835620984196
          ],
          [
            30.45076759840431,
            59.83983555920072
          ],
          [
            30.450767016422827,
            59.83983548900732
          ],
          [
            30.45076658118816,
            59.839835435409945
          ],
          [
            30.45076606708956,
            59.83983537090366
          ],
          [
            30.450765689002345,
            59.8398353227575
          ],
          [
            30.450766614257123,
            59.839835442511784
          ],
          [
            30.450767105629406,
            59.83983550669392
          ],
          [
            30.450766906369108,
            59.83983548020917
          ],
          [
            30.450766703161573,
            59.839835452765755
          ],
          [
            30.450767902878855,
            59.83983561827851
          ],
          [
            30.450769374897362,
            59.83983582239416
          ],
          [
            30.450769041087277,
            59.839835775190714
          ],
          [
            30.45076971031041,
            59.839835871936714
          ],
          [
            30.450770833529585,
            59.839836035420454
          ],
          [
            30.45077097433567,
            59.83983605645657
          ],
          [
            30.450771999038626,
            59.83983620997234
          ],
          [
            30.450771666883682,
            59.83983615924586
          ],
          [
            30.450773417832018,
            59.83983643362312
          ],
          [
            30.45077355746604,
            59.83983645606185
          ],
          [
            30.45077344036456,
            59.83983643699509
          ],
          [
            30.45077318207184,
            59.83983639503988
          ],
          [
            30.450772950856518,
            59.83983635683682
          ],
          [
            30.450772714741273,
            59.83983631735777
          ],
          [
            30.450772578666715,
            59.83983629446245
          ],
          [
            30.450772557037233,
            59.83983629066166
          ],
          [
            30.450772397201256,
            59.83983626297295
          ],
          [
            30.450772312797994,
            59.83983624823316
          ],
          [
            30.450772245624506,
            59.839836236444505
          ],
          [
            30.45077205118562,
            59.839836202120196
          ],
          [
            30.450771663996104,
            59.83983613343453
          ],
          [
            30.450772964233554,
            59.839836365536996
          ],
          [
            30.450777191884608,
            59.839837119462075
          ],
          [
            30.450780554796246,
            59.839837712144956
          ],
          [
            30.4507796563253,
            59.839837555977624
          ],
          [
            30.4507796703951,
            59.83983755844515
          ],
          [
            30.450779764648853,
            59.83983757503043
          ],
          [
            30.450779600318967,
            59.839837545701336
          ],
          [
            30.450779473760225,
            59.83983752286814
          ],
          [
            30.45077932757281,
            59.83983749614957
          ],
          [
            30.450779227051914,
            59.83983747757004
          ],
          [
            30.450779238379248,
            59.8398374796618
          ],
          [
            30.450779029569475,
            59.83983744019547
          ],
          [
            30.450779003332105,
            59.83983743521304
          ],
          [
            30.450779652432274,
            59.83983755893336
          ],
          [
            30.45078230191444,
            59.83983806248563
          ],
          [
            30.45078334411207,
            59.83983826056504
          ],
          [
            30.450783096103653,
            59.83983821380238
          ],
          [
            30.450782932620648,
            59.83983818288636
          ],
          [
            30.45078267681571,
            59.83983813440789
          ],
          [
            30.45078230397747,
            59.839838062706306
          ],
          [
            30.45078189453279,
            59.83983798369649
          ],
          [
            30.450781899568327,
            59.839837984498814
          ],
          [
            30.450781471065586,
            59.83983789988481
          ],
          [
            30.450781267337636,
            59.83983785926237
          ],
          [
            30.450781200836555,
            59.839837845835895
          ],
          [
            30.45078101262378,
            59.83983780756853
          ],
          [
            30.450780716445642,
            59.83983774675836
          ],
          [
            30.450780808797205,
            59.839837765942754
          ],
          [
            30.45078064546474,
            59.839837731720344
          ],
          [
            30.450780350022747,
            59.839837669179595
          ],
          [
            30.450780159555222,
            59.839837628396374
          ],
          [
            30.45078005198011,
            59.839837605141405
          ],
          [
            30.450779928826087,
            59.839837578188316
          ],
          [
            30.450779802259344,
            59.83983755019279
          ],
          [
            30.45077966982894,
            59.83983752065765
          ],
          [
            30.450779534953316,
            59.839837490280125
          ],
          [
            30.450779391810574,
            59.839837457677085
          ],
          [
            30.45077932457868,
            59.83983744229073
          ],
          [
            30.450781470933478,
            59.83983794114755
          ],
          [
            30.45078453003055,
            59.83983865858471
          ],
          [
            30.450786634409084,
            59.83983915615703
          ],
          [
            30.45078647433053,
            59.83983911790841
          ],
          [
            30.450786456455976,
            59.83983911355797
          ],
          [
            30.450786252739597,
            59.83983906442452
          ],
          [
            30.450786110354393,
            59.83983902995317
          ],
          [
            30.45078582666486,
            59.83983896125646
          ],
          [
            30.45078544623667,
            59.83983886911603
          ],
          [
            30.450784982572426,
            59.83983875664086
          ],
          [
            30.45078486974273,
            59.83983872909373
          ],
          [
            30.45078461560283,
            59.839838666882585
          ],
          [
            30.450784464510555,
            59.83983862968721
          ],
          [
            30.450784119131484,
            59.83983854435258
          ],
          [
            30.450783792395246,
            59.83983846297477
          ],
          [
            30.450783717244832,
            59.839838443980426
          ],
          [
            30.45078361292211,
            59.83983841729178
          ],
          [
            30.45078350247691,
            59.83983838879383
          ],
          [
            30.450783391752367,
            59.839838359967366
          ],
          [
            30.450783256592928,
            59.83983832446547
          ],
          [
            30.45078331095809,
            59.83983833910133
          ],
          [
            30.450785993018126,
            59.839839057236595
          ],
          [
            30.450790851463243,
            59.8398403625091
          ],
          [
            30.450795397626898,
            59.83984158763724
          ],
          [
            30.450797060259212,
            59.83984203762149
          ],
          [
            30.450796874363252,
            59.83984198734731
          ],
          [
            30.450796674962632,
            59.83984193344103
          ],
          [
            30.450796427392774,
            59.839841867077396
          ],
          [
            30.45079617275656,
            59.839841798975385
          ],
          [
            30.450795841687306,
            59.83984171014853
          ],
          [
            30.450795343454285,
            59.83984157664408
          ],
          [
            30.45079515285044,
            59.83984152535813
          ],
          [
            30.45079472885996,
            59.839841410946825
          ],
          [
            30.450794493905352,
            59.839841347201116
          ],
          [
            30.45079520482647,
            59.839841541781524
          ],
          [
            30.450795072596136,
            59.83984150526354
          ],
          [
            30.45079487532824,
            59.83984145052341
          ],
          [
            30.45079515112718,
            59.83984152781551
          ],
          [
            30.45079848218847,
            59.839842466917794
          ],
          [
            30.450803559388607,
            59.83984390482796
          ],
          [
            30.450804239971056,
            59.839844097557716
          ],
          [
            30.450804077367465,
            59.83984405147049
          ],
          [
            30.45080388595914,
            59.83984399714699
          ],
          [
            30.45080389556681,
            59.83984399986658
          ],
          [
            30.450803994900376,
            59.83984402818764
          ],
          [
            30.450803869580835,
            59.8398439926256
          ],
          [
            30.450803576470353,
            59.83984390876649
          ],
          [
            30.450803416116017,
            59.83984386251037
          ],
          [
            30.450803178488584,
            59.839843793767045
          ],
          [
            30.45080332916055,
            59.83984383756183
          ],
          [
            30.450803067035604,
            59.83984376050825
          ],
          [
            30.45080287084781,
            59.839843702107736
          ],
          [
            30.450803140238445,
            59.8398437834221
          ],
          [
            30.450803999874985,
            59.839844043673025
          ],
          [
            30.45080398108979,
            59.839844037905976
          ],
          [
            30.450803810345597,
            59.83984398544615
          ],
          [
            30.450803399861794,
            59.83984385856643
          ],
          [
            30.45080332759811,
            59.83984383611121
          ],
          [
            30.45080324873338,
            59.83984381128442
          ],
          [
            30.4508031352021,
            59.83984377531606
          ],
          [
            30.450802976621347,
            59.83984372471512
          ],
          [
            30.45080264890321,
            59.83984361942798
          ],
          [
            30.450802528878267,
            59.839843580678256
          ],
          [
            30.450802438658876,
            59.839843551315866
          ],
          [
            30.4508023618572,
            59.83984352622797
          ],
          [
            30.450802288854355,
            59.83984350207684
          ],
          [
            30.450802173065302,
            59.839843463480015
          ],
          [
            30.450801765543357,
            59.83984332652366
          ],
          [
            30.45080140988536,
            59.83984320612022
          ],
          [
            30.45080124112154,
            59.83984314850516
          ],
          [
            30.450801056603314,
            59.83984308504075
          ],
          [
            30.450801669313936,
            59.83984329762513
          ],
          [
            30.45080207104202,
            59.839843437423795
          ],
          [
            30.450801940013744,
            59.83984339151465
          ],
          [
            30.45080187576423,
            59.839843368753314
          ],
          [
            30.45080170031345,
            59.83984330626942
          ],
          [
            30.450801680158527,
            59.83984329907814
          ],
          [
            30.450802507559118,
            59.83984359895824
          ],
          [
            30.450804715059917,
            59.839844409377996
          ],
          [
            30.450806273014503,
            59.83984499411393
          ],
          [
            30.45080627357105,
            59.839844994185036
          ],
          [
            30.450806045824162,
            59.83984490431798
          ],
          [
            30.450805751247263,
            59.839844788865165
          ],
          [
            30.450805574799038,
            59.83984472019051
          ],
          [
            30.45080547034426,
            59.839844679983536
          ],
          [
            30.45080521402659,
            59.839844583013175
          ],
          [
            30.450804791669047,
            59.839844425401886
          ],
          [
            30.450804501583658,
            59.839844318463726
          ],
          [
            30.450804365234813,
            59.839844268584805
          ],
          [
            30.450804204095807,
            59.83984421022305
          ],
          [
            30.45080405571539,
            59.839844156856586
          ],
          [
            30.450803847563876,
            59.83984408213742
          ],
          [
            30.45080357759274,
            59.83984398545777
          ],
          [
            30.450803368359104,
            59.83984391013059
          ],
          [
            30.450803195975947,
            59.83984384778324
          ],
          [
            30.45080301950913,
            59.83984378368245
          ],
          [
            30.450802830001702,
            59.83984371446513
          ],
          [
            30.450802689253234,
            59.83984366282738
          ],
          [
            30.45080258894811,
            59.839843625674135
          ],
          [
            30.450802474520426,
            59.839843582922555
          ],
          [
            30.45080236330871,
            59.83984354101232
          ],
          [
            30.450802242592896,
            59.83984349522269
          ],
          [
            30.450802119081665,
            59.839843448018904
          ],
          [
            30.450801986119156,
            59.83984339683245
          ],
          [
            30.450801853755742,
            59.83984334544873
          ],
          [
            30.450801719384774,
            59.839843292896624
          ],
          [
            30.450801586130193,
            59.83984324040208
          ],
          [
            30.45080144543255,
            59.839843184565765
          ],
          [
            30.45080131242985,
            59.839843131386345
          ],
          [
            30.450801178007534,
            59.839843077369814
          ],
          [
            30.45080113362841,
            59.83984305949804
          ],
          [
            30.450801447396334,
            59.839843187392745
          ],
          [
            30.450801459828025,
            59.83984319245736
          ],
          [
            30.45080140042831,
            59.839843167939605
          ],
          [
            30.450803048485607,
            59.83984385426426
          ],
          [
            30.450805335874694,
            59.83984481258488
          ],
          [
            30.450805046095972,
            59.83984469087392
          ],
          [
            30.45080488098378,
            59.83984462116089
          ],
          [
            30.450804613383394,
            59.83984450771595
          ],
          [
            30.450804376170563,
            59.83984440686219
          ],
          [
            30.450803958313934,
            59.83984422834165
          ],
          [
            30.450803588274066,
            59.83984406942639
          ],
          [
            30.45080344805666,
            59.839844008914966
          ],
          [
            30.45080447558028,
            59.8398444565378
          ],
          [
            30.450804487197143,
            59.83984446134041
          ],
          [
            30.45080431344346,
            59.83984438458421
          ],
          [
            30.450804114288538,
            59.839844295879686
          ],
          [
            30.45080401976129,
            59.839844253475526
          ],
          [
            30.450804964197058,
            59.83984468101782
          ],
          [
            30.45080858696139,
            59.83984633166629
          ],
          [
            30.450811523647822,
            59.83984768181857
          ],
          [
            30.45081369525511,
            59.839848694968566
          ],
          [
            30.450813920927075,
            59.83984880053207
          ],
          [
            30.45081371559057,
            59.83984870225525
          ],
          [
            30.450815622310724,
            59.83984961546702
          ],
          [
            30.450819215063174,
            59.8398513301436
          ],
          [
            30.450819116417666,
            59.83985128645002
          ],
          [
            30.45081856499276,
            59.83985103745496
          ],
          [
            30.45081816650824,
            59.839850860217425
          ],
          [
            30.450817635987754,
            59.839850626505886
          ],
          [
            30.45081749660415,
            59.83985056526577
          ],
          [
            30.450817490247594,
            59.83985056247597
          ],
          [
            30.45081733954467,
            59.839850496535156
          ],
          [
            30.450817240543298,
            59.83985045354085
          ],
          [
            30.45081780440278,
            59.839850699638646
          ],
          [
            30.450818298656266,
            59.839850917822396
          ],
          [
            30.450818118070202,
            59.8398508357889
          ],
          [
            30.450817905656972,
            59.83985073696449
          ],
          [
            30.450818013099372,
            59.8398507873774
          ],
          [
            30.45081904083494,
            59.83985126698084
          ],
          [
            30.450819724480247,
            59.83985158185051
          ],
          [
            30.450819447006513,
            59.83985145569211
          ],
          [
            30.450819237419307,
            59.8398513636277
          ],
          [
            30.450818777004066,
            59.8398511650034
          ],
          [
            30.45081819641376,
            59.839850919600856
          ],
          [
            30.450818031079265,
            59.839850850393844
          ],
          [
            30.45081781433914,
            59.83985076071595
          ],
          [
            30.450817652461044,
            59.839850694013336
          ],
          [
            30.450817547267143,
            59.839850650847524
          ],
          [
            30.45081742273609,
            59.8398505997451
          ],
          [
            30.45081733511693,
            59.83985056372553
          ],
          [
            30.450817174453718,
            59.8398504970845
          ],
          [
            30.450816994536634,
            59.839850421779715
          ],
          [
            30.45081678880489,
            59.83985033455285
          ],
          [
            30.450816563143867,
            59.8398502379835
          ],
          [
            30.450816430730445,
            59.83985018089284
          ],
          [
            30.450816356709552,
            59.83985014867538
          ],
          [
            30.450816294709036,
            59.839850121486464
          ],
          [
            30.450816426541735,
            59.8398501797867
          ],
          [
            30.450816160182303,
            59.839850060936534
          ],
          [
            30.45081604813803,
            59.83985001055176
          ],
          [
            30.450815931305524,
            59.83984995768693
          ],
          [
            30.45081581587808,
            59.83984990513756
          ],
          [
            30.450815712452776,
            59.839849857701374
          ],
          [
            30.45081559587627,
            59.8398498037011
          ],
          [
            30.45081543316533,
            59.839849727642445
          ],
          [
            30.450815311679168,
            59.839849670422716
          ],
          [
            30.450815184076617,
            59.83984960991218
          ],
          [
            30.450815058594646,
            59.8398495499058
          ],
          [
            30.450814950888038,
            59.839849497994706
          ],
          [
            30.450814876603747,
            59.83984946193991
          ],
          [
            30.45081469779288,
            59.83984937429616
          ],
          [
            30.45081454069527,
            59.83984929656191
          ],
          [
            30.450814390145382,
            59.839849221423876
          ],
          [
            30.450814267274257,
            59.83984915958059
          ],
          [
            30.450814139985418,
            59.83984909508607
          ],
          [
            30.450814013919306,
            59.83984903068699
          ],
          [
            30.450813959777868,
            59.83984900281836
          ],
          [
            30.45081392241395,
            59.83984898330913
          ],
          [
            30.450813914342223,
            59.839848978981834
          ],
          [
            30.45081375664479,
            59.83984889450373
          ],
          [
            30.45081353721735,
            59.839848774872586
          ],
          [
            30.450813336554425,
            59.839848664554715
          ],
          [
            30.45081315009944,
            59.83984856146842
          ],
          [
            30.450812982908563,
            59.839848468367634
          ],
          [
            30.450812872626486,
            59.83984840654917
          ],
          [
            30.4508127530226,
            59.8398483390108
          ],
          [
            30.450812614808743,
            59.839848260458844
          ],
          [
            30.45081255429788,
            59.83984822586867
          ],
          [
            30.45081250697338,
            59.83984819856678
          ],
          [
            30.450812420271244,
            59.83984814825218
          ],
          [
            30.450812310349093,
            59.839848084118216
          ],
          [
            30.450812163622402,
            59.839847998401126
          ],
          [
            30.450812007603318,
            59.83984790674314
          ],
          [
            30.450811794546187,
            59.839847780646345
          ],
          [
            30.45081161666352,
            59.839847674749066
          ],
          [
            30.45081151439931,
            59.83984761345549
          ],
          [
            30.45081141489182,
            59.839847553266935
          ],
          [
            30.450811303813346,
            59.83984748559508
          ],
          [
            30.450811198123674,
            59.83984742077448
          ],
          [
            30.450811092908967,
            59.83984735587293
          ],
          [
            30.450810984417593,
            59.83984728852486
          ],
          [
            30.450810876428747,
            59.83984722105925
          ],
          [
            30.450810768884327,
            59.839847153412435
          ],
          [
            30.4508106598578,
            59.839847084420065
          ],
          [
            30.450810573212983,
            59.83984702912627
          ],
          [
            30.450810498894434,
            59.83984698127765
          ],
          [
            30.450810410964273,
            59.8398469240898
          ],
          [
            30.450810318495776,
            59.83984686308927
          ],
          [
            30.4508102267855,
            59.8398468015487
          ],
          [
            30.450810134250904,
            59.83984673934592
          ],
          [
            30.45081001516557,
            59.83984665932585
          ],
          [
            30.45080992985205,
            59.839846601958286
          ],
          [
            30.450809817221458,
            59.839846526702026
          ],
          [
            30.450809668762943,
            59.83984642868659
          ],
          [
            30.450809516766196,
            59.83984633013688
          ],
          [
            30.450809410730304,
            59.839846261914474
          ],
          [
            30.450809290945386,
            59.839846183155274
          ],
          [
            30.45080917560172,
            59.83984610682157
          ],
          [
            30.450809049997794,
            59.83984602436661
          ],
          [
            30.450808932465463,
            59.83984594730964
          ],
          [
            30.450808809063524,
            59.83984586675602
          ],
          [
            30.450808711641887,
            59.83984580342318
          ],
          [
            30.45080860647486,
            59.83984573579166
          ],
          [
            30.450808470919995,
            59.83984564990695
          ],
          [
            30.450808310746506,
            59.83984554930439
          ],
          [
            30.450808149491678,
            59.83984544937591
          ],
          [
            30.450807977781324,
            59.839845345878096
          ],
          [
            30.450807794353352,
            59.83984523804143
          ],
          [
            30.45080763722339,
            59.839845145133445
          ],
          [
            30.45080747332677,
            59.83984504568791
          ],
          [
            30.450807337841404,
            59.8398449622115
          ],
          [
            30.450807210736542,
            59.83984488393803
          ],
          [
            30.450807100367904,
            59.83984481578057
          ],
          [
            30.45080701626061,
            59.8398447633804
          ],
          [
            30.450806917924222,
            59.83984470158367
          ],
          [
            30.450806779022287,
            59.83984461434103
          ],
          [
            30.45080662342223,
            59.83984451699365
          ],
          [
            30.450806521352487,
            59.839844452559404
          ],
          [
            30.450806412465344,
            59.83984438329141
          ],
          [
            30.450806277629773,
            59.839844297588535
          ],
          [
            30.450806213084775,
            59.839844256046995
          ],
          [
            30.450806089166342,
            59.839844173443836
          ],
          [
            30.450805968901008,
            59.83984409250704
          ],
          [
            30.4508058858857,
            59.83984403632542
          ],
          [
            30.450805812836933,
            59.83984398615876
          ],
          [
            30.450805736271857,
            59.83984393238231
          ],
          [
            30.4508056415739,
            59.83984386447636
          ],
          [
            30.45080552810058,
            59.83984378177479
          ],
          [
            30.45080536839971,
            59.83984366682013
          ],
          [
            30.450805228496453,
            59.83984356793728
          ],
          [
            30.45080510571322,
            59.83984348202188
          ],
          [
            30.45080499567375,
            59.83984340506022
          ],
          [
            30.450804883918472,
            59.839843326514355
          ],
          [
            30.450804775046425,
            59.839843249655814
          ],
          [
            30.450804669909292,
            59.83984317523782
          ],
          [
            30.450804565992943,
            59.83984310123266
          ],
          [
            30.450804459113222,
            59.83984302457699
          ],
          [
            30.4508043530905,
            59.8398429482335
          ],
          [
            30.45080424441513,
            59.839842869851154
          ],
          [
            30.45080413745499,
            59.839842792525
          ],
          [
            30.450804022656403,
            59.83984270957356
          ],
          [
            30.450803906613388,
            59.83984262636439
          ],
          [
            30.45080379422042,
            59.83984254605562
          ],
          [
            30.450803672730657,
            59.83984245821832
          ],
          [
            30.450803544905167,
            59.83984236693617
          ],
          [
            30.450803418512987,
            59.83984227903489
          ],
          [
            30.45080327858078,
            59.839842183565295
          ],
          [
            30.450803154219628,
            59.83984210107083
          ],
          [
            30.45080304728226,
            59.83984203051716
          ],
          [
            30.450802943569265,
            59.83984196102218
          ],
          [
            30.45080282059165,
            59.839841877700884
          ],
          [
            30.450802686361325,
            59.83984178588131
          ],
          [
            30.450802538399625,
            59.839841684440955
          ],
          [
            30.450802395637115,
            59.839841588147266
          ],
          [
            30.450802252886405,
            59.83984149154334
          ],
          [
            30.450802130284075,
            59.83984140806073
          ],
          [
            30.45080200853514,
            59.83984132624607
          ],
          [
            30.450801935144035,
            59.839841277867635
          ],
          [
            30.45080185560024,
            59.839841224981946
          ],
          [
            30.450801787392226,
            59.839841179390596
          ],
          [
            30.450801695798017,
            59.839841117502466
          ],
          [
            30.450801566722863,
            59.839841029414686
          ],
          [
            30.45080145571957,
            59.839840952768675
          ],
          [
            30.450801325355847,
            59.839840861886756
          ],
          [
            30.450801234690715,
            59.839840798022244
          ],
          [
            30.450801101168967,
            59.83984070320152
          ],
          [
            30.450800980907665,
            59.839840616926374
          ],
          [
            30.450800894726147,
            59.839840554246585
          ],
          [
            30.450800774003888,
            59.83984046554949
          ],
          [
            30.45080065109232,
            59.83984037430363
          ],
          [
            30.450800530483136,
            59.83984028337227
          ],
          [
            30.45080035982118,
            59.83984015188974
          ],
          [
            30.45080023589439,
            59.839840055969034
          ],
          [
            30.45080010930208,
            59.839839957945635
          ],
          [
            30.450799998248485,
            59.83983987190411
          ],
          [
            30.45079993066715,
            59.83983981946468
          ],
          [
            30.45080001460371,
            59.839839883934175
          ],
          [
            30.450800007017662,
            59.83983987817278
          ],
          [
            30.450799916661843,
            59.839839809500724
          ],
          [
            30.450799826720402,
            59.839839740682365
          ],
          [
            30.45079972167883,
            59.83983966005276
          ],
          [
            30.450799596859646,
            59.839839563534476
          ],
          [
            30.450799463215162,
            59.83983945917019
          ],
          [
            30.45079940246476,
            59.83983941116698
          ],
          [
            30.45079925740103,
            59.83983929534941
          ],
          [
            30.45079908866767,
            59.83983915952062
          ],
          [
            30.450798955708677,
            59.83983905194377
          ],
          [
            30.450799395415793,
            59.83983938518281
          ],
          [
            30.450800915977947,
            59.83984052767267
          ],
          [
            30.4508011455454,
            59.83984070300316
          ],
          [
            30.45080101509237,
            59.839840603793725
          ],
          [
            30.450800963376523,
            59.83984056561354
          ],
          [
            30.450800848699576,
            59.83984048046078
          ],
          [
            30.450800694884048,
            59.839840365793606
          ],
          [
            30.45080053608167,
            59.839840246070544
          ],
          [
            30.45080042638802,
            59.83984016182405
          ],
          [
            30.450800331098016,
            59.839840087469234
          ],
          [
            30.450800333068784,
            59.83984008909697
          ],
          [
            30.45080041558103,
            59.83984015564924
          ],
          [
            30.45080029562437,
            59.83984005880802
          ],
          [
            30.450800156279165,
            59.839839945839465
          ],
          [
            30.450800017387763,
            59.839839832932135
          ],
          [
            30.450799862972694,
            59.8398397063824
          ],
          [
            30.450799756741354,
            59.83983961766101
          ],
          [
            30.450799711375787,
            59.839839579883275
          ],
          [
            30.450799869183605,
            59.83983970870662
          ],
          [
            30.450799795545464,
            59.83983964875165
          ],
          [
            30.45079970173685,
            59.83983957311125
          ],
          [
            30.450799608870657,
            59.839839500470795
          ],
          [
            30.450799514751186,
            59.83983942788267
          ],
          [
            30.450799465169677,
            59.839839389113685
          ],
          [
            30.450799370957476,
            59.83983931341647
          ],
          [
            30.450799267571266,
            59.83983922903532
          ],
          [
            30.450799070576227,
            59.839839066206686
          ],
          [
            30.45079889106122,
            59.83983891648962
          ],
          [
            30.450798718335598,
            59.839838771138254
          ],
          [
            30.450798510431053,
            59.83983859651391
          ],
          [
            30.450798450880267,
            59.83983854702499
          ],
          [
            30.450798391008952,
            59.839838498638244
          ],
          [
            30.45079833987036,
            59.839838457813954
          ],
          [
            30.450798284596473,
            59.839838413989
          ],
          [
            30.450798121738625,
            59.83983828553371
          ],
          [
            30.45079792095535,
            59.83983812402459
          ],
          [
            30.45079779832528,
            59.839838021882386
          ],
          [
            30.450797688731907,
            59.839837929526794
          ],
          [
            30.450797632650694,
            59.83983788222409
          ],
          [
            30.450797661797253,
            59.839837905973035
          ],
          [
            30.450797951637103,
            59.839838146360464
          ],
          [
            30.450798799090325,
            59.83983885787679
          ],
          [
            30.45080047229755,
            59.83984028509913
          ],
          [
            30.450801261819368,
            59.83984098225519
          ],
          [
            30.450801189727727,
            59.83984091633431
          ],
          [
            30.450801107617924,
            59.83984084020295
          ],
          [
            30.45080098703549,
            59.83984072600568
          ],
          [
            30.45080086028539,
            59.83984060351593
          ],
          [
            30.45080064234989,
            59.839840391070794
          ],
          [
            30.450800449911995,
            59.83984020553595
          ],
          [
            30.450800409016843,
            59.83984016615122
          ],
          [
            30.45080038698764,
            59.83984014480368
          ],
          [
            30.450800369297657,
            59.83984012765703
          ],
          [
            30.450800752003367,
            59.83984049955687
          ],
          [
            30.45080076055018,
            59.83984050787275
          ],
          [
            30.450800649963412,
            59.83984039866944
          ],
          [
            30.45080053319541,
            59.83984028236267
          ],
          [
            30.450800270774714,
            59.83984001824259
          ],
          [
            30.450800036913662,
            59.83983977714082
          ],
          [
            30.450799848104626,
            59.83983957605447
          ],
          [
            30.450799839732323,
            59.83983956886866
          ],
          [
            30.45080342028968,
            59.8398435566219
          ],
          [
            30.45080915667231,
            59.83984999751563
          ],
          [
            30.45081375217549,
            59.83985511098791
          ],
          [
            30.450816725176548,
            59.83985839847343
          ],
          [
            30.450816924778973,
            59.83985861959464
          ],
          [
            30.450818557570965,
            59.83986039635659
          ],
          [
            30.450820476691504,
            59.83986248649307
          ],
          [
            30.450820848137766,
            59.83986289285002
          ],
          [
            30.450820882699638,
            59.83986293091563
          ],
          [
            30.45082080865417,
            59.83986284855234
          ],
          [
            30.450820667099144,
            59.83986268943836
          ],
          [
            30.4508205472932,
            59.83986255398424
          ],
          [
            30.4508204451154,
            59.839862437962935
          ],
          [
            30.450820286722397,
            59.83986225451083
          ],
          [
            30.450820267854297,
            59.839862234828516
          ],
          [
            30.450821871085186,
            59.83986432876678
          ],
          [
            30.450822782288856,
            59.83986553950092
          ],
          [
            30.45082270298739,
            59.83986543259777
          ],
          [
            30.450822550169736,
            59.839865224562026
          ],
          [
            30.450822389675523,
            59.8398650010829
          ],
          [
            30.450822224161545,
            59.83986476699304
          ],
          [
            30.45082204091899,
            59.839864518111504
          ],
          [
            30.450821875265746,
            59.83986429954796
          ],
          [
            30.45082240103755,
            59.83986497996878
          ],
          [
            30.450824864848276,
            59.83986812113583
          ],
          [
            30.45083162999813,
            59.83987678335115
          ],
          [
            30.450838115728153,
            59.83988540698566
          ],
          [
            30.450841515620297,
            59.83989002266597
          ],
          [
            30.450841568211327,
            59.83989009650661
          ],
          [
            30.450841422543203,
            59.839889896143376
          ],
          [
            30.450841872639277,
            59.839890536719
          ],
          [
            30.450845062327367,
            59.839895128914875
          ],
          [
            30.450853150390998,
            59.83990698996708
          ],
          [
            30.450864665314093,
            59.83992403788852
          ],
          [
            30.450876316022537,
            59.83994158450748
          ],
          [
            30.450887470134845,
            59.83995861165395
          ],
          [
            30.45089814703079,
            59.839975132809066
          ],
          [
            30.450907909302956,
            59.83999045899655
          ],
          [
            30.450916699948152,
            59.84000441904364
          ],
          [
            30.45092447304929,
            59.84001690734357
          ],
          [
            30.450931213573668,
            59.84002786554808
          ],
          [
            30.45093630351569,
            59.840036250085916
          ],
          [
            30.450939682139758,
            59.84004190239221
          ],
          [
            30.45094132033198,
            59.840044683818775
          ]
        ]
      }
    }
  ]
}