{
  "type": "FeatureCollection",
  "features": [
    {
      "type": "Feature",
      "properties": {
        "name": "last_known_position",
        "point_count": 2154,
        "role": "baseline"
      },
      "geometry": {
        "type": "LineString",
        "coordinates": [
          [
            30.3812148422899,
            59.815887437987804
          ],
          [
            30.3812148422899,
            59.815887437987804
          ],
          [
            30.381436213274668,
            59.81590980397508
          ],
          [
            30.381655580944123,
            59.81592899362378
          ],
          [
            30.381885156667895,
            59.81595737521314
          ],
          [
            30.382122096898428,
            59.81598837367352
          ],
          [
            30.382338869715245,
            59.816064273812124
          ],
          [
            30.38259374908619,
            59.816091796092756
          ],
          [
            30.382858141967095,
            59.81612205212937
          ],
          [
            30.38313837183725,
            59.81615205302063
          ],
          [
            30.383403774535687,
            59.81620720011658
          ],
          [
            30.383711387221908,
            59.81625851926094
          ],
          [
            30.384008789630588,
            59.816289273492885
          ],
          [
            30.384221018649086,
            59.816352075180944
          ],
          [
            30.38460130836934,
            59.816390903812454
          ],
          [
            30.38489699250359,
            59.81641920251904
          ],
          [
            30.385160741988663,
            59.816451095688926
          ],
          [
            30.385426734231167,
            59.81647630178761
          ],
          [
            30.385696556561278,
            59.81649927560352
          ],
          [
            30.38598384435007,
            59.81652357833458
          ],
          [
            30.38627214027626,
            59.81654960218255
          ],
          [
            30.386565673114934,
            59.81657911141945
          ],
          [
            30.386866947528574,
            59.81660631240142
          ],
          [
            30.387172050009504,
            59.816634624422505
          ],
          [
            30.387483564979913,
            59.81666541911416
          ],
          [
            30.387801686395626,
            59.81669218659893
          ],
          [
            30.388121680637052,
            59.816723251593125
          ],
          [
            30.38844055741479,
            59.816753781789
          ],
          [
            30.38875892949835,
            59.81678476575473
          ],
          [
            30.389072120881885,
            59.816818405638436
          ],
          [
            30.389386409551193,
            59.81685125636824
          ],
          [
            30.389704535276813,
            59.816881801168854
          ],
          [
            30.39002800910358,
            59.8169122321157
          ],
          [
            30.390360442454032,
            59.81693924900713
          ],
          [
            30.390692823204724,
            59.81697062943522
          ],
          [
            30.391032885187517,
            59.81700553656219
          ],
          [
            30.39138674534509,
            59.81704091599475
          ],
          [
            30.391739671962643,
            59.8170760584126
          ],
          [
            30.392099641153333,
            59.8171099591037
          ],
          [
            30.392461779914058,
            59.81714363206179
          ],
          [
            30.392828121033787,
            59.81717861091328
          ],
          [
            30.393196982935887,
            59.81721515575144
          ],
          [
            30.393569235872295,
            59.817251149686584
          ],
          [
            30.393945751324317,
            59.817286940818256
          ],
          [
            30.394330163280493,
            59.817321223138265
          ],
          [
            30.39471644923517,
            59.81735604665829
          ],
          [
            30.395100115171026,
            59.81739616301432
          ],
          [
            30.39548929332082,
            59.81743693509672
          ],
          [
            30.395877249826412,
            59.81747376218921
          ],
          [
            30.396267302198847,
            59.81751222030581
          ],
          [
            30.396651892576845,
            59.81755089996983
          ],
          [
            30.39703000831421,
            59.81759072695536
          ],
          [
            30.397406291938232,
            59.81762920697104
          ],
          [
            30.39815456268759,
            59.817704778714784
          ],
          [
            30.39815456268759,
            59.817704778714784
          ],
          [
            30.398497373036523,
            59.817740818771036
          ],
          [
            30.398831860601682,
            59.81777693303101
          ],
          [
            30.399163977860223,
            59.81781353696584
          ],
          [
            30.399478087015314,
            59.81785084800545
          ],
          [
            30.399784387012932,
            59.817886724989
          ],
          [
            30.399784387012932,
            59.817886724989
          ],
          [
            30.399784387012932,
            59.817886724989
          ],
          [
            30.399784387012932,
            59.817886724989
          ],
          [
            30.400776838889165,
            59.81801088369357
          ],
          [
            30.401020697095603,
            59.818040243586026
          ],
          [
            30.40126363496105,
            59.818071267418084
          ],
          [
            30.401501125480852,
            59.81810205752623
          ],
          [
            30.401739970533065,
            59.81813499472454
          ],
          [
            30.40195629777182,
            59.818164477026016
          ],
          [
            30.402168712707418,
            59.81819358107108
          ],
          [
            30.40237667254759,
            59.81822200522232
          ],
          [
            30.402586800245594,
            59.81825033620778
          ],
          [
            30.402796829122856,
            59.818276563670075
          ],
          [
            30.4030049265433,
            59.81830317316008
          ],
          [
            30.403217382853644,
            59.81833202788945
          ],
          [
            30.40365101856719,
            59.81839196714913
          ],
          [
            30.40365101856719,
            59.81839196714913
          ],
          [
            30.403889995568374,
            59.818428907121486
          ],
          [
            30.404133511990487,
            59.81847439436518
          ],
          [
            30.404361004671284,
            59.81852955005475
          ],
          [
            30.404614553070875,
            59.81858739265009
          ],
          [
            30.404880546469986,
            59.81863628469572
          ],
          [
            30.405133927106043,
            59.818680315381044
          ],
          [
            30.40540091455584,
            59.81872755696475
          ],
          [
            30.405662383326245,
            59.81877238225578
          ],
          [
            30.40591532689332,
            59.818820517163964
          ],
          [
            30.406160078298353,
            59.81886742744462
          ],
          [
            30.40640652144632,
            59.818921792456386
          ],
          [
            30.406635256769835,
            59.81897991820483
          ],
          [
            30.40685702735485,
            59.81903393007605
          ],
          [
            30.407070956425414,
            59.819085537967965
          ],
          [
            30.40728929827704,
            59.81913733944389
          ],
          [
            30.407507688653062,
            59.81918419793532
          ],
          [
            30.40771586992955,
            59.819229530799554
          ],
          [
            30.40790339925113,
            59.81927135379043
          ],
          [
            30.408084626789663,
            59.81931046878622
          ],
          [
            30.408257132972054,
            59.819350030886866
          ],
          [
            30.408426896465127,
            59.81938524465412
          ],
          [
            30.4085951336132,
            59.81941918344121
          ],
          [
            30.408751647462314,
            59.8194570493817
          ],
          [
            30.40891879050917,
            59.81949379360764
          ],
          [
            30.40909079021241,
            59.81953315829143
          ],
          [
            30.409269553889484,
            59.81957411000642
          ],
          [
            30.409457597828585,
            59.81961377818823
          ],
          [
            30.409652791586737,
            59.819654382131496
          ],
          [
            30.40984735071832,
            59.8196974545273
          ],
          [
            30.4100337391675,
            59.819737866677016
          ],
          [
            30.410203173368032,
            59.81977423106987
          ],
          [
            30.410360504474472,
            59.81980733703896
          ],
          [
            30.41051723402156,
            59.81984192635341
          ],
          [
            30.410667807666112,
            59.819879187865354
          ],
          [
            30.41082148899087,
            59.81991479906809
          ],
          [
            30.410984881610933,
            59.81995289890241
          ],
          [
            30.411149818856874,
            59.81999140527247
          ],
          [
            30.411330109975314,
            59.82003259714156
          ],
          [
            30.411519242245433,
            59.82007990432718
          ],
          [
            30.41171033449815,
            59.82012302442923
          ],
          [
            30.41190559471994,
            59.820163268198776
          ],
          [
            30.4120911954497,
            59.82020700288461
          ],
          [
            30.41229108658156,
            59.8202529324766
          ],
          [
            30.412495306918643,
            59.82029961914364
          ],
          [
            30.41269337802272,
            59.82034668346286
          ],
          [
            30.412881857583216,
            59.82038657061906
          ],
          [
            30.41307289158228,
            59.82042951898135
          ],
          [
            30.413253069545917,
            59.820472148105026
          ],
          [
            30.413434980086024,
            59.820512094576934
          ],
          [
            30.41361244808301,
            59.82055433981847
          ],
          [
            30.413795399440804,
            59.82059650915673
          ],
          [
            30.41397825444345,
            59.820637765123244
          ],
          [
            30.414346981067567,
            59.82071765342985
          ],
          [
            30.414346981067567,
            59.82071765342985
          ],
          [
            30.414539695862885,
            59.8207607824466
          ],
          [
            30.41473393784709,
            59.82080875737757
          ],
          [
            30.41494973094974,
            59.820859115062554
          ],
          [
            30.415163611355418,
            59.820911378997295
          ],
          [
            30.41560421325785,
            59.82101394081197
          ],
          [
            30.41560421325785,
            59.82101394081197
          ],
          [
            30.41582324953169,
            59.82106646078664
          ],
          [
            30.416048652566012,
            59.82112001481707
          ],
          [
            30.416274636287593,
            59.821172427777135
          ],
          [
            30.416508253593594,
            59.821224625605524
          ],
          [
            30.416750667968316,
            59.821278310064756
          ],
          [
            30.41700171471167,
            59.821332969558554
          ],
          [
            30.417245538937454,
            59.821390316178835
          ],
          [
            30.41749579750787,
            59.82144732534363
          ],
          [
            30.417751530595268,
            59.82150268223984
          ],
          [
            30.418262081141048,
            59.82161898847649
          ],
          [
            30.41851194733523,
            59.82167743257069
          ],
          [
            30.41875921980692,
            59.821734231566126
          ],
          [
            30.41875921980692,
            59.821734231566126
          ],
          [
            30.418985881430864,
            59.82178619146837
          ],
          [
            30.419181386971665,
            59.82183208982691
          ],
          [
            30.41937176538536,
            59.82187749006662
          ],
          [
            30.41956906029805,
            59.82192338075566
          ],
          [
            30.41976589246188,
            59.821965541272625
          ],
          [
            30.41995104455849,
            59.82200863228433
          ],
          [
            30.420135858164247,
            59.822050540976505
          ],
          [
            30.420316920331143,
            59.82209032228354
          ],
          [
            30.420493255164242,
            59.82212455918095
          ],
          [
            30.420851625665488,
            59.82220234850304
          ],
          [
            30.420851625665488,
            59.82220234850304
          ],
          [
            30.421039840347262,
            59.82224306105983
          ],
          [
            30.421228518839303,
            59.82228284420801
          ],
          [
            30.42142031400175,
            59.822324873156354
          ],
          [
            30.421629905007713,
            59.82237170941022
          ],
          [
            30.421844203213315,
            59.82242145160789
          ],
          [
            30.422077986619186,
            59.82247261908661
          ],
          [
            30.422320913082114,
            59.82253139310306
          ],
          [
            30.422576276429275,
            59.82259405500582
          ],
          [
            30.422835680666328,
            59.82266203329942
          ],
          [
            30.423109319451758,
            59.82272713490876
          ],
          [
            30.423395144116537,
            59.82278888989801
          ],
          [
            30.423682980905188,
            59.82285532449327
          ],
          [
            30.42397524908506,
            59.822926312873605
          ],
          [
            30.424280623817705,
            59.8229984521436
          ],
          [
            30.424588052114053,
            59.82307079372777
          ],
          [
            30.425228194404028,
            59.823211215485095
          ],
          [
            30.425228194404028,
            59.823211215485095
          ],
          [
            30.425549387715805,
            59.823284195445545
          ],
          [
            30.426209900390564,
            59.82343404798131
          ],
          [
            30.426542141338807,
            59.82350951930689
          ],
          [
            30.426542141338807,
            59.82350951930689
          ],
          [
            30.42687782121249,
            59.823585511282886
          ],
          [
            30.42721581477789,
            59.82366020304708
          ],
          [
            30.42755389169729,
            59.82373590549386
          ],
          [
            30.42824879956234,
            59.823888442811466
          ],
          [
            30.428601493075302,
            59.82396578434469
          ],
          [
            30.42895284261334,
            59.824043385739685
          ],
          [
            30.429311872765044,
            59.82412168120463
          ],
          [
            30.429311872765044,
            59.82412168120463
          ],
          [
            30.430013147744376,
            59.82428383570309
          ],
          [
            30.430357703257773,
            59.82436261368087
          ],
          [
            30.430709167097955,
            59.82443983895887
          ],
          [
            30.43105309797102,
            59.82451774571848
          ],
          [
            30.431391856026217,
            59.824596357776585
          ],
          [
            30.431727391341383,
            59.82468126174398
          ],
          [
            30.432073528808175,
            59.82476763693229
          ],
          [
            30.432407710291322,
            59.82486101893983
          ],
          [
            30.432734868363422,
            59.82495320593789
          ],
          [
            30.43306474470345,
            59.82505351376202
          ],
          [
            30.433399475078055,
            59.82515458235702
          ],
          [
            30.433720721489088,
            59.825256118306775
          ],
          [
            30.434038761800053,
            59.82536935825384
          ],
          [
            30.43434385949226,
            59.82548894339571
          ],
          [
            30.434653429999496,
            59.825606831185056
          ],
          [
            30.434953951414222,
            59.82573288193162
          ],
          [
            30.435257812910173,
            59.82585619273814
          ],
          [
            30.43555485841501,
            59.825984938956815
          ],
          [
            30.43585160254907,
            59.8261199987309
          ],
          [
            30.436140295540888,
            59.82626088666332
          ],
          [
            30.436420793024162,
            59.82640097007968
          ],
          [
            30.436697448639478,
            59.82654560297588
          ],
          [
            30.436959149937838,
            59.826690171893624
          ],
          [
            30.437220914589854,
            59.82683979404982
          ],
          [
            30.43747953405108,
            59.82699160911779
          ],
          [
            30.43773369583341,
            59.82714531488785
          ],
          [
            30.43797653427805,
            59.82730292483566
          ],
          [
            30.43821596118382,
            59.8274671240208
          ],
          [
            30.43845316729428,
            59.82763419387266
          ],
          [
            30.43868224318619,
            59.827797529944796
          ],
          [
            30.43890645143189,
            59.82796141296742
          ],
          [
            30.43913832498506,
            59.82812820240487
          ],
          [
            30.43936299403949,
            59.82828853282889
          ],
          [
            30.43958686276124,
            59.82845296645849
          ],
          [
            30.439805150221442,
            59.82861221744822
          ],
          [
            30.4400324192614,
            59.82877643249478
          ],
          [
            30.440251157711163,
            59.828938542175564
          ],
          [
            30.440471139890555,
            59.82910060237132
          ],
          [
            30.440685299200002,
            59.82925717673968
          ],
          [
            30.44090320525007,
            59.829418070546964
          ],
          [
            30.441123232223088,
            59.82957685415361
          ],
          [
            30.441345615239147,
            59.829732589786175
          ],
          [
            30.441564244054543,
            59.82988692552724
          ],
          [
            30.441783128391343,
            59.83004651078218
          ],
          [
            30.44200008255855,
            59.83020788569574
          ],
          [
            30.44222283015489,
            59.830370839189285
          ],
          [
            30.44244152923632,
            59.830534218588426
          ],
          [
            30.442653948920228,
            59.83069704811434
          ],
          [
            30.442873520620143,
            59.830866482813654
          ],
          [
            30.44310062601393,
            59.83103056206248
          ],
          [
            30.44333524964234,
            59.83119536220855
          ],
          [
            30.443570168868856,
            59.83136555285214
          ],
          [
            30.443570168868856,
            59.83136555285214
          ],
          [
            30.443570168868856,
            59.83136555285214
          ],
          [
            30.443570168868856,
            59.83136555285214
          ],
          [
            30.443570168868856,
            59.83136555285214
          ],
          [
            30.443570168868856,
            59.83136555285214
          ],
          [
            30.443570168868856,
            59.83136555285214
          ],
          [
            30.443570168868856,
            59.83136555285214
          ],
          [
            30.443570168868856,
            59.83136555285214
          ],
          [
            30.443570168868856,
            59.83136555285214
          ],
          [
            30.443570168868856,
            59.83136555285214
          ],
          [
            30.443570168868856,
            59.83136555285214
          ],
          [
            30.443570168868856,
            59.83136555285214
          ],
          [
            30.443570168868856,
            59.83136555285214
          ],
          [
            30.443570168868856,
            59.83136555285214
          ],
          [
            30.443570168868856,
            59.83136555285214
          ],
          [
            30.443570168868856,
            59.83136555285214
          ],
          [
            30.443570168868856,
            59.83136555285214
          ],
          [
            30.443570168868856,
            59.83136555285214
          ],
          [
            30.443570168868856,
            59.83136555285214
          ],
          [
            30.443570168868856,
            59.83136555285214
          ],
          [
            30.443570168868856,
            59.83136555285214
          ],
          [
            30.443570168868856,
            59.83136555285214
          ],
          [
            30.443570168868856,
            59.83136555285214
          ],
          [
            30.443570168868856,
            59.83136555285214
          ],
          [
            30.443570168868856,
            59.83136555285214
          ],
          [
            30.443570168868856,
            59.83136555285214
          ],
          [
            30.443570168868856,
            59.83136555285214
          ],
          [
            30.443570168868856,
            59.83136555285214
          ],
          [
            30.443570168868856,
            59.83136555285214
          ],
          [
            30.443570168868856,
            59.83136555285214
          ],
          [
            30.443570168868856,
            59.83136555285214
          ],
          [
            30.443570168868856,
            59.83136555285214
          ],
          [
            30.443570168868856,
            59.83136555285214
          ],
          [
            30.443570168868856,
            59.83136555285214
          ],
          [
            30.443570168868856,
            59.83136555285214
          ],
          [
            30.443570168868856,
            59.83136555285214
          ],
          [
            30.443570168868856,
            59.83136555285214
          ],
          [
            30.443570168868856,
            59.83136555285214
          ],
          [
            30.443570168868856,
            59.83136555285214
          ],
          [
            30.443570168868856,
            59.83136555285214
          ],
          [
            30.443570168868856,
            59.83136555285214
          ],
          [
            30.443570168868856,
            59.83136555285214
          ],
          [
            30.443570168868856,
            59.83136555285214
          ],
          [
            30.443570168868856,
            59.83136555285214
          ],
          [
            30.443570168868856,
            59.83136555285214
          ],
          [
            30.443570168868856,
            59.83136555285214
          ],
          [
            30.443570168868856,
            59.83136555285214
          ],
          [
            30.443570168868856,
            59.83136555285214
          ],
          [
            30.443570168868856,
            59.83136555285214
          ],
          [
            30.443570168868856,
            59.83136555285214
          ],
          [
            30.443570168868856,
            59.83136555285214
          ],
          [
            30.443570168868856,
            59.83136555285214
          ],
          [
            30.443570168868856,
            59.83136555285214
          ],
          [
            30.443570168868856,
            59.83136555285214
          ],
          [
            30.443570168868856,
            59.83136555285214
          ],
          [
            30.443570168868856,
            59.83136555285214
          ],
          [
            30.443570168868856,
            59.83136555285214
          ],
          [
            30.443570168868856,
            59.83136555285214
          ],
          [
            30.443570168868856,
            59.83136555285214
          ],
          [
            30.443570168868856,
            59.83136555285214
          ],
          [
            30.443570168868856,
            59.83136555285214
          ],
          [
            30.443570168868856,
            59.83136555285214
          ],
          [
            30.443570168868856,
            59.83136555285214
          ],
          [
            30.443570168868856,
            59.83136555285214
          ],
          [
            30.443570168868856,
            59.83136555285214
          ],
          [
            30.443570168868856,
            59.83136555285214
          ],
          [
            30.443570168868856,
            59.83136555285214
          ],
          [
            30.443570168868856,
            59.83136555285214
          ],
          [
            30.443570168868856,
            59.83136555285214
          ],
          [
            30.443570168868856,
            59.83136555285214
          ],
          [
            30.443570168868856,
            59.83136555285214
          ],
          [
            30.443570168868856,
            59.83136555285214
          ],
          [
            30.443570168868856,
            59.83136555285214
          ],
          [
            30.443570168868856,
            59.83136555285214
          ],
          [
            30.443570168868856,
            59.83136555285214
          ],
          [
            30.443570168868856,
            59.83136555285214
          ],
          [
            30.443570168868856,
            59.83136555285214
          ],
          [
            30.443570168868856,
            59.83136555285214
          ],
          [
            30.443570168868856,
            59.83136555285214
          ],
          [
            30.443570168868856,
            59.83136555285214
          ],
          [
            30.443570168868856,
            59.83136555285214
          ],
          [
            30.443570168868856,
            59.83136555285214
          ],
          [
            30.443570168868856,
            59.83136555285214
          ],
          [
            30.443570168868856,
            59.83136555285214
          ],
          [
            30.443570168868856,
            59.83136555285214
          ],
          [
            30.443570168868856,
            59.83136555285214
          ],
          [
            30.443570168868856,
            59.83136555285214
          ],
          [
            30.443570168868856,
            59.83136555285214
          ],
          [
            30.443570168868856,
            59.83136555285214
          ],
          [
            30.443570168868856,
            59.83136555285214
          ],
          [
            30.443570168868856,
            59.83136555285214
          ],
          [
            30.443570168868856,
            59.83136555285214
          ],
          [
            30.443570168868856,
            59.83136555285214
          ],
          [
            30.443570168868856,
            59.83136555285214
          ],
          [
            30.443570168868856,
            59.83136555285214
          ],
          [
            30.443570168868856,
            59.83136555285214
          ],
          [
            30.443570168868856,
            59.83136555285214
          ],
          [
            30.443570168868856,
            59.83136555285214
          ],
          [
            30.443570168868856,
            59.83136555285214
          ],
          [
            30.443570168868856,
            59.83136555285214
          ],
          [
            30.443570168868856,
            59.83136555285214
          ],
          [
            30.443570168868856,
            59.83136555285214
          ],
          [
            30.443570168868856,
            59.83136555285214
          ],
          [
            30.443570168868856,
            59.83136555285214
          ],
          [
            30.443570168868856,
            59.83136555285214
          ],
          [
            30.443570168868856,
            59.83136555285214
          ],
          [
            30.443570168868856,
            59.83136555285214
          ],
          [
            30.443570168868856,
            59.83136555285214
          ],
          [
            30.443570168868856,
            59.83136555285214
          ],
          [
            30.443570168868856,
            59.83136555285214
          ],
          [
            30.443570168868856,
            59.83136555285214
          ],
          [
            30.443570168868856,
            59.83136555285214
          ],
          [
            30.443570168868856,
            59.83136555285214
          ],
          [
            30.443570168868856,
            59.83136555285214
          ],
          [
            30.443570168868856,
            59.83136555285214
          ],
          [
            30.443570168868856,
            59.83136555285214
          ],
          [
            30.443570168868856,
            59.83136555285214
          ],
          [
            30.443570168868856,
            59.83136555285214
          ],
          [
            30.443570168868856,
            59.83136555285214
          ],
          [
            30.443570168868856,
            59.83136555285214
          ],
          [
            30.443570168868856,
            59.83136555285214
          ],
          [
            30.443570168868856,
            59.83136555285214
          ],
          [
            30.443570168868856,
            59.83136555285214
          ],
          [
            30.443570168868856,
            59.83136555285214
          ],
          [
            30.443570168868856,
            59.83136555285214
          ],
          [
            30.443570168868856,
            59.83136555285214
          ],
          [
            30.443570168868856,
            59.83136555285214
          ],
          [
            30.443570168868856,
            59.83136555285214
          ],
          [
            30.443570168868856,
            59.83136555285214
          ],
          [
            30.443570168868856,
            59.83136555285214
          ],
          [
            30.443570168868856,
            59.83136555285214
          ],
          [
            30.443570168868856,
            59.83136555285214
          ],
          [
            30.443570168868856,
            59.83136555285214
          ],
          [
            30.443570168868856,
            59.83136555285214
          ],
          [
            30.443570168868856,
            59.83136555285214
          ],
          [
            30.443570168868856,
            59.83136555285214
          ],
          [
            30.443570168868856,
            59.83136555285214
          ],
          [
            30.443570168868856,
            59.83136555285214
          ],
          [
            30.443570168868856,
            59.83136555285214
          ],
          [
            30.443570168868856,
            59.83136555285214
          ],
          [
            30.443570168868856,
            59.83136555285214
          ],
          [
            30.443570168868856,
            59.83136555285214
          ],
          [
            30.443570168868856,
            59.83136555285214
          ],
          [
            30.443570168868856,
            59.83136555285214
          ],
          [
            30.443570168868856,
            59.83136555285214
          ],
          [
            30.443570168868856,
            59.83136555285214
          ],
          [
            30.443570168868856,
            59.83136555285214
          ],
          [
            30.443570168868856,
            59.83136555285214
          ],
          [
            30.443570168868856,
            59.83136555285214
          ],
          [
            30.443570168868856,
            59.83136555285214
          ],
          [
            30.443570168868856,
            59.83136555285214
          ],
          [
            30.443570168868856,
            59.83136555285214
          ],
          [
            30.443570168868856,
            59.83136555285214
          ],
          [
            30.443570168868856,
            59.83136555285214
          ],
          [
            30.443570168868856,
            59.83136555285214
          ],
          [
            30.443570168868856,
            59.83136555285214
          ],
          [
            30.443570168868856,
            59.83136555285214
          ],
          [
            30.443570168868856,
            59.83136555285214
          ],
          [
            30.443570168868856,
            59.83136555285214
          ],
          [
            30.443570168868856,
            59.83136555285214
          ],
          [
            30.443570168868856,
            59.83136555285214
          ],
          [
            30.443570168868856,
            59.83136555285214
          ],
          [
            30.443570168868856,
            59.83136555285214
          ],
          [
            30.443570168868856,
            59.83136555285214
          ],
          [
            30.443570168868856,
            59.83136555285214
          ],
          [
            30.443570168868856,
            59.83136555285214
          ],
          [
            30.443570168868856,
            59.83136555285214
          ],
          [
            30.443570168868856,
            59.83136555285214
          ],
          [
            30.443570168868856,
            59.83136555285214
          ],
          [
            30.443570168868856,
            59.83136555285214
          ],
          [
            30.443570168868856,
            59.83136555285214
          ],
          [
            30.443570168868856,
            59.83136555285214
          ],
          [
            30.443570168868856,
            59.83136555285214
          ],
          [
            30.443570168868856,
            59.83136555285214
          ],
          [
            30.443570168868856,
            59.83136555285214
          ],
          [
            30.443570168868856,
            59.83136555285214
          ],
          [
            30.443570168868856,
            59.83136555285214
          ],
          [
            30.443570168868856,
            59.83136555285214
          ],
          [
            30.443570168868856,
            59.83136555285214
          ],
          [
            30.443570168868856,
            59.83136555285214
          ],
          [
            30.443570168868856,
            59.83136555285214
          ],
          [
            30.443570168868856,
            59.83136555285214
          ],
          [
            30.443570168868856,
            59.83136555285214
          ],
          [
            30.443570168868856,
            59.83136555285214
          ],
          [
            30.443570168868856,
            59.83136555285214
          ],
          [
            30.443570168868856,
            59.83136555285214
          ],
          [
            30.443570168868856,
            59.83136555285214
          ],
          [
            30.443570168868856,
            59.83136555285214
          ],
          [
            30.443570168868856,
            59.83136555285214
          ],
          [
            30.443570168868856,
            59.83136555285214
          ],
          [
            30.443570168868856,
            59.83136555285214
          ],
          [
            30.443570168868856,
            59.83136555285214
          ],
          [
            30.443570168868856,
            59.83136555285214
          ],
          [
            30.443570168868856,
            59.83136555285214
          ],
          [
            30.443570168868856,
            59.83136555285214
          ],
          [
            30.443570168868856,
            59.83136555285214
          ],
          [
            30.443570168868856,
            59.83136555285214
          ],
          [
            30.443570168868856,
            59.83136555285214
          ],
          [
            30.443570168868856,
            59.83136555285214
          ],
          [
            30.443570168868856,
            59.83136555285214
          ],
          [
            30.443570168868856,
            59.83136555285214
          ],
          [
            30.443570168868856,
            59.83136555285214
          ],
          [
            30.443570168868856,
            59.83136555285214
          ],
          [
            30.443570168868856,
            59.83136555285214
          ],
          [
            30.443570168868856,
            59.83136555285214
          ],
          [
            30.443570168868856,
            59.83136555285214
          ],
          [
            30.443570168868856,
            59.83136555285214
          ],
          [
            30.443570168868856,
            59.83136555285214
          ],
          [
            30.443570168868856,
            59.83136555285214
          ],
          [
            30.443570168868856,
            59.83136555285214
          ],
          [
            30.443570168868856,
            59.83136555285214
          ],
          [
            30.443570168868856,
            59.83136555285214
          ],
          [
            30.443570168868856,
            59.83136555285214
          ],
          [
            30.443570168868856,
            59.83136555285214
          ],
          [
            30.443570168868856,
            59.83136555285214
          ],
          [
            30.443570168868856,
            59.83136555285214
          ],
          [
            30.443570168868856,
            59.83136555285214
          ],
          [
            30.443570168868856,
            59.83136555285214
          ],
          [
            30.443570168868856,
            59.83136555285214
          ],
          [
            30.443570168868856,
            59.83136555285214
          ],
          [
            30.443570168868856,
            59.83136555285214
          ],
          [
            30.443570168868856,
            59.83136555285214
          ],
          [
            30.443570168868856,
            59.83136555285214
          ],
          [
            30.443570168868856,
            59.83136555285214
          ],
          [
            30.443570168868856,
            59.83136555285214
          ],
          [
            30.443570168868856,
            59.83136555285214
          ],
          [
            30.443570168868856,
            59.83136555285214
          ],
          [
            30.443570168868856,
            59.83136555285214
          ],
          [
            30.443570168868856,
            59.83136555285214
          ],
          [
            30.443570168868856,
            59.83136555285214
          ],
          [
            30.443570168868856,
            59.83136555285214
          ],
          [
            30.443570168868856,
            59.83136555285214
          ],
          [
            30.443570168868856,
            59.83136555285214
          ],
          [
            30.443570168868856,
            59.83136555285214
          ],
          [
            30.443570168868856,
            59.83136555285214
          ],
          [
            30.443570168868856,
            59.83136555285214
          ],
          [
            30.443570168868856,
            59.83136555285214
          ],
          [
            30.443570168868856,
            59.83136555285214
          ],
          [
            30.443570168868856,
            59.83136555285214
          ],
          [
            30.443570168868856,
            59.83136555285214
          ],
          [
            30.443570168868856,
            59.83136555285214
          ],
          [
            30.443570168868856,
            59.83136555285214
          ],
          [
            30.443570168868856,
            59.83136555285214
          ],
          [
            30.443570168868856,
            59.83136555285214
          ],
          [
            30.443570168868856,
            59.83136555285214
          ],
          [
            30.443570168868856,
            59.83136555285214
          ],
          [
            30.443570168868856,
            59.83136555285214
          ],
          [
            30.443570168868856,
            59.83136555285214
          ],
          [
            30.443570168868856,
            59.83136555285214
          ],
          [
            30.443570168868856,
            59.83136555285214
          ],
          [
            30.443570168868856,
            59.83136555285214
          ],
          [
            30.443570168868856,
            59.83136555285214
          ],
          [
            30.443570168868856,
            59.83136555285214
          ],
          [
            30.443570168868856,
            59.83136555285214
          ],
          [
            30.443570168868856,
            59.83136555285214
          ],
          [
            30.443570168868856,
            59.83136555285214
          ],
          [
            30.443570168868856,
            59.83136555285214
          ],
          [
            30.443570168868856,
            59.83136555285214
          ],
          [
            30.443570168868856,
            59.83136555285214
          ],
          [
            30.443570168868856,
            59.83136555285214
          ],
          [
            30.443570168868856,
            59.83136555285214
          ],
          [
            30.443570168868856,
            59.83136555285214
          ],
          [
            30.443570168868856,
            59.83136555285214
          ],
          [
            30.443570168868856,
            59.83136555285214
          ],
          [
            30.443570168868856,
            59.83136555285214
          ],
          [
            30.443570168868856,
            59.83136555285214
          ],
          [
            30.443570168868856,
            59.83136555285214
          ],
          [
            30.443570168868856,
            59.83136555285214
          ],
          [
            30.443570168868856,
            59.83136555285214
          ],
          [
            30.443570168868856,
            59.83136555285214
          ],
          [
            30.443570168868856,
            59.83136555285214
          ],
          [
            30.443570168868856,
            59.83136555285214
          ],
          [
            30.443570168868856,
            59.83136555285214
          ],
          [
            30.443570168868856,
            59.83136555285214
          ],
          [
            30.443570168868856,
            59.83136555285214
          ],
          [
            30.443570168868856,
            59.83136555285214
          ],
          [
            30.443570168868856,
            59.83136555285214
          ],
          [
            30.443570168868856,
            59.83136555285214
          ],
          [
            30.443570168868856,
            59.83136555285214
          ],
          [
            30.443570168868856,
            59.83136555285214
          ],
          [
            30.443570168868856,
            59.83136555285214
          ],
          [
            30.443570168868856,
            59.83136555285214
          ],
          [
            30.443570168868856,
            59.83136555285214
          ],
          [
            30.443570168868856,
            59.83136555285214
          ],
          [
            30.443570168868856,
            59.83136555285214
          ],
          [
            30.443570168868856,
            59.83136555285214
          ],
          [
            30.443570168868856,
            59.83136555285214
          ],
          [
            30.443570168868856,
            59.83136555285214
          ],
          [
            30.443570168868856,
            59.83136555285214
          ],
          [
            30.443570168868856,
            59.83136555285214
          ],
          [
            30.443570168868856,
            59.83136555285214
          ],
          [
            30.443570168868856,
            59.83136555285214
          ],
          [
            30.443570168868856,
            59.83136555285214
          ],
          [
            30.443570168868856,
            59.83136555285214
          ],
          [
            30.443570168868856,
            59.83136555285214
          ],
          [
            30.443570168868856,
            59.83136555285214
          ],
          [
            30.443570168868856,
            59.83136555285214
          ],
          [
            30.443570168868856,
            59.83136555285214
          ],
          [
            30.443570168868856,
            59.83136555285214
          ],
          [
            30.443570168868856,
            59.83136555285214
          ],
          [
            30.443570168868856,
            59.83136555285214
          ],
          [
            30.443570168868856,
            59.83136555285214
          ],
          [
            30.443570168868856,
            59.83136555285214
          ],
          [
            30.443570168868856,
            59.83136555285214
          ],
          [
            30.443570168868856,
            59.83136555285214
          ],
          [
            30.443570168868856,
            59.83136555285214
          ],
          [
            30.443570168868856,
            59.83136555285214
          ],
          [
            30.443570168868856,
            59.83136555285214
          ],
          [
            30.443570168868856,
            59.83136555285214
          ],
          [
            30.443570168868856,
            59.83136555285214
          ],
          [
            30.443570168868856,
            59.83136555285214
          ],
          [
            30.443570168868856,
            59.83136555285214
          ],
          [
            30.443570168868856,
            59.83136555285214
          ],
          [
            30.443570168868856,
            59.83136555285214
          ],
          [
            30.443570168868856,
            59.83136555285214
          ],
          [
            30.443570168868856,
            59.83136555285214
          ],
          [
            30.443570168868856,
            59.83136555285214
          ],
          [
            30.443570168868856,
            59.83136555285214
          ],
          [
            30.443570168868856,
            59.83136555285214
          ],
          [
            30.443570168868856,
            59.83136555285214
          ],
          [
            30.443570168868856,
            59.83136555285214
          ],
          [
            30.443570168868856,
            59.83136555285214
          ],
          [
            30.443570168868856,
            59.83136555285214
          ],
          [
            30.443570168868856,
            59.83136555285214
          ],
          [
            30.443570168868856,
            59.83136555285214
          ],
          [
            30.443570168868856,
            59.83136555285214
          ],
          [
            30.443570168868856,
            59.83136555285214
          ],
          [
            30.443570168868856,
            59.83136555285214
          ],
          [
            30.443570168868856,
            59.83136555285214
          ],
          [
            30.443570168868856,
            59.83136555285214
          ],
          [
            30.443570168868856,
            59.83136555285214
          ],
          [
            30.443570168868856,
            59.83136555285214
          ],
          [
            30.443570168868856,
            59.83136555285214
          ],
          [
            30.443570168868856,
            59.83136555285214
          ],
          [
            30.443570168868856,
            59.83136555285214
          ],
          [
            30.443570168868856,
            59.83136555285214
          ],
          [
            30.443570168868856,
            59.83136555285214
          ],
          [
            30.443570168868856,
            59.83136555285214
          ],
          [
            30.443570168868856,
            59.83136555285214
          ],
          [
            30.443570168868856,
            59.83136555285214
          ],
          [
            30.443570168868856,
            59.83136555285214
          ],
          [
            30.443570168868856,
            59.83136555285214
          ],
          [
            30.443570168868856,
            59.83136555285214
          ],
          [
            30.443570168868856,
            59.83136555285214
          ],
          [
            30.443570168868856,
            59.83136555285214
          ],
          [
            30.443570168868856,
            59.83136555285214
          ],
          [
            30.443570168868856,
            59.83136555285214
          ],
          [
            30.443570168868856,
            59.83136555285214
          ],
          [
            30.443570168868856,
            59.83136555285214
          ],
          [
            30.443570168868856,
            59.83136555285214
          ],
          [
            30.443570168868856,
            59.83136555285214
          ],
          [
            30.443570168868856,
            59.83136555285214
          ],
          [
            30.443570168868856,
            59.83136555285214
          ],
          [
            30.443570168868856,
            59.83136555285214
          ],
          [
            30.443570168868856,
            59.83136555285214
          ],
          [
            30.443570168868856,
            59.83136555285214
          ],
          [
            30.443570168868856,
            59.83136555285214
          ],
          [
            30.443570168868856,
            59.83136555285214
          ],
          [
            30.443570168868856,
            59.83136555285214
          ],
          [
            30.443570168868856,
            59.83136555285214
          ],
          [
            30.443570168868856,
            59.83136555285214
          ],
          [
            30.443570168868856,
            59.83136555285214
          ],
          [
            30.443570168868856,
            59.83136555285214
          ],
          [
            30.443570168868856,
            59.83136555285214
          ],
          [
            30.443570168868856,
            59.83136555285214
          ],
          [
            30.443570168868856,
            59.83136555285214
          ],
          [
            30.443570168868856,
            59.83136555285214
          ],
          [
            30.443570168868856,
            59.83136555285214
          ],
          [
            30.443570168868856,
            59.83136555285214
          ],
          [
            30.443570168868856,
            59.83136555285214
          ],
          [
            30.443570168868856,
            59.83136555285214
          ],
          [
            30.443570168868856,
            59.83136555285214
          ],
          [
            30.443570168868856,
            59.83136555285214
          ],
          [
            30.443570168868856,
            59.83136555285214
          ],
          [
            30.443570168868856,
            59.83136555285214
          ],
          [
            30.443570168868856,
            59.83136555285214
          ],
          [
            30.443570168868856,
            59.83136555285214
          ],
          [
            30.443570168868856,
            59.83136555285214
          ],
          [
            30.443570168868856,
            59.83136555285214
          ],
          [
            30.443570168868856,
            59.83136555285214
          ],
          [
            30.443570168868856,
            59.83136555285214
          ],
          [
            30.443570168868856,
            59.83136555285214
          ],
          [
            30.443570168868856,
            59.83136555285214
          ],
          [
            30.443570168868856,
            59.83136555285214
          ],
          [
            30.443570168868856,
            59.83136555285214
          ],
          [
            30.443570168868856,
            59.83136555285214
          ],
          [
            30.443570168868856,
            59.83136555285214
          ],
          [
            30.443570168868856,
            59.83136555285214
          ],
          [
            30.443570168868856,
            59.83136555285214
          ],
          [
            30.443570168868856,
            59.83136555285214
          ],
          [
            30.443570168868856,
            59.83136555285214
          ],
          [
            30.443570168868856,
            59.83136555285214
          ],
          [
            30.443570168868856,
            59.83136555285214
          ],
          [
            30.443570168868856,
            59.83136555285214
          ],
          [
            30.443570168868856,
            59.83136555285214
          ],
          [
            30.443570168868856,
            59.83136555285214
          ],
          [
            30.443570168868856,
            59.83136555285214
          ],
          [
            30.443570168868856,
            59.83136555285214
          ],
          [
            30.443570168868856,
            59.83136555285214
          ],
          [
            30.443570168868856,
            59.83136555285214
          ],
          [
            30.443570168868856,
            59.83136555285214
          ],
          [
            30.443570168868856,
            59.83136555285214
          ],
          [
            30.443570168868856,
            59.83136555285214
          ],
          [
            30.443570168868856,
            59.83136555285214
          ],
          [
            30.443570168868856,
            59.83136555285214
          ],
          [
            30.443570168868856,
            59.83136555285214
          ],
          [
            30.443570168868856,
            59.83136555285214
          ],
          [
            30.443570168868856,
            59.83136555285214
          ],
          [
            30.443570168868856,
            59.83136555285214
          ],
          [
            30.443570168868856,
            59.83136555285214
          ],
          [
            30.443570168868856,
            59.83136555285214
          ],
          [
            30.443570168868856,
            59.83136555285214
          ],
          [
            30.443570168868856,
            59.83136555285214
          ],
          [
            30.443570168868856,
            59.83136555285214
          ],
          [
            30.443570168868856,
            59.83136555285214
          ],
          [
            30.443570168868856,
            59.83136555285214
          ],
          [
            30.443570168868856,
            59.83136555285214
          ],
          [
            30.443570168868856,
            59.83136555285214
          ],
          [
            30.443570168868856,
            59.83136555285214
          ],
          [
            30.443570168868856,
            59.83136555285214
          ],
          [
            30.443570168868856,
            59.83136555285214
          ],
          [
            30.443570168868856,
            59.83136555285214
          ],
          [
            30.443570168868856,
            59.83136555285214
          ],
          [
            30.443570168868856,
            59.83136555285214
          ],
          [
            30.443570168868856,
            59.83136555285214
          ],
          [
            30.443570168868856,
            59.83136555285214
          ],
          [
            30.443570168868856,
            59.83136555285214
          ],
          [
            30.443570168868856,
            59.83136555285214
          ],
          [
            30.443570168868856,
            59.83136555285214
          ],
          [
            30.443570168868856,
            59.83136555285214
          ],
          [
            30.443570168868856,
            59.83136555285214
          ],
          [
            30.443570168868856,
            59.83136555285214
          ],
          [
            30.443570168868856,
            59.83136555285214
          ],
          [
            30.443570168868856,
            59.83136555285214
          ],
          [
            30.443570168868856,
            59.83136555285214
          ],
          [
            30.443570168868856,
            59.83136555285214
          ],
          [
            30.443570168868856,
            59.83136555285214
          ],
          [
            30.443570168868856,
            59.83136555285214
          ],
          [
            30.443570168868856,
            59.83136555285214
          ],
          [
            30.443570168868856,
            59.83136555285214
          ],
          [
            30.443570168868856,
            59.83136555285214
          ],
          [
            30.443570168868856,
            59.83136555285214
          ],
          [
            30.443570168868856,
            59.83136555285214
          ],
          [
            30.443570168868856,
            59.83136555285214
          ],
          [
            30.443570168868856,
            59.83136555285214
          ],
          [
            30.443570168868856,
            59.83136555285214
          ],
          [
            30.443570168868856,
            59.83136555285214
          ],
          [
            30.443570168868856,
            59.83136555285214
          ],
          [
            30.443570168868856,
            59.83136555285214
          ],
          [
            30.443570168868856,
            59.83136555285214
          ],
          [
            30.443570168868856,
            59.83136555285214
          ],
          [
            30.443570168868856,
            59.83136555285214
          ],
          [
            30.443570168868856,
            59.83136555285214
          ],
          [
            30.443570168868856,
            59.83136555285214
          ],
          [
            30.443570168868856,
            59.83136555285214
          ],
          [
            30.443570168868856,
            59.83136555285214
          ],
          [
            30.443570168868856,
            59.83136555285214
          ],
          [
            30.443570168868856,
            59.83136555285214
          ],
          [
            30.443570168868856,
            59.83136555285214
          ],
          [
            30.443570168868856,
            59.83136555285214
          ],
          [
            30.443570168868856,
            59.83136555285214
          ],
          [
            30.443570168868856,
            59.83136555285214
          ],
          [
            30.443570168868856,
            59.83136555285214
          ],
          [
            30.443570168868856,
            59.83136555285214
          ],
          [
            30.443570168868856,
            59.83136555285214
          ],
          [
            30.443570168868856,
            59.83136555285214
          ],
          [
            30.443570168868856,
            59.83136555285214
          ],
          [
            30.443570168868856,
            59.83136555285214
          ],
          [
            30.443570168868856,
            59.83136555285214
          ],
          [
            30.443570168868856,
            59.83136555285214
          ],
          [
            30.443570168868856,
            59.83136555285214
          ],
          [
            30.443570168868856,
            59.83136555285214
          ],
          [
            30.443570168868856,
            59.83136555285214
          ],
          [
            30.443570168868856,
            59.83136555285214
          ],
          [
            30.443570168868856,
            59.83136555285214
          ],
          [
            30.443570168868856,
            59.83136555285214
          ],
          [
            30.443570168868856,
            59.83136555285214
          ],
          [
            30.443570168868856,
            59.83136555285214
          ],
          [
            30.443570168868856,
            59.83136555285214
          ],
          [
            30.443570168868856,
            59.83136555285214
          ],
          [
            30.443570168868856,
            59.83136555285214
          ],
          [
            30.443570168868856,
            59.83136555285214
          ],
          [
            30.443570168868856,
            59.83136555285214
          ],
          [
            30.443570168868856,
            59.83136555285214
          ],
          [
            30.443570168868856,
            59.83136555285214
          ],
          [
            30.443570168868856,
            59.83136555285214
          ],
          [
            30.443570168868856,
            59.83136555285214
          ],
          [
            30.443570168868856,
            59.83136555285214
          ],
          [
            30.443570168868856,
            59.83136555285214
          ],
          [
            30.443570168868856,
            59.83136555285214
          ],
          [
            30.443570168868856,
            59.83136555285214
          ],
          [
            30.443570168868856,
            59.83136555285214
          ],
          [
            30.443570168868856,
            59.83136555285214
          ],
          [
            30.443570168868856,
            59.83136555285214
          ],
          [
            30.443570168868856,
            59.83136555285214
          ],
          [
            30.443570168868856,
            59.83136555285214
          ],
          [
            30.443570168868856,
            59.83136555285214
          ],
          [
            30.443570168868856,
            59.83136555285214
          ],
          [
            30.443570168868856,
            59.83136555285214
          ],
          [
            30.443570168868856,
            59.83136555285214
          ],
          [
            30.443570168868856,
            59.83136555285214
          ],
          [
            30.443570168868856,
            59.83136555285214
          ],
          [
            30.443570168868856,
            59.83136555285214
          ],
          [
            30.443570168868856,
            59.83136555285214
          ],
          [
            30.443570168868856,
            59.83136555285214
          ],
          [
            30.443570168868856,
            59.83136555285214
          ],
          [
            30.443570168868856,
            59.83136555285214
          ],
          [
            30.443570168868856,
            59.83136555285214
          ],
          [
            30.443570168868856,
            59.83136555285214
          ],
          [
            30.443570168868856,
            59.83136555285214
          ],
          [
            30.443570168868856,
            59.83136555285214
          ],
          [
            30.443570168868856,
            59.83136555285214
          ],
          [
            30.443570168868856,
            59.83136555285214
          ],
          [
            30.443570168868856,
            59.83136555285214
          ],
          [
            30.443570168868856,
            59.83136555285214
          ],
          [
            30.443570168868856,
            59.83136555285214
          ],
          [
            30.443570168868856,
            59.83136555285214
          ],
          [
            30.443570168868856,
            59.83136555285214
          ],
          [
            30.443570168868856,
            59.83136555285214
          ],
          [
            30.443570168868856,
            59.83136555285214
          ],
          [
            30.443570168868856,
            59.83136555285214
          ],
          [
            30.443570168868856,
            59.83136555285214
          ],
          [
            30.443570168868856,
            59.83136555285214
          ],
          [
            30.443570168868856,
            59.83136555285214
          ],
          [
            30.443570168868856,
            59.83136555285214
          ],
          [
            30.443570168868856,
            59.83136555285214
          ],
          [
            30.443570168868856,
            59.83136555285214
          ],
          [
            30.443570168868856,
            59.83136555285214
          ],
          [
            30.443570168868856,
            59.83136555285214
          ],
          [
            30.443570168868856,
            59.83136555285214
          ],
          [
            30.443570168868856,
            59.83136555285214
          ],
          [
            30.443570168868856,
            59.83136555285214
          ],
          [
            30.443570168868856,
            59.83136555285214
          ],
          [
            30.443570168868856,
            59.83136555285214
          ],
          [
            30.443570168868856,
            59.83136555285214
          ],
          [
            30.443570168868856,
            59.83136555285214
          ],
          [
            30.443570168868856,
            59.83136555285214
          ],
          [
            30.443570168868856,
            59.83136555285214
          ],
          [
            30.443570168868856,
            59.83136555285214
          ],
          [
            30.443570168868856,
            59.83136555285214
          ],
          [
            30.443570168868856,
            59.83136555285214
          ],
          [
            30.443570168868856,
            59.83136555285214
          ],
          [
            30.443570168868856,
            59.83136555285214
          ],
          [
            30.443570168868856,
            59.83136555285214
          ],
          [
            30.443570168868856,
            59.83136555285214
          ],
          [
            30.443570168868856,
            59.83136555285214
          ],
          [
            30.443570168868856,
            59.83136555285214
          ],
          [
            30.443570168868856,
            59.83136555285214
          ],
          [
            30.443570168868856,
            59.83136555285214
          ],
          [
            30.443570168868856,
            59.83136555285214
          ],
          [
            30.443570168868856,
            59.83136555285214
          ],
          [
            30.443570168868856,
            59.83136555285214
          ],
          [
            30.443570168868856,
            59.83136555285214
          ],
          [
            30.443570168868856,
            59.83136555285214
          ],
          [
            30.443570168868856,
            59.83136555285214
          ],
          [
            30.443570168868856,
            59.83136555285214
          ],
          [
            30.443570168868856,
            59.83136555285214
          ],
          [
            30.443570168868856,
            59.83136555285214
          ],
          [
            30.443570168868856,
            59.83136555285214
          ],
          [
            30.443570168868856,
            59.83136555285214
          ],
          [
            30.443570168868856,
            59.83136555285214
          ],
          [
            30.443570168868856,
            59.83136555285214
          ],
          [
            30.443570168868856,
            59.83136555285214
          ],
          [
            30.443570168868856,
            59.83136555285214
          ],
          [
            30.443570168868856,
            59.83136555285214
          ],
          [
            30.443570168868856,
            59.83136555285214
          ],
          [
            30.443570168868856,
            59.83136555285214
          ],
          [
            30.443570168868856,
            59.83136555285214
          ],
          [
            30.443570168868856,
            59.83136555285214
          ],
          [
            30.443570168868856,
            59.83136555285214
          ],
          [
            30.443570168868856,
            59.83136555285214
          ],
          [
            30.443570168868856,
            59.83136555285214
          ],
          [
            30.443570168868856,
            59.83136555285214
          ],
          [
            30.443570168868856,
            59.83136555285214
          ],
          [
            30.443570168868856,
            59.83136555285214
          ],
          [
            30.443570168868856,
            59.83136555285214
          ],
          [
            30.443570168868856,
            59.83136555285214
          ],
          [
            30.443570168868856,
            59.83136555285214
          ],
          [
            30.443570168868856,
            59.83136555285214
          ],
          [
            30.443570168868856,
            59.83136555285214
          ],
          [
            30.443570168868856,
            59.83136555285214
          ],
          [
            30.443570168868856,
            59.83136555285214
          ],
          [
            30.443570168868856,
            59.83136555285214
          ],
          [
            30.443570168868856,
            59.83136555285214
          ],
          [
            30.443570168868856,
            59.83136555285214
          ],
          [
            30.443570168868856,
            59.83136555285214
          ],
          [
            30.443570168868856,
            59.83136555285214
          ],
          [
            30.443570168868856,
            59.83136555285214
          ],
          [
            30.443570168868856,
            59.83136555285214
          ],
          [
            30.443570168868856,
            59.83136555285214
          ],
          [
            30.443570168868856,
            59.83136555285214
          ],
          [
            30.443570168868856,
            59.83136555285214
          ],
          [
            30.443570168868856,
            59.83136555285214
          ],
          [
            30.443570168868856,
            59.83136555285214
          ],
          [
            30.443570168868856,
            59.83136555285214
          ],
          [
            30.443570168868856,
            59.83136555285214
          ],
          [
            30.443570168868856,
            59.83136555285214
          ],
          [
            30.443570168868856,
            59.83136555285214
          ],
          [
            30.443570168868856,
            59.83136555285214
          ],
          [
            30.443570168868856,
            59.83136555285214
          ],
          [
            30.443570168868856,
            59.83136555285214
          ],
          [
            30.443570168868856,
            59.83136555285214
          ],
          [
            30.443570168868856,
            59.83136555285214
          ],
          [
            30.443570168868856,
            59.83136555285214
          ],
          [
            30.443570168868856,
            59.83136555285214
          ],
          [
            30.443570168868856,
            59.83136555285214
          ],
          [
            30.443570168868856,
            59.83136555285214
          ],
          [
            30.443570168868856,
            59.83136555285214
          ],
          [
            30.443570168868856,
            59.83136555285214
          ],
          [
            30.443570168868856,
            59.83136555285214
          ],
          [
            30.443570168868856,
            59.83136555285214
          ],
          [
            30.443570168868856,
            59.83136555285214
          ],
          [
            30.443570168868856,
            59.83136555285214
          ],
          [
            30.443570168868856,
            59.83136555285214
          ],
          [
            30.443570168868856,
            59.83136555285214
          ],
          [
            30.443570168868856,
            59.83136555285214
          ],
          [
            30.443570168868856,
            59.83136555285214
          ],
          [
            30.443570168868856,
            59.83136555285214
          ],
          [
            30.443570168868856,
            59.83136555285214
          ],
          [
            30.443570168868856,
            59.83136555285214
          ],
          [
            30.443570168868856,
            59.83136555285214
          ],
          [
            30.443570168868856,
            59.83136555285214
          ],
          [
            30.443570168868856,
            59.83136555285214
          ],
          [
            30.443570168868856,
            59.83136555285214
          ],
          [
            30.443570168868856,
            59.83136555285214
          ],
          [
            30.443570168868856,
            59.83136555285214
          ],
          [
            30.443570168868856,
            59.83136555285214
          ],
          [
            30.443570168868856,
            59.83136555285214
          ],
          [
            30.443570168868856,
            59.83136555285214
          ],
          [
            30.443570168868856,
            59.83136555285214
          ],
          [
            30.443570168868856,
            59.83136555285214
          ],
          [
            30.443570168868856,
            59.83136555285214
          ],
          [
            30.443570168868856,
            59.83136555285214
          ],
          [
            30.443570168868856,
            59.83136555285214
          ],
          [
            30.443570168868856,
            59.83136555285214
          ],
          [
            30.443570168868856,
            59.83136555285214
          ],
          [
            30.443570168868856,
            59.83136555285214
          ],
          [
            30.443570168868856,
            59.83136555285214
          ],
          [
            30.443570168868856,
            59.83136555285214
          ],
          [
            30.443570168868856,
            59.83136555285214
          ],
          [
            30.443570168868856,
            59.83136555285214
          ],
          [
            30.443570168868856,
            59.83136555285214
          ],
          [
            30.443570168868856,
            59.83136555285214
          ],
          [
            30.443570168868856,
            59.83136555285214
          ],
          [
            30.443570168868856,
            59.83136555285214
          ],
          [
            30.443570168868856,
            59.83136555285214
          ],
          [
            30.443570168868856,
            59.83136555285214
          ],
          [
            30.443570168868856,
            59.83136555285214
          ],
          [
            30.443570168868856,
            59.83136555285214
          ],
          [
            30.443570168868856,
            59.83136555285214
          ],
          [
            30.443570168868856,
            59.83136555285214
          ],
          [
            30.443570168868856,
            59.83136555285214
          ],
          [
            30.443570168868856,
            59.83136555285214
          ],
          [
            30.443570168868856,
            59.83136555285214
          ],
          [
            30.443570168868856,
            59.83136555285214
          ],
          [
            30.443570168868856,
            59.83136555285214
          ],
          [
            30.443570168868856,
            59.83136555285214
          ],
          [
            30.443570168868856,
            59.83136555285214
          ],
          [
            30.443570168868856,
            59.83136555285214
          ],
          [
            30.443570168868856,
            59.83136555285214
          ],
          [
            30.443570168868856,
            59.83136555285214
          ],
          [
            30.443570168868856,
            59.83136555285214
          ],
          [
            30.443570168868856,
            59.83136555285214
          ],
          [
            30.443570168868856,
            59.83136555285214
          ],
          [
            30.443570168868856,
            59.83136555285214
          ],
          [
            30.443570168868856,
            59.83136555285214
          ],
          [
            30.443570168868856,
            59.83136555285214
          ],
          [
            30.443570168868856,
            59.83136555285214
          ],
          [
            30.443570168868856,
            59.83136555285214
          ],
          [
            30.443570168868856,
            59.83136555285214
          ],
          [
            30.443570168868856,
            59.83136555285214
          ],
          [
            30.443570168868856,
            59.83136555285214
          ],
          [
            30.443570168868856,
            59.83136555285214
          ],
          [
            30.443570168868856,
            59.83136555285214
          ],
          [
            30.443570168868856,
            59.83136555285214
          ],
          [
            30.443570168868856,
            59.83136555285214
          ],
          [
            30.443570168868856,
            59.83136555285214
          ],
          [
            30.443570168868856,
            59.83136555285214
          ],
          [
            30.443570168868856,
            59.83136555285214
          ],
          [
            30.443570168868856,
            59.83136555285214
          ],
          [
            30.443570168868856,
            59.83136555285214
          ],
          [
            30.443570168868856,
            59.83136555285214
          ],
          [
            30.443570168868856,
            59.83136555285214
          ],
          [
            30.443570168868856,
            59.83136555285214
          ],
          [
            30.443570168868856,
            59.83136555285214
          ],
          [
            30.443570168868856,
            59.83136555285214
          ],
          [
            30.443570168868856,
            59.83136555285214
          ],
          [
            30.443570168868856,
            59.83136555285214
          ],
          [
            30.443570168868856,
            59.83136555285214
          ],
          [
            30.443570168868856,
            59.83136555285214
          ],
          [
            30.443570168868856,
            59.83136555285214
          ],
          [
            30.443570168868856,
            59.83136555285214
          ],
          [
            30.443570168868856,
            59.83136555285214
          ],
          [
            30.443570168868856,
            59.83136555285214
          ],
          [
            30.443570168868856,
            59.83136555285214
          ],
          [
            30.443570168868856,
            59.83136555285214
          ],
          [
            30.443570168868856,
            59.83136555285214
          ],
          [
            30.443570168868856,
            59.83136555285214
          ],
          [
            30.443570168868856,
            59.83136555285214
          ],
          [
            30.443570168868856,
            59.83136555285214
          ],
          [
            30.443570168868856,
            59.83136555285214
          ],
          [
            30.443570168868856,
            59.83136555285214
          ],
          [
            30.443570168868856,
            59.83136555285214
          ],
          [
            30.443570168868856,
            59.83136555285214
          ],
          [
            30.443570168868856,
            59.83136555285214
          ],
          [
            30.443570168868856,
            59.83136555285214
          ],
          [
            30.443570168868856,
            59.83136555285214
          ],
          [
            30.443570168868856,
            59.83136555285214
          ],
          [
            30.443570168868856,
            59.83136555285214
          ],
          [
            30.443570168868856,
            59.83136555285214
          ],
          [
            30.443570168868856,
            59.83136555285214
          ],
          [
            30.443570168868856,
            59.83136555285214
          ],
          [
            30.443570168868856,
            59.83136555285214
          ],
          [
            30.443570168868856,
            59.83136555285214
          ],
          [
            30.443570168868856,
            59.83136555285214
          ],
          [
            30.443570168868856,
            59.83136555285214
          ],
          [
            30.443570168868856,
            59.83136555285214
          ],
          [
            30.443570168868856,
            59.83136555285214
          ],
          [
            30.443570168868856,
            59.83136555285214
          ],
          [
            30.443570168868856,
            59.83136555285214
          ],
          [
            30.443570168868856,
            59.83136555285214
          ],
          [
            30.443570168868856,
            59.83136555285214
          ],
          [
            30.443570168868856,
            59.83136555285214
          ],
          [
            30.443570168868856,
            59.83136555285214
          ],
          [
            30.443570168868856,
            59.83136555285214
          ],
          [
            30.443570168868856,
            59.83136555285214
          ],
          [
            30.443570168868856,
            59.83136555285214
          ],
          [
            30.443570168868856,
            59.83136555285214
          ],
          [
            30.443570168868856,
            59.83136555285214
          ],
          [
            30.443570168868856,
            59.83136555285214
          ],
          [
            30.443570168868856,
            59.83136555285214
          ],
          [
            30.443570168868856,
            59.83136555285214
          ],
          [
            30.443570168868856,
            59.83136555285214
          ],
          [
            30.443570168868856,
            59.83136555285214
          ],
          [
            30.443570168868856,
            59.83136555285214
          ],
          [
            30.443570168868856,
            59.83136555285214
          ],
          [
            30.443570168868856,
            59.83136555285214
          ],
          [
            30.443570168868856,
            59.83136555285214
          ],
          [
            30.443570168868856,
            59.83136555285214
          ],
          [
            30.443570168868856,
            59.83136555285214
          ],
          [
            30.443570168868856,
            59.83136555285214
          ],
          [
            30.443570168868856,
            59.83136555285214
          ],
          [
            30.443570168868856,
            59.83136555285214
          ],
          [
            30.443570168868856,
            59.83136555285214
          ],
          [
            30.443570168868856,
            59.83136555285214
          ],
          [
            30.443570168868856,
            59.83136555285214
          ],
          [
            30.443570168868856,
            59.83136555285214
          ],
          [
            30.443570168868856,
            59.83136555285214
          ],
          [
            30.443570168868856,
            59.83136555285214
          ],
          [
            30.443570168868856,
            59.83136555285214
          ],
          [
            30.443570168868856,
            59.83136555285214
          ],
          [
            30.443570168868856,
            59.83136555285214
          ],
          [
            30.443570168868856,
            59.83136555285214
          ],
          [
            30.443570168868856,
            59.83136555285214
          ],
          [
            30.443570168868856,
            59.83136555285214
          ],
          [
            30.443570168868856,
            59.83136555285214
          ],
          [
            30.443570168868856,
            59.83136555285214
          ],
          [
            30.443570168868856,
            59.83136555285214
          ],
          [
            30.443570168868856,
            59.83136555285214
          ],
          [
            30.443570168868856,
            59.83136555285214
          ],
          [
            30.443570168868856,
            59.83136555285214
          ],
          [
            30.443570168868856,
            59.83136555285214
          ],
          [
            30.443570168868856,
            59.83136555285214
          ],
          [
            30.443570168868856,
            59.83136555285214
          ],
          [
            30.443570168868856,
            59.83136555285214
          ],
          [
            30.443570168868856,
            59.83136555285214
          ],
          [
            30.443570168868856,
            59.83136555285214
          ],
          [
            30.443570168868856,
            59.83136555285214
          ],
          [
            30.443570168868856,
            59.83136555285214
          ],
          [
            30.443570168868856,
            59.83136555285214
          ],
          [
            30.443570168868856,
            59.83136555285214
          ],
          [
            30.443570168868856,
            59.83136555285214
          ],
          [
            30.443570168868856,
            59.83136555285214
          ],
          [
            30.443570168868856,
            59.83136555285214
          ],
          [
            30.443570168868856,
            59.83136555285214
          ],
          [
            30.443570168868856,
            59.83136555285214
          ],
          [
            30.443570168868856,
            59.83136555285214
          ],
          [
            30.443570168868856,
            59.83136555285214
          ],
          [
            30.443570168868856,
            59.83136555285214
          ],
          [
            30.443570168868856,
            59.83136555285214
          ],
          [
            30.443570168868856,
            59.83136555285214
          ],
          [
            30.443570168868856,
            59.83136555285214
          ],
          [
            30.443570168868856,
            59.83136555285214
          ],
          [
            30.443570168868856,
            59.83136555285214
          ],
          [
            30.443570168868856,
            59.83136555285214
          ],
          [
            30.443570168868856,
            59.83136555285214
          ],
          [
            30.443570168868856,
            59.83136555285214
          ],
          [
            30.443570168868856,
            59.83136555285214
          ],
          [
            30.443570168868856,
            59.83136555285214
          ],
          [
            30.443570168868856,
            59.83136555285214
          ],
          [
            30.443570168868856,
            59.83136555285214
          ],
          [
            30.443570168868856,
            59.83136555285214
          ],
          [
            30.443570168868856,
            59.83136555285214
          ],
          [
            30.443570168868856,
            59.83136555285214
          ],
          [
            30.443570168868856,
            59.83136555285214
          ],
          [
            30.443570168868856,
            59.83136555285214
          ],
          [
            30.443570168868856,
            59.83136555285214
          ],
          [
            30.443570168868856,
            59.83136555285214
          ],
          [
            30.443570168868856,
            59.83136555285214
          ],
          [
            30.443570168868856,
            59.83136555285214
          ],
          [
            30.443570168868856,
            59.83136555285214
          ],
          [
            30.443570168868856,
            59.83136555285214
          ],
          [
            30.443570168868856,
            59.83136555285214
          ],
          [
            30.443570168868856,
            59.83136555285214
          ],
          [
            30.443570168868856,
            59.83136555285214
          ],
          [
            30.443570168868856,
            59.83136555285214
          ],
          [
            30.443570168868856,
            59.83136555285214
          ],
          [
            30.443570168868856,
            59.83136555285214
          ],
          [
            30.443570168868856,
            59.83136555285214
          ],
          [
            30.443570168868856,
            59.83136555285214
          ],
          [
            30.443570168868856,
            59.83136555285214
          ],
          [
            30.443570168868856,
            59.83136555285214
          ],
          [
            30.443570168868856,
            59.83136555285214
          ],
          [
            30.443570168868856,
            59.83136555285214
          ],
          [
            30.443570168868856,
            59.83136555285214
          ],
          [
            30.443570168868856,
            59.83136555285214
          ],
          [
            30.443570168868856,
            59.83136555285214
          ],
          [
            30.443570168868856,
            59.83136555285214
          ],
          [
            30.443570168868856,
            59.83136555285214
          ],
          [
            30.443570168868856,
            59.83136555285214
          ],
          [
            30.443570168868856,
            59.83136555285214
          ],
          [
            30.443570168868856,
            59.83136555285214
          ],
          [
            30.443570168868856,
            59.83136555285214
          ],
          [
            30.443570168868856,
            59.83136555285214
          ],
          [
            30.443570168868856,
            59.83136555285214
          ],
          [
            30.443570168868856,
            59.83136555285214
          ],
          [
            30.443570168868856,
            59.83136555285214
          ],
          [
            30.443570168868856,
            59.83136555285214
          ],
          [
            30.443570168868856,
            59.83136555285214
          ],
          [
            30.443570168868856,
            59.83136555285214
          ],
          [
            30.443570168868856,
            59.83136555285214
          ],
          [
            30.443570168868856,
            59.83136555285214
          ],
          [
            30.443570168868856,
            59.83136555285214
          ],
          [
            30.443570168868856,
            59.83136555285214
          ],
          [
            30.443570168868856,
            59.83136555285214
          ],
          [
            30.443570168868856,
            59.83136555285214
          ],
          [
            30.443570168868856,
            59.83136555285214
          ],
          [
            30.443570168868856,
            59.83136555285214
          ],
          [
            30.443570168868856,
            59.83136555285214
          ],
          [
            30.443570168868856,
            59.83136555285214
          ],
          [
            30.443570168868856,
            59.83136555285214
          ],
          [
            30.443570168868856,
            59.83136555285214
          ],
          [
            30.443570168868856,
            59.83136555285214
          ],
          [
            30.443570168868856,
            59.83136555285214
          ],
          [
            30.443570168868856,
            59.83136555285214
          ],
          [
            30.443570168868856,
            59.83136555285214
          ],
          [
            30.443570168868856,
            59.83136555285214
          ],
          [
            30.443570168868856,
            59.83136555285214
          ],
          [
            30.443570168868856,
            59.83136555285214
          ],
          [
            30.443570168868856,
            59.83136555285214
          ],
          [
            30.443570168868856,
            59.83136555285214
          ],
          [
            30.443570168868856,
            59.83136555285214
          ],
          [
            30.443570168868856,
            59.83136555285214
          ],
          [
            30.443570168868856,
            59.83136555285214
          ],
          [
            30.443570168868856,
            59.83136555285214
          ],
          [
            30.443570168868856,
            59.83136555285214
          ],
          [
            30.443570168868856,
            59.83136555285214
          ],
          [
            30.443570168868856,
            59.83136555285214
          ],
          [
            30.443570168868856,
            59.83136555285214
          ],
          [
            30.443570168868856,
            59.83136555285214
          ],
          [
            30.443570168868856,
            59.83136555285214
          ],
          [
            30.443570168868856,
            59.83136555285214
          ],
          [
            30.443570168868856,
            59.83136555285214
          ],
          [
            30.443570168868856,
            59.83136555285214
          ],
          [
            30.443570168868856,
            59.83136555285214
          ],
          [
            30.443570168868856,
            59.83136555285214
          ],
          [
            30.443570168868856,
            59.83136555285214
          ],
          [
            30.443570168868856,
            59.83136555285214
          ],
          [
            30.443570168868856,
            59.83136555285214
          ],
          [
            30.443570168868856,
            59.83136555285214
          ],
          [
            30.443570168868856,
            59.83136555285214
          ],
          [
            30.443570168868856,
            59.83136555285214
          ],
          [
            30.443570168868856,
            59.83136555285214
          ],
          [
            30.443570168868856,
            59.83136555285214
          ],
          [
            30.443570168868856,
            59.83136555285214
          ],
          [
            30.443570168868856,
            59.83136555285214
          ],
          [
            30.443570168868856,
            59.83136555285214
          ],
          [
            30.443570168868856,
            59.83136555285214
          ],
          [
            30.443570168868856,
            59.83136555285214
          ],
          [
            30.443570168868856,
            59.83136555285214
          ],
          [
            30.443570168868856,
            59.83136555285214
          ],
          [
            30.443570168868856,
            59.83136555285214
          ],
          [
            30.443570168868856,
            59.83136555285214
          ],
          [
            30.443570168868856,
            59.83136555285214
          ],
          [
            30.443570168868856,
            59.83136555285214
          ],
          [
            30.443570168868856,
            59.83136555285214
          ],
          [
            30.443570168868856,
            59.83136555285214
          ],
          [
            30.443570168868856,
            59.83136555285214
          ],
          [
            30.443570168868856,
            59.83136555285214
          ],
          [
            30.443570168868856,
            59.83136555285214
          ],
          [
            30.443570168868856,
            59.83136555285214
          ],
          [
            30.443570168868856,
            59.83136555285214
          ],
          [
            30.443570168868856,
            59.83136555285214
          ],
          [
            30.443570168868856,
            59.83136555285214
          ],
          [
            30.443570168868856,
            59.83136555285214
          ],
          [
            30.443570168868856,
            59.83136555285214
          ],
          [
            30.443570168868856,
            59.83136555285214
          ],
          [
            30.443570168868856,
            59.83136555285214
          ],
          [
            30.443570168868856,
            59.83136555285214
          ],
          [
            30.443570168868856,
            59.83136555285214
          ],
          [
            30.443570168868856,
            59.83136555285214
          ],
          [
            30.443570168868856,
            59.83136555285214
          ],
          [
            30.443570168868856,
            59.83136555285214
          ],
          [
            30.443570168868856,
            59.83136555285214
          ],
          [
            30.443570168868856,
            59.83136555285214
          ],
          [
            30.443570168868856,
            59.83136555285214
          ],
          [
            30.443570168868856,
            59.83136555285214
          ],
          [
            30.443570168868856,
            59.83136555285214
          ],
          [
            30.443570168868856,
            59.83136555285214
          ],
          [
            30.443570168868856,
            59.83136555285214
          ],
          [
            30.443570168868856,
            59.83136555285214
          ],
          [
            30.443570168868856,
            59.83136555285214
          ],
          [
            30.443570168868856,
            59.83136555285214
          ],
          [
            30.443570168868856,
            59.83136555285214
          ],
          [
            30.443570168868856,
            59.83136555285214
          ],
          [
            30.443570168868856,
            59.83136555285214
          ],
          [
            30.443570168868856,
            59.83136555285214
          ],
          [
            30.443570168868856,
            59.83136555285214
          ],
          [
            30.443570168868856,
            59.83136555285214
          ],
          [
            30.443570168868856,
            59.83136555285214
          ],
          [
            30.443570168868856,
            59.83136555285214
          ],
          [
            30.443570168868856,
            59.83136555285214
          ],
          [
            30.443570168868856,
            59.83136555285214
          ],
          [
            30.443570168868856,
            59.83136555285214
          ],
          [
            30.443570168868856,
            59.83136555285214
          ],
          [
            30.443570168868856,
            59.83136555285214
          ],
          [
            30.443570168868856,
            59.83136555285214
          ],
          [
            30.443570168868856,
            59.83136555285214
          ],
          [
            30.443570168868856,
            59.83136555285214
          ],
          [
            30.443570168868856,
            59.83136555285214
          ],
          [
            30.443570168868856,
            59.83136555285214
          ],
          [
            30.443570168868856,
            59.83136555285214
          ],
          [
            30.443570168868856,
            59.83136555285214
          ],
          [
            30.443570168868856,
            59.83136555285214
          ],
          [
            30.443570168868856,
            59.83136555285214
          ],
          [
            30.443570168868856,
            59.83136555285214
          ],
          [
            30.443570168868856,
            59.83136555285214
          ],
          [
            30.443570168868856,
            59.83136555285214
          ],
          [
            30.443570168868856,
            59.83136555285214
          ],
          [
            30.443570168868856,
            59.83136555285214
          ],
          [
            30.443570168868856,
            59.83136555285214
          ],
          [
            30.443570168868856,
            59.83136555285214
          ],
          [
            30.443570168868856,
            59.83136555285214
          ],
          [
            30.443570168868856,
            59.83136555285214
          ],
          [
            30.443570168868856,
            59.83136555285214
          ],
          [
            30.443570168868856,
            59.83136555285214
          ],
          [
            30.443570168868856,
            59.83136555285214
          ],
          [
            30.443570168868856,
            59.83136555285214
          ],
          [
            30.443570168868856,
            59.83136555285214
          ],
          [
            30.443570168868856,
            59.83136555285214
          ],
          [
            30.443570168868856,
            59.83136555285214
          ],
          [
            30.443570168868856,
            59.83136555285214
          ],
          [
            30.443570168868856,
            59.83136555285214
          ],
          [
            30.443570168868856,
            59.83136555285214
          ],
          [
            30.443570168868856,
            59.83136555285214
          ],
          [
            30.443570168868856,
            59.83136555285214
          ],
          [
            30.443570168868856,
            59.83136555285214
          ],
          [
            30.443570168868856,
            59.83136555285214
          ],
          [
            30.443570168868856,
            59.83136555285214
          ],
          [
            30.443570168868856,
            59.83136555285214
          ],
          [
            30.443570168868856,
            59.83136555285214
          ],
          [
            30.443570168868856,
            59.83136555285214
          ],
          [
            30.443570168868856,
            59.83136555285214
          ],
          [
            30.443570168868856,
            59.83136555285214
          ],
          [
            30.443570168868856,
            59.83136555285214
          ],
          [
            30.443570168868856,
            59.83136555285214
          ],
          [
            30.443570168868856,
            59.83136555285214
          ],
          [
            30.443570168868856,
            59.83136555285214
          ],
          [
            30.443570168868856,
            59.83136555285214
          ],
          [
            30.443570168868856,
            59.83136555285214
          ],
          [
            30.443570168868856,
            59.83136555285214
          ],
          [
            30.443570168868856,
            59.83136555285214
          ],
          [
            30.443570168868856,
            59.83136555285214
          ],
          [
            30.443570168868856,
            59.83136555285214
          ],
          [
            30.443570168868856,
            59.83136555285214
          ],
          [
            30.443570168868856,
            59.83136555285214
          ],
          [
            30.443570168868856,
            59.83136555285214
          ],
          [
            30.443570168868856,
            59.83136555285214
          ],
          [
            30.443570168868856,
            59.83136555285214
          ],
          [
            30.443570168868856,
            59.83136555285214
          ],
          [
            30.443570168868856,
            59.83136555285214
          ],
          [
            30.443570168868856,
            59.83136555285214
          ],
          [
            30.443570168868856,
            59.83136555285214
          ],
          [
            30.443570168868856,
            59.83136555285214
          ],
          [
            30.443570168868856,
            59.83136555285214
          ],
          [
            30.443570168868856,
            59.83136555285214
          ],
          [
            30.443570168868856,
            59.83136555285214
          ],
          [
            30.443570168868856,
            59.83136555285214
          ],
          [
            30.443570168868856,
            59.83136555285214
          ],
          [
            30.443570168868856,
            59.83136555285214
          ],
          [
            30.443570168868856,
            59.83136555285214
          ],
          [
            30.443570168868856,
            59.83136555285214
          ],
          [
            30.443570168868856,
            59.83136555285214
          ],
          [
            30.443570168868856,
            59.83136555285214
          ],
          [
            30.443570168868856,
            59.83136555285214
          ],
          [
            30.443570168868856,
            59.83136555285214
          ],
          [
            30.443570168868856,
            59.83136555285214
          ],
          [
            30.443570168868856,
            59.83136555285214
          ],
          [
            30.443570168868856,
            59.83136555285214
          ],
          [
            30.443570168868856,
            59.83136555285214
          ],
          [
            30.443570168868856,
            59.83136555285214
          ],
          [
            30.443570168868856,
            59.83136555285214
          ],
          [
            30.443570168868856,
            59.83136555285214
          ],
          [
            30.443570168868856,
            59.83136555285214
          ],
          [
            30.443570168868856,
            59.83136555285214
          ],
          [
            30.443570168868856,
            59.83136555285214
          ],
          [
            30.443570168868856,
            59.83136555285214
          ],
          [
            30.443570168868856,
            59.83136555285214
          ],
          [
            30.443570168868856,
            59.83136555285214
          ],
          [
            30.443570168868856,
            59.83136555285214
          ],
          [
            30.443570168868856,
            59.83136555285214
          ],
          [
            30.443570168868856,
            59.83136555285214
          ],
          [
            30.443570168868856,
            59.83136555285214
          ],
          [
            30.443570168868856,
            59.83136555285214
          ],
          [
            30.443570168868856,
            59.83136555285214
          ],
          [
            30.443570168868856,
            59.83136555285214
          ],
          [
            30.443570168868856,
            59.83136555285214
          ],
          [
            30.443570168868856,
            59.83136555285214
          ],
          [
            30.443570168868856,
            59.83136555285214
          ],
          [
            30.443570168868856,
            59.83136555285214
          ],
          [
            30.443570168868856,
            59.83136555285214
          ],
          [
            30.443570168868856,
            59.83136555285214
          ],
          [
            30.443570168868856,
            59.83136555285214
          ],
          [
            30.443570168868856,
            59.83136555285214
          ],
          [
            30.443570168868856,
            59.83136555285214
          ],
          [
            30.443570168868856,
            59.83136555285214
          ],
          [
            30.443570168868856,
            59.83136555285214
          ],
          [
            30.443570168868856,
            59.83136555285214
          ],
          [
            30.443570168868856,
            59.83136555285214
          ],
          [
            30.443570168868856,
            59.83136555285214
          ],
          [
            30.443570168868856,
            59.83136555285214
          ],
          [
            30.443570168868856,
            59.83136555285214
          ],
          [
            30.443570168868856,
            59.83136555285214
          ],
          [
            30.443570168868856,
            59.83136555285214
          ],
          [
            30.443570168868856,
            59.83136555285214
          ],
          [
            30.443570168868856,
            59.83136555285214
          ],
          [
            30.443570168868856,
            59.83136555285214
          ],
          [
            30.443570168868856,
            59.83136555285214
          ],
          [
            30.443570168868856,
            59.83136555285214
          ],
          [
            30.443570168868856,
            59.83136555285214
          ],
          [
            30.443570168868856,
            59.83136555285214
          ],
          [
            30.443570168868856,
            59.83136555285214
          ],
          [
            30.443570168868856,
            59.83136555285214
          ],
          [
            30.443570168868856,
            59.83136555285214
          ],
          [
            30.443570168868856,
            59.83136555285214
          ],
          [
            30.443570168868856,
            59.83136555285214
          ],
          [
            30.443570168868856,
            59.83136555285214
          ],
          [
            30.443570168868856,
            59.83136555285214
          ],
          [
            30.443570168868856,
            59.83136555285214
          ],
          [
            30.443570168868856,
            59.83136555285214
          ],
          [
            30.443570168868856,
            59.83136555285214
          ],
          [
            30.443570168868856,
            59.83136555285214
          ],
          [
            30.443570168868856,
            59.83136555285214
          ],
          [
            30.443570168868856,
            59.83136555285214
          ],
          [
            30.443570168868856,
            59.83136555285214
          ],
          [
            30.443570168868856,
            59.83136555285214
          ],
          [
            30.443570168868856,
            59.83136555285214
          ],
          [
            30.443570168868856,
            59.83136555285214
          ],
          [
            30.443570168868856,
            59.83136555285214
          ],
          [
            30.443570168868856,
            59.83136555285214
          ],
          [
            30.443570168868856,
            59.83136555285214
          ],
          [
            30.443570168868856,
            59.83136555285214
          ],
          [
            30.443570168868856,
            59.83136555285214
          ],
          [
            30.443570168868856,
            59.83136555285214
          ],
          [
            30.443570168868856,
            59.83136555285214
          ],
          [
            30.443570168868856,
            59.83136555285214
          ],
          [
            30.443570168868856,
            59.83136555285214
          ],
          [
            30.443570168868856,
            59.83136555285214
          ],
          [
            30.443570168868856,
            59.83136555285214
          ],
          [
            30.443570168868856,
            59.83136555285214
          ],
          [
            30.443570168868856,
            59.83136555285214
          ],
          [
            30.443570168868856,
            59.83136555285214
          ],
          [
            30.443570168868856,
            59.83136555285214
          ],
          [
            30.443570168868856,
            59.83136555285214
          ],
          [
            30.443570168868856,
            59.83136555285214
          ],
          [
            30.443570168868856,
            59.83136555285214
          ],
          [
            30.443570168868856,
            59.83136555285214
          ],
          [
            30.443570168868856,
            59.83136555285214
          ],
          [
            30.443570168868856,
            59.83136555285214
          ],
          [
            30.443570168868856,
            59.83136555285214
          ],
          [
            30.443570168868856,
            59.83136555285214
          ],
          [
            30.443570168868856,
            59.83136555285214
          ],
          [
            30.443570168868856,
            59.83136555285214
          ],
          [
            30.443570168868856,
            59.83136555285214
          ],
          [
            30.443570168868856,
            59.83136555285214
          ],
          [
            30.443570168868856,
            59.83136555285214
          ],
          [
            30.443570168868856,
            59.83136555285214
          ],
          [
            30.443570168868856,
            59.83136555285214
          ],
          [
            30.443570168868856,
            59.83136555285214
          ],
          [
            30.443570168868856,
            59.83136555285214
          ],
          [
            30.443570168868856,
            59.83136555285214
          ],
          [
            30.443570168868856,
            59.83136555285214
          ],
          [
            30.443570168868856,
            59.83136555285214
          ],
          [
            30.443570168868856,
            59.83136555285214
          ],
          [
            30.443570168868856,
            59.83136555285214
          ],
          [
            30.443570168868856,
            59.83136555285214
          ],
          [
            30.443570168868856,
            59.83136555285214
          ],
          [
            30.443570168868856,
            59.83136555285214
          ],
          [
            30.443570168868856,
            59.83136555285214
          ],
          [
            30.443570168868856,
            59.83136555285214
          ],
          [
            30.443570168868856,
            59.83136555285214
          ],
          [
            30.443570168868856,
            59.83136555285214
          ],
          [
            30.443570168868856,
            59.83136555285214
          ],
          [
            30.443570168868856,
            59.83136555285214
          ],
          [
            30.443570168868856,
            59.83136555285214
          ],
          [
            30.443570168868856,
            59.83136555285214
          ],
          [
            30.443570168868856,
            59.83136555285214
          ],
          [
            30.443570168868856,
            59.83136555285214
          ],
          [
            30.443570168868856,
            59.83136555285214
          ],
          [
            30.443570168868856,
            59.83136555285214
          ],
          [
            30.443570168868856,
            59.83136555285214
          ],
          [
            30.443570168868856,
            59.83136555285214
          ],
          [
            30.443570168868856,
            59.83136555285214
          ],
          [
            30.443570168868856,
            59.83136555285214
          ],
          [
            30.443570168868856,
            59.83136555285214
          ],
          [
            30.443570168868856,
            59.83136555285214
          ],
          [
            30.443570168868856,
            59.83136555285214
          ],
          [
            30.443570168868856,
            59.83136555285214
          ],
          [
            30.443570168868856,
            59.83136555285214
          ],
          [
            30.443570168868856,
            59.83136555285214
          ],
          [
            30.443570168868856,
            59.83136555285214
          ],
          [
            30.443570168868856,
            59.83136555285214
          ],
          [
            30.443570168868856,
            59.83136555285214
          ],
          [
            30.443570168868856,
            59.83136555285214
          ],
          [
            30.443570168868856,
            59.83136555285214
          ],
          [
            30.443570168868856,
            59.83136555285214
          ],
          [
            30.443570168868856,
            59.83136555285214
          ],
          [
            30.443570168868856,
            59.83136555285214
          ],
          [
            30.443570168868856,
            59.83136555285214
          ],
          [
            30.443570168868856,
            59.83136555285214
          ],
          [
            30.443570168868856,
            59.83136555285214
          ],
          [
            30.443570168868856,
            59.83136555285214
          ],
          [
            30.443570168868856,
            59.83136555285214
          ],
          [
            30.443570168868856,
            59.83136555285214
          ],
          [
            30.443570168868856,
            59.83136555285214
          ],
          [
            30.443570168868856,
            59.83136555285214
          ],
          [
            30.443570168868856,
            59.83136555285214
          ],
          [
            30.443570168868856,
            59.83136555285214
          ],
          [
            30.443570168868856,
            59.83136555285214
          ],
          [
            30.443570168868856,
            59.83136555285214
          ],
          [
            30.443570168868856,
            59.83136555285214
          ],
          [
            30.443570168868856,
            59.83136555285214
          ],
          [
            30.443570168868856,
            59.83136555285214
          ],
          [
            30.443570168868856,
            59.83136555285214
          ],
          [
            30.443570168868856,
            59.83136555285214
          ],
          [
            30.443570168868856,
            59.83136555285214
          ],
          [
            30.443570168868856,
            59.83136555285214
          ],
          [
            30.443570168868856,
            59.83136555285214
          ],
          [
            30.443570168868856,
            59.83136555285214
          ],
          [
            30.443570168868856,
            59.83136555285214
          ],
          [
            30.443570168868856,
            59.83136555285214
          ],
          [
            30.443570168868856,
            59.83136555285214
          ],
          [
            30.443570168868856,
            59.83136555285214
          ],
          [
            30.443570168868856,
            59.83136555285214
          ],
          [
            30.443570168868856,
            59.83136555285214
          ],
          [
            30.443570168868856,
            59.83136555285214
          ],
          [
            30.443570168868856,
            59.83136555285214
          ],
          [
            30.443570168868856,
            59.83136555285214
          ],
          [
            30.443570168868856,
            59.83136555285214
          ],
          [
            30.443570168868856,
            59.83136555285214
          ],
          [
            30.443570168868856,
            59.83136555285214
          ],
          [
            30.443570168868856,
            59.83136555285214
          ],
          [
            30.443570168868856,
            59.83136555285214
          ],
          [
            30.443570168868856,
            59.83136555285214
          ],
          [
            30.443570168868856,
            59.83136555285214
          ],
          [
            30.443570168868856,
            59.83136555285214
          ],
          [
            30.443570168868856,
            59.83136555285214
          ],
          [
            30.443570168868856,
            59.83136555285214
          ],
          [
            30.443570168868856,
            59.83136555285214
          ],
          [
            30.443570168868856,
            59.83136555285214
          ],
          [
            30.443570168868856,
            59.83136555285214
          ],
          [
            30.443570168868856,
            59.83136555285214
          ],
          [
            30.443570168868856,
            59.83136555285214
          ],
          [
            30.443570168868856,
            59.83136555285214
          ],
          [
            30.443570168868856,
            59.83136555285214
          ],
          [
            30.443570168868856,
            59.83136555285214
          ],
          [
            30.443570168868856,
            59.83136555285214
          ],
          [
            30.443570168868856,
            59.83136555285214
          ],
          [
            30.443570168868856,
            59.83136555285214
          ],
          [
            30.443570168868856,
            59.83136555285214
          ],
          [
            30.443570168868856,
            59.83136555285214
          ],
          [
            30.443570168868856,
            59.83136555285214
          ],
          [
            30.443570168868856,
            59.83136555285214
          ],
          [
            30.443570168868856,
            59.83136555285214
          ],
          [
            30.443570168868856,
            59.83136555285214
          ],
          [
            30.443570168868856,
            59.83136555285214
          ],
          [
            30.443570168868856,
            59.83136555285214
          ],
          [
            30.443570168868856,
            59.83136555285214
          ],
          [
            30.443570168868856,
            59.83136555285214
          ],
          [
            30.443570168868856,
            59.83136555285214
          ],
          [
            30.443570168868856,
            59.83136555285214
          ],
          [
            30.443570168868856,
            59.83136555285214
          ],
          [
            30.443570168868856,
            59.83136555285214
          ],
          [
            30.443570168868856,
            59.83136555285214
          ],
          [
            30.443570168868856,
            59.83136555285214
          ],
          [
            30.443570168868856,
            59.83136555285214
          ],
          [
            30.443570168868856,
            59.83136555285214
          ],
          [
            30.443570168868856,
            59.83136555285214
          ],
          [
            30.443570168868856,
            59.83136555285214
          ],
          [
            30.443570168868856,
            59.83136555285214
          ],
          [
            30.443570168868856,
            59.83136555285214
          ],
          [
            30.443570168868856,
            59.83136555285214
          ],
          [
            30.443570168868856,
            59.83136555285214
          ],
          [
            30.443570168868856,
            59.83136555285214
          ],
          [
            30.443570168868856,
            59.83136555285214
          ],
          [
            30.443570168868856,
            59.83136555285214
          ],
          [
            30.443570168868856,
            59.83136555285214
          ],
          [
            30.443570168868856,
            59.83136555285214
          ],
          [
            30.443570168868856,
            59.83136555285214
          ],
          [
            30.443570168868856,
            59.83136555285214
          ],
          [
            30.443570168868856,
            59.83136555285214
          ],
          [
            30.443570168868856,
            59.83136555285214
          ],
          [
            30.443570168868856,
            59.83136555285214
          ],
          [
            30.443570168868856,
            59.83136555285214
          ],
          [
            30.443570168868856,
            59.83136555285214
          ],
          [
            30.443570168868856,
            59.83136555285214
          ],
          [
            30.443570168868856,
            59.83136555285214
          ],
          [
            30.443570168868856,
            59.83136555285214
          ],
          [
            30.443570168868856,
            59.83136555285214
          ],
          [
            30.443570168868856,
            59.83136555285214
          ],
          [
            30.443570168868856,
            59.83136555285214
          ],
          [
            30.443570168868856,
            59.83136555285214
          ],
          [
            30.443570168868856,
            59.83136555285214
          ],
          [
            30.443570168868856,
            59.83136555285214
          ],
          [
            30.443570168868856,
            59.83136555285214
          ],
          [
            30.443570168868856,
            59.83136555285214
          ],
          [
            30.443570168868856,
            59.83136555285214
          ],
          [
            30.443570168868856,
            59.83136555285214
          ],
          [
            30.443570168868856,
            59.83136555285214
          ],
          [
            30.443570168868856,
            59.83136555285214
          ],
          [
            30.443570168868856,
            59.83136555285214
          ],
          [
            30.443570168868856,
            59.83136555285214
          ],
          [
            30.443570168868856,
            59.83136555285214
          ],
          [
            30.443570168868856,
            59.83136555285214
          ],
          [
            30.443570168868856,
            59.83136555285214
          ],
          [
            30.443570168868856,
            59.83136555285214
          ],
          [
            30.443570168868856,
            59.83136555285214
          ],
          [
            30.443570168868856,
            59.83136555285214
          ],
          [
            30.443570168868856,
            59.83136555285214
          ],
          [
            30.443570168868856,
            59.83136555285214
          ],
          [
            30.443570168868856,
            59.83136555285214
          ],
          [
            30.443570168868856,
            59.83136555285214
          ],
          [
            30.443570168868856,
            59.83136555285214
          ],
          [
            30.443570168868856,
            59.83136555285214
          ],
          [
            30.443570168868856,
            59.83136555285214
          ],
          [
            30.443570168868856,
            59.83136555285214
          ],
          [
            30.443570168868856,
            59.83136555285214
          ],
          [
            30.443570168868856,
            59.83136555285214
          ],
          [
            30.443570168868856,
            59.83136555285214
          ],
          [
            30.443570168868856,
            59.83136555285214
          ],
          [
            30.443570168868856,
            59.83136555285214
          ],
          [
            30.443570168868856,
            59.83136555285214
          ],
          [
            30.443570168868856,
            59.83136555285214
          ],
          [
            30.443570168868856,
            59.83136555285214
          ],
          [
            30.443570168868856,
            59.83136555285214
          ],
          [
            30.443570168868856,
            59.83136555285214
          ],
          [
            30.443570168868856,
            59.83136555285214
          ],
          [
            30.443570168868856,
            59.83136555285214
          ],
          [
            30.443570168868856,
            59.83136555285214
          ],
          [
            30.443570168868856,
            59.83136555285214
          ],
          [
            30.443570168868856,
            59.83136555285214
          ],
          [
            30.443570168868856,
            59.83136555285214
          ],
          [
            30.443570168868856,
            59.83136555285214
          ],
          [
            30.443570168868856,
            59.83136555285214
          ],
          [
            30.443570168868856,
            59.83136555285214
          ],
          [
            30.443570168868856,
            59.83136555285214
          ],
          [
            30.443570168868856,
            59.83136555285214
          ],
          [
            30.443570168868856,
            59.83136555285214
          ],
          [
            30.443570168868856,
            59.83136555285214
          ],
          [
            30.443570168868856,
            59.83136555285214
          ],
          [
            30.443570168868856,
            59.83136555285214
          ],
          [
            30.443570168868856,
            59.83136555285214
          ],
          [
            30.443570168868856,
            59.83136555285214
          ],
          [
            30.443570168868856,
            59.83136555285214
          ],
          [
            30.443570168868856,
            59.83136555285214
          ],
          [
            30.443570168868856,
            59.83136555285214
          ],
          [
            30.443570168868856,
            59.83136555285214
          ],
          [
            30.443570168868856,
            59.83136555285214
          ],
          [
            30.443570168868856,
            59.83136555285214
          ],
          [
            30.443570168868856,
            59.83136555285214
          ],
          [
            30.443570168868856,
            59.83136555285214
          ],
          [
            30.443570168868856,
            59.83136555285214
          ],
          [
            30.443570168868856,
            59.83136555285214
          ],
          [
            30.443570168868856,
            59.83136555285214
          ],
          [
            30.443570168868856,
            59.83136555285214
          ],
          [
            30.443570168868856,
            59.83136555285214
          ],
          [
            30.443570168868856,
            59.83136555285214
          ],
          [
            30.443570168868856,
            59.83136555285214
          ],
          [
            30.443570168868856,
            59.83136555285214
          ],
          [
            30.443570168868856,
            59.83136555285214
          ],
          [
            30.443570168868856,
            59.83136555285214
          ],
          [
            30.443570168868856,
            59.83136555285214
          ],
          [
            30.443570168868856,
            59.83136555285214
          ],
          [
            30.443570168868856,
            59.83136555285214
          ],
          [
            30.443570168868856,
            59.83136555285214
          ],
          [
            30.443570168868856,
            59.83136555285214
          ],
          [
            30.443570168868856,
            59.83136555285214
          ],
          [
            30.443570168868856,
            59.83136555285214
          ],
          [
            30.443570168868856,
            59.83136555285214
          ],
          [
            30.443570168868856,
            59.83136555285214
          ],
          [
            30.443570168868856,
            59.83136555285214
          ],
          [
            30.443570168868856,
            59.83136555285214
          ],
          [
            30.443570168868856,
            59.83136555285214
          ],
          [
            30.443570168868856,
            59.83136555285214
          ],
          [
            30.443570168868856,
            59.83136555285214
          ],
          [
            30.443570168868856,
            59.83136555285214
          ],
          [
            30.443570168868856,
            59.83136555285214
          ],
          [
            30.443570168868856,
            59.83136555285214
          ],
          [
            30.443570168868856,
            59.83136555285214
          ],
          [
            30.443570168868856,
            59.83136555285214
          ],
          [
            30.443570168868856,
            59.83136555285214
          ],
          [
            30.443570168868856,
            59.83136555285214
          ],
          [
            30.443570168868856,
            59.83136555285214
          ],
          [
            30.443570168868856,
            59.83136555285214
          ],
          [
            30.443570168868856,
            59.83136555285214
          ],
          [
            30.443570168868856,
            59.83136555285214
          ],
          [
            30.443570168868856,
            59.83136555285214
          ],
          [
            30.443570168868856,
            59.83136555285214
          ],
          [
            30.443570168868856,
            59.83136555285214
          ],
          [
            30.443570168868856,
            59.83136555285214
          ],
          [
            30.443570168868856,
            59.83136555285214
          ],
          [
            30.443570168868856,
            59.83136555285214
          ],
          [
            30.443570168868856,
            59.83136555285214
          ],
          [
            30.443570168868856,
            59.83136555285214
          ],
          [
            30.443570168868856,
            59.83136555285214
          ],
          [
            30.443570168868856,
            59.83136555285214
          ],
          [
            30.443570168868856,
            59.83136555285214
          ],
          [
            30.443570168868856,
            59.83136555285214
          ],
          [
            30.443570168868856,
            59.83136555285214
          ],
          [
            30.443570168868856,
            59.83136555285214
          ],
          [
            30.443570168868856,
            59.83136555285214
          ],
          [
            30.443570168868856,
            59.83136555285214
          ],
          [
            30.443570168868856,
            59.83136555285214
          ],
          [
            30.443570168868856,
            59.83136555285214
          ],
          [
            30.443570168868856,
            59.83136555285214
          ],
          [
            30.443570168868856,
            59.83136555285214
          ],
          [
            30.443570168868856,
            59.83136555285214
          ],
          [
            30.443570168868856,
            59.83136555285214
          ],
          [
            30.443570168868856,
            59.83136555285214
          ],
          [
            30.443570168868856,
            59.83136555285214
          ],
          [
            30.443570168868856,
            59.83136555285214
          ],
          [
            30.443570168868856,
            59.83136555285214
          ],
          [
            30.443570168868856,
            59.83136555285214
          ],
          [
            30.443570168868856,
            59.83136555285214
          ],
          [
            30.443570168868856,
            59.83136555285214
          ],
          [
            30.443570168868856,
            59.83136555285214
          ],
          [
            30.443570168868856,
            59.83136555285214
          ],
          [
            30.443570168868856,
            59.83136555285214
          ],
          [
            30.443570168868856,
            59.83136555285214
          ],
          [
            30.443570168868856,
            59.83136555285214
          ],
          [
            30.443570168868856,
            59.83136555285214
          ],
          [
            30.443570168868856,
            59.83136555285214
          ],
          [
            30.443570168868856,
            59.83136555285214
          ],
          [
            30.443570168868856,
            59.83136555285214
          ],
          [
            30.443570168868856,
            59.83136555285214
          ],
          [
            30.443570168868856,
            59.83136555285214
          ],
          [
            30.443570168868856,
            59.83136555285214
          ],
          [
            30.443570168868856,
            59.83136555285214
          ],
          [
            30.443570168868856,
            59.83136555285214
          ],
          [
            30.443570168868856,
            59.83136555285214
          ],
          [
            30.443570168868856,
            59.83136555285214
          ],
          [
            30.443570168868856,
            59.83136555285214
          ],
          [
            30.443570168868856,
            59.83136555285214
          ],
          [
            30.443570168868856,
            59.83136555285214
          ],
          [
            30.443570168868856,
            59.83136555285214
          ],
          [
            30.443570168868856,
            59.83136555285214
          ],
          [
            30.443570168868856,
            59.83136555285214
          ],
          [
            30.443570168868856,
            59.83136555285214
          ],
          [
            30.443570168868856,
            59.83136555285214
          ],
          [
            30.443570168868856,
            59.83136555285214
          ],
          [
            30.443570168868856,
            59.83136555285214
          ],
          [
            30.443570168868856,
            59.83136555285214
          ],
          [
            30.443570168868856,
            59.83136555285214
          ],
          [
            30.443570168868856,
            59.83136555285214
          ],
          [
            30.443570168868856,
            59.83136555285214
          ],
          [
            30.443570168868856,
            59.83136555285214
          ],
          [
            30.443570168868856,
            59.83136555285214
          ],
          [
            30.443570168868856,
            59.83136555285214
          ],
          [
            30.443570168868856,
            59.83136555285214
          ],
          [
            30.443570168868856,
            59.83136555285214
          ],
          [
            30.443570168868856,
            59.83136555285214
          ],
          [
            30.443570168868856,
            59.83136555285214
          ],
          [
            30.443570168868856,
            59.83136555285214
          ],
          [
            30.443570168868856,
            59.83136555285214
          ],
          [
            30.443570168868856,
            59.83136555285214
          ],
          [
            30.443570168868856,
            59.83136555285214
          ],
          [
            30.443570168868856,
            59.83136555285214
          ],
          [
            30.443570168868856,
            59.83136555285214
          ],
          [
            30.443570168868856,
            59.83136555285214
          ],
          [
            30.443570168868856,
            59.83136555285214
          ],
          [
            30.443570168868856,
            59.83136555285214
          ],
          [
            30.443570168868856,
            59.83136555285214
          ],
          [
            30.443570168868856,
            59.83136555285214
          ],
          [
            30.443570168868856,
            59.83136555285214
          ],
          [
            30.443570168868856,
            59.83136555285214
          ],
          [
            30.443570168868856,
            59.83136555285214
          ],
          [
            30.443570168868856,
            59.83136555285214
          ],
          [
            30.443570168868856,
            59.83136555285214
          ],
          [
            30.443570168868856,
            59.83136555285214
          ],
          [
            30.443570168868856,
            59.83136555285214
          ],
          [
            30.443570168868856,
            59.83136555285214
          ],
          [
            30.443570168868856,
            59.83136555285214
          ],
          [
            30.443570168868856,
            59.83136555285214
          ],
          [
            30.443570168868856,
            59.83136555285214
          ],
          [
            30.443570168868856,
            59.83136555285214
          ],
          [
            30.443570168868856,
            59.83136555285214
          ],
          [
            30.443570168868856,
            59.83136555285214
          ],
          [
            30.443570168868856,
            59.83136555285214
          ],
          [
            30.443570168868856,
            59.83136555285214
          ],
          [
            30.443570168868856,
            59.83136555285214
          ],
          [
            30.443570168868856,
            59.83136555285214
          ],
          [
            30.443570168868856,
            59.83136555285214
          ],
          [
            30.443570168868856,
            59.83136555285214
          ],
          [
            30.443570168868856,
            59.83136555285214
          ],
          [
            30.443570168868856,
            59.83136555285214
          ],
          [
            30.443570168868856,
            59.83136555285214
          ],
          [
            30.443570168868856,
            59.83136555285214
          ],
          [
            30.443570168868856,
            59.83136555285214
          ],
          [
            30.443570168868856,
            59.83136555285214
          ],
          [
            30.443570168868856,
            59.83136555285214
          ],
          [
            30.443570168868856,
            59.83136555285214
          ],
          [
            30.443570168868856,
            59.83136555285214
          ],
          [
            30.443570168868856,
            59.83136555285214
          ],
          [
            30.443570168868856,
            59.83136555285214
          ],
          [
            30.443570168868856,
            59.83136555285214
          ],
          [
            30.443570168868856,
            59.83136555285214
          ],
          [
            30.443570168868856,
            59.83136555285214
          ],
          [
            30.443570168868856,
            59.83136555285214
          ],
          [
            30.443570168868856,
            59.83136555285214
          ],
          [
            30.443570168868856,
            59.83136555285214
          ],
          [
            30.443570168868856,
            59.83136555285214
          ],
          [
            30.443570168868856,
            59.83136555285214
          ],
          [
            30.443570168868856,
            59.83136555285214
          ],
          [
            30.443570168868856,
            59.83136555285214
          ],
          [
            30.443570168868856,
            59.83136555285214
          ],
          [
            30.443570168868856,
            59.83136555285214
          ],
          [
            30.443570168868856,
            59.83136555285214
          ],
          [
            30.443570168868856,
            59.83136555285214
          ],
          [
            30.443570168868856,
            59.83136555285214
          ],
          [
            30.443570168868856,
            59.83136555285214
          ],
          [
            30.443570168868856,
            59.83136555285214
          ],
          [
            30.443570168868856,
            59.83136555285214
          ],
          [
            30.443570168868856,
            59.83136555285214
          ],
          [
            30.443570168868856,
            59.83136555285214
          ],
          [
            30.443570168868856,
            59.83136555285214
          ],
          [
            30.443570168868856,
            59.83136555285214
          ],
          [
            30.443570168868856,
            59.83136555285214
          ],
          [
            30.443570168868856,
            59.83136555285214
          ],
          [
            30.443570168868856,
            59.83136555285214
          ],
          [
            30.443570168868856,
            59.83136555285214
          ],
          [
            30.443570168868856,
            59.83136555285214
          ],
          [
            30.443570168868856,
            59.83136555285214
          ],
          [
            30.443570168868856,
            59.83136555285214
          ],
          [
            30.443570168868856,
            59.83136555285214
          ],
          [
            30.443570168868856,
            59.83136555285214
          ],
          [
            30.443570168868856,
            59.83136555285214
          ],
          [
            30.443570168868856,
            59.83136555285214
          ],
          [
            30.443570168868856,
            59.83136555285214
          ],
          [
            30.443570168868856,
            59.83136555285214
          ],
          [
            30.443570168868856,
            59.83136555285214
          ],
          [
            30.443570168868856,
            59.83136555285214
          ],
          [
            30.443570168868856,
            59.83136555285214
          ],
          [
            30.443570168868856,
            59.83136555285214
          ],
          [
            30.443570168868856,
            59.83136555285214
          ],
          [
            30.443570168868856,
            59.83136555285214
          ],
          [
            30.443570168868856,
            59.83136555285214
          ],
          [
            30.443570168868856,
            59.83136555285214
          ],
          [
            30.443570168868856,
            59.83136555285214
          ],
          [
            30.443570168868856,
            59.83136555285214
          ],
          [
            30.443570168868856,
            59.83136555285214
          ],
          [
            30.443570168868856,
            59.83136555285214
          ],
          [
            30.443570168868856,
            59.83136555285214
          ],
          [
            30.443570168868856,
            59.83136555285214
          ],
          [
            30.443570168868856,
            59.83136555285214
          ],
          [
            30.443570168868856,
            59.83136555285214
          ],
          [
            30.443570168868856,
            59.83136555285214
          ],
          [
            30.443570168868856,
            59.83136555285214
          ],
          [
            30.443570168868856,
            59.83136555285214
          ],
          [
            30.443570168868856,
            59.83136555285214
          ],
          [
            30.443570168868856,
            59.83136555285214
          ],
          [
            30.443570168868856,
            59.83136555285214
          ],
          [
            30.443570168868856,
            59.83136555285214
          ],
          [
            30.443570168868856,
            59.83136555285214
          ],
          [
            30.443570168868856,
            59.83136555285214
          ],
          [
            30.443570168868856,
            59.83136555285214
          ],
          [
            30.443570168868856,
            59.83136555285214
          ],
          [
            30.443570168868856,
            59.83136555285214
          ],
          [
            30.443570168868856,
            59.83136555285214
          ],
          [
            30.443570168868856,
            59.83136555285214
          ],
          [
            30.443570168868856,
            59.83136555285214
          ],
          [
            30.443570168868856,
            59.83136555285214
          ],
          [
            30.443570168868856,
            59.83136555285214
          ],
          [
            30.443570168868856,
            59.83136555285214
          ],
          [
            30.443570168868856,
            59.83136555285214
          ],
          [
            30.443570168868856,
            59.83136555285214
          ],
          [
            30.443570168868856,
            59.83136555285214
          ],
          [
            30.443570168868856,
            59.83136555285214
          ],
          [
            30.443570168868856,
            59.83136555285214
          ],
          [
            30.443570168868856,
            59.83136555285214
          ],
          [
            30.443570168868856,
            59.83136555285214
          ],
          [
            30.443570168868856,
            59.83136555285214
          ],
          [
            30.443570168868856,
            59.83136555285214
          ],
          [
            30.443570168868856,
            59.83136555285214
          ],
          [
            30.443570168868856,
            59.83136555285214
          ],
          [
            30.443570168868856,
            59.83136555285214
          ],
          [
            30.443570168868856,
            59.83136555285214
          ],
          [
            30.443570168868856,
            59.83136555285214
          ],
          [
            30.443570168868856,
            59.83136555285214
          ],
          [
            30.443570168868856,
            59.83136555285214
          ],
          [
            30.443570168868856,
            59.83136555285214
          ],
          [
            30.443570168868856,
            59.83136555285214
          ],
          [
            30.443570168868856,
            59.83136555285214
          ],
          [
            30.443570168868856,
            59.83136555285214
          ],
          [
            30.443570168868856,
            59.83136555285214
          ],
          [
            30.443570168868856,
            59.83136555285214
          ],
          [
            30.443570168868856,
            59.83136555285214
          ],
          [
            30.443570168868856,
            59.83136555285214
          ],
          [
            30.443570168868856,
            59.83136555285214
          ],
          [
            30.443570168868856,
            59.83136555285214
          ],
          [
            30.443570168868856,
            59.83136555285214
          ],
          [
            30.443570168868856,
            59.83136555285214
          ],
          [
            30.443570168868856,
            59.83136555285214
          ],
          [
            30.443570168868856,
            59.83136555285214
          ],
          [
            30.443570168868856,
            59.83136555285214
          ],
          [
            30.443570168868856,
            59.83136555285214
          ],
          [
            30.443570168868856,
            59.83136555285214
          ],
          [
            30.443570168868856,
            59.83136555285214
          ],
          [
            30.443570168868856,
            59.83136555285214
          ],
          [
            30.443570168868856,
            59.83136555285214
          ],
          [
            30.443570168868856,
            59.83136555285214
          ],
          [
            30.443570168868856,
            59.83136555285214
          ],
          [
            30.443570168868856,
            59.83136555285214
          ],
          [
            30.443570168868856,
            59.83136555285214
          ],
          [
            30.443570168868856,
            59.83136555285214
          ],
          [
            30.443570168868856,
            59.83136555285214
          ],
          [
            30.443570168868856,
            59.83136555285214
          ],
          [
            30.443570168868856,
            59.83136555285214
          ],
          [
            30.443570168868856,
            59.83136555285214
          ],
          [
            30.443570168868856,
            59.83136555285214
          ],
          [
            30.443570168868856,
            59.83136555285214
          ],
          [
            30.443570168868856,
            59.83136555285214
          ],
          [
            30.443570168868856,
            59.83136555285214
          ],
          [
            30.443570168868856,
            59.83136555285214
          ],
          [
            30.443570168868856,
            59.83136555285214
          ],
          [
            30.443570168868856,
            59.83136555285214
          ],
          [
            30.443570168868856,
            59.83136555285214
          ],
          [
            30.443570168868856,
            59.83136555285214
          ],
          [
            30.443570168868856,
            59.83136555285214
          ],
          [
            30.443570168868856,
            59.83136555285214
          ],
          [
            30.443570168868856,
            59.83136555285214
          ],
          [
            30.443570168868856,
            59.83136555285214
          ],
          [
            30.443570168868856,
            59.83136555285214
          ],
          [
            30.443570168868856,
            59.83136555285214
          ],
          [
            30.443570168868856,
            59.83136555285214
          ],
          [
            30.443570168868856,
            59.83136555285214
          ],
          [
            30.443570168868856,
            59.83136555285214
          ],
          [
            30.443570168868856,
            59.83136555285214
          ],
          [
            30.443570168868856,
            59.83136555285214
          ],
          [
            30.443570168868856,
            59.83136555285214
          ],
          [
            30.443570168868856,
            59.83136555285214
          ],
          [
            30.443570168868856,
            59.83136555285214
          ],
          [
            30.443570168868856,
            59.83136555285214
          ],
          [
            30.443570168868856,
            59.83136555285214
          ],
          [
            30.443570168868856,
            59.83136555285214
          ],
          [
            30.443570168868856,
            59.83136555285214
          ],
          [
            30.443570168868856,
            59.83136555285214
          ],
          [
            30.443570168868856,
            59.83136555285214
          ],
          [
            30.443570168868856,
            59.83136555285214
          ],
          [
            30.443570168868856,
            59.83136555285214
          ],
          [
            30.443570168868856,
            59.83136555285214
          ],
          [
            30.443570168868856,
            59.83136555285214
          ],
          [
            30.443570168868856,
            59.83136555285214
          ],
          [
            30.443570168868856,
            59.83136555285214
          ],
          [
            30.443570168868856,
            59.83136555285214
          ],
          [
            30.443570168868856,
            59.83136555285214
          ],
          [
            30.443570168868856,
            59.83136555285214
          ],
          [
            30.443570168868856,
            59.83136555285214
          ],
          [
            30.443570168868856,
            59.83136555285214
          ],
          [
            30.443570168868856,
            59.83136555285214
          ],
          [
            30.443570168868856,
            59.83136555285214
          ],
          [
            30.443570168868856,
            59.83136555285214
          ],
          [
            30.443570168868856,
            59.83136555285214
          ],
          [
            30.443570168868856,
            59.83136555285214
          ],
          [
            30.443570168868856,
            59.83136555285214
          ],
          [
            30.443570168868856,
            59.83136555285214
          ],
          [
            30.443570168868856,
            59.83136555285214
          ],
          [
            30.443570168868856,
            59.83136555285214
          ],
          [
            30.443570168868856,
            59.83136555285214
          ],
          [
            30.443570168868856,
            59.83136555285214
          ],
          [
            30.443570168868856,
            59.83136555285214
          ],
          [
            30.443570168868856,
            59.83136555285214
          ],
          [
            30.443570168868856,
            59.83136555285214
          ],
          [
            30.443570168868856,
            59.83136555285214
          ],
          [
            30.443570168868856,
            59.83136555285214
          ],
          [
            30.443570168868856,
            59.83136555285214
          ],
          [
            30.443570168868856,
            59.83136555285214
          ],
          [
            30.443570168868856,
            59.83136555285214
          ],
          [
            30.443570168868856,
            59.83136555285214
          ],
          [
            30.443570168868856,
            59.83136555285214
          ],
          [
            30.443570168868856,
            59.83136555285214
          ],
          [
            30.443570168868856,
            59.83136555285214
          ],
          [
            30.443570168868856,
            59.83136555285214
          ],
          [
            30.443570168868856,
            59.83136555285214
          ],
          [
            30.443570168868856,
            59.83136555285214
          ],
          [
            30.443570168868856,
            59.83136555285214
          ],
          [
            30.443570168868856,
            59.83136555285214
          ],
          [
            30.443570168868856,
            59.83136555285214
          ],
          [
            30.443570168868856,
            59.83136555285214
          ],
          [
            30.443570168868856,
            59.83136555285214
          ],
          [
            30.443570168868856,
            59.83136555285214
          ],
          [
            30.443570168868856,
            59.83136555285214
          ],
          [
            30.443570168868856,
            59.83136555285214
          ],
          [
            30.443570168868856,
            59.83136555285214
          ],
          [
            30.443570168868856,
            59.83136555285214
          ],
          [
            30.443570168868856,
            59.83136555285214
          ],
          [
            30.443570168868856,
            59.83136555285214
          ],
          [
            30.443570168868856,
            59.83136555285214
          ],
          [
            30.443570168868856,
            59.83136555285214
          ],
          [
            30.443570168868856,
            59.83136555285214
          ],
          [
            30.443570168868856,
            59.83136555285214
          ],
          [
            30.443570168868856,
            59.83136555285214
          ],
          [
            30.443570168868856,
            59.83136555285214
          ],
          [
            30.443570168868856,
            59.83136555285214
          ],
          [
            30.443570168868856,
            59.83136555285214
          ],
          [
            30.443570168868856,
            59.83136555285214
          ],
          [
            30.443570168868856,
            59.83136555285214
          ],
          [
            30.443570168868856,
            59.83136555285214
          ],
          [
            30.443570168868856,
            59.83136555285214
          ],
          [
            30.443570168868856,
            59.83136555285214
          ],
          [
            30.443570168868856,
            59.83136555285214
          ],
          [
            30.443570168868856,
            59.83136555285214
          ],
          [
            30.443570168868856,
            59.83136555285214
          ],
          [
            30.443570168868856,
            59.83136555285214
          ],
          [
            30.443570168868856,
            59.83136555285214
          ],
          [
            30.443570168868856,
            59.83136555285214
          ],
          [
            30.443570168868856,
            59.83136555285214
          ],
          [
            30.443570168868856,
            59.83136555285214
          ],
          [
            30.443570168868856,
            59.83136555285214
          ],
          [
            30.443570168868856,
            59.83136555285214
          ],
          [
            30.443570168868856,
            59.83136555285214
          ],
          [
            30.443570168868856,
            59.83136555285214
          ],
          [
            30.443570168868856,
            59.83136555285214
          ],
          [
            30.443570168868856,
            59.83136555285214
          ],
          [
            30.443570168868856,
            59.83136555285214
          ],
          [
            30.443570168868856,
            59.83136555285214
          ],
          [
            30.443570168868856,
            59.83136555285214
          ],
          [
            30.443570168868856,
            59.83136555285214
          ],
          [
            30.443570168868856,
            59.83136555285214
          ],
          [
            30.443570168868856,
            59.83136555285214
          ],
          [
            30.443570168868856,
            59.83136555285214
          ],
          [
            30.443570168868856,
            59.83136555285214
          ],
          [
            30.443570168868856,
            59.83136555285214
          ],
          [
            30.443570168868856,
            59.83136555285214
          ],
          [
            30.443570168868856,
            59.83136555285214
          ],
          [
            30.443570168868856,
            59.83136555285214
          ],
          [
            30.443570168868856,
            59.83136555285214
          ],
          [
            30.443570168868856,
            59.83136555285214
          ],
          [
            30.443570168868856,
            59.83136555285214
          ],
          [
            30.443570168868856,
            59.83136555285214
          ],
          [
            30.443570168868856,
            59.83136555285214
          ],
          [
            30.443570168868856,
            59.83136555285214
          ],
          [
            30.443570168868856,
            59.83136555285214
          ],
          [
            30.443570168868856,
            59.83136555285214
          ],
          [
            30.443570168868856,
            59.83136555285214
          ],
          [
            30.443570168868856,
            59.83136555285214
          ],
          [
            30.443570168868856,
            59.83136555285214
          ],
          [
            30.443570168868856,
            59.83136555285214
          ],
          [
            30.443570168868856,
            59.83136555285214
          ],
          [
            30.443570168868856,
            59.83136555285214
          ],
          [
            30.443570168868856,
            59.83136555285214
          ],
          [
            30.443570168868856,
            59.83136555285214
          ],
          [
            30.443570168868856,
            59.83136555285214
          ],
          [
            30.443570168868856,
            59.83136555285214
          ],
          [
            30.443570168868856,
            59.83136555285214
          ],
          [
            30.443570168868856,
            59.83136555285214
          ],
          [
            30.443570168868856,
            59.83136555285214
          ],
          [
            30.443570168868856,
            59.83136555285214
          ],
          [
            30.443570168868856,
            59.83136555285214
          ],
          [
            30.443570168868856,
            59.83136555285214
          ],
          [
            30.443570168868856,
            59.83136555285214
          ],
          [
            30.443570168868856,
            59.83136555285214
          ],
          [
            30.443570168868856,
            59.83136555285214
          ],
          [
            30.443570168868856,
            59.83136555285214
          ],
          [
            30.443570168868856,
            59.83136555285214
          ],
          [
            30.443570168868856,
            59.83136555285214
          ],
          [
            30.443570168868856,
            59.83136555285214
          ],
          [
            30.443570168868856,
            59.83136555285214
          ],
          [
            30.443570168868856,
            59.83136555285214
          ],
          [
            30.443570168868856,
            59.83136555285214
          ],
          [
            30.443570168868856,
            59.83136555285214
          ],
          [
            30.443570168868856,
            59.83136555285214
          ],
          [
            30.443570168868856,
            59.83136555285214
          ],
          [
            30.443570168868856,
            59.83136555285214
          ],
          [
            30.443570168868856,
            59.83136555285214
          ],
          [
            30.443570168868856,
            59.83136555285214
          ],
          [
            30.443570168868856,
            59.83136555285214
          ],
          [
            30.443570168868856,
            59.83136555285214
          ],
          [
            30.443570168868856,
            59.83136555285214
          ],
          [
            30.443570168868856,
            59.83136555285214
          ],
          [
            30.443570168868856,
            59.83136555285214
          ],
          [
            30.443570168868856,
            59.83136555285214
          ],
          [
            30.443570168868856,
            59.83136555285214
          ],
          [
            30.443570168868856,
            59.83136555285214
          ],
          [
            30.443570168868856,
            59.83136555285214
          ],
          [
            30.443570168868856,
            59.83136555285214
          ],
          [
            30.443570168868856,
            59.83136555285214
          ],
          [
            30.443570168868856,
            59.83136555285214
          ],
          [
            30.443570168868856,
            59.83136555285214
          ],
          [
            30.443570168868856,
            59.83136555285214
          ],
          [
            30.443570168868856,
            59.83136555285214
          ],
          [
            30.443570168868856,
            59.83136555285214
          ],
          [
            30.443570168868856,
            59.83136555285214
          ],
          [
            30.443570168868856,
            59.83136555285214
          ],
          [
            30.443570168868856,
            59.83136555285214
          ],
          [
            30.443570168868856,
            59.83136555285214
          ],
          [
            30.443570168868856,
            59.83136555285214
          ],
          [
            30.443570168868856,
            59.83136555285214
          ],
          [
            30.443570168868856,
            59.83136555285214
          ],
          [
            30.443570168868856,
            59.83136555285214
          ],
          [
            30.443570168868856,
            59.83136555285214
          ],
          [
            30.443570168868856,
            59.83136555285214
          ],
          [
            30.443570168868856,
            59.83136555285214
          ],
          [
            30.443570168868856,
            59.83136555285214
          ],
          [
            30.443570168868856,
            59.83136555285214
          ],
          [
            30.443570168868856,
            59.83136555285214
          ],
          [
            30.443570168868856,
            59.83136555285214
          ],
          [
            30.443570168868856,
            59.83136555285214
          ],
          [
            30.443570168868856,
            59.83136555285214
          ],
          [
            30.443570168868856,
            59.83136555285214
          ],
          [
            30.443570168868856,
            59.83136555285214
          ],
          [
            30.443570168868856,
            59.83136555285214
          ],
          [
            30.443570168868856,
            59.83136555285214
          ],
          [
            30.443570168868856,
            59.83136555285214
          ],
          [
            30.443570168868856,
            59.83136555285214
          ],
          [
            30.443570168868856,
            59.83136555285214
          ],
          [
            30.443570168868856,
            59.83136555285214
          ],
          [
            30.443570168868856,
            59.83136555285214
          ],
          [
            30.443570168868856,
            59.83136555285214
          ],
          [
            30.443570168868856,
            59.83136555285214
          ],
          [
            30.443570168868856,
            59.83136555285214
          ],
          [
            30.443570168868856,
            59.83136555285214
          ],
          [
            30.443570168868856,
            59.83136555285214
          ],
          [
            30.443570168868856,
            59.83136555285214
          ],
          [
            30.443570168868856,
            59.83136555285214
          ],
          [
            30.443570168868856,
            59.83136555285214
          ],
          [
            30.443570168868856,
            59.83136555285214
          ],
          [
            30.443570168868856,
            59.83136555285214
          ],
          [
            30.443570168868856,
            59.83136555285214
          ],
          [
            30.443570168868856,
            59.83136555285214
          ],
          [
            30.443570168868856,
            59.83136555285214
          ],
          [
            30.443570168868856,
            59.83136555285214
          ],
          [
            30.443570168868856,
            59.83136555285214
          ],
          [
            30.443570168868856,
            59.83136555285214
          ],
          [
            30.443570168868856,
            59.83136555285214
          ],
          [
            30.443570168868856,
            59.83136555285214
          ],
          [
            30.443570168868856,
            59.83136555285214
          ],
          [
            30.443570168868856,
            59.83136555285214
          ],
          [
            30.443570168868856,
            59.83136555285214
          ],
          [
            30.443570168868856,
            59.83136555285214
          ],
          [
            30.443570168868856,
            59.83136555285214
          ],
          [
            30.443570168868856,
            59.83136555285214
          ],
          [
            30.443570168868856,
            59.83136555285214
          ],
          [
            30.443570168868856,
            59.83136555285214
          ],
          [
            30.443570168868856,
            59.83136555285214
          ],
          [
            30.443570168868856,
            59.83136555285214
          ],
          [
            30.443570168868856,
            59.83136555285214
          ],
          [
            30.443570168868856,
            59.83136555285214
          ],
          [
            30.443570168868856,
            59.83136555285214
          ],
          [
            30.443570168868856,
            59.83136555285214
          ],
          [
            30.443570168868856,
            59.83136555285214
          ],
          [
            30.443570168868856,
            59.83136555285214
          ],
          [
            30.443570168868856,
            59.83136555285214
          ],
          [
            30.443570168868856,
            59.83136555285214
          ],
          [
            30.443570168868856,
            59.83136555285214
          ],
          [
            30.443570168868856,
            59.83136555285214
          ],
          [
            30.443570168868856,
            59.83136555285214
          ],
          [
            30.443570168868856,
            59.83136555285214
          ],
          [
            30.443570168868856,
            59.83136555285214
          ],
          [
            30.443570168868856,
            59.83136555285214
          ],
          [
            30.443570168868856,
            59.83136555285214
          ],
          [
            30.443570168868856,
            59.83136555285214
          ],
          [
            30.443570168868856,
            59.83136555285214
          ],
          [
            30.443570168868856,
            59.83136555285214
          ],
          [
            30.443570168868856,
            59.83136555285214
          ],
          [
            30.443570168868856,
            59.83136555285214
          ],
          [
            30.443570168868856,
            59.83136555285214
          ],
          [
            30.443570168868856,
            59.83136555285214
          ],
          [
            30.443570168868856,
            59.83136555285214
          ],
          [
            30.443570168868856,
            59.83136555285214
          ],
          [
            30.443570168868856,
            59.83136555285214
          ],
          [
            30.443570168868856,
            59.83136555285214
          ],
          [
            30.443570168868856,
            59.83136555285214
          ],
          [
            30.443570168868856,
            59.83136555285214
          ],
          [
            30.443570168868856,
            59.83136555285214
          ],
          [
            30.443570168868856,
            59.83136555285214
          ],
          [
            30.443570168868856,
            59.83136555285214
          ],
          [
            30.443570168868856,
            59.83136555285214
          ],
          [
            30.443570168868856,
            59.83136555285214
          ],
          [
            30.443570168868856,
            59.83136555285214
          ],
          [
            30.443570168868856,
            59.83136555285214
          ],
          [
            30.443570168868856,
            59.83136555285214
          ],
          [
            30.443570168868856,
            59.83136555285214
          ],
          [
            30.443570168868856,
            59.83136555285214
          ],
          [
            30.443570168868856,
            59.83136555285214
          ],
          [
            30.443570168868856,
            59.83136555285214
          ],
          [
            30.443570168868856,
            59.83136555285214
          ],
          [
            30.443570168868856,
            59.83136555285214
          ],
          [
            30.443570168868856,
            59.83136555285214
          ],
          [
            30.443570168868856,
            59.83136555285214
          ],
          [
            30.443570168868856,
            59.83136555285214
          ],
          [
            30.443570168868856,
            59.83136555285214
          ],
          [
            30.443570168868856,
            59.83136555285214
          ],
          [
            30.443570168868856,
            59.83136555285214
          ],
          [
            30.443570168868856,
            59.83136555285214
          ],
          [
            30.443570168868856,
            59.83136555285214
          ],
          [
            30.443570168868856,
            59.83136555285214
          ],
          [
            30.443570168868856,
            59.83136555285214
          ],
          [
            30.443570168868856,
            59.83136555285214
          ],
          [
            30.443570168868856,
            59.83136555285214
          ],
          [
            30.443570168868856,
            59.83136555285214
          ],
          [
            30.443570168868856,
            59.83136555285214
          ],
          [
            30.443570168868856,
            59.83136555285214
          ],
          [
            30.443570168868856,
            59.83136555285214
          ],
          [
            30.443570168868856,
            59.83136555285214
          ],
          [
            30.443570168868856,
            59.83136555285214
          ],
          [
            30.443570168868856,
            59.83136555285214
          ],
          [
            30.443570168868856,
            59.83136555285214
          ],
          [
            30.443570168868856,
            59.83136555285214
          ],
          [
            30.443570168868856,
            59.83136555285214
          ],
          [
            30.443570168868856,
            59.83136555285214
          ],
          [
            30.443570168868856,
            59.83136555285214
          ],
          [
            30.443570168868856,
            59.83136555285214
          ],
          [
            30.443570168868856,
            59.83136555285214
          ],
          [
            30.443570168868856,
            59.83136555285214
          ],
          [
            30.443570168868856,
            59.83136555285214
          ],
          [
            30.443570168868856,
            59.83136555285214
          ],
          [
            30.443570168868856,
            59.83136555285214
          ],
          [
            30.443570168868856,
            59.83136555285214
          ],
          [
            30.443570168868856,
            59.83136555285214
          ],
          [
            30.443570168868856,
            59.83136555285214
          ],
          [
            30.443570168868856,
            59.83136555285214
          ],
          [
            30.443570168868856,
            59.83136555285214
          ],
          [
            30.443570168868856,
            59.83136555285214
          ],
          [
            30.443570168868856,
            59.83136555285214
          ],
          [
            30.443570168868856,
            59.83136555285214
          ],
          [
            30.443570168868856,
            59.83136555285214
          ],
          [
            30.443570168868856,
            59.83136555285214
          ],
          [
            30.443570168868856,
            59.83136555285214
          ],
          [
            30.443570168868856,
            59.83136555285214
          ],
          [
            30.443570168868856,
            59.83136555285214
          ],
          [
            30.443570168868856,
            59.83136555285214
          ],
          [
            30.443570168868856,
            59.83136555285214
          ],
          [
            30.443570168868856,
            59.83136555285214
          ],
          [
            30.443570168868856,
            59.83136555285214
          ],
          [
            30.443570168868856,
            59.83136555285214
          ],
          [
            30.443570168868856,
            59.83136555285214
          ],
          [
            30.443570168868856,
            59.83136555285214
          ],
          [
            30.443570168868856,
            59.83136555285214
          ],
          [
            30.443570168868856,
            59.83136555285214
          ],
          [
            30.443570168868856,
            59.83136555285214
          ],
          [
            30.443570168868856,
            59.83136555285214
          ],
          [
            30.443570168868856,
            59.83136555285214
          ],
          [
            30.443570168868856,
            59.83136555285214
          ],
          [
            30.443570168868856,
            59.83136555285214
          ],
          [
            30.443570168868856,
            59.83136555285214
          ],
          [
            30.443570168868856,
            59.83136555285214
          ],
          [
            30.443570168868856,
            59.83136555285214
          ],
          [
            30.443570168868856,
            59.83136555285214
          ],
          [
            30.443570168868856,
            59.83136555285214
          ],
          [
            30.443570168868856,
            59.83136555285214
          ],
          [
            30.443570168868856,
            59.83136555285214
          ],
          [
            30.443570168868856,
            59.83136555285214
          ],
          [
            30.443570168868856,
            59.83136555285214
          ],
          [
            30.443570168868856,
            59.83136555285214
          ],
          [
            30.443570168868856,
            59.83136555285214
          ],
          [
            30.443570168868856,
            59.83136555285214
          ],
          [
            30.443570168868856,
            59.83136555285214
          ],
          [
            30.443570168868856,
            59.83136555285214
          ],
          [
            30.443570168868856,
            59.83136555285214
          ],
          [
            30.443570168868856,
            59.83136555285214
          ],
          [
            30.443570168868856,
            59.83136555285214
          ],
          [
            30.443570168868856,
            59.83136555285214
          ],
          [
            30.443570168868856,
            59.83136555285214
          ],
          [
            30.443570168868856,
            59.83136555285214
          ],
          [
            30.443570168868856,
            59.83136555285214
          ],
          [
            30.443570168868856,
            59.83136555285214
          ],
          [
            30.443570168868856,
            59.83136555285214
          ],
          [
            30.443570168868856,
            59.83136555285214
          ],
          [
            30.443570168868856,
            59.83136555285214
          ],
          [
            30.443570168868856,
            59.83136555285214
          ],
          [
            30.443570168868856,
            59.83136555285214
          ],
          [
            30.443570168868856,
            59.83136555285214
          ],
          [
            30.443570168868856,
            59.83136555285214
          ],
          [
            30.443570168868856,
            59.83136555285214
          ],
          [
            30.443570168868856,
            59.83136555285214
          ],
          [
            30.443570168868856,
            59.83136555285214
          ],
          [
            30.443570168868856,
            59.83136555285214
          ],
          [
            30.443570168868856,
            59.83136555285214
          ],
          [
            30.443570168868856,
            59.83136555285214
          ],
          [
            30.443570168868856,
            59.83136555285214
          ],
          [
            30.443570168868856,
            59.83136555285214
          ],
          [
            30.443570168868856,
            59.83136555285214
          ],
          [
            30.443570168868856,
            59.83136555285214
          ],
          [
            30.443570168868856,
            59.83136555285214
          ],
          [
            30.443570168868856,
            59.83136555285214
          ],
          [
            30.443570168868856,
            59.83136555285214
          ],
          [
            30.443570168868856,
            59.83136555285214
          ],
          [
            30.443570168868856,
            59.83136555285214
          ],
          [
            30.443570168868856,
            59.83136555285214
          ],
          [
            30.443570168868856,
            59.83136555285214
          ],
          [
            30.443570168868856,
            59.83136555285214
          ],
          [
            30.443570168868856,
            59.83136555285214
          ]
        ]
      }
    }
  ]
}