{
  "type": "FeatureCollection",
  "features": [
    {
      "type": "Feature",
      "properties": {
        "name": "recorded GPS",
        "point_count": 971,
        "synthetically_corrupted": false
      },
      "geometry": {
        "type": "LineString",
        "coordinates": [
          [
            30.381214842289893,
            59.81588743798781
          ],
          [
            30.381436213274668,
            59.81590980397507
          ],
          [
            30.381655580944123,
            59.81592899362378
          ],
          [
            30.3818851566679,
            59.81595737521314
          ],
          [
            30.382122096898428,
            59.81598837367352
          ],
          [
            30.382338869715245,
            59.81606427381211
          ],
          [
            30.382593749086176,
            59.816091796092756
          ],
          [
            30.382858141967088,
            59.81612205212936
          ],
          [
            30.38313837183726,
            59.816152053020616
          ],
          [
            30.383403774535694,
            59.81620720011658
          ],
          [
            30.38371138722191,
            59.81625851926092
          ],
          [
            30.38400878963058,
            59.816289273492885
          ],
          [
            30.38422101864909,
            59.816352075180944
          ],
          [
            30.38460130836934,
            59.816390903812454
          ],
          [
            30.3848969925036,
            59.81641920251905
          ],
          [
            30.38516074198866,
            59.81645109568894
          ],
          [
            30.385426734231174,
            59.81647630178761
          ],
          [
            30.385696556561278,
            59.81649927560352
          ],
          [
            30.385983844350076,
            59.81652357833458
          ],
          [
            30.38627214027626,
            59.81654960218253
          ],
          [
            30.386565673114927,
            59.81657911141945
          ],
          [
            30.386866947528574,
            59.81660631240143
          ],
          [
            30.387172050009504,
            59.81663462442249
          ],
          [
            30.387483564979913,
            59.81666541911416
          ],
          [
            30.38780168639564,
            59.81669218659893
          ],
          [
            30.388121680637045,
            59.816723251593125
          ],
          [
            30.388440557414796,
            59.816753781789
          ],
          [
            30.388758929498344,
            59.81678476575473
          ],
          [
            30.38907212088189,
            59.816818405638436
          ],
          [
            30.389386409551186,
            59.81685125636824
          ],
          [
            30.389704535276813,
            59.816881801168854
          ],
          [
            30.39002800910358,
            59.8169122321157
          ],
          [
            30.390360442454032,
            59.81693924900713
          ],
          [
            30.390692823204724,
            59.81697062943523
          ],
          [
            30.391032885187517,
            59.81700553656218
          ],
          [
            30.391386745345084,
            59.81704091599475
          ],
          [
            30.39173967196265,
            59.8170760584126
          ],
          [
            30.392099641153333,
            59.8171099591037
          ],
          [
            30.39246177991405,
            59.81714363206178
          ],
          [
            30.392828121033787,
            59.81717861091328
          ],
          [
            30.393196982935887,
            59.81721515575144
          ],
          [
            30.393569235872295,
            59.817251149686584
          ],
          [
            30.393945751324317,
            59.817286940818256
          ],
          [
            30.394330163280493,
            59.81732122313827
          ],
          [
            30.39471644923517,
            59.81735604665829
          ],
          [
            30.395100115171026,
            59.81739616301432
          ],
          [
            30.39548929332082,
            59.81743693509672
          ],
          [
            30.395877249826412,
            59.81747376218921
          ],
          [
            30.396267302198847,
            59.81751222030581
          ],
          [
            30.396651892576845,
            59.81755089996982
          ],
          [
            30.39703000831421,
            59.81759072695536
          ],
          [
            30.397406291938232,
            59.81762920697104
          ],
          [
            30.397785744683368,
            59.817667061514186
          ],
          [
            30.39815456268759,
            59.81770477871477
          ],
          [
            30.398497373036523,
            59.817740818771036
          ],
          [
            30.398831860601675,
            59.81777693303101
          ],
          [
            30.399163977860223,
            59.81781353696583
          ],
          [
            30.399478087015314,
            59.81785084800545
          ],
          [
            30.399784387012932,
            59.81788672498899
          ],
          [
            30.400052940873017,
            59.81791732911764
          ],
          [
            30.40030199502704,
            59.81794837655032
          ],
          [
            30.400540439506116,
            59.81797869313631
          ],
          [
            30.400776838889165,
            59.81801088369357
          ],
          [
            30.401020697095603,
            59.818040243586026
          ],
          [
            30.40126363496105,
            59.818071267418084
          ],
          [
            30.401501125480852,
            59.81810205752623
          ],
          [
            30.401739970533065,
            59.81813499472454
          ],
          [
            30.40195629777182,
            59.818164477026016
          ],
          [
            30.402168712707418,
            59.81819358107109
          ],
          [
            30.40237667254759,
            59.8182220052223
          ],
          [
            30.402586800245594,
            59.81825033620778
          ],
          [
            30.402796829122856,
            59.818276563670075
          ],
          [
            30.4030049265433,
            59.818303173160096
          ],
          [
            30.403217382853644,
            59.81833202788945
          ],
          [
            30.40343046030596,
            59.81836120262603
          ],
          [
            30.40365101856719,
            59.81839196714913
          ],
          [
            30.403889995568374,
            59.81842890712149
          ],
          [
            30.404133511990494,
            59.81847439436518
          ],
          [
            30.404361004671284,
            59.818529550054734
          ],
          [
            30.404614553070875,
            59.81858739265009
          ],
          [
            30.404880546469986,
            59.81863628469571
          ],
          [
            30.40513392710605,
            59.818680315381044
          ],
          [
            30.40540091455584,
            59.81872755696474
          ],
          [
            30.405662383326245,
            59.81877238225579
          ],
          [
            30.40591532689332,
            59.818820517163964
          ],
          [
            30.406160078298353,
            59.81886742744462
          ],
          [
            30.40640652144633,
            59.818921792456386
          ],
          [
            30.406635256769835,
            59.81897991820482
          ],
          [
            30.40685702735485,
            59.81903393007605
          ],
          [
            30.407070956425414,
            59.819085537967965
          ],
          [
            30.40728929827704,
            59.81913733944389
          ],
          [
            30.407507688653062,
            59.81918419793533
          ],
          [
            30.40771586992955,
            59.819229530799554
          ],
          [
            30.407903399251136,
            59.81927135379043
          ],
          [
            30.408084626789663,
            59.819310468786206
          ],
          [
            30.408257132972054,
            59.819350030886866
          ],
          [
            30.408426896465127,
            59.819385244654136
          ],
          [
            30.408595133613197,
            59.81941918344121
          ],
          [
            30.408751647462317,
            59.8194570493817
          ],
          [
            30.40891879050917,
            59.81949379360764
          ],
          [
            30.40909079021241,
            59.81953315829143
          ],
          [
            30.40926955388949,
            59.81957411000641
          ],
          [
            30.409457597828585,
            59.81961377818823
          ],
          [
            30.409652791586737,
            59.819654382131496
          ],
          [
            30.40984735071832,
            59.81969745452731
          ],
          [
            30.4100337391675,
            59.819737866677016
          ],
          [
            30.410203173368032,
            59.81977423106987
          ],
          [
            30.41036050447448,
            59.81980733703896
          ],
          [
            30.41051723402156,
            59.81984192635341
          ],
          [
            30.410667807666112,
            59.81987918786536
          ],
          [
            30.41082148899087,
            59.81991479906809
          ],
          [
            30.410984881610933,
            59.81995289890239
          ],
          [
            30.411149818856874,
            59.81999140527247
          ],
          [
            30.411330109975314,
            59.82003259714156
          ],
          [
            30.411519242245433,
            59.82007990432718
          ],
          [
            30.41171033449815,
            59.820123024429236
          ],
          [
            30.41190559471994,
            59.820163268198776
          ],
          [
            30.4120911954497,
            59.82020700288461
          ],
          [
            30.41229108658156,
            59.820252932476585
          ],
          [
            30.412495306918643,
            59.82029961914364
          ],
          [
            30.41269337802272,
            59.82034668346287
          ],
          [
            30.41288185758321,
            59.82038657061906
          ],
          [
            30.41307289158228,
            59.82042951898135
          ],
          [
            30.413253069545917,
            59.82047214810504
          ],
          [
            30.413434980086016,
            59.820512094576934
          ],
          [
            30.41361244808301,
            59.82055433981847
          ],
          [
            30.413795399440808,
            59.820596509156736
          ],
          [
            30.41397825444345,
            59.82063776512326
          ],
          [
            30.414160637358766,
            59.8206769333051
          ],
          [
            30.414346981067567,
            59.82071765342986
          ],
          [
            30.414539695862878,
            59.8207607824466
          ],
          [
            30.41473393784709,
            59.82080875737757
          ],
          [
            30.414949730949747,
            59.82085911506254
          ],
          [
            30.415163611355418,
            59.820911378997295
          ],
          [
            30.415384757607402,
            59.82096247758508
          ],
          [
            30.415604213257858,
            59.82101394081196
          ],
          [
            30.41582324953169,
            59.82106646078664
          ],
          [
            30.416048652566012,
            59.82112001481707
          ],
          [
            30.4162746362876,
            59.82117242777712
          ],
          [
            30.416508253593594,
            59.821224625605524
          ],
          [
            30.416750667968316,
            59.82127831006476
          ],
          [
            30.417001714711663,
            59.82133296955854
          ],
          [
            30.417245538937454,
            59.82139031617885
          ],
          [
            30.417495797507875,
            59.82144732534363
          ],
          [
            30.417751530595268,
            59.82150268223984
          ],
          [
            30.418005592694172,
            59.82156253423291
          ],
          [
            30.418262081141048,
            59.82161898847649
          ],
          [
            30.41851194733523,
            59.82167743257069
          ],
          [
            30.41875921980692,
            59.821734231566126
          ],
          [
            30.418985881430864,
            59.82178619146837
          ],
          [
            30.419181386971673,
            59.82183208982691
          ],
          [
            30.41937176538536,
            59.82187749006662
          ],
          [
            30.41956906029805,
            59.82192338075566
          ],
          [
            30.41976589246188,
            59.821965541272625
          ],
          [
            30.41995104455849,
            59.82200863228433
          ],
          [
            30.42013585816424,
            59.822050540976505
          ],
          [
            30.420316920331143,
            59.82209032228354
          ],
          [
            30.42049325516425,
            59.82212455918096
          ],
          [
            30.420673533318677,
            59.82216223026064
          ],
          [
            30.420851625665488,
            59.82220234850304
          ],
          [
            30.42103984034727,
            59.82224306105984
          ],
          [
            30.42122851883931,
            59.82228284420801
          ],
          [
            30.42142031400175,
            59.82232487315636
          ],
          [
            30.421629905007713,
            59.82237170941022
          ],
          [
            30.421844203213315,
            59.82242145160787
          ],
          [
            30.422077986619186,
            59.82247261908662
          ],
          [
            30.422320913082114,
            59.82253139310306
          ],
          [
            30.422576276429275,
            59.82259405500582
          ],
          [
            30.42283568066632,
            59.82266203329942
          ],
          [
            30.423109319451758,
            59.82272713490876
          ],
          [
            30.423395144116537,
            59.82278888989801
          ],
          [
            30.423682980905195,
            59.822855324493275
          ],
          [
            30.42397524908506,
            59.822926312873605
          ],
          [
            30.424280623817705,
            59.8229984521436
          ],
          [
            30.424588052114053,
            59.82307079372777
          ],
          [
            30.424905300478244,
            59.82314086392829
          ],
          [
            30.425228194404028,
            59.82321121548508
          ],
          [
            30.425549387715805,
            59.823284195445545
          ],
          [
            30.425877792678413,
            59.82335827911309
          ],
          [
            30.42620990039056,
            59.82343404798131
          ],
          [
            30.42654214133881,
            59.82350951930689
          ],
          [
            30.42687782121249,
            59.823585511282886
          ],
          [
            30.42721581477789,
            59.82366020304708
          ],
          [
            30.427553891697297,
            59.82373590549387
          ],
          [
            30.42790136991212,
            59.82381187967766
          ],
          [
            30.42824879956234,
            59.823888442811466
          ],
          [
            30.428601493075302,
            59.82396578434469
          ],
          [
            30.42895284261334,
            59.824043385739685
          ],
          [
            30.42931187276505,
            59.82412168120464
          ],
          [
            30.429665572254553,
            59.824204662175276
          ],
          [
            30.430013147744376,
            59.82428383570308
          ],
          [
            30.430357703257773,
            59.82436261368087
          ],
          [
            30.430709167097955,
            59.82443983895887
          ],
          [
            30.43105309797102,
            59.82451774571848
          ],
          [
            30.431391856026217,
            59.824596357776585
          ],
          [
            30.431727391341383,
            59.82468126174398
          ],
          [
            30.432073528808175,
            59.82476763693229
          ],
          [
            30.432407710291322,
            59.82486101893983
          ],
          [
            30.432734868363422,
            59.82495320593789
          ],
          [
            30.43306474470345,
            59.82505351376202
          ],
          [
            30.433399475078055,
            59.82515458235701
          ],
          [
            30.433720721489088,
            59.825256118306775
          ],
          [
            30.434038761800046,
            59.82536935825384
          ],
          [
            30.43434385949225,
            59.82548894339571
          ],
          [
            30.43465342999949,
            59.825606831185056
          ],
          [
            30.434953951414222,
            59.82573288193163
          ],
          [
            30.435257812910173,
            59.82585619273812
          ],
          [
            30.435554858415003,
            59.82598493895681
          ],
          [
            30.435851602549057,
            59.82611999873089
          ],
          [
            30.436140295540888,
            59.82626088666332
          ],
          [
            30.436420793024162,
            59.82640097007967
          ],
          [
            30.43669744863947,
            59.82654560297588
          ],
          [
            30.436959149937838,
            59.826690171893624
          ],
          [
            30.437220914589847,
            59.826839794049825
          ],
          [
            30.43747953405108,
            59.82699160911779
          ],
          [
            30.43773369583341,
            59.82714531488785
          ],
          [
            30.43797653427805,
            59.82730292483566
          ],
          [
            30.43821596118382,
            59.82746712402081
          ],
          [
            30.43845316729428,
            59.82763419387266
          ],
          [
            30.43868224318619,
            59.827797529944796
          ],
          [
            30.43890645143189,
            59.82796141296742
          ],
          [
            30.439138324985056,
            59.82812820240486
          ],
          [
            30.43936299403949,
            59.82828853282891
          ],
          [
            30.439586862761224,
            59.82845296645849
          ],
          [
            30.439805150221442,
            59.8286122174482
          ],
          [
            30.4400324192614,
            59.82877643249478
          ],
          [
            30.440251157711163,
            59.828938542175564
          ],
          [
            30.440471139890548,
            59.82910060237132
          ],
          [
            30.440685299200002,
            59.82925717673968
          ],
          [
            30.440903205250066,
            59.829418070546964
          ],
          [
            30.441123232223088,
            59.82957685415359
          ],
          [
            30.441345615239154,
            59.829732589786175
          ],
          [
            30.441564244054543,
            59.82988692552723
          ],
          [
            30.44178312839134,
            59.83004651078217
          ],
          [
            30.442000082558557,
            59.83020788569575
          ],
          [
            30.442222830154883,
            59.830370839189285
          ],
          [
            30.44244152923632,
            59.83053421858843
          ],
          [
            30.442653948920228,
            59.83069704811434
          ],
          [
            30.442873520620136,
            59.83086648281364
          ],
          [
            30.44310062601393,
            59.831030562062494
          ],
          [
            30.44333524964234,
            59.83119536220855
          ],
          [
            30.443570168868856,
            59.83136555285213
          ],
          [
            30.446892166952157,
            59.833822905190154
          ],
          [
            30.453322087578986,
            59.83882737836442
          ],
          [
            30.45332208757898,
            59.83882737836442
          ],
          [
            30.464083663063303,
            59.849110474763066
          ],
          [
            30.463512303570408,
            59.848762156107355
          ],
          [
            30.463512303570614,
            59.84876215610737
          ],
          [
            30.52281420470768,
            59.86273210779398
          ],
          [
            30.52307779101045,
            59.8628535806028
          ],
          [
            30.523330866279164,
            59.86297674609834
          ],
          [
            30.52358118225655,
            59.863099297285856
          ],
          [
            30.52381654149288,
            59.86322625244842
          ],
          [
            30.524061344647787,
            59.86336582242459
          ],
          [
            30.52432091866607,
            59.86348944919397
          ],
          [
            30.524590038052935,
            59.86361067783434
          ],
          [
            30.52485564675148,
            59.86373454907624
          ],
          [
            30.52513403005949,
            59.86385931156419
          ],
          [
            30.52540671203294,
            59.86400211535788
          ],
          [
            30.52568130221019,
            59.864143618115
          ],
          [
            30.525950751093358,
            59.864279037101376
          ],
          [
            30.526222920147415,
            59.864422633529124
          ],
          [
            30.526500194985964,
            59.86457002585311
          ],
          [
            30.52677978870766,
            59.864725122060385
          ],
          [
            30.527052848026447,
            59.864889168028306
          ],
          [
            30.5320197105452,
            59.97729582016338
          ],
          [
            30.531620880119462,
            59.977421437053586
          ],
          [
            30.531190392786936,
            59.9775498125449
          ],
          [
            30.53079719357768,
            59.97767136744901
          ],
          [
            30.530389276373093,
            59.97780224788932
          ],
          [
            30.529975449690674,
            59.97793077488474
          ],
          [
            30.529558740052263,
            59.97805845973942
          ],
          [
            30.529139734693555,
            59.97818716722627
          ],
          [
            30.528732677409575,
            59.97831396505798
          ],
          [
            30.52836308641294,
            59.97842973427855
          ],
          [
            30.528028595669177,
            59.9785350909587
          ],
          [
            30.484003804057934,
            59.99059167624182
          ],
          [
            30.484003804057934,
            59.99059167624182
          ],
          [
            30.484003804057934,
            59.99059167624182
          ],
          [
            30.484003804057934,
            59.99059167624182
          ],
          [
            30.484003804057934,
            59.99059167624182
          ],
          [
            30.484003804057934,
            59.99059167624182
          ],
          [
            30.483986801599062,
            59.99057741530945
          ],
          [
            30.483980807136913,
            59.990574862268645
          ],
          [
            30.483951225034833,
            59.99056536014725
          ],
          [
            30.48392652253997,
            59.99055716690254
          ],
          [
            30.483899810210414,
            59.99054774741397
          ],
          [
            30.483876055479357,
            59.99053925087899
          ],
          [
            30.483855563667394,
            59.99053188960667
          ],
          [
            30.483839424341937,
            59.990525683474395
          ],
          [
            30.48381366608372,
            59.99051669433795
          ],
          [
            30.483779622666134,
            59.99050367493303
          ],
          [
            30.4837505172433,
            59.990493526839394
          ],
          [
            30.483705859700592,
            59.99047768866455
          ],
          [
            30.483669933455577,
            59.99046357336584
          ],
          [
            30.480823743960446,
            59.98941793723938
          ],
          [
            30.480823840920003,
            59.989417972430836
          ],
          [
            30.4808105909669,
            59.989443172441
          ],
          [
            30.480823840920003,
            59.989417972430836
          ],
          [
            30.480823840920003,
            59.989417972430836
          ],
          [
            30.480823840920003,
            59.989417972430836
          ],
          [
            30.480826293036667,
            59.98941838139103
          ],
          [
            30.480826933439495,
            59.9894186000909
          ],
          [
            30.480826933439495,
            59.9894186000909
          ],
          [
            30.480826933439495,
            59.9894186000909
          ],
          [
            30.480826933439495,
            59.9894186000909
          ],
          [
            30.480826933439495,
            59.9894186000909
          ],
          [
            30.480829497441107,
            59.9894190075839
          ],
          [
            30.480826650326147,
            59.98941838481048
          ],
          [
            30.480816055336092,
            59.989414291554574
          ],
          [
            30.48080081527343,
            59.98943936078843
          ],
          [
            30.4808029405398,
            59.98940676167569
          ],
          [
            30.480769964918583,
            59.98942703566552
          ],
          [
            30.480795677986954,
            59.989405940997706
          ],
          [
            30.480795677986954,
            59.989405940997706
          ],
          [
            30.48073419904503,
            59.98941040667134
          ],
          [
            30.480734487883346,
            59.98940899393852
          ],
          [
            30.48073810599774,
            59.989405957257134
          ],
          [
            30.480740866759177,
            59.989401408586
          ],
          [
            30.4807436519348,
            59.9893967233631
          ],
          [
            30.480745520935237,
            59.989390241284134
          ],
          [
            30.480745520935237,
            59.989390241284134
          ],
          [
            30.480745520935237,
            59.989390241284134
          ],
          [
            30.480745520935237,
            59.989390241284134
          ],
          [
            30.480745520935237,
            59.989390241284134
          ],
          [
            30.480743560239237,
            59.98938630375908
          ],
          [
            30.48059856663963,
            59.98933277903508
          ],
          [
            30.48057700978584,
            59.989324136181715
          ],
          [
            30.480555321237098,
            59.9893151856148
          ],
          [
            30.480545757180717,
            59.989301627513186
          ],
          [
            30.480530316343234,
            59.98929422034833
          ],
          [
            30.48051585591802,
            59.98930194276245
          ],
          [
            30.480504137760818,
            59.989299584143815
          ],
          [
            30.480497406299893,
            59.989296634383386
          ],
          [
            30.480495120390234,
            59.98929550960854
          ],
          [
            30.480492737165758,
            59.989296342505
          ],
          [
            30.480491987340457,
            59.98929692695746
          ],
          [
            30.480487024398002,
            59.98929557091217
          ],
          [
            30.48048869217021,
            59.98928628040461
          ],
          [
            30.480484124775963,
            59.98929639301746
          ],
          [
            30.48047448793255,
            59.98929318737528
          ],
          [
            30.480478959577578,
            59.98929729076515
          ],
          [
            30.480478202312653,
            59.98929735799816
          ],
          [
            30.480478202312653,
            59.98929735799816
          ],
          [
            30.480478202312653,
            59.98929735799816
          ],
          [
            30.480478202312653,
            59.98929735799816
          ],
          [
            30.480478202312653,
            59.98929735799816
          ],
          [
            30.480478202312653,
            59.98929735799816
          ],
          [
            30.480478202312653,
            59.98929735799816
          ],
          [
            30.480478202312653,
            59.98929735799816
          ],
          [
            30.480478202312653,
            59.98929735799816
          ],
          [
            30.480478202312653,
            59.98929735799816
          ],
          [
            30.480460418723005,
            59.98928555264802
          ],
          [
            30.48045771868685,
            59.989284125098976
          ],
          [
            30.48043365208719,
            59.98927485138923
          ],
          [
            30.48042095996313,
            59.98926927281914
          ],
          [
            30.48040364536538,
            59.98926304535401
          ],
          [
            30.480393802464906,
            59.98925780224158
          ],
          [
            30.480382103627264,
            59.989254955507974
          ],
          [
            30.480373469220055,
            59.989251634180185
          ],
          [
            30.480362902027018,
            59.989247397112194
          ],
          [
            30.480356381008928,
            59.9892462809199
          ],
          [
            30.480358790727212,
            59.98924614521585
          ],
          [
            30.480357936915198,
            59.98924594195914
          ],
          [
            30.48035081985138,
            59.98924170645648
          ],
          [
            30.480355330877675,
            59.98924348736061
          ],
          [
            30.48035180917233,
            59.989244825665565
          ],
          [
            30.480353051726265,
            59.989244611001574
          ],
          [
            30.48035383653698,
            59.98924482515583
          ],
          [
            30.48035383653698,
            59.98924482515583
          ],
          [
            30.48035383653698,
            59.98924482515583
          ],
          [
            30.48035383653698,
            59.98924482515583
          ],
          [
            30.48035383653698,
            59.98924482515583
          ],
          [
            30.48035383653698,
            59.98924482515583
          ],
          [
            30.48035383653698,
            59.98924482515583
          ],
          [
            30.48035383653698,
            59.98924482515583
          ],
          [
            30.48035383653698,
            59.98924482515583
          ],
          [
            30.48035383653698,
            59.98924482515583
          ],
          [
            30.48035383653698,
            59.98924482515583
          ],
          [
            30.48035383653698,
            59.98924482515583
          ],
          [
            30.48035383653698,
            59.98924482515583
          ],
          [
            30.48035383653698,
            59.98924482515583
          ],
          [
            30.48035383653698,
            59.98924482515583
          ],
          [
            30.48035383653698,
            59.98924482515583
          ],
          [
            30.48033640475385,
            59.98923716147121
          ],
          [
            30.480330038904278,
            59.98923537655347
          ],
          [
            30.480323237887447,
            59.98923320969358
          ],
          [
            30.48031444937691,
            59.989230877930524
          ],
          [
            30.480301135482406,
            59.98922787088244
          ],
          [
            30.480286478853063,
            59.989224034136264
          ],
          [
            30.480271414854247,
            59.98921882250084
          ],
          [
            30.480259211678113,
            59.9892186395107
          ],
          [
            30.480253860280317,
            59.98921289122104
          ],
          [
            30.480243689131857,
            59.98920738845017
          ],
          [
            30.480238439781324,
            59.9892065021462
          ],
          [
            30.480233064653632,
            59.98920726094726
          ],
          [
            30.480221788810677,
            59.98920580701904
          ],
          [
            30.480215118909957,
            59.989201561655605
          ],
          [
            30.48020359151884,
            59.98920330566324
          ],
          [
            30.4801929482269,
            59.989195784451276
          ],
          [
            30.48018407804991,
            59.98918882026811
          ],
          [
            30.480176143402783,
            59.98918906719896
          ],
          [
            30.480174216577765,
            59.989183600999645
          ],
          [
            30.48017065452268,
            59.98917936626794
          ],
          [
            30.480163022478457,
            59.98917489309635
          ],
          [
            30.48015370324511,
            59.98917686804918
          ],
          [
            30.4801527336838,
            59.9891734136795
          ],
          [
            30.480147075106245,
            59.98917223288848
          ],
          [
            30.48014471374307,
            59.98917377914103
          ],
          [
            30.480140723344256,
            59.98917541742496
          ],
          [
            30.480139666236465,
            59.98917565150883
          ],
          [
            30.48013241106451,
            59.989173197828144
          ],
          [
            30.480128711745667,
            59.98917601914056
          ],
          [
            30.480121836498864,
            59.9891746965398
          ],
          [
            30.48011716693282,
            59.98917426697864
          ],
          [
            30.48011291612361,
            59.98917050299689
          ],
          [
            30.48010795515631,
            59.98916835061197
          ],
          [
            30.480097921165658,
            59.98916621523927
          ],
          [
            30.480081592290908,
            59.989162979457404
          ],
          [
            30.480079934066865,
            59.98916359274362
          ],
          [
            30.480077575087495,
            59.98915793609144
          ],
          [
            30.48007740167155,
            59.9891552646409
          ],
          [
            30.480061451631347,
            59.98914874983131
          ],
          [
            30.4800442436249,
            59.989140569774605
          ],
          [
            30.48003572684644,
            59.98913369138104
          ],
          [
            30.480015457058325,
            59.98912634927558
          ],
          [
            30.480000176781086,
            59.98912134362039
          ],
          [
            30.47998616170978,
            59.98911734110292
          ],
          [
            30.479962760384268,
            59.989111833188545
          ],
          [
            30.479939621294296,
            59.989102923570826
          ],
          [
            30.479925020943472,
            59.98910194899028
          ],
          [
            30.479908395511323,
            59.989096746445355
          ],
          [
            30.479892003978446,
            59.98908765529427
          ],
          [
            30.47988028774778,
            59.98908246009643
          ],
          [
            30.479870270136182,
            59.989078203274275
          ],
          [
            30.479858003384134,
            59.9890729988889
          ],
          [
            30.47984507610996,
            59.98906994789159
          ],
          [
            30.47983512748786,
            59.98906754331498
          ],
          [
            30.47982503629268,
            59.98906369800793
          ],
          [
            30.479820011033166,
            59.98906133821324
          ],
          [
            30.47981906293109,
            59.989061662960296
          ],
          [
            30.47982153589509,
            59.98906152408868
          ],
          [
            30.47982153589509,
            59.98906152408868
          ],
          [
            30.47982153589509,
            59.98906152408868
          ],
          [
            30.47982153589509,
            59.98906152408868
          ],
          [
            30.47982153589509,
            59.98906152408868
          ],
          [
            30.47982153589509,
            59.98906152408868
          ],
          [
            30.47982153589509,
            59.98906152408868
          ],
          [
            30.47982153589509,
            59.98906152408868
          ],
          [
            30.47982153589509,
            59.98906152408868
          ],
          [
            30.47980876475897,
            59.989053639804695
          ],
          [
            30.4798036615546,
            59.98905187035206
          ],
          [
            30.479795669389407,
            59.989048894510276
          ],
          [
            30.47978683207105,
            59.98904524680249
          ],
          [
            30.479779220526137,
            59.98904239044824
          ],
          [
            30.479770520959057,
            59.98903881237675
          ],
          [
            30.479757026752345,
            59.98903431234405
          ],
          [
            30.47974764452817,
            59.989030094524345
          ],
          [
            30.479740167218644,
            59.989027531054546
          ],
          [
            30.47972994414719,
            59.98902345023171
          ],
          [
            30.479720370182722,
            59.9890206086121
          ],
          [
            30.479706407363473,
            59.98901558694648
          ],
          [
            30.479690115181615,
            59.98900723305774
          ],
          [
            30.4796786376044,
            59.98900435299408
          ],
          [
            30.479667453745105,
            59.98900410399007
          ],
          [
            30.479654954337377,
            59.98900145538069
          ],
          [
            30.479645271554865,
            59.988999017632786
          ],
          [
            30.479638752305537,
            59.98899791911141
          ],
          [
            30.479627189225656,
            59.98899261221274
          ],
          [
            30.479617533905216,
            59.98898809356952
          ],
          [
            30.479605270620276,
            59.9889831813216
          ],
          [
            30.47959913158552,
            59.98898084229468
          ],
          [
            30.479595047063,
            59.988979022745944
          ],
          [
            30.479580565218203,
            59.98896537526395
          ],
          [
            30.479574672887416,
            59.98896143188744
          ],
          [
            30.479574111568223,
            59.988961005067665
          ],
          [
            30.479574111568223,
            59.988961005067665
          ],
          [
            30.479574111568223,
            59.988961005067665
          ],
          [
            30.479574111568223,
            59.988961005067665
          ],
          [
            30.479574111568223,
            59.988961005067665
          ],
          [
            30.47956096012816,
            59.988953148558124
          ],
          [
            30.479551456153658,
            59.98895019965766
          ],
          [
            30.47954821552515,
            59.98894844662065
          ],
          [
            30.479536362505563,
            59.988943203482435
          ],
          [
            30.47951904776372,
            59.98893698985432
          ],
          [
            30.479502727950187,
            59.98893080773857
          ],
          [
            30.47947680843833,
            59.98892223123296
          ],
          [
            30.479451461913513,
            59.988913762351714
          ],
          [
            30.479424619896747,
            59.98890498323762
          ],
          [
            30.47940481644271,
            59.98890022306933
          ],
          [
            30.47939043729887,
            59.98889474735917
          ],
          [
            30.479377914835684,
            59.9888895513331
          ],
          [
            30.47937721679521,
            59.98888627858599
          ],
          [
            30.47937591045668,
            59.98888753205761
          ],
          [
            30.479371915673532,
            59.98888405463194
          ],
          [
            30.47936872611636,
            59.98888693006216
          ],
          [
            30.479364412215265,
            59.98888845124671
          ],
          [
            30.47936576781741,
            59.988889314540046
          ],
          [
            30.479359247996662,
            59.98888881993224
          ],
          [
            30.479355461488257,
            59.9888883477971
          ],
          [
            30.479356580041316,
            59.9888882008276
          ],
          [
            30.479351343915436,
            59.988884302679025
          ],
          [
            30.479345635806734,
            59.98888204888269
          ],
          [
            30.479333923452266,
            59.98887564588414
          ],
          [
            30.479318462111912,
            59.98887154925534
          ],
          [
            30.479302748032964,
            59.98886917967642
          ],
          [
            30.479286004309646,
            59.98886451620028
          ],
          [
            30.479272317900293,
            59.98885922773204
          ],
          [
            30.47925968057331,
            59.98885350495297
          ],
          [
            30.4792496079759,
            59.98885002411409
          ],
          [
            30.479244250905715,
            59.98884751737576
          ],
          [
            30.479246734905225,
            59.98884798918597
          ],
          [
            30.479235749947506,
            59.98884319912207
          ],
          [
            30.47923209659114,
            59.988841048824355
          ],
          [
            30.479227601455616,
            59.98884059439941
          ],
          [
            30.479219747527864,
            59.9888391829182
          ],
          [
            30.479211715758687,
            59.98883825257723
          ],
          [
            30.479207102257906,
            59.98883750246731
          ],
          [
            30.47920019297397,
            59.98883440645193
          ],
          [
            30.479192141080752,
            59.988833328215
          ],
          [
            30.47917605655762,
            59.98882898575623
          ],
          [
            30.479163993446985,
            59.98882205134303
          ],
          [
            30.479169776435675,
            59.98882570985079
          ],
          [
            30.479168441141045,
            59.98882666542298
          ],
          [
            30.47916390534838,
            59.988823491138646
          ],
          [
            30.479158578533486,
            59.988818394002514
          ],
          [
            30.479159435433733,
            59.98881836109152
          ],
          [
            30.479159435433733,
            59.98881836109152
          ],
          [
            30.47915342260416,
            59.98881623733869
          ],
          [
            30.47914972272247,
            59.9888134489773
          ],
          [
            30.479148711049692,
            59.988814647601814
          ],
          [
            30.479140682027552,
            59.98881188556927
          ],
          [
            30.47913378373574,
            59.98881173447328
          ],
          [
            30.47911175648749,
            59.988807837554155
          ],
          [
            30.479088009234708,
            59.98879891350946
          ],
          [
            30.479065522080848,
            59.98879112314809
          ],
          [
            30.479043330997044,
            59.98878471704502
          ],
          [
            30.47902236838748,
            59.98877745805591
          ],
          [
            30.479000255169925,
            59.988772915255026
          ],
          [
            30.478985433353603,
            59.98876886740527
          ],
          [
            30.47897312748056,
            59.98876596435844
          ],
          [
            30.478964907040744,
            59.988764704452386
          ],
          [
            30.478960220793414,
            59.98876286468652
          ],
          [
            30.478948287947198,
            59.98876066434508
          ],
          [
            30.478939441612138,
            59.98875733390018
          ],
          [
            30.47893039038856,
            59.988753849735716
          ],
          [
            30.478921132636128,
            59.98874991081359
          ],
          [
            30.478910345109295,
            59.98874641812526
          ],
          [
            30.478909205391815,
            59.98874505232794
          ],
          [
            30.478904838257943,
            59.98874052682835
          ],
          [
            30.4788959865651,
            59.988735200744955
          ],
          [
            30.478901719485208,
            59.98873706324031
          ],
          [
            30.4788969532774,
            59.988733716659794
          ],
          [
            30.478895780414963,
            59.988732998157175
          ],
          [
            30.478895780414963,
            59.988732998157175
          ],
          [
            30.478895780414963,
            59.988732998157175
          ],
          [
            30.478875017522036,
            59.988725221808735
          ],
          [
            30.478864364796962,
            59.98872612036082
          ],
          [
            30.478854796526434,
            59.98872147559009
          ],
          [
            30.478844180452633,
            59.988720301742845
          ],
          [
            30.478836715155534,
            59.9887162274411
          ],
          [
            30.478818362000208,
            59.98871236922195
          ],
          [
            30.478810404018255,
            59.988706277473774
          ],
          [
            30.478789988073352,
            59.98870594660976
          ],
          [
            30.478770285587967,
            59.98870561322141
          ],
          [
            30.478755348693063,
            59.98870114523156
          ],
          [
            30.478739467584674,
            59.98869904542609
          ],
          [
            30.478731393075243,
            59.9886968123681
          ],
          [
            30.478718068646263,
            59.98869330601817
          ],
          [
            30.478711332843094,
            59.98868870225982
          ],
          [
            30.478704778234942,
            59.98868882301066
          ],
          [
            30.478704593940442,
            59.988686531211805
          ],
          [
            30.478700534200435,
            59.988684788820585
          ],
          [
            30.47869898832592,
            59.988684995379785
          ],
          [
            30.47869898832592,
            59.988684995379785
          ],
          [
            30.47869898832592,
            59.988684995379785
          ],
          [
            30.47869898832592,
            59.988684995379785
          ],
          [
            30.4786662623917,
            59.988674544612046
          ],
          [
            30.478667967385423,
            59.988676315593935
          ],
          [
            30.478667967385423,
            59.988676315593935
          ],
          [
            30.4786157081481,
            59.98866103813856
          ],
          [
            30.478587288662737,
            59.98865066282325
          ],
          [
            30.478558384744606,
            59.98863966965351
          ],
          [
            30.478535985775153,
            59.98863309420416
          ],
          [
            30.478506685505124,
            59.98862849623841
          ],
          [
            30.478487380853597,
            59.98862441693002
          ],
          [
            30.478466868161625,
            59.98861939114452
          ],
          [
            30.478458765657805,
            59.988615902996955
          ],
          [
            30.47844172469655,
            59.98861643137285
          ],
          [
            30.478432842142404,
            59.9886150937868
          ],
          [
            30.47843112081588,
            59.98861611504365
          ],
          [
            30.478424773014677,
            59.988607062180705
          ],
          [
            30.478416827037933,
            59.98860520837822
          ],
          [
            30.47840388545783,
            59.988596910984846
          ],
          [
            30.47840495973225,
            59.98859390993365
          ],
          [
            30.478393394807,
            59.988594853256984
          ],
          [
            30.478380798712887,
            59.98859154864632
          ],
          [
            30.478374011647805,
            59.988592744187855
          ],
          [
            30.47836384924765,
            59.98858915589696
          ],
          [
            30.478353068197055,
            59.98858728565753
          ],
          [
            30.478345204312102,
            59.98858639560213
          ],
          [
            30.478338155671395,
            59.98858120598521
          ],
          [
            30.478316190704316,
            59.98857697806763
          ],
          [
            30.47830750425443,
            59.98857588862266
          ],
          [
            30.47829729869441,
            59.988573073231514
          ],
          [
            30.478281998560508,
            59.98856764083277
          ],
          [
            30.4782718484512,
            59.98856285822836
          ],
          [
            30.478257746340955,
            59.98855842529506
          ],
          [
            30.478245598252077,
            59.98855653177137
          ],
          [
            30.47822703743243,
            59.98855032412076
          ],
          [
            30.47820947974584,
            59.98854205341941
          ],
          [
            30.478185125812843,
            59.98853814603307
          ],
          [
            30.47816530788803,
            59.9885357976289
          ],
          [
            30.478155453325776,
            59.98853261482156
          ],
          [
            30.47814329168083,
            59.988528142875076
          ],
          [
            30.478129124880954,
            59.98852569120549
          ],
          [
            30.47811374131983,
            59.9885250269514
          ],
          [
            30.478098177564075,
            59.98852229258656
          ],
          [
            30.478085558828575,
            59.988522558848004
          ],
          [
            30.478072775019655,
            59.98851885789974
          ],
          [
            30.478059229994372,
            59.988517563879064
          ],
          [
            30.478043885358886,
            59.98851393004274
          ],
          [
            30.478025717141872,
            59.988511622938525
          ],
          [
            30.47800178308967,
            59.98850947878359
          ],
          [
            30.47799107279611,
            59.988507242905825
          ],
          [
            30.477991631259034,
            59.98850524489219
          ],
          [
            30.477988468839104,
            59.98850489178321
          ],
          [
            30.477979137862516,
            59.98850223346158
          ],
          [
            30.477972273361978,
            59.988499633225004
          ],
          [
            30.477968419067963,
            59.98849942962728
          ],
          [
            30.477961505521733,
            59.988497933025876
          ],
          [
            30.477944581743373,
            59.98849170735697
          ],
          [
            30.477944628065526,
            59.988490902195906
          ],
          [
            30.477924764530012,
            59.988487320935604
          ],
          [
            30.477896507386582,
            59.98848423134541
          ],
          [
            30.477869268053695,
            59.988479519369214
          ],
          [
            30.47783166304805,
            59.988476900418235
          ],
          [
            30.477801320041443,
            59.98846504545091
          ],
          [
            30.47776855939895,
            59.988458157798874
          ],
          [
            30.47774087589758,
            59.98844948161382
          ],
          [
            30.4777093434056,
            59.988444822381915
          ],
          [
            30.477679525738584,
            59.98844033909332
          ],
          [
            30.477657260723536,
            59.98843493004552
          ],
          [
            30.477634362777327,
            59.98842910487265
          ],
          [
            30.477617331833716,
            59.98842598882098
          ],
          [
            30.477600063638892,
            59.98842171238528
          ],
          [
            30.47758238425551,
            59.988415678473125
          ],
          [
            30.47756787854519,
            59.98840930640245
          ],
          [
            30.477551243158466,
            59.98840307077951
          ],
          [
            30.47753994663202,
            59.98840022356148
          ],
          [
            30.477528831257345,
            59.9883965529175
          ],
          [
            30.477513422455893,
            59.988392345816415
          ],
          [
            30.47750911076323,
            59.98839238893779
          ],
          [
            30.477509388111258,
            59.98839047420142
          ],
          [
            30.47750861877405,
            59.98839040860801
          ],
          [
            30.477506785300047,
            59.988392271507095
          ],
          [
            30.477508536250852,
            59.98838901872581
          ],
          [
            30.477508536250852,
            59.98838901872581
          ],
          [
            30.477508536250852,
            59.98838901872581
          ],
          [
            30.477496802927636,
            59.9883830370765
          ],
          [
            30.477495408883236,
            59.98838002500135
          ],
          [
            30.477495408883236,
            59.98838002500135
          ],
          [
            30.477495408883236,
            59.98838002500135
          ],
          [
            30.477495408883236,
            59.98838002500135
          ],
          [
            30.477495408883236,
            59.98838002500135
          ],
          [
            30.477495408883236,
            59.98838002500135
          ],
          [
            30.477495408883236,
            59.98838002500135
          ],
          [
            30.47750297950149,
            59.98838230920148
          ],
          [
            30.4774894657176,
            59.98837984983744
          ],
          [
            30.477469704018908,
            59.98837633288441
          ],
          [
            30.47744116340513,
            59.98837074394427
          ],
          [
            30.477394620478744,
            59.98836186175412
          ],
          [
            30.477362380364443,
            59.98835316748817
          ],
          [
            30.47732874198528,
            59.988346639106126
          ],
          [
            30.477291636440135,
            59.988341471942576
          ],
          [
            30.477260025273868,
            59.98833565804594
          ],
          [
            30.477231468138832,
            59.98833010788096
          ],
          [
            30.47721516172872,
            59.98832806501425
          ],
          [
            30.477209556210557,
            59.98832713945999
          ],
          [
            30.47721075756071,
            59.98832619342086
          ],
          [
            30.47719804079491,
            59.98832253883483
          ],
          [
            30.477187725110745,
            59.98831966883111
          ],
          [
            30.477186249881022,
            59.98831932869125
          ],
          [
            30.477183501111153,
            59.988318627043505
          ],
          [
            30.47717958038156,
            59.988317699712674
          ],
          [
            30.477164726602048,
            59.98831527444473
          ],
          [
            30.47713619026638,
            59.988311527804335
          ],
          [
            30.47710271883195,
            59.988304963892105
          ],
          [
            30.477061385988318,
            59.98830007773948
          ],
          [
            30.47702100134694,
            59.98829059393079
          ],
          [
            30.47697473578296,
            59.9882814577807
          ],
          [
            30.476906106632317,
            59.98826824683092
          ],
          [
            30.476838864703357,
            59.988254855393315
          ],
          [
            30.476776002935697,
            59.98824505467913
          ],
          [
            30.476738747662907,
            59.988240806951055
          ],
          [
            30.476706024471934,
            59.98823698120039
          ],
          [
            30.47669260996936,
            59.988234542660486
          ],
          [
            30.476674367973935,
            59.98823262154851
          ],
          [
            30.476642777994957,
            59.98822858174327
          ],
          [
            30.476616164504858,
            59.988226365130394
          ],
          [
            30.476582960754328,
            59.98822015312917
          ],
          [
            30.476533433733493,
            59.98821340731896
          ],
          [
            30.47648251664422,
            59.98820528773415
          ],
          [
            30.47643202819304,
            59.98819803340946
          ],
          [
            30.476386488473224,
            59.98819220950028
          ],
          [
            30.47632313440504,
            59.98818161637845
          ],
          [
            30.475937672773014,
            59.988133415527734
          ],
          [
            30.475919970289986,
            59.98813208790291
          ],
          [
            30.47590273360148,
            59.988130344238726
          ],
          [
            30.475876047527706,
            59.988127142621856
          ],
          [
            30.475859868892343,
            59.98812546619067
          ],
          [
            30.475843654509006,
            59.98812378694984
          ],
          [
            30.47583431175291,
            59.988123297995195
          ],
          [
            30.475832363609847,
            59.98812338480843
          ],
          [
            30.47582644561922,
            59.98812057373837
          ],
          [
            30.475819962364678,
            59.98811843136595
          ],
          [
            30.475803721753795,
            59.988114124188286
          ],
          [
            30.4757972254081,
            59.98811486508944
          ],
          [
            30.47579514965943,
            59.988114613181374
          ],
          [
            30.47579461904428,
            59.98811269300572
          ],
          [
            30.475796197538887,
            59.988113035923455
          ],
          [
            30.475796197538887,
            59.988113035923455
          ],
          [
            30.475791300127042,
            59.9881099933951
          ],
          [
            30.47578500484404,
            59.98811050678685
          ],
          [
            30.475788499408868,
            59.98811152666736
          ],
          [
            30.47578835723256,
            59.98811142863542
          ],
          [
            30.47579145347783,
            59.9881113484642
          ],
          [
            30.47579145347783,
            59.9881113484642
          ],
          [
            30.475782294437675,
            59.98811072409873
          ],
          [
            30.475769004380705,
            59.98810986142138
          ],
          [
            30.475757927257835,
            59.98810796729893
          ],
          [
            30.475747876970846,
            59.98810715609884
          ],
          [
            30.475739103079565,
            59.98810585081526
          ],
          [
            30.47574152068665,
            59.988106142417884
          ],
          [
            30.475737824783774,
            59.98810802291918
          ],
          [
            30.475741408359244,
            59.98810839417255
          ],
          [
            30.475727983927886,
            59.988109246150266
          ],
          [
            30.475705344699268,
            59.9881068361477
          ],
          [
            30.47567530679415,
            59.98810468963778
          ],
          [
            30.475652281307035,
            59.9881049586815
          ],
          [
            30.475633514519537,
            59.988100831241745
          ],
          [
            30.475618256650396,
            59.98809950862937
          ],
          [
            30.47560893045154,
            59.98809972646333
          ],
          [
            30.475595907941187,
            59.988099025928136
          ],
          [
            30.475587962411478,
            59.98809864581025
          ],
          [
            30.47558467773808,
            59.988099320488296
          ],
          [
            30.47557762051277,
            59.988097114815766
          ],
          [
            30.475563701693485,
            59.988095345812226
          ],
          [
            30.47554078524202,
            59.988093105390405
          ],
          [
            30.475512451917197,
            59.988088685303296
          ],
          [
            30.475483033198277,
            59.988087258296815
          ],
          [
            30.475458049789253,
            59.988082694625774
          ],
          [
            30.475439740261677,
            59.988084106534465
          ],
          [
            30.475432336613558,
            59.98808216900676
          ],
          [
            30.475441622932323,
            59.98808207967608
          ],
          [
            30.47544059663263,
            59.9880810874147
          ],
          [
            30.47544100677363,
            59.988081869866036
          ],
          [
            30.475438578934188,
            59.98808097257706
          ],
          [
            30.475437363625282,
            59.98808094355418
          ],
          [
            30.475437363625282,
            59.98808094355418
          ],
          [
            30.475437363625282,
            59.98808094355418
          ],
          [
            30.475440969078146,
            59.988081145137784
          ],
          [
            30.47543983001043,
            59.98808302870113
          ],
          [
            30.47543811370513,
            59.98808230510878
          ],
          [
            30.475430344614413,
            59.98808012440675
          ],
          [
            30.475409359863047,
            59.988079279007174
          ],
          [
            30.475383831720745,
            59.98807682072494
          ],
          [
            30.475363350280915,
            59.988075740494864
          ],
          [
            30.475330672386956,
            59.98807127202202
          ],
          [
            30.475296682435435,
            59.98806977135462
          ],
          [
            30.47526232794458,
            59.98806649536739
          ],
          [
            30.47521577117925,
            59.988059478512675
          ],
          [
            30.47516961424858,
            59.98805510392422
          ],
          [
            30.475123292612626,
            59.98804944096686
          ],
          [
            30.475074997614723,
            59.988044168948235
          ],
          [
            30.47502674540974,
            59.98803933083659
          ],
          [
            30.47497053799535,
            59.988033351903816
          ],
          [
            30.474919244517352,
            59.988030617756586
          ],
          [
            30.474864517708998,
            59.98802436293621
          ],
          [
            30.474794775830166,
            59.98801917153275
          ],
          [
            30.4747257189651,
            59.98801248392156
          ],
          [
            30.47465499282764,
            59.98800847614574
          ],
          [
            30.47456842359138,
            59.988000031605495
          ],
          [
            30.474481659631667,
            59.987996232674504
          ],
          [
            30.4743933167238,
            59.987990852061465
          ],
          [
            30.47430470546027,
            59.98798616838497
          ],
          [
            30.474219131856792,
            59.987981837546954
          ],
          [
            30.474150252698497,
            59.98797871543691
          ],
          [
            30.474102756816396,
            59.98797991451618
          ],
          [
            30.474067100572,
            59.98797817394552
          ],
          [
            30.47402906396785,
            59.987977337847056
          ],
          [
            30.4739894692857,
            59.98797639078849
          ],
          [
            30.4739485997126,
            59.98797494873261
          ],
          [
            30.473898910154812,
            59.98797436492314
          ],
          [
            30.473844779796497,
            59.987971498573486
          ],
          [
            30.473798114099267,
            59.98796856680058
          ],
          [
            30.473771323085128,
            59.987967031111864
          ],
          [
            30.473745973558227,
            59.98796393972591
          ],
          [
            30.473717736363245,
            59.987963882840745
          ],
          [
            30.473691732203747,
            59.98796293363723
          ],
          [
            30.473670260712428,
            59.987961476469586
          ],
          [
            30.473651630915846,
            59.98795760072776
          ],
          [
            30.47363594304747,
            59.98795487908445
          ],
          [
            30.47360153652797,
            59.98795305638662
          ],
          [
            30.473553910219067,
            59.987949702288496
          ],
          [
            30.47349110094608,
            59.9879459764604
          ],
          [
            30.473421897779346,
            59.98794143456647
          ],
          [
            30.47335130494317,
            59.98793686402968
          ],
          [
            30.47330315997991,
            59.987934269790905
          ],
          [
            30.473280534896386,
            59.987933588422315
          ],
          [
            30.473263326419833,
            59.987934686644756
          ],
          [
            30.473249807645587,
            59.98793246142728
          ],
          [
            30.47323560681491,
            59.98793294052847
          ],
          [
            30.47323141922237,
            59.98793367321949
          ],
          [
            30.473227360160866,
            59.987931682079555
          ],
          [
            30.473232258142133,
            59.98793097766242
          ],
          [
            30.473215696336776,
            59.987932563725266
          ],
          [
            30.473202296407578,
            59.987932391753105
          ],
          [
            30.473183951479978,
            59.98793283610003
          ],
          [
            30.47314900491874,
            59.98792888131679
          ],
          [
            30.473102511217693,
            59.98792882028711
          ],
          [
            30.473052292945823,
            59.987929171269094
          ],
          [
            30.47299103737627,
            59.98792950130324
          ],
          [
            30.472919183818156,
            59.9879269683164
          ],
          [
            30.472851598775048,
            59.98792536196816
          ],
          [
            30.47279226089646,
            59.98792533906752
          ],
          [
            30.472746019097826,
            59.98792678658675
          ],
          [
            30.472700797726485,
            59.98792729326637
          ],
          [
            30.472656349114754,
            59.98792869241138
          ],
          [
            30.472608959543297,
            59.9879301711366
          ],
          [
            30.472553153856374,
            59.9879315512563
          ],
          [
            30.472479117801377,
            59.98793130955238
          ],
          [
            30.472396672813463,
            59.987930528177635
          ],
          [
            30.472300034369326,
            59.987934039427536
          ],
          [
            30.472197703648373,
            59.987936069886075
          ],
          [
            30.472101215601633,
            59.987936389752235
          ],
          [
            30.472020804840593,
            59.98793685891653
          ],
          [
            30.471969932338492,
            59.98793905051903
          ],
          [
            30.47194261025511,
            59.98794059381313
          ],
          [
            30.471928534163908,
            59.98793945367168
          ],
          [
            30.47192123588511,
            59.98794176123903
          ],
          [
            30.471912553872684,
            59.98794471600301
          ],
          [
            30.4719023073369,
            59.98794178328485
          ],
          [
            30.47189423385637,
            59.98794322876126
          ],
          [
            30.47189055291739,
            59.987941450646964
          ],
          [
            30.47188259314294,
            59.987941044915715
          ],
          [
            30.47187184336439,
            59.98793919611603
          ],
          [
            30.471866453484548,
            59.987936277659855
          ],
          [
            30.471859503444808,
            59.9879372555638
          ],
          [
            30.471855880438984,
            59.98793930888373
          ],
          [
            30.47182301918472,
            59.98794024790596
          ],
          [
            30.471781263736926,
            59.9879422542332
          ],
          [
            30.471729061659637,
            59.98794444945981
          ],
          [
            30.471662698501227,
            59.98794523627441
          ],
          [
            30.47158213632934,
            59.98794549695452
          ],
          [
            30.47152943092732,
            59.987945954878136
          ],
          [
            30.471487494759806,
            59.98794993523945
          ],
          [
            30.47146208936894,
            59.987949613173654
          ],
          [
            30.471438851760805,
            59.98795134346132
          ],
          [
            30.471412586660534,
            59.987951885927465
          ],
          [
            30.471392216385674,
            59.987954251648475
          ],
          [
            30.471360313588065,
            59.98795269877444
          ],
          [
            30.47132616742295,
            59.98795360062746
          ],
          [
            30.471288484793774,
            59.98795468466918
          ],
          [
            30.471241335884198,
            59.98795542348135
          ],
          [
            30.471175935962986,
            59.98795724463049
          ],
          [
            30.471111879311895,
            59.98795762181424
          ],
          [
            30.471080049655587,
            59.98795973409621
          ],
          [
            30.471053112413664,
            59.98796171730434
          ],
          [
            30.471018069935816,
            59.98796274489422
          ],
          [
            30.470990141717447,
            59.98796395548063
          ],
          [
            30.470962567950167,
            59.987964242465566
          ],
          [
            30.47093317016695,
            59.987966506085876
          ],
          [
            30.470892105418955,
            59.98796711786969
          ],
          [
            30.470843080431496,
            59.987969475252136
          ],
          [
            30.470787725084246,
            59.98797173226264
          ],
          [
            30.4707372268598,
            59.98797504693807
          ],
          [
            30.47069720611539,
            59.98797689762349
          ],
          [
            30.470671186152433,
            59.987978441709956
          ],
          [
            30.470635486501365,
            59.98798002993557
          ],
          [
            30.470590878483776,
            59.98798197243743
          ],
          [
            30.47053323855535,
            59.987984439219225
          ],
          [
            30.470467509003882,
            59.98798733782556
          ],
          [
            30.470395896470848,
            59.98799028543913
          ],
          [
            30.470341328447308,
            59.98799381270424
          ],
          [
            30.47029051783832,
            59.9879951670991
          ],
          [
            30.47024977335522,
            59.98799797402569
          ],
          [
            30.47020619766646,
            59.988000703582536
          ],
          [
            30.47017556918543,
            59.98800345092798
          ],
          [
            30.470146748380216,
            59.988006491028315
          ],
          [
            30.470125343213763,
            59.9880099214521
          ],
          [
            30.470101717356354,
            59.98801171491298
          ],
          [
            30.47007452167094,
            59.988012172556274
          ],
          [
            30.470034196916856,
            59.988015759477626
          ],
          [
            30.469982309032165,
            59.98801905617366
          ],
          [
            30.469917867361527,
            59.9880217468947
          ],
          [
            30.469836676801663,
            59.98802601986266
          ],
          [
            30.469774995716648,
            59.988029858092425
          ],
          [
            30.46971878222409,
            59.988035594060925
          ],
          [
            30.46966138599426,
            59.98803764128478
          ],
          [
            30.46961636353637,
            59.98804307374684
          ],
          [
            30.469562170802806,
            59.98804926113209
          ],
          [
            30.469487950874434,
            59.98805715312082
          ],
          [
            30.469408474971004,
            59.98806347700412
          ],
          [
            30.469331813877456,
            59.98807168597592
          ],
          [
            30.46926141075251,
            59.9880778619806
          ],
          [
            30.46919507834433,
            59.98808437938489
          ],
          [
            30.469138873958542,
            59.98809063648296
          ],
          [
            30.469100851734876,
            59.98809490454983
          ],
          [
            30.469070789392045,
            59.98809826823275
          ],
          [
            30.46903939369445,
            59.988100187949705
          ],
          [
            30.469012535054834,
            59.98810203975416
          ],
          [
            30.46898902173372,
            59.988105540579554
          ],
          [
            30.468957832407053,
            59.98810620571536
          ],
          [
            30.46892745055123,
            59.9881070999629
          ],
          [
            30.468879361407474,
            59.98811198204877
          ],
          [
            30.468820279320042,
            59.98811553127107
          ],
          [
            30.468761303499804,
            59.98812000265616
          ],
          [
            30.468714461342163,
            59.98812337492076
          ],
          [
            30.4686743036954,
            59.98812821185477
          ],
          [
            30.468651024743064,
            59.98813060254211
          ],
          [
            30.468641414846047,
            59.98813043842241
          ],
          [
            30.468628689000965,
            59.98813315280001
          ],
          [
            30.46861930205715,
            59.98813284861347
          ],
          [
            30.46857722526508,
            59.9881364896461
          ],
          [
            30.468517904167527,
            59.98813993997448
          ],
          [
            30.468442119467024,
            59.98814561708402
          ],
          [
            30.46837738312397,
            59.98814993284697
          ],
          [
            30.46834388236723,
            59.98815081544221
          ],
          [
            30.468309827471042,
            59.988153089430995
          ],
          [
            30.46828841868314,
            59.98815415108043
          ],
          [
            30.468246236616213,
            59.98815951618418
          ],
          [
            30.468202869112854,
            59.98816162327437
          ],
          [
            30.468184366296615,
            59.98816322920002
          ],
          [
            30.46816633223354,
            59.988165568505146
          ],
          [
            30.468152664388054,
            59.98816764210885
          ],
          [
            30.468147047106445,
            59.988166728977646
          ],
          [
            30.468141730161857,
            59.988166328369886
          ],
          [
            30.468131780862713,
            59.988167596214744
          ],
          [
            30.468117778355026,
            59.98816947741339
          ],
          [
            30.468099472301933,
            59.98816971583108
          ],
          [
            30.468063339965806,
            59.9881703029688
          ],
          [
            30.468038675132643,
            59.98817178238838
          ],
          [
            30.46802311061741,
            59.9881730146957
          ],
          [
            30.468007536460686,
            59.98817388512637
          ],
          [
            30.46798598023254,
            59.98817488597469
          ],
          [
            30.467941039216743,
            59.98817567971025
          ],
          [
            30.467886485141342,
            59.98817750134895
          ],
          [
            30.467809610009798,
            59.988181798545774
          ],
          [
            30.467715620058662,
            59.98819033751441
          ],
          [
            30.46761483283666,
            59.98819956656331
          ],
          [
            30.467521617017418,
            59.988207194474064
          ],
          [
            30.4674570785795,
            59.98821483704565
          ],
          [
            30.46740724871025,
            59.98821929390062
          ],
          [
            30.4673478187078,
            59.988225627749934
          ],
          [
            30.46726667313194,
            59.98823372208159
          ],
          [
            30.46715778492291,
            59.98824518201358
          ],
          [
            30.46704825953505,
            59.9882559513112
          ],
          [
            30.46694916807503,
            59.98826361517803
          ],
          [
            30.466885135977382,
            59.98826850482002
          ],
          [
            30.4668564361423,
            59.98827160891417
          ],
          [
            30.46681922544148,
            59.98827369717365
          ],
          [
            30.4668051499415,
            59.98827394911753
          ],
          [
            30.466790488005994,
            59.98827434067255
          ],
          [
            30.466785920772708,
            59.98827481376179
          ],
          [
            30.46677529803397,
            59.98827775654945
          ],
          [
            30.466766907263743,
            59.98827956681807
          ],
          [
            30.46677011975506,
            59.988280449021666
          ],
          [
            30.466763486211278,
            59.98827806392656
          ],
          [
            30.466761410564597,
            59.98828033464401
          ],
          [
            30.466758680910885,
            59.98828052208461
          ]
        ]
      }
    },
    {
      "type": "Feature",
      "properties": {
        "monotonic_time": 396372.59264055436,
        "horizontal_accuracy": 7.69093790004123,
        "speed": 11.468219696533334,
        "course": 75.81368255615234,
        "synthetic": false
      },
      "geometry": {
        "type": "Point",
        "coordinates": [
          30.381214842289893,
          59.81588743798781
        ]
      }
    },
    {
      "type": "Feature",
      "properties": {
        "monotonic_time": 396373.5926442526,
        "horizontal_accuracy": 7.842552425617179,
        "speed": 12.175900169845812,
        "course": 75.81368255615234,
        "synthetic": false
      },
      "geometry": {
        "type": "Point",
        "coordinates": [
          30.381436213274668,
          59.81590980397507
        ]
      }
    },
    {
      "type": "Feature",
      "properties": {
        "monotonic_time": 396374.5926470024,
        "horizontal_accuracy": 8.054990416456475,
        "speed": 12.679808827679373,
        "course": 75.81368255615234,
        "synthetic": false
      },
      "geometry": {
        "type": "Point",
        "coordinates": [
          30.381655580944123,
          59.81592899362378
        ]
      }
    },
    {
      "type": "Feature",
      "properties": {
        "monotonic_time": 396375.5926458163,
        "horizontal_accuracy": 8.312265939102886,
        "speed": 13.27857151282305,
        "course": 75.81368255615234,
        "synthetic": false
      },
      "geometry": {
        "type": "Point",
        "coordinates": [
          30.3818851566679,
          59.81595737521314
        ]
      }
    },
    {
      "type": "Feature",
      "properties": {
        "monotonic_time": 396376.59264408675,
        "horizontal_accuracy": 8.366654160126698,
        "speed": 13.840328469992736,
        "course": 75.81368255615234,
        "synthetic": false
      },
      "geometry": {
        "type": "Point",
        "coordinates": [
          30.382122096898428,
          59.81598837367352
        ]
      }
    },
    {
      "type": "Feature",
      "properties": {
        "monotonic_time": 396377.5926444054,
        "horizontal_accuracy": 6.330321347220583,
        "speed": 14.327878666374113,
        "course": 75.81368255615234,
        "synthetic": false
      },
      "geometry": {
        "type": "Point",
        "coordinates": [
          30.382338869715245,
          59.81606427381211
        ]
      }
    },
    {
      "type": "Feature",
      "properties": {
        "monotonic_time": 396378.59264569543,
        "horizontal_accuracy": 6.534546696387169,
        "speed": 14.865364979199363,
        "course": 75.81368255615234,
        "synthetic": false
      },
      "geometry": {
        "type": "Point",
        "coordinates": [
          30.382593749086176,
          59.816091796092756
        ]
      }
    },
    {
      "type": "Feature",
      "properties": {
        "monotonic_time": 396379.5926460409,
        "horizontal_accuracy": 6.77422034596251,
        "speed": 15.351364830270535,
        "course": 75.740966796875,
        "synthetic": false
      },
      "geometry": {
        "type": "Point",
        "coordinates": [
          30.382858141967088,
          59.81612205212936
        ]
      }
    },
    {
      "type": "Feature",
      "properties": {
        "monotonic_time": 396380.59264446853,
        "horizontal_accuracy": 7.1011329233916385,
        "speed": 15.695550310731218,
        "course": 68.09153747558594,
        "synthetic": false
      },
      "geometry": {
        "type": "Point",
        "coordinates": [
          30.38313837183726,
          59.816152053020616
        ]
      }
    },
    {
      "type": "Feature",
      "properties": {
        "monotonic_time": 396381.5926458413,
        "horizontal_accuracy": 7.640533292811569,
        "speed": 16.203513559758893,
        "course": 67.95430755615234,
        "synthetic": false
      },
      "geometry": {
        "type": "Point",
        "coordinates": [
          30.383403774535694,
          59.81620720011658
        ]
      }
    },
    {
      "type": "Feature",
      "properties": {
        "monotonic_time": 396382.5926466121,
        "horizontal_accuracy": 8.086824283203017,
        "speed": 16.64235890135814,
        "course": 78.24248504638672,
        "synthetic": false
      },
      "geometry": {
        "type": "Point",
        "coordinates": [
          30.38371138722191,
          59.81625851926092
        ]
      }
    },
    {
      "type": "Feature",
      "properties": {
        "monotonic_time": 396383.59264674,
        "horizontal_accuracy": 8.473744127121117,
        "speed": 16.755387729097098,
        "course": 78.63068389892578,
        "synthetic": false
      },
      "geometry": {
        "type": "Point",
        "coordinates": [
          30.38400878963058,
          59.816289273492885
        ]
      }
    },
    {
      "type": "Feature",
      "properties": {
        "monotonic_time": 396384.5926463442,
        "horizontal_accuracy": 7.063219960670195,
        "speed": 16.5451099225338,
        "course": 78.63068389892578,
        "synthetic": false
      },
      "geometry": {
        "type": "Point",
        "coordinates": [
          30.38422101864909,
          59.816352075180944
        ]
      }
    },
    {
      "type": "Feature",
      "properties": {
        "monotonic_time": 396385.59264588327,
        "horizontal_accuracy": 5.132952720720036,
        "speed": 17.005744684498417,
        "course": 78.63068389892578,
        "synthetic": false
      },
      "geometry": {
        "type": "Point",
        "coordinates": [
          30.38460130836934,
          59.816390903812454
        ]
      }
    },
    {
      "type": "Feature",
      "properties": {
        "monotonic_time": 396386.5926463445,
        "horizontal_accuracy": 4.326014786157617,
        "speed": 15.4520466384228,
        "course": 78.73513793945312,
        "synthetic": false
      },
      "geometry": {
        "type": "Point",
        "coordinates": [
          30.3848969925036,
          59.81641920251905
        ]
      }
    },
    {
      "type": "Feature",
      "properties": {
        "monotonic_time": 396387.59264548984,
        "horizontal_accuracy": 3.980664732225824,
        "speed": 14.843427390851536,
        "course": 78.73513793945312,
        "synthetic": false
      },
      "geometry": {
        "type": "Point",
        "coordinates": [
          30.38516074198866,
          59.81645109568894
        ]
      }
    },
    {
      "type": "Feature",
      "properties": {
        "monotonic_time": 396388.5926451687,
        "horizontal_accuracy": 3.720234295045632,
        "speed": 14.927837548230228,
        "course": 78.73513793945312,
        "synthetic": false
      },
      "geometry": {
        "type": "Point",
        "coordinates": [
          30.385426734231174,
          59.81647630178761
        ]
      }
    },
    {
      "type": "Feature",
      "properties": {
        "monotonic_time": 396389.59264603275,
        "horizontal_accuracy": 3.519730203876291,
        "speed": 15.290022145171495,
        "course": 78.73513793945312,
        "synthetic": false
      },
      "geometry": {
        "type": "Point",
        "coordinates": [
          30.385696556561278,
          59.81649927560352
        ]
      }
    },
    {
      "type": "Feature",
      "properties": {
        "monotonic_time": 396390.5926456018,
        "horizontal_accuracy": 3.3783484369531163,
        "speed": 15.817792853073342,
        "course": 78.73513793945312,
        "synthetic": false
      },
      "geometry": {
        "type": "Point",
        "coordinates": [
          30.385983844350076,
          59.81652357833458
        ]
      }
    },
    {
      "type": "Feature",
      "properties": {
        "monotonic_time": 396391.5926462723,
        "horizontal_accuracy": 3.2561782985376095,
        "speed": 16.264459889793024,
        "course": 78.73513793945312,
        "synthetic": false
      },
      "geometry": {
        "type": "Point",
        "coordinates": [
          30.38627214027626,
          59.81654960218253
        ]
      }
    },
    {
      "type": "Feature",
      "properties": {
        "monotonic_time": 396392.5926450908,
        "horizontal_accuracy": 3.170082757896826,
        "speed": 16.668396624379163,
        "course": 78.73513793945312,
        "synthetic": false
      },
      "geometry": {
        "type": "Point",
        "coordinates": [
          30.386565673114927,
          59.81657911141945
        ]
      }
    },
    {
      "type": "Feature",
      "properties": {
        "monotonic_time": 396393.59264516627,
        "horizontal_accuracy": 3.090094317935232,
        "speed": 16.923841790860315,
        "course": 78.73513793945312,
        "synthetic": false
      },
      "geometry": {
        "type": "Point",
        "coordinates": [
          30.386866947528574,
          59.81660631240143
        ]
      }
    },
    {
      "type": "Feature",
      "properties": {
        "monotonic_time": 396394.5926448006,
        "horizontal_accuracy": 3.0304245532258287,
        "speed": 17.24171688665365,
        "course": 78.73513793945312,
        "synthetic": false
      },
      "geometry": {
        "type": "Point",
        "coordinates": [
          30.387172050009504,
          59.81663462442249
        ]
      }
    },
    {
      "type": "Feature",
      "properties": {
        "monotonic_time": 396395.59264467895,
        "horizontal_accuracy": 2.98668002149043,
        "speed": 17.57404684486454,
        "course": 78.73513793945312,
        "synthetic": false
      },
      "geometry": {
        "type": "Point",
        "coordinates": [
          30.387483564979913,
          59.81666541911416
        ]
      }
    },
    {
      "type": "Feature",
      "properties": {
        "monotonic_time": 396396.592640775,
        "horizontal_accuracy": 2.9475749698837643,
        "speed": 17.858091315792958,
        "course": 78.73513793945312,
        "synthetic": false
      },
      "geometry": {
        "type": "Point",
        "coordinates": [
          30.38780168639564,
          59.81669218659893
        ]
      }
    },
    {
      "type": "Feature",
      "properties": {
        "monotonic_time": 396397.5926441729,
        "horizontal_accuracy": 2.9316644687091595,
        "speed": 18.102522556063807,
        "course": 78.73513793945312,
        "synthetic": false
      },
      "geometry": {
        "type": "Point",
        "coordinates": [
          30.388121680637045,
          59.816723251593125
        ]
      }
    },
    {
      "type": "Feature",
      "properties": {
        "monotonic_time": 396398.59264536755,
        "horizontal_accuracy": 2.871892723154522,
        "speed": 18.168489009623876,
        "course": 78.91638946533203,
        "synthetic": false
      },
      "geometry": {
        "type": "Point",
        "coordinates": [
          30.388440557414796,
          59.816753781789
        ]
      }
    },
    {
      "type": "Feature",
      "properties": {
        "monotonic_time": 396399.59264445526,
        "horizontal_accuracy": 2.84894098783957,
        "speed": 18.087954670846315,
        "course": 78.91638946533203,
        "synthetic": false
      },
      "geometry": {
        "type": "Point",
        "coordinates": [
          30.388758929498344,
          59.81678476575473
        ]
      }
    },
    {
      "type": "Feature",
      "properties": {
        "monotonic_time": 396400.5926450655,
        "horizontal_accuracy": 2.831046955165926,
        "speed": 17.8078423164404,
        "course": 78.91638946533203,
        "synthetic": false
      },
      "geometry": {
        "type": "Point",
        "coordinates": [
          30.38907212088189,
          59.816818405638436
        ]
      }
    },
    {
      "type": "Feature",
      "properties": {
        "monotonic_time": 396401.5926451125,
        "horizontal_accuracy": 2.7982747395660885,
        "speed": 17.936845846358178,
        "course": 78.91638946533203,
        "synthetic": false
      },
      "geometry": {
        "type": "Point",
        "coordinates": [
          30.389386409551186,
          59.81685125636824
        ]
      }
    },
    {
      "type": "Feature",
      "properties": {
        "monotonic_time": 396402.59264438297,
        "horizontal_accuracy": 2.789952564154312,
        "speed": 18.089655110424534,
        "course": 78.91638946533203,
        "synthetic": false
      },
      "geometry": {
        "type": "Point",
        "coordinates": [
          30.389704535276813,
          59.816881801168854
        ]
      }
    },
    {
      "type": "Feature",
      "properties": {
        "monotonic_time": 396403.59264486824,
        "horizontal_accuracy": 2.7741288408896123,
        "speed": 18.415106856415928,
        "course": 78.91638946533203,
        "synthetic": false
      },
      "geometry": {
        "type": "Point",
        "coordinates": [
          30.39002800910358,
          59.8169122321157
        ]
      }
    },
    {
      "type": "Feature",
      "properties": {
        "monotonic_time": 396404.5926432946,
        "horizontal_accuracy": 2.7452939031939043,
        "speed": 18.754374153083962,
        "course": 78.91638946533203,
        "synthetic": false
      },
      "geometry": {
        "type": "Point",
        "coordinates": [
          30.390360442454032,
          59.81693924900713
        ]
      }
    },
    {
      "type": "Feature",
      "properties": {
        "monotonic_time": 396405.59264425194,
        "horizontal_accuracy": 2.7228739536187287,
        "speed": 19.128080570112438,
        "course": 78.91638946533203,
        "synthetic": false
      },
      "geometry": {
        "type": "Point",
        "coordinates": [
          30.390692823204724,
          59.81697062943523
        ]
      }
    },
    {
      "type": "Feature",
      "properties": {
        "monotonic_time": 396406.5926449123,
        "horizontal_accuracy": 2.683836871967391,
        "speed": 19.462362267279744,
        "course": 78.91638946533203,
        "synthetic": false
      },
      "geometry": {
        "type": "Point",
        "coordinates": [
          30.391032885187517,
          59.81700553656218
        ]
      }
    },
    {
      "type": "Feature",
      "properties": {
        "monotonic_time": 396407.59264521097,
        "horizontal_accuracy": 2.6429597556713915,
        "speed": 19.944891654396677,
        "course": 78.91638946533203,
        "synthetic": false
      },
      "geometry": {
        "type": "Point",
        "coordinates": [
          30.391386745345084,
          59.81704091599475
        ]
      }
    },
    {
      "type": "Feature",
      "properties": {
        "monotonic_time": 396408.5926449329,
        "horizontal_accuracy": 2.6265087632541184,
        "speed": 20.238199071305363,
        "course": 78.91638946533203,
        "synthetic": false
      },
      "geometry": {
        "type": "Point",
        "coordinates": [
          30.39173967196265,
          59.8170760584126
        ]
      }
    },
    {
      "type": "Feature",
      "properties": {
        "monotonic_time": 396409.5926448547,
        "horizontal_accuracy": 2.609466534244578,
        "speed": 20.580236580346366,
        "course": 78.91638946533203,
        "synthetic": false
      },
      "geometry": {
        "type": "Point",
        "coordinates": [
          30.392099641153333,
          59.8171099591037
        ]
      }
    },
    {
      "type": "Feature",
      "properties": {
        "monotonic_time": 396410.59264469246,
        "horizontal_accuracy": 2.810551324062847,
        "speed": 20.904412381524462,
        "course": 78.91638946533203,
        "synthetic": false
      },
      "geometry": {
        "type": "Point",
        "coordinates": [
          30.39246177991405,
          59.81714363206178
        ]
      }
    },
    {
      "type": "Feature",
      "properties": {
        "monotonic_time": 396411.59264451376,
        "horizontal_accuracy": 2.596875262361185,
        "speed": 21.092656275762703,
        "course": 78.93885803222656,
        "synthetic": false
      },
      "geometry": {
        "type": "Point",
        "coordinates": [
          30.392828121033787,
          59.81717861091328
        ]
      }
    },
    {
      "type": "Feature",
      "properties": {
        "monotonic_time": 396412.5926449657,
        "horizontal_accuracy": 2.6166969158086064,
        "speed": 21.219525109492963,
        "course": 78.93885803222656,
        "synthetic": false
      },
      "geometry": {
        "type": "Point",
        "coordinates": [
          30.393196982935887,
          59.81721515575144
        ]
      }
    },
    {
      "type": "Feature",
      "properties": {
        "monotonic_time": 396413.592644519,
        "horizontal_accuracy": 2.631766114571411,
        "speed": 21.328500907490834,
        "course": 78.93885803222656,
        "synthetic": false
      },
      "geometry": {
        "type": "Point",
        "coordinates": [
          30.393569235872295,
          59.817251149686584
        ]
      }
    },
    {
      "type": "Feature",
      "properties": {
        "monotonic_time": 396414.59264427586,
        "horizontal_accuracy": 2.6538823558021933,
        "speed": 21.54592696464186,
        "course": 78.93885803222656,
        "synthetic": false
      },
      "geometry": {
        "type": "Point",
        "coordinates": [
          30.393945751324317,
          59.817286940818256
        ]
      }
    },
    {
      "type": "Feature",
      "properties": {
        "monotonic_time": 396415.59264502063,
        "horizontal_accuracy": 2.6734265841548464,
        "speed": 21.765822825993467,
        "course": 78.93885803222656,
        "synthetic": false
      },
      "geometry": {
        "type": "Point",
        "coordinates": [
          30.394330163280493,
          59.81732122313827
        ]
      }
    },
    {
      "type": "Feature",
      "properties": {
        "monotonic_time": 396416.59264561365,
        "horizontal_accuracy": 2.701397429290607,
        "speed": 21.89951366400669,
        "course": 78.93885803222656,
        "synthetic": false
      },
      "geometry": {
        "type": "Point",
        "coordinates": [
          30.39471644923517,
          59.81735604665829
        ]
      }
    },
    {
      "type": "Feature",
      "properties": {
        "monotonic_time": 396417.59264422435,
        "horizontal_accuracy": 2.7286233171923233,
        "speed": 22.030983913237634,
        "course": 78.59036254882812,
        "synthetic": false
      },
      "geometry": {
        "type": "Point",
        "coordinates": [
          30.395100115171026,
          59.81739616301432
        ]
      }
    },
    {
      "type": "Feature",
      "properties": {
        "monotonic_time": 396418.59264400316,
        "horizontal_accuracy": 2.751299967142722,
        "speed": 22.102874559757026,
        "course": 78.59036254882812,
        "synthetic": false
      },
      "geometry": {
        "type": "Point",
        "coordinates": [
          30.39548929332082,
          59.81743693509672
        ]
      }
    },
    {
      "type": "Feature",
      "properties": {
        "monotonic_time": 396419.5926455722,
        "horizontal_accuracy": 2.700576770895067,
        "speed": 22.09259723876872,
        "course": 78.59036254882812,
        "synthetic": false
      },
      "geometry": {
        "type": "Point",
        "coordinates": [
          30.395877249826412,
          59.81747376218921
        ]
      }
    },
    {
      "type": "Feature",
      "properties": {
        "monotonic_time": 396420.5926449872,
        "horizontal_accuracy": 2.6750054478488146,
        "speed": 22.054149931761955,
        "course": 78.59036254882812,
        "synthetic": false
      },
      "geometry": {
        "type": "Point",
        "coordinates": [
          30.396267302198847,
          59.81751222030581
        ]
      }
    },
    {
      "type": "Feature",
      "properties": {
        "monotonic_time": 396421.5926442237,
        "horizontal_accuracy": 3.28696427239788,
        "speed": 21.97262571310242,
        "course": 78.59036254882812,
        "synthetic": false
      },
      "geometry": {
        "type": "Point",
        "coordinates": [
          30.396651892576845,
          59.81755089996982
        ]
      }
    },
    {
      "type": "Feature",
      "properties": {
        "monotonic_time": 396422.5926456632,
        "horizontal_accuracy": 2.643481879983535,
        "speed": 21.800642812198955,
        "course": 78.59036254882812,
        "synthetic": false
      },
      "geometry": {
        "type": "Point",
        "coordinates": [
          30.39703000831421,
          59.81759072695536
        ]
      }
    },
    {
      "type": "Feature",
      "properties": {
        "monotonic_time": 396423.59264367,
        "horizontal_accuracy": 2.588471952955568,
        "speed": 21.64421739841243,
        "course": 78.59036254882812,
        "synthetic": false
      },
      "geometry": {
        "type": "Point",
        "coordinates": [
          30.397406291938232,
          59.81762920697104
        ]
      }
    },
    {
      "type": "Feature",
      "properties": {
        "monotonic_time": 396424.59264467936,
        "horizontal_accuracy": 2.5918091791178224,
        "speed": 21.619194695962683,
        "course": 78.59036254882812,
        "synthetic": false
      },
      "geometry": {
        "type": "Point",
        "coordinates": [
          30.397785744683368,
          59.817667061514186
        ]
      }
    },
    {
      "type": "Feature",
      "properties": {
        "monotonic_time": 396425.59264018555,
        "horizontal_accuracy": 2.584579366932628,
        "speed": 20.84385355275684,
        "course": 78.59036254882812,
        "synthetic": false
      },
      "geometry": {
        "type": "Point",
        "coordinates": [
          30.39815456268759,
          59.81770477871477
        ]
      }
    },
    {
      "type": "Feature",
      "properties": {
        "monotonic_time": 396426.5926452433,
        "horizontal_accuracy": 2.6724668274369345,
        "speed": 19.680770602686643,
        "course": 78.5351791381836,
        "synthetic": false
      },
      "geometry": {
        "type": "Point",
        "coordinates": [
          30.398497373036523,
          59.817740818771036
        ]
      }
    },
    {
      "type": "Feature",
      "properties": {
        "monotonic_time": 396427.5926445559,
        "horizontal_accuracy": 3.1580178363200844,
        "speed": 19.22856116842591,
        "course": 78.5351791381836,
        "synthetic": false
      },
      "geometry": {
        "type": "Point",
        "coordinates": [
          30.398831860601675,
          59.81777693303101
        ]
      }
    },
    {
      "type": "Feature",
      "properties": {
        "monotonic_time": 396428.5926448073,
        "horizontal_accuracy": 3.1144462457889004,
        "speed": 19.004752828872036,
        "course": 78.5351791381836,
        "synthetic": false
      },
      "geometry": {
        "type": "Point",
        "coordinates": [
          30.399163977860223,
          59.81781353696583
        ]
      }
    },
    {
      "type": "Feature",
      "properties": {
        "monotonic_time": 396429.59264307487,
        "horizontal_accuracy": 3.347710450694057,
        "speed": 18.199413666341908,
        "course": 78.63533782958984,
        "synthetic": false
      },
      "geometry": {
        "type": "Point",
        "coordinates": [
          30.399478087015314,
          59.81785084800545
        ]
      }
    },
    {
      "type": "Feature",
      "properties": {
        "monotonic_time": 396430.5926430723,
        "horizontal_accuracy": 3.1822605574068996,
        "speed": 17.567974744568016,
        "course": 78.63533782958984,
        "synthetic": false
      },
      "geometry": {
        "type": "Point",
        "coordinates": [
          30.399784387012932,
          59.81788672498899
        ]
      }
    },
    {
      "type": "Feature",
      "properties": {
        "monotonic_time": 396431.59264396643,
        "horizontal_accuracy": 2.5886654180837207,
        "speed": 15.388785078082142,
        "course": 74.64544677734375,
        "synthetic": false
      },
      "geometry": {
        "type": "Point",
        "coordinates": [
          30.400052940873017,
          59.81791732911764
        ]
      }
    },
    {
      "type": "Feature",
      "properties": {
        "monotonic_time": 396432.5926439026,
        "horizontal_accuracy": 2.9018035088228618,
        "speed": 14.640900683494507,
        "course": 74.64544677734375,
        "synthetic": false
      },
      "geometry": {
        "type": "Point",
        "coordinates": [
          30.40030199502704,
          59.81794837655032
        ]
      }
    },
    {
      "type": "Feature",
      "properties": {
        "monotonic_time": 396433.59264487517,
        "horizontal_accuracy": 3.4954017912526063,
        "speed": 14.131530049340142,
        "course": 74.619873046875,
        "synthetic": false
      },
      "geometry": {
        "type": "Point",
        "coordinates": [
          30.400540439506116,
          59.81797869313631
        ]
      }
    },
    {
      "type": "Feature",
      "properties": {
        "monotonic_time": 396434.5926436348,
        "horizontal_accuracy": 3.377382593249435,
        "speed": 14.170769263546305,
        "course": 74.619873046875,
        "synthetic": false
      },
      "geometry": {
        "type": "Point",
        "coordinates": [
          30.400776838889165,
          59.81801088369357
        ]
      }
    },
    {
      "type": "Feature",
      "properties": {
        "monotonic_time": 396435.592644309,
        "horizontal_accuracy": 3.0495074167541105,
        "speed": 14.25862716672631,
        "course": 74.619873046875,
        "synthetic": false
      },
      "geometry": {
        "type": "Point",
        "coordinates": [
          30.401020697095603,
          59.818040243586026
        ]
      }
    },
    {
      "type": "Feature",
      "properties": {
        "monotonic_time": 396436.59264180023,
        "horizontal_accuracy": 2.7915250588786806,
        "speed": 14.242247165179833,
        "course": 74.59687805175781,
        "synthetic": false
      },
      "geometry": {
        "type": "Point",
        "coordinates": [
          30.40126363496105,
          59.818071267418084
        ]
      }
    },
    {
      "type": "Feature",
      "properties": {
        "monotonic_time": 396437.59264302545,
        "horizontal_accuracy": 3.084525137197799,
        "speed": 14.048611544416719,
        "course": 74.59687805175781,
        "synthetic": false
      },
      "geometry": {
        "type": "Point",
        "coordinates": [
          30.401501125480852,
          59.81810205752623
        ]
      }
    },
    {
      "type": "Feature",
      "properties": {
        "monotonic_time": 396438.592643576,
        "horizontal_accuracy": 3.2545325480252765,
        "speed": 13.84353069540594,
        "course": 74.59465026855469,
        "synthetic": false
      },
      "geometry": {
        "type": "Point",
        "coordinates": [
          30.401739970533065,
          59.81813499472454
        ]
      }
    },
    {
      "type": "Feature",
      "properties": {
        "monotonic_time": 396439.59264309035,
        "horizontal_accuracy": 2.6719323153738994,
        "speed": 12.90744871453958,
        "course": 74.59465026855469,
        "synthetic": false
      },
      "geometry": {
        "type": "Point",
        "coordinates": [
          30.40195629777182,
          59.818164477026016
        ]
      }
    },
    {
      "type": "Feature",
      "properties": {
        "monotonic_time": 396440.5926414585,
        "horizontal_accuracy": 2.7307319902643115,
        "speed": 12.334754143934306,
        "course": 74.59465026855469,
        "synthetic": false
      },
      "geometry": {
        "type": "Point",
        "coordinates": [
          30.402168712707418,
          59.81819358107109
        ]
      }
    },
    {
      "type": "Feature",
      "properties": {
        "monotonic_time": 396441.59264252376,
        "horizontal_accuracy": 2.8309748827656294,
        "speed": 12.083104624816855,
        "course": 74.59465026855469,
        "synthetic": false
      },
      "geometry": {
        "type": "Point",
        "coordinates": [
          30.40237667254759,
          59.8182220052223
        ]
      }
    },
    {
      "type": "Feature",
      "properties": {
        "monotonic_time": 396442.59264414647,
        "horizontal_accuracy": 3.025436603475743,
        "speed": 12.012252448137357,
        "course": 74.59465026855469,
        "synthetic": false
      },
      "geometry": {
        "type": "Point",
        "coordinates": [
          30.402586800245594,
          59.81825033620778
        ]
      }
    },
    {
      "type": "Feature",
      "properties": {
        "monotonic_time": 396443.592643581,
        "horizontal_accuracy": 3.2848861960657216,
        "speed": 12.226340649137388,
        "course": 74.59465026855469,
        "synthetic": false
      },
      "geometry": {
        "type": "Point",
        "coordinates": [
          30.402796829122856,
          59.818276563670075
        ]
      }
    },
    {
      "type": "Feature",
      "properties": {
        "monotonic_time": 396444.59264358546,
        "horizontal_accuracy": 3.595742273550264,
        "speed": 12.108983304134538,
        "course": 74.59465026855469,
        "synthetic": false
      },
      "geometry": {
        "type": "Point",
        "coordinates": [
          30.4030049265433,
          59.818303173160096
        ]
      }
    },
    {
      "type": "Feature",
      "properties": {
        "monotonic_time": 396445.5926442947,
        "horizontal_accuracy": 3.875611003184306,
        "speed": 12.262019941601203,
        "course": 74.59465026855469,
        "synthetic": false
      },
      "geometry": {
        "type": "Point",
        "coordinates": [
          30.403217382853644,
          59.81833202788945
        ]
      }
    },
    {
      "type": "Feature",
      "properties": {
        "monotonic_time": 396446.5926436251,
        "horizontal_accuracy": 4.029710804175901,
        "speed": 12.221094137915612,
        "course": 74.59465026855469,
        "synthetic": false
      },
      "geometry": {
        "type": "Point",
        "coordinates": [
          30.40343046030596,
          59.81836120262603
        ]
      }
    },
    {
      "type": "Feature",
      "properties": {
        "monotonic_time": 396447.5926399191,
        "horizontal_accuracy": 4.122928159040606,
        "speed": 12.627454707115962,
        "course": 71.68773651123047,
        "synthetic": false
      },
      "geometry": {
        "type": "Point",
        "coordinates": [
          30.40365101856719,
          59.81839196714913
        ]
      }
    },
    {
      "type": "Feature",
      "properties": {
        "monotonic_time": 396448.59264336195,
        "horizontal_accuracy": 4.293821759558046,
        "speed": 13.689557583877045,
        "course": 71.68773651123047,
        "synthetic": false
      },
      "geometry": {
        "type": "Point",
        "coordinates": [
          30.403889995568374,
          59.81842890712149
        ]
      }
    },
    {
      "type": "Feature",
      "properties": {
        "monotonic_time": 396449.5926430485,
        "horizontal_accuracy": 4.410825544451408,
        "speed": 14.534214096044035,
        "course": 71.68773651123047,
        "synthetic": false
      },
      "geometry": {
        "type": "Point",
        "coordinates": [
          30.404133511990494,
          59.81847439436518
        ]
      }
    },
    {
      "type": "Feature",
      "properties": {
        "monotonic_time": 396450.5926446915,
        "horizontal_accuracy": 4.399874672989259,
        "speed": 15.005421190591237,
        "course": 71.59770202636719,
        "synthetic": false
      },
      "geometry": {
        "type": "Point",
        "coordinates": [
          30.404361004671284,
          59.818529550054734
        ]
      }
    },
    {
      "type": "Feature",
      "properties": {
        "monotonic_time": 396451.5926419678,
        "horizontal_accuracy": 4.364257324332215,
        "speed": 15.153329390596575,
        "course": 71.59770202636719,
        "synthetic": false
      },
      "geometry": {
        "type": "Point",
        "coordinates": [
          30.404614553070875,
          59.81858739265009
        ]
      }
    },
    {
      "type": "Feature",
      "properties": {
        "monotonic_time": 396452.5926438356,
        "horizontal_accuracy": 4.4032779409071585,
        "speed": 15.452109203853935,
        "course": 71.59312438964844,
        "synthetic": false
      },
      "geometry": {
        "type": "Point",
        "coordinates": [
          30.404880546469986,
          59.81863628469571
        ]
      }
    },
    {
      "type": "Feature",
      "properties": {
        "monotonic_time": 396453.5926438122,
        "horizontal_accuracy": 4.377895007134419,
        "speed": 15.275828953956811,
        "course": 71.59312438964844,
        "synthetic": false
      },
      "geometry": {
        "type": "Point",
        "coordinates": [
          30.40513392710605,
          59.818680315381044
        ]
      }
    },
    {
      "type": "Feature",
      "properties": {
        "monotonic_time": 396454.5926450649,
        "horizontal_accuracy": 4.322080531353512,
        "speed": 15.319166144179647,
        "course": 71.59312438964844,
        "synthetic": false
      },
      "geometry": {
        "type": "Point",
        "coordinates": [
          30.40540091455584,
          59.81872755696474
        ]
      }
    },
    {
      "type": "Feature",
      "properties": {
        "monotonic_time": 396455.59264362283,
        "horizontal_accuracy": 4.248647493144312,
        "speed": 15.130903178960551,
        "course": 68.66605377197266,
        "synthetic": false
      },
      "geometry": {
        "type": "Point",
        "coordinates": [
          30.405662383326245,
          59.81877238225579
        ]
      }
    },
    {
      "type": "Feature",
      "properties": {
        "monotonic_time": 396456.5926443018,
        "horizontal_accuracy": 4.140378822012553,
        "speed": 14.974072169848649,
        "course": 68.80254364013672,
        "synthetic": false
      },
      "geometry": {
        "type": "Point",
        "coordinates": [
          30.40591532689332,
          59.818820517163964
        ]
      }
    },
    {
      "type": "Feature",
      "properties": {
        "monotonic_time": 396457.59264295886,
        "horizontal_accuracy": 4.041616865057511,
        "speed": 14.702993890592067,
        "course": 68.80254364013672,
        "synthetic": false
      },
      "geometry": {
        "type": "Point",
        "coordinates": [
          30.406160078298353,
          59.81886742744462
        ]
      }
    },
    {
      "type": "Feature",
      "properties": {
        "monotonic_time": 396458.59264326934,
        "horizontal_accuracy": 3.8638871912270356,
        "speed": 14.600619259150056,
        "course": 68.80254364013672,
        "synthetic": false
      },
      "geometry": {
        "type": "Point",
        "coordinates": [
          30.40640652144633,
          59.818921792456386
        ]
      }
    },
    {
      "type": "Feature",
      "properties": {
        "monotonic_time": 396459.5926436963,
        "horizontal_accuracy": 3.73552186069766,
        "speed": 14.32121839711586,
        "course": 68.77510833740234,
        "synthetic": false
      },
      "geometry": {
        "type": "Point",
        "coordinates": [
          30.406635256769835,
          59.81897991820482
        ]
      }
    },
    {
      "type": "Feature",
      "properties": {
        "monotonic_time": 396460.592643474,
        "horizontal_accuracy": 3.670863053312754,
        "speed": 13.728978104846215,
        "course": 68.77510833740234,
        "synthetic": false
      },
      "geometry": {
        "type": "Point",
        "coordinates": [
          30.40685702735485,
          59.81903393007605
        ]
      }
    },
    {
      "type": "Feature",
      "properties": {
        "monotonic_time": 396461.5926435096,
        "horizontal_accuracy": 3.624519572262283,
        "speed": 13.462045703723879,
        "course": 68.7803955078125,
        "synthetic": false
      },
      "geometry": {
        "type": "Point",
        "coordinates": [
          30.407070956425414,
          59.819085537967965
        ]
      }
    },
    {
      "type": "Feature",
      "properties": {
        "monotonic_time": 396462.5926422599,
        "horizontal_accuracy": 3.5563521238515774,
        "speed": 13.424901905595922,
        "course": 68.7803955078125,
        "synthetic": false
      },
      "geometry": {
        "type": "Point",
        "coordinates": [
          30.40728929827704,
          59.81913733944389
        ]
      }
    },
    {
      "type": "Feature",
      "properties": {
        "monotonic_time": 396463.5926429557,
        "horizontal_accuracy": 3.5067425125957246,
        "speed": 13.253069341829203,
        "course": 68.7803955078125,
        "synthetic": false
      },
      "geometry": {
        "type": "Point",
        "coordinates": [
          30.407507688653062,
          59.81918419793533
        ]
      }
    },
    {
      "type": "Feature",
      "properties": {
        "monotonic_time": 396464.59264282737,
        "horizontal_accuracy": 3.4976654350149903,
        "speed": 12.584643337354246,
        "course": 68.7803955078125,
        "synthetic": false
      },
      "geometry": {
        "type": "Point",
        "coordinates": [
          30.40771586992955,
          59.819229530799554
        ]
      }
    },
    {
      "type": "Feature",
      "properties": {
        "monotonic_time": 396465.5926431086,
        "horizontal_accuracy": 3.479712365918378,
        "speed": 11.636278642574451,
        "course": 68.73625183105469,
        "synthetic": false
      },
      "geometry": {
        "type": "Point",
        "coordinates": [
          30.407903399251136,
          59.81927135379043
        ]
      }
    },
    {
      "type": "Feature",
      "properties": {
        "monotonic_time": 396466.5926435052,
        "horizontal_accuracy": 3.423461690427374,
        "speed": 11.210602446032697,
        "course": 68.73625183105469,
        "synthetic": false
      },
      "geometry": {
        "type": "Point",
        "coordinates": [
          30.408084626789663,
          59.819310468786206
        ]
      }
    },
    {
      "type": "Feature",
      "properties": {
        "monotonic_time": 396467.59264347417,
        "horizontal_accuracy": 3.3535099256777188,
        "speed": 10.746833137615988,
        "course": 68.70529174804688,
        "synthetic": false
      },
      "geometry": {
        "type": "Point",
        "coordinates": [
          30.408257132972054,
          59.819350030886866
        ]
      }
    },
    {
      "type": "Feature",
      "properties": {
        "monotonic_time": 396468.59264329256,
        "horizontal_accuracy": 3.2548981003905015,
        "speed": 10.360188671259486,
        "course": 68.70529174804688,
        "synthetic": false
      },
      "geometry": {
        "type": "Point",
        "coordinates": [
          30.408426896465127,
          59.819385244654136
        ]
      }
    },
    {
      "type": "Feature",
      "properties": {
        "monotonic_time": 396469.59264301317,
        "horizontal_accuracy": 3.200365893124691,
        "speed": 10.075587206540488,
        "course": 68.70529174804688,
        "synthetic": false
      },
      "geometry": {
        "type": "Point",
        "coordinates": [
          30.408595133613197,
          59.81941918344121
        ]
      }
    },
    {
      "type": "Feature",
      "properties": {
        "monotonic_time": 396470.5926415145,
        "horizontal_accuracy": 3.25012051808103,
        "speed": 9.9917110321045,
        "course": 67.0628433227539,
        "synthetic": false
      },
      "geometry": {
        "type": "Point",
        "coordinates": [
          30.408751647462317,
          59.8194570493817
        ]
      }
    },
    {
      "type": "Feature",
      "properties": {
        "monotonic_time": 396471.5926435358,
        "horizontal_accuracy": 3.620426393496716,
        "speed": 10.288653831278317,
        "course": 67.0628433227539,
        "synthetic": false
      },
      "geometry": {
        "type": "Point",
        "coordinates": [
          30.40891879050917,
          59.81949379360764
        ]
      }
    },
    {
      "type": "Feature",
      "properties": {
        "monotonic_time": 396472.59264216834,
        "horizontal_accuracy": 3.1984018212525807,
        "speed": 10.695539171785155,
        "course": 67.0628433227539,
        "synthetic": false
      },
      "geometry": {
        "type": "Point",
        "coordinates": [
          30.40909079021241,
          59.81953315829143
        ]
      }
    },
    {
      "type": "Feature",
      "properties": {
        "monotonic_time": 396473.5926425384,
        "horizontal_accuracy": 3.2685587753503684,
        "speed": 11.159171502687954,
        "course": 66.9765853881836,
        "synthetic": false
      },
      "geometry": {
        "type": "Point",
        "coordinates": [
          30.40926955388949,
          59.81957411000641
        ]
      }
    },
    {
      "type": "Feature",
      "properties": {
        "monotonic_time": 396474.59264307196,
        "horizontal_accuracy": 3.3166950325424995,
        "speed": 11.591764420164779,
        "course": 66.9765853881836,
        "synthetic": false
      },
      "geometry": {
        "type": "Point",
        "coordinates": [
          30.409457597828585,
          59.81961377818823
        ]
      }
    },
    {
      "type": "Feature",
      "properties": {
        "monotonic_time": 396475.59264335426,
        "horizontal_accuracy": 3.334118936834681,
        "speed": 11.932903349528788,
        "course": 66.9765853881836,
        "synthetic": false
      },
      "geometry": {
        "type": "Point",
        "coordinates": [
          30.409652791586737,
          59.819654382131496
        ]
      }
    },
    {
      "type": "Feature",
      "properties": {
        "monotonic_time": 396476.59264325636,
        "horizontal_accuracy": 3.5365460351872726,
        "speed": 12.002804525282867,
        "course": 66.9765853881836,
        "synthetic": false
      },
      "geometry": {
        "type": "Point",
        "coordinates": [
          30.40984735071832,
          59.81969745452731
        ]
      }
    },
    {
      "type": "Feature",
      "properties": {
        "monotonic_time": 396477.5926420432,
        "horizontal_accuracy": 3.434061110171447,
        "speed": 11.39890718202323,
        "course": 66.9765853881836,
        "synthetic": false
      },
      "geometry": {
        "type": "Point",
        "coordinates": [
          30.4100337391675,
          59.819737866677016
        ]
      }
    },
    {
      "type": "Feature",
      "properties": {
        "monotonic_time": 396478.5926429705,
        "horizontal_accuracy": 3.3665291114475866,
        "speed": 10.301496627705383,
        "course": 67.17870330810547,
        "synthetic": false
      },
      "geometry": {
        "type": "Point",
        "coordinates": [
          30.410203173368032,
          59.81977423106987
        ]
      }
    },
    {
      "type": "Feature",
      "properties": {
        "monotonic_time": 396479.59264262515,
        "horizontal_accuracy": 3.4111847467713754,
        "speed": 9.57501779054215,
        "course": 67.17870330810547,
        "synthetic": false
      },
      "geometry": {
        "type": "Point",
        "coordinates": [
          30.41036050447448,
          59.81980733703896
        ]
      }
    },
    {
      "type": "Feature",
      "properties": {
        "monotonic_time": 396480.59264323715,
        "horizontal_accuracy": 3.421326583722055,
        "speed": 9.713345043332227,
        "course": 66.82747650146484,
        "synthetic": false
      },
      "geometry": {
        "type": "Point",
        "coordinates": [
          30.41051723402156,
          59.81984192635341
        ]
      }
    },
    {
      "type": "Feature",
      "properties": {
        "monotonic_time": 396481.5926422747,
        "horizontal_accuracy": 3.361642944070517,
        "speed": 9.980884929881375,
        "course": 66.82747650146484,
        "synthetic": false
      },
      "geometry": {
        "type": "Point",
        "coordinates": [
          30.410667807666112,
          59.81987918786536
        ]
      }
    },
    {
      "type": "Feature",
      "properties": {
        "monotonic_time": 396482.59264355595,
        "horizontal_accuracy": 3.501378311652781,
        "speed": 10.032439012416217,
        "course": 66.94042205810547,
        "synthetic": false
      },
      "geometry": {
        "type": "Point",
        "coordinates": [
          30.41082148899087,
          59.81991479906809
        ]
      }
    },
    {
      "type": "Feature",
      "properties": {
        "monotonic_time": 396483.5926417171,
        "horizontal_accuracy": 3.301060127056035,
        "speed": 10.259849200739222,
        "course": 66.94042205810547,
        "synthetic": false
      },
      "geometry": {
        "type": "Point",
        "coordinates": [
          30.410984881610933,
          59.81995289890239
        ]
      }
    },
    {
      "type": "Feature",
      "properties": {
        "monotonic_time": 396484.59264261345,
        "horizontal_accuracy": 3.2568155712110674,
        "speed": 10.539186509018599,
        "course": 66.6002426147461,
        "synthetic": false
      },
      "geometry": {
        "type": "Point",
        "coordinates": [
          30.411149818856874,
          59.81999140527247
        ]
      }
    },
    {
      "type": "Feature",
      "properties": {
        "monotonic_time": 396485.59264265234,
        "horizontal_accuracy": 3.2300505528857584,
        "speed": 11.14243880688552,
        "course": 67.04803466796875,
        "synthetic": false
      },
      "geometry": {
        "type": "Point",
        "coordinates": [
          30.411330109975314,
          59.82003259714156
        ]
      }
    },
    {
      "type": "Feature",
      "properties": {
        "monotonic_time": 396486.5926426573,
        "horizontal_accuracy": 3.197925552551289,
        "speed": 11.715815503401327,
        "course": 66.94662475585938,
        "synthetic": false
      },
      "geometry": {
        "type": "Point",
        "coordinates": [
          30.411519242245433,
          59.82007990432718
        ]
      }
    },
    {
      "type": "Feature",
      "properties": {
        "monotonic_time": 396487.59264138725,
        "horizontal_accuracy": 3.160039615760633,
        "speed": 11.667970166278545,
        "course": 65.38054656982422,
        "synthetic": false
      },
      "geometry": {
        "type": "Point",
        "coordinates": [
          30.41171033449815,
          59.820123024429236
        ]
      }
    },
    {
      "type": "Feature",
      "properties": {
        "monotonic_time": 396488.5926422671,
        "horizontal_accuracy": 3.131241205121451,
        "speed": 11.603183877084822,
        "course": 65.32493591308594,
        "synthetic": false
      },
      "geometry": {
        "type": "Point",
        "coordinates": [
          30.41190559471994,
          59.820163268198776
        ]
      }
    },
    {
      "type": "Feature",
      "properties": {
        "monotonic_time": 396489.5926417273,
        "horizontal_accuracy": 3.1232129571290175,
        "speed": 11.472589173028222,
        "course": 65.88774871826172,
        "synthetic": false
      },
      "geometry": {
        "type": "Point",
        "coordinates": [
          30.4120911954497,
          59.82020700288461
        ]
      }
    },
    {
      "type": "Feature",
      "properties": {
        "monotonic_time": 396490.59264107345,
        "horizontal_accuracy": 3.1527699144343866,
        "speed": 12.121503918073273,
        "course": 65.41948699951172,
        "synthetic": false
      },
      "geometry": {
        "type": "Point",
        "coordinates": [
          30.41229108658156,
          59.820252932476585
        ]
      }
    },
    {
      "type": "Feature",
      "properties": {
        "monotonic_time": 396491.59264280344,
        "horizontal_accuracy": 3.191944464398894,
        "speed": 12.45274982282334,
        "course": 65.41948699951172,
        "synthetic": false
      },
      "geometry": {
        "type": "Point",
        "coordinates": [
          30.412495306918643,
          59.82029961914364
        ]
      }
    },
    {
      "type": "Feature",
      "properties": {
        "monotonic_time": 396492.59264274687,
        "horizontal_accuracy": 3.249735440221932,
        "speed": 12.183518989552,
        "course": 65.38897705078125,
        "synthetic": false
      },
      "geometry": {
        "type": "Point",
        "coordinates": [
          30.41269337802272,
          59.82034668346287
        ]
      }
    },
    {
      "type": "Feature",
      "properties": {
        "monotonic_time": 396493.5926426312,
        "horizontal_accuracy": 3.2257192808865316,
        "speed": 11.240141315080129,
        "course": 65.2898178100586,
        "synthetic": false
      },
      "geometry": {
        "type": "Point",
        "coordinates": [
          30.41288185758321,
          59.82038657061906
        ]
      }
    },
    {
      "type": "Feature",
      "properties": {
        "monotonic_time": 396494.5926427976,
        "horizontal_accuracy": 3.191032677272718,
        "speed": 11.352918819772105,
        "course": 65.2898178100586,
        "synthetic": false
      },
      "geometry": {
        "type": "Point",
        "coordinates": [
          30.41307289158228,
          59.82042951898135
        ]
      }
    },
    {
      "type": "Feature",
      "properties": {
        "monotonic_time": 396495.59264192724,
        "horizontal_accuracy": 3.16657269822549,
        "speed": 11.411642253480926,
        "course": 65.63906860351562,
        "synthetic": false
      },
      "geometry": {
        "type": "Point",
        "coordinates": [
          30.413253069545917,
          59.82047214810504
        ]
      }
    },
    {
      "type": "Feature",
      "properties": {
        "monotonic_time": 396496.5926431406,
        "horizontal_accuracy": 3.1628702261708783,
        "speed": 11.381803974913662,
        "course": 65.40689086914062,
        "synthetic": false
      },
      "geometry": {
        "type": "Point",
        "coordinates": [
          30.413434980086016,
          59.820512094576934
        ]
      }
    },
    {
      "type": "Feature",
      "properties": {
        "monotonic_time": 396497.5926415124,
        "horizontal_accuracy": 3.173675150425414,
        "speed": 11.252335657899394,
        "course": 65.40689086914062,
        "synthetic": false
      },
      "geometry": {
        "type": "Point",
        "coordinates": [
          30.41361244808301,
          59.82055433981847
        ]
      }
    },
    {
      "type": "Feature",
      "properties": {
        "monotonic_time": 396498.5926417787,
        "horizontal_accuracy": 3.164650758427232,
        "speed": 11.485187848023413,
        "course": 65.40689086914062,
        "synthetic": false
      },
      "geometry": {
        "type": "Point",
        "coordinates": [
          30.413795399440808,
          59.820596509156736
        ]
      }
    },
    {
      "type": "Feature",
      "properties": {
        "monotonic_time": 396499.59264194017,
        "horizontal_accuracy": 3.1542364907910194,
        "speed": 11.30907895368426,
        "course": 65.36473846435547,
        "synthetic": false
      },
      "geometry": {
        "type": "Point",
        "coordinates": [
          30.41397825444345,
          59.82063776512326
        ]
      }
    },
    {
      "type": "Feature",
      "properties": {
        "monotonic_time": 396500.5926426124,
        "horizontal_accuracy": 3.2584107180644324,
        "speed": 11.252583616285817,
        "course": 65.36473846435547,
        "synthetic": false
      },
      "geometry": {
        "type": "Point",
        "coordinates": [
          30.414160637358766,
          59.8206769333051
        ]
      }
    },
    {
      "type": "Feature",
      "properties": {
        "monotonic_time": 396501.5926404002,
        "horizontal_accuracy": 3.610919754102607,
        "speed": 11.549103419108649,
        "course": 65.36473846435547,
        "synthetic": false
      },
      "geometry": {
        "type": "Point",
        "coordinates": [
          30.414346981067567,
          59.82071765342986
        ]
      }
    },
    {
      "type": "Feature",
      "properties": {
        "monotonic_time": 396502.59264152247,
        "horizontal_accuracy": 3.206800117166635,
        "speed": 12.065628814552158,
        "course": 65.38331604003906,
        "synthetic": false
      },
      "geometry": {
        "type": "Point",
        "coordinates": [
          30.414539695862878,
          59.8207607824466
        ]
      }
    },
    {
      "type": "Feature",
      "properties": {
        "monotonic_time": 396503.5926429367,
        "horizontal_accuracy": 3.2054059214541364,
        "speed": 12.472217128090078,
        "course": 65.38331604003906,
        "synthetic": false
      },
      "geometry": {
        "type": "Point",
        "coordinates": [
          30.41473393784709,
          59.82080875737757
        ]
      }
    },
    {
      "type": "Feature",
      "properties": {
        "monotonic_time": 396504.59264194214,
        "horizontal_accuracy": 3.1862332371078748,
        "speed": 12.96672815276493,
        "course": 65.427978515625,
        "synthetic": false
      },
      "geometry": {
        "type": "Point",
        "coordinates": [
          30.414949730949747,
          59.82085911506254
        ]
      }
    },
    {
      "type": "Feature",
      "properties": {
        "monotonic_time": 396505.5926410483,
        "horizontal_accuracy": 3.150233983714566,
        "speed": 13.282875418591995,
        "course": 65.427978515625,
        "synthetic": false
      },
      "geometry": {
        "type": "Point",
        "coordinates": [
          30.415163611355418,
          59.820911378997295
        ]
      }
    },
    {
      "type": "Feature",
      "properties": {
        "monotonic_time": 396506.59264225897,
        "horizontal_accuracy": 3.151953153059244,
        "speed": 13.28547829767876,
        "course": 65.45855712890625,
        "synthetic": false
      },
      "geometry": {
        "type": "Point",
        "coordinates": [
          30.415384757607402,
          59.82096247758508
        ]
      }
    },
    {
      "type": "Feature",
      "properties": {
        "monotonic_time": 396507.5926402158,
        "horizontal_accuracy": 3.1705520218141814,
        "speed": 13.343410230164235,
        "course": 65.45855712890625,
        "synthetic": false
      },
      "geometry": {
        "type": "Point",
        "coordinates": [
          30.415604213257858,
          59.82101394081196
        ]
      }
    },
    {
      "type": "Feature",
      "properties": {
        "monotonic_time": 396508.59264199046,
        "horizontal_accuracy": 3.1651119880020118,
        "speed": 13.471363684738227,
        "course": 65.38793182373047,
        "synthetic": false
      },
      "geometry": {
        "type": "Point",
        "coordinates": [
          30.41582324953169,
          59.82106646078664
        ]
      }
    },
    {
      "type": "Feature",
      "properties": {
        "monotonic_time": 396509.5926406116,
        "horizontal_accuracy": 3.1560977867359523,
        "speed": 13.611808596409059,
        "course": 65.38793182373047,
        "synthetic": false
      },
      "geometry": {
        "type": "Point",
        "coordinates": [
          30.416048652566012,
          59.82112001481707
        ]
      }
    },
    {
      "type": "Feature",
      "properties": {
        "monotonic_time": 396510.5926417637,
        "horizontal_accuracy": 3.174489221669557,
        "speed": 13.76409999774452,
        "course": 65.38793182373047,
        "synthetic": false
      },
      "geometry": {
        "type": "Point",
        "coordinates": [
          30.4162746362876,
          59.82117242777712
        ]
      }
    },
    {
      "type": "Feature",
      "properties": {
        "monotonic_time": 396511.59264277265,
        "horizontal_accuracy": 3.2319171372690705,
        "speed": 14.176735131936214,
        "course": 65.38646697998047,
        "synthetic": false
      },
      "geometry": {
        "type": "Point",
        "coordinates": [
          30.416508253593594,
          59.821224625605524
        ]
      }
    },
    {
      "type": "Feature",
      "properties": {
        "monotonic_time": 396512.5926415823,
        "horizontal_accuracy": 3.2934698877757604,
        "speed": 14.567122209794102,
        "course": 65.38646697998047,
        "synthetic": false
      },
      "geometry": {
        "type": "Point",
        "coordinates": [
          30.416750667968316,
          59.82127831006476
        ]
      }
    },
    {
      "type": "Feature",
      "properties": {
        "monotonic_time": 396513.59264142375,
        "horizontal_accuracy": 3.3163440014423005,
        "speed": 14.837927715274084,
        "course": 65.38646697998047,
        "synthetic": false
      },
      "geometry": {
        "type": "Point",
        "coordinates": [
          30.417001714711663,
          59.82133296955854
        ]
      }
    },
    {
      "type": "Feature",
      "properties": {
        "monotonic_time": 396514.5926429375,
        "horizontal_accuracy": 3.317699985377098,
        "speed": 14.871465653066533,
        "course": 65.38646697998047,
        "synthetic": false
      },
      "geometry": {
        "type": "Point",
        "coordinates": [
          30.417245538937454,
          59.82139031617885
        ]
      }
    },
    {
      "type": "Feature",
      "properties": {
        "monotonic_time": 396515.5926413541,
        "horizontal_accuracy": 3.311276484408204,
        "speed": 14.958245373043308,
        "course": 65.38646697998047,
        "synthetic": false
      },
      "geometry": {
        "type": "Point",
        "coordinates": [
          30.417495797507875,
          59.82144732534363
        ]
      }
    },
    {
      "type": "Feature",
      "properties": {
        "monotonic_time": 396516.59264129004,
        "horizontal_accuracy": 3.2943674499777718,
        "speed": 15.126559794383118,
        "course": 65.29193878173828,
        "synthetic": false
      },
      "geometry": {
        "type": "Point",
        "coordinates": [
          30.417751530595268,
          59.82150268223984
        ]
      }
    },
    {
      "type": "Feature",
      "properties": {
        "monotonic_time": 396517.5926415743,
        "horizontal_accuracy": 3.242412231558026,
        "speed": 15.270869784549856,
        "course": 65.29193878173828,
        "synthetic": false
      },
      "geometry": {
        "type": "Point",
        "coordinates": [
          30.418005592694172,
          59.82156253423291
        ]
      }
    },
    {
      "type": "Feature",
      "properties": {
        "monotonic_time": 396518.5926401778,
        "horizontal_accuracy": 3.2084025948505888,
        "speed": 15.405311368800628,
        "course": 65.58588409423828,
        "synthetic": false
      },
      "geometry": {
        "type": "Point",
        "coordinates": [
          30.418262081141048,
          59.82161898847649
        ]
      }
    },
    {
      "type": "Feature",
      "properties": {
        "monotonic_time": 396519.5926392882,
        "horizontal_accuracy": 3.17253285115336,
        "speed": 14.940393128874677,
        "course": 65.32455444335938,
        "synthetic": false
      },
      "geometry": {
        "type": "Point",
        "coordinates": [
          30.41851194733523,
          59.82167743257069
        ]
      }
    },
    {
      "type": "Feature",
      "properties": {
        "monotonic_time": 396520.59264026274,
        "horizontal_accuracy": 3.1418607448084255,
        "speed": 14.434225661201582,
        "course": 65.34026336669922,
        "synthetic": false
      },
      "geometry": {
        "type": "Point",
        "coordinates": [
          30.41875921980692,
          59.821734231566126
        ]
      }
    },
    {
      "type": "Feature",
      "properties": {
        "monotonic_time": 396521.5926409999,
        "horizontal_accuracy": 3.1496435553866347,
        "speed": 13.422014877128968,
        "course": 65.93146514892578,
        "synthetic": false
      },
      "geometry": {
        "type": "Point",
        "coordinates": [
          30.418985881430864,
          59.82178619146837
        ]
      }
    },
    {
      "type": "Feature",
      "properties": {
        "monotonic_time": 396522.5926408019,
        "horizontal_accuracy": 3.131283845774,
        "speed": 12.01931738233236,
        "course": 65.34516143798828,
        "synthetic": false
      },
      "geometry": {
        "type": "Point",
        "coordinates": [
          30.419181386971673,
          59.82183208982691
        ]
      }
    },
    {
      "type": "Feature",
      "properties": {
        "monotonic_time": 396523.59264095454,
        "horizontal_accuracy": 3.138408596974732,
        "speed": 11.660282032586068,
        "course": 65.34516143798828,
        "synthetic": false
      },
      "geometry": {
        "type": "Point",
        "coordinates": [
          30.41937176538536,
          59.82187749006662
        ]
      }
    },
    {
      "type": "Feature",
      "properties": {
        "monotonic_time": 396524.5926407307,
        "horizontal_accuracy": 3.232003791819954,
        "speed": 12.046604542416729,
        "course": 65.22212982177734,
        "synthetic": false
      },
      "geometry": {
        "type": "Point",
        "coordinates": [
          30.41956906029805,
          59.82192338075566
        ]
      }
    },
    {
      "type": "Feature",
      "properties": {
        "monotonic_time": 396525.5926412253,
        "horizontal_accuracy": 3.1586059986649104,
        "speed": 12.00517558098878,
        "course": 65.36051177978516,
        "synthetic": false
      },
      "geometry": {
        "type": "Point",
        "coordinates": [
          30.41976589246188,
          59.821965541272625
        ]
      }
    },
    {
      "type": "Feature",
      "properties": {
        "monotonic_time": 396526.59264111286,
        "horizontal_accuracy": 3.162776401698896,
        "speed": 11.416971401666661,
        "course": 65.36051177978516,
        "synthetic": false
      },
      "geometry": {
        "type": "Point",
        "coordinates": [
          30.41995104455849,
          59.82200863228433
        ]
      }
    },
    {
      "type": "Feature",
      "properties": {
        "monotonic_time": 396527.5926409875,
        "horizontal_accuracy": 3.122499175117969,
        "speed": 11.153664977312516,
        "course": 65.2641830444336,
        "synthetic": false
      },
      "geometry": {
        "type": "Point",
        "coordinates": [
          30.42013585816424,
          59.822050540976505
        ]
      }
    },
    {
      "type": "Feature",
      "properties": {
        "monotonic_time": 396528.5926415572,
        "horizontal_accuracy": 3.100841241557449,
        "speed": 11.11703982978992,
        "course": 65.2641830444336,
        "synthetic": false
      },
      "geometry": {
        "type": "Point",
        "coordinates": [
          30.420316920331143,
          59.82209032228354
        ]
      }
    },
    {
      "type": "Feature",
      "properties": {
        "monotonic_time": 396529.59264153626,
        "horizontal_accuracy": 3.133524171562735,
        "speed": 10.989699497105528,
        "course": 65.2641830444336,
        "synthetic": false
      },
      "geometry": {
        "type": "Point",
        "coordinates": [
          30.42049325516425,
          59.82212455918096
        ]
      }
    },
    {
      "type": "Feature",
      "properties": {
        "monotonic_time": 396530.5926411875,
        "horizontal_accuracy": 3.1864634592036487,
        "speed": 11.076813303591688,
        "course": 65.04290771484375,
        "synthetic": false
      },
      "geometry": {
        "type": "Point",
        "coordinates": [
          30.420673533318677,
          59.82216223026064
        ]
      }
    },
    {
      "type": "Feature",
      "properties": {
        "monotonic_time": 396531.59264042164,
        "horizontal_accuracy": 3.198700486878037,
        "speed": 11.15934490698052,
        "course": 65.04290771484375,
        "synthetic": false
      },
      "geometry": {
        "type": "Point",
        "coordinates": [
          30.420851625665488,
          59.82220234850304
        ]
      }
    },
    {
      "type": "Feature",
      "properties": {
        "monotonic_time": 396532.59264103754,
        "horizontal_accuracy": 3.187940370718926,
        "speed": 11.323124996959335,
        "course": 65.5155029296875,
        "synthetic": false
      },
      "geometry": {
        "type": "Point",
        "coordinates": [
          30.42103984034727,
          59.82224306105984
        ]
      }
    },
    {
      "type": "Feature",
      "properties": {
        "monotonic_time": 396533.59264094307,
        "horizontal_accuracy": 3.530371844190495,
        "speed": 11.725313798045407,
        "course": 65.13529968261719,
        "synthetic": false
      },
      "geometry": {
        "type": "Point",
        "coordinates": [
          30.42122851883931,
          59.82228284420801
        ]
      }
    },
    {
      "type": "Feature",
      "properties": {
        "monotonic_time": 396534.5926421298,
        "horizontal_accuracy": 3.2339235721777575,
        "speed": 12.122984030745222,
        "course": 65.30640411376953,
        "synthetic": false
      },
      "geometry": {
        "type": "Point",
        "coordinates": [
          30.42142031400175,
          59.82232487315636
        ]
      }
    },
    {
      "type": "Feature",
      "properties": {
        "monotonic_time": 396535.59264072764,
        "horizontal_accuracy": 3.195275006356187,
        "speed": 12.837060230395721,
        "course": 65.10211944580078,
        "synthetic": false
      },
      "geometry": {
        "type": "Point",
        "coordinates": [
          30.421629905007713,
          59.82237170941022
        ]
      }
    },
    {
      "type": "Feature",
      "properties": {
        "monotonic_time": 396536.5926409332,
        "horizontal_accuracy": 3.143967849416485,
        "speed": 13.62490078938263,
        "course": 65.10211944580078,
        "synthetic": false
      },
      "geometry": {
        "type": "Point",
        "coordinates": [
          30.421844203213315,
          59.82242145160787
        ]
      }
    },
    {
      "type": "Feature",
      "properties": {
        "monotonic_time": 396537.5926412831,
        "horizontal_accuracy": 3.1459726376110564,
        "speed": 14.415677020560516,
        "course": 65.10211944580078,
        "synthetic": false
      },
      "geometry": {
        "type": "Point",
        "coordinates": [
          30.422077986619186,
          59.82247261908662
        ]
      }
    },
    {
      "type": "Feature",
      "properties": {
        "monotonic_time": 396538.5926405654,
        "horizontal_accuracy": 3.1527119721300907,
        "speed": 15.206545101354088,
        "course": 65.10211944580078,
        "synthetic": false
      },
      "geometry": {
        "type": "Point",
        "coordinates": [
          30.422320913082114,
          59.82253139310306
        ]
      }
    },
    {
      "type": "Feature",
      "properties": {
        "monotonic_time": 396539.5926408598,
        "horizontal_accuracy": 3.177324503804548,
        "speed": 15.756287935085705,
        "course": 65.19054412841797,
        "synthetic": false
      },
      "geometry": {
        "type": "Point",
        "coordinates": [
          30.422576276429275,
          59.82259405500582
        ]
      }
    },
    {
      "type": "Feature",
      "properties": {
        "monotonic_time": 396540.59264083515,
        "horizontal_accuracy": 3.1753953233265335,
        "speed": 16.176421311933748,
        "course": 65.19054412841797,
        "synthetic": false
      },
      "geometry": {
        "type": "Point",
        "coordinates": [
          30.42283568066632,
          59.82266203329942
        ]
      }
    },
    {
      "type": "Feature",
      "properties": {
        "monotonic_time": 396541.5926413422,
        "horizontal_accuracy": 3.18463345893675,
        "speed": 16.806368097315374,
        "course": 65.19054412841797,
        "synthetic": false
      },
      "geometry": {
        "type": "Point",
        "coordinates": [
          30.423109319451758,
          59.82272713490876
        ]
      }
    },
    {
      "type": "Feature",
      "properties": {
        "monotonic_time": 396542.59264063044,
        "horizontal_accuracy": 3.1984294079025806,
        "speed": 17.22254418472045,
        "course": 65.12247467041016,
        "synthetic": false
      },
      "geometry": {
        "type": "Point",
        "coordinates": [
          30.423395144116537,
          59.82278888989801
        ]
      }
    },
    {
      "type": "Feature",
      "properties": {
        "monotonic_time": 396543.5926413373,
        "horizontal_accuracy": 3.2105113701610066,
        "speed": 17.589099043465577,
        "course": 65.12247467041016,
        "synthetic": false
      },
      "geometry": {
        "type": "Point",
        "coordinates": [
          30.423682980905195,
          59.822855324493275
        ]
      }
    },
    {
      "type": "Feature",
      "properties": {
        "monotonic_time": 396544.59264070174,
        "horizontal_accuracy": 3.532510655511953,
        "speed": 18.034412036847957,
        "course": 65.12247467041016,
        "synthetic": false
      },
      "geometry": {
        "type": "Point",
        "coordinates": [
          30.42397524908506,
          59.822926312873605
        ]
      }
    },
    {
      "type": "Feature",
      "properties": {
        "monotonic_time": 396545.5926410784,
        "horizontal_accuracy": 3.2397263236613516,
        "speed": 18.541347135218214,
        "course": 65.14444732666016,
        "synthetic": false
      },
      "geometry": {
        "type": "Point",
        "coordinates": [
          30.424280623817705,
          59.8229984521436
        ]
      }
    },
    {
      "type": "Feature",
      "properties": {
        "monotonic_time": 396546.5926410924,
        "horizontal_accuracy": 3.2749493047092373,
        "speed": 18.941003765624448,
        "course": 65.14444732666016,
        "synthetic": false
      },
      "geometry": {
        "type": "Point",
        "coordinates": [
          30.424588052114053,
          59.82307079372777
        ]
      }
    },
    {
      "type": "Feature",
      "properties": {
        "monotonic_time": 396547.59264103,
        "horizontal_accuracy": 3.3149205413930622,
        "speed": 19.143732306103473,
        "course": 65.14444732666016,
        "synthetic": false
      },
      "geometry": {
        "type": "Point",
        "coordinates": [
          30.424905300478244,
          59.82314086392829
        ]
      }
    },
    {
      "type": "Feature",
      "properties": {
        "monotonic_time": 396548.592639825,
        "horizontal_accuracy": 3.7972164726797772,
        "speed": 19.295620875607348,
        "course": 65.88743591308594,
        "synthetic": false
      },
      "geometry": {
        "type": "Point",
        "coordinates": [
          30.425228194404028,
          59.82321121548508
        ]
      }
    },
    {
      "type": "Feature",
      "properties": {
        "monotonic_time": 396549.5926407986,
        "horizontal_accuracy": 3.3782665869148327,
        "speed": 19.39076762955426,
        "course": 65.88743591308594,
        "synthetic": false
      },
      "geometry": {
        "type": "Point",
        "coordinates": [
          30.425549387715805,
          59.823284195445545
        ]
      }
    },
    {
      "type": "Feature",
      "properties": {
        "monotonic_time": 396550.59264125157,
        "horizontal_accuracy": 3.4042169888412,
        "speed": 19.558030158023758,
        "course": 65.88743591308594,
        "synthetic": false
      },
      "geometry": {
        "type": "Point",
        "coordinates": [
          30.425877792678413,
          59.82335827911309
        ]
      }
    },
    {
      "type": "Feature",
      "properties": {
        "monotonic_time": 396551.59263982106,
        "horizontal_accuracy": 3.41883649508349,
        "speed": 19.6912600034353,
        "course": 65.99544525146484,
        "synthetic": false
      },
      "geometry": {
        "type": "Point",
        "coordinates": [
          30.42620990039056,
          59.82343404798131
        ]
      }
    },
    {
      "type": "Feature",
      "properties": {
        "monotonic_time": 396552.5926405158,
        "horizontal_accuracy": 3.7747367939749497,
        "speed": 19.84027792882347,
        "course": 65.90011596679688,
        "synthetic": false
      },
      "geometry": {
        "type": "Point",
        "coordinates": [
          30.42654214133881,
          59.82350951930689
        ]
      }
    },
    {
      "type": "Feature",
      "properties": {
        "monotonic_time": 396553.59264091565,
        "horizontal_accuracy": 4.724693078301032,
        "speed": 19.979554132464543,
        "course": 66.78578186035156,
        "synthetic": false
      },
      "geometry": {
        "type": "Point",
        "coordinates": [
          30.42687782121249,
          59.823585511282886
        ]
      }
    },
    {
      "type": "Feature",
      "properties": {
        "monotonic_time": 396554.59264116944,
        "horizontal_accuracy": 3.8826193666867295,
        "speed": 20.13157886203999,
        "course": 65.3856530399203,
        "synthetic": false
      },
      "geometry": {
        "type": "Point",
        "coordinates": [
          30.42721581477789,
          59.82366020304708
        ]
      }
    },
    {
      "type": "Feature",
      "properties": {
        "monotonic_time": 396555.5926410555,
        "horizontal_accuracy": 3.5461125234258857,
        "speed": 20.25390285492645,
        "course": 65.62779078861145,
        "synthetic": false
      },
      "geometry": {
        "type": "Point",
        "coordinates": [
          30.427553891697297,
          59.82373590549387
        ]
      }
    },
    {
      "type": "Feature",
      "properties": {
        "monotonic_time": 396556.5926406945,
        "horizontal_accuracy": 3.552819474435174,
        "speed": 20.46680254996838,
        "course": 65.87851025712833,
        "synthetic": false
      },
      "geometry": {
        "type": "Point",
        "coordinates": [
          30.42790136991212,
          59.82381187967766
        ]
      }
    },
    {
      "type": "Feature",
      "properties": {
        "monotonic_time": 396557.5926398985,
        "horizontal_accuracy": 3.574167908093028,
        "speed": 20.60398458376915,
        "course": 66.39757083816494,
        "synthetic": false
      },
      "geometry": {
        "type": "Point",
        "coordinates": [
          30.42824879956234,
          59.823888442811466
        ]
      }
    },
    {
      "type": "Feature",
      "properties": {
        "monotonic_time": 396558.5926403216,
        "horizontal_accuracy": 3.565330156753413,
        "speed": 20.779798524269538,
        "course": 67.01628354978503,
        "synthetic": false
      },
      "geometry": {
        "type": "Point",
        "coordinates": [
          30.428601493075302,
          59.82396578434469
        ]
      }
    },
    {
      "type": "Feature",
      "properties": {
        "monotonic_time": 396559.59264020296,
        "horizontal_accuracy": 3.585823979937928,
        "speed": 20.88910732962703,
        "course": 65.56623077392578,
        "synthetic": false
      },
      "geometry": {
        "type": "Point",
        "coordinates": [
          30.42895284261334,
          59.824043385739685
        ]
      }
    },
    {
      "type": "Feature",
      "properties": {
        "monotonic_time": 396560.5926398573,
        "horizontal_accuracy": 3.550052530920984,
        "speed": 21.06436266769035,
        "course": 65.01876068115234,
        "synthetic": false
      },
      "geometry": {
        "type": "Point",
        "coordinates": [
          30.42931187276505,
          59.82412168120464
        ]
      }
    },
    {
      "type": "Feature",
      "properties": {
        "monotonic_time": 396561.59264065605,
        "horizontal_accuracy": 3.5082061826989386,
        "speed": 20.865595776081353,
        "course": 65.50853729248047,
        "synthetic": false
      },
      "geometry": {
        "type": "Point",
        "coordinates": [
          30.429665572254553,
          59.824204662175276
        ]
      }
    },
    {
      "type": "Feature",
      "properties": {
        "monotonic_time": 396562.592640088,
        "horizontal_accuracy": 3.6458671119532915,
        "speed": 20.64883743355774,
        "course": 65.58261108398438,
        "synthetic": false
      },
      "geometry": {
        "type": "Point",
        "coordinates": [
          30.430013147744376,
          59.82428383570308
        ]
      }
    },
    {
      "type": "Feature",
      "properties": {
        "monotonic_time": 396563.59263988276,
        "horizontal_accuracy": 3.467229140245549,
        "speed": 20.53621703719061,
        "course": 65.50599670410156,
        "synthetic": false
      },
      "geometry": {
        "type": "Point",
        "coordinates": [
          30.430357703257773,
          59.82436261368087
        ]
      }
    },
    {
      "type": "Feature",
      "properties": {
        "monotonic_time": 396564.592639066,
        "horizontal_accuracy": 3.438471077340967,
        "speed": 20.539437366331146,
        "course": 65.4500503540039,
        "synthetic": false
      },
      "geometry": {
        "type": "Point",
        "coordinates": [
          30.430709167097955,
          59.82443983895887
        ]
      }
    },
    {
      "type": "Feature",
      "properties": {
        "monotonic_time": 396565.59263998363,
        "horizontal_accuracy": 3.434973072142874,
        "speed": 20.633190520425753,
        "course": 65.70692443847656,
        "synthetic": false
      },
      "geometry": {
        "type": "Point",
        "coordinates": [
          30.43105309797102,
          59.82451774571848
        ]
      }
    },
    {
      "type": "Feature",
      "properties": {
        "monotonic_time": 396566.5926405267,
        "horizontal_accuracy": 3.44050937993699,
        "speed": 20.640653834116815,
        "course": 63.801509857177734,
        "synthetic": false
      },
      "geometry": {
        "type": "Point",
        "coordinates": [
          30.431391856026217,
          59.824596357776585
        ]
      }
    },
    {
      "type": "Feature",
      "properties": {
        "monotonic_time": 396567.59263956774,
        "horizontal_accuracy": 3.4588765052998407,
        "speed": 20.619912892253883,
        "course": 63.76600646972656,
        "synthetic": false
      },
      "geometry": {
        "type": "Point",
        "coordinates": [
          30.431727391341383,
          59.82468126174398
        ]
      }
    },
    {
      "type": "Feature",
      "properties": {
        "monotonic_time": 396568.59263996145,
        "horizontal_accuracy": 3.5244153100846143,
        "speed": 20.737124991920098,
        "course": 63.76600646972656,
        "synthetic": false
      },
      "geometry": {
        "type": "Point",
        "coordinates": [
          30.432073528808175,
          59.82476763693229
        ]
      }
    },
    {
      "type": "Feature",
      "properties": {
        "monotonic_time": 396569.59264012816,
        "horizontal_accuracy": 4.306907099370786,
        "speed": 20.859938691346745,
        "course": 58.775421142578125,
        "synthetic": false
      },
      "geometry": {
        "type": "Point",
        "coordinates": [
          30.432407710291322,
          59.82486101893983
        ]
      }
    },
    {
      "type": "Feature",
      "properties": {
        "monotonic_time": 396570.5926403221,
        "horizontal_accuracy": 3.576083853436835,
        "speed": 20.845724248058023,
        "course": 58.61237716674805,
        "synthetic": false
      },
      "geometry": {
        "type": "Point",
        "coordinates": [
          30.432734868363422,
          59.82495320593789
        ]
      }
    },
    {
      "type": "Feature",
      "properties": {
        "monotonic_time": 396571.5926405148,
        "horizontal_accuracy": 3.6488768685643866,
        "speed": 21.151858198482557,
        "course": 54.007869720458984,
        "synthetic": false
      },
      "geometry": {
        "type": "Point",
        "coordinates": [
          30.43306474470345,
          59.82505351376202
        ]
      }
    },
    {
      "type": "Feature",
      "properties": {
        "monotonic_time": 396572.5926403594,
        "horizontal_accuracy": 3.6577410594484827,
        "speed": 21.56558853242419,
        "course": 54.00316619873047,
        "synthetic": false
      },
      "geometry": {
        "type": "Point",
        "coordinates": [
          30.433399475078055,
          59.82515458235701
        ]
      }
    },
    {
      "type": "Feature",
      "properties": {
        "monotonic_time": 396573.5926400106,
        "horizontal_accuracy": 3.655425971152139,
        "speed": 21.67589068680101,
        "course": 54.54716873168945,
        "synthetic": false
      },
      "geometry": {
        "type": "Point",
        "coordinates": [
          30.433720721489088,
          59.825256118306775
        ]
      }
    },
    {
      "type": "Feature",
      "properties": {
        "monotonic_time": 396574.59264038655,
        "horizontal_accuracy": 3.6428621487950714,
        "speed": 21.86305685495143,
        "course": 54.756099700927734,
        "synthetic": false
      },
      "geometry": {
        "type": "Point",
        "coordinates": [
          30.434038761800046,
          59.82536935825384
        ]
      }
    },
    {
      "type": "Feature",
      "properties": {
        "monotonic_time": 396575.5926392951,
        "horizontal_accuracy": 3.607498011537534,
        "speed": 21.981587380056016,
        "course": 53.877315521240234,
        "synthetic": false
      },
      "geometry": {
        "type": "Point",
        "coordinates": [
          30.43434385949225,
          59.82548894339571
        ]
      }
    },
    {
      "type": "Feature",
      "properties": {
        "monotonic_time": 396576.5926404546,
        "horizontal_accuracy": 3.553251022969645,
        "speed": 22.003120336584054,
        "course": 53.955047607421875,
        "synthetic": false
      },
      "geometry": {
        "type": "Point",
        "coordinates": [
          30.43465342999949,
          59.825606831185056
        ]
      }
    },
    {
      "type": "Feature",
      "properties": {
        "monotonic_time": 396577.5926400589,
        "horizontal_accuracy": 3.578798603555741,
        "speed": 21.999751112834744,
        "course": 53.819698333740234,
        "synthetic": false
      },
      "geometry": {
        "type": "Point",
        "coordinates": [
          30.434953951414222,
          59.82573288193163
        ]
      }
    },
    {
      "type": "Feature",
      "properties": {
        "monotonic_time": 396578.59263888065,
        "horizontal_accuracy": 3.73908190294997,
        "speed": 21.87935466018649,
        "course": 48.15092468261719,
        "synthetic": false
      },
      "geometry": {
        "type": "Point",
        "coordinates": [
          30.435257812910173,
          59.82585619273812
        ]
      }
    },
    {
      "type": "Feature",
      "properties": {
        "monotonic_time": 396579.59263947216,
        "horizontal_accuracy": 3.476407967385262,
        "speed": 22.030861015242966,
        "course": 48.001407623291016,
        "synthetic": false
      },
      "geometry": {
        "type": "Point",
        "coordinates": [
          30.435554858415003,
          59.82598493895681
        ]
      }
    },
    {
      "type": "Feature",
      "properties": {
        "monotonic_time": 396580.5926401808,
        "horizontal_accuracy": 3.6008382792401226,
        "speed": 22.353789397645162,
        "course": 48.001407623291016,
        "synthetic": false
      },
      "geometry": {
        "type": "Point",
        "coordinates": [
          30.435851602549057,
          59.82611999873089
        ]
      }
    },
    {
      "type": "Feature",
      "properties": {
        "monotonic_time": 396581.59264031315,
        "horizontal_accuracy": 3.5346522460150562,
        "speed": 22.40236979395479,
        "course": 48.001407623291016,
        "synthetic": false
      },
      "geometry": {
        "type": "Point",
        "coordinates": [
          30.436140295540888,
          59.82626088666332
        ]
      }
    },
    {
      "type": "Feature",
      "properties": {
        "monotonic_time": 396582.5926392766,
        "horizontal_accuracy": 3.545674273073415,
        "speed": 22.350446453817742,
        "course": 48.001407623291016,
        "synthetic": false
      },
      "geometry": {
        "type": "Point",
        "coordinates": [
          30.436420793024162,
          59.82640097007967
        ]
      }
    },
    {
      "type": "Feature",
      "properties": {
        "monotonic_time": 396583.59263921366,
        "horizontal_accuracy": 3.575306262738765,
        "speed": 22.3208511054035,
        "course": 41.36865234375,
        "synthetic": false
      },
      "geometry": {
        "type": "Point",
        "coordinates": [
          30.43669744863947,
          59.82654560297588
        ]
      }
    },
    {
      "type": "Feature",
      "properties": {
        "monotonic_time": 396584.59263912996,
        "horizontal_accuracy": 3.637323474794773,
        "speed": 22.164453007763097,
        "course": 41.505184173583984,
        "synthetic": false
      },
      "geometry": {
        "type": "Point",
        "coordinates": [
          30.436959149937838,
          59.826690171893624
        ]
      }
    },
    {
      "type": "Feature",
      "properties": {
        "monotonic_time": 396585.59263996716,
        "horizontal_accuracy": 3.719480649266804,
        "speed": 22.18901992880562,
        "course": 41.505184173583984,
        "synthetic": false
      },
      "geometry": {
        "type": "Point",
        "coordinates": [
          30.437220914589847,
          59.826839794049825
        ]
      }
    },
    {
      "type": "Feature",
      "properties": {
        "monotonic_time": 396586.5926404009,
        "horizontal_accuracy": 3.7785726915587943,
        "speed": 22.157828308865685,
        "course": 37.384456634521484,
        "synthetic": false
      },
      "geometry": {
        "type": "Point",
        "coordinates": [
          30.43747953405108,
          59.82699160911779
        ]
      }
    },
    {
      "type": "Feature",
      "properties": {
        "monotonic_time": 396587.5926396155,
        "horizontal_accuracy": 3.8628358265529603,
        "speed": 22.16967617569433,
        "course": 37.481143951416016,
        "synthetic": false
      },
      "geometry": {
        "type": "Point",
        "coordinates": [
          30.43773369583341,
          59.82714531488785
        ]
      }
    },
    {
      "type": "Feature",
      "properties": {
        "monotonic_time": 396588.5926389531,
        "horizontal_accuracy": 3.960813352125118,
        "speed": 22.233124309980973,
        "course": 37.481143951416016,
        "synthetic": false
      },
      "geometry": {
        "type": "Point",
        "coordinates": [
          30.43797653427805,
          59.82730292483566
        ]
      }
    },
    {
      "type": "Feature",
      "properties": {
        "monotonic_time": 396589.5926393217,
        "horizontal_accuracy": 3.990117003000461,
        "speed": 22.325684522655525,
        "course": 34.37295150756836,
        "synthetic": false
      },
      "geometry": {
        "type": "Point",
        "coordinates": [
          30.43821596118382,
          59.82746712402081
        ]
      }
    },
    {
      "type": "Feature",
      "properties": {
        "monotonic_time": 396590.592638156,
        "horizontal_accuracy": 5.041482083359686,
        "speed": 22.356254654786316,
        "course": 34.37295150756836,
        "synthetic": false
      },
      "geometry": {
        "type": "Point",
        "coordinates": [
          30.43845316729428,
          59.82763419387266
        ]
      }
    },
    {
      "type": "Feature",
      "properties": {
        "monotonic_time": 396591.59263888747,
        "horizontal_accuracy": 4.285651882836354,
        "speed": 22.32996503490358,
        "course": 34.31304168701172,
        "synthetic": false
      },
      "geometry": {
        "type": "Point",
        "coordinates": [
          30.43868224318619,
          59.827797529944796
        ]
      }
    },
    {
      "type": "Feature",
      "properties": {
        "monotonic_time": 396592.5926401228,
        "horizontal_accuracy": 4.50495203528601,
        "speed": 22.33000667429702,
        "course": 34.31304168701172,
        "synthetic": false
      },
      "geometry": {
        "type": "Point",
        "coordinates": [
          30.43890645143189,
          59.82796141296742
        ]
      }
    },
    {
      "type": "Feature",
      "properties": {
        "monotonic_time": 396593.5926390756,
        "horizontal_accuracy": 4.622082685816411,
        "speed": 22.083021800405774,
        "course": 34.50204086303711,
        "synthetic": false
      },
      "geometry": {
        "type": "Point",
        "coordinates": [
          30.439138324985056,
          59.82812820240486
        ]
      }
    },
    {
      "type": "Feature",
      "properties": {
        "monotonic_time": 396594.59263961023,
        "horizontal_accuracy": 4.825188776077402,
        "speed": 21.57791161980355,
        "course": 34.37028503417969,
        "synthetic": false
      },
      "geometry": {
        "type": "Point",
        "coordinates": [
          30.43936299403949,
          59.82828853282891
        ]
      }
    },
    {
      "type": "Feature",
      "properties": {
        "monotonic_time": 396595.5926398941,
        "horizontal_accuracy": 4.930277667265062,
        "speed": 21.327665852019916,
        "course": 34.36639404296875,
        "synthetic": false
      },
      "geometry": {
        "type": "Point",
        "coordinates": [
          30.439586862761224,
          59.82845296645849
        ]
      }
    },
    {
      "type": "Feature",
      "properties": {
        "monotonic_time": 396596.5926387872,
        "horizontal_accuracy": 4.994879938957073,
        "speed": 21.432052759323724,
        "course": 34.36639404296875,
        "synthetic": false
      },
      "geometry": {
        "type": "Point",
        "coordinates": [
          30.439805150221442,
          59.8286122174482
        ]
      }
    },
    {
      "type": "Feature",
      "properties": {
        "monotonic_time": 396597.59264003206,
        "horizontal_accuracy": 4.591069014070125,
        "speed": 21.3663513863939,
        "course": 34.378814697265625,
        "synthetic": false
      },
      "geometry": {
        "type": "Point",
        "coordinates": [
          30.4400324192614,
          59.82877643249478
        ]
      }
    },
    {
      "type": "Feature",
      "properties": {
        "monotonic_time": 396598.5926391116,
        "horizontal_accuracy": 5.2322795862981994,
        "speed": 21.20534689877173,
        "course": 34.378814697265625,
        "synthetic": false
      },
      "geometry": {
        "type": "Point",
        "coordinates": [
          30.440251157711163,
          59.828938542175564
        ]
      }
    },
    {
      "type": "Feature",
      "properties": {
        "monotonic_time": 396599.5926387743,
        "horizontal_accuracy": 5.129058229114463,
        "speed": 21.098385442985975,
        "course": 34.378814697265625,
        "synthetic": false
      },
      "geometry": {
        "type": "Point",
        "coordinates": [
          30.440471139890548,
          59.82910060237132
        ]
      }
    },
    {
      "type": "Feature",
      "properties": {
        "monotonic_time": 396600.5926403529,
        "horizontal_accuracy": 4.8375499027893,
        "speed": 21.012260178987166,
        "course": 34.378814697265625,
        "synthetic": false
      },
      "geometry": {
        "type": "Point",
        "coordinates": [
          30.440685299200002,
          59.82925717673968
        ]
      }
    },
    {
      "type": "Feature",
      "properties": {
        "monotonic_time": 396601.59263878094,
        "horizontal_accuracy": 5.18457390131608,
        "speed": 21.055452914972136,
        "course": 34.378814697265625,
        "synthetic": false
      },
      "geometry": {
        "type": "Point",
        "coordinates": [
          30.440903205250066,
          59.829418070546964
        ]
      }
    },
    {
      "type": "Feature",
      "properties": {
        "monotonic_time": 396602.59263805085,
        "horizontal_accuracy": 4.863489004156303,
        "speed": 20.99947539268157,
        "course": 34.349369049072266,
        "synthetic": false
      },
      "geometry": {
        "type": "Point",
        "coordinates": [
          30.441123232223088,
          59.82957685415359
        ]
      }
    },
    {
      "type": "Feature",
      "properties": {
        "monotonic_time": 396603.5926386815,
        "horizontal_accuracy": 5.000221061995645,
        "speed": 20.981272124913563,
        "course": 34.349369049072266,
        "synthetic": false
      },
      "geometry": {
        "type": "Point",
        "coordinates": [
          30.441345615239154,
          59.829732589786175
        ]
      }
    },
    {
      "type": "Feature",
      "properties": {
        "monotonic_time": 396604.5926352223,
        "horizontal_accuracy": 5.4518341544837625,
        "speed": 20.99615217403803,
        "course": 34.349369049072266,
        "synthetic": false
      },
      "geometry": {
        "type": "Point",
        "coordinates": [
          30.441564244054543,
          59.82988692552723
        ]
      }
    },
    {
      "type": "Feature",
      "properties": {
        "monotonic_time": 396605.5926361184,
        "horizontal_accuracy": 5.349164720562926,
        "speed": 21.28266326401012,
        "course": 34.349369049072266,
        "synthetic": false
      },
      "geometry": {
        "type": "Point",
        "coordinates": [
          30.44178312839134,
          59.83004651078217
        ]
      }
    },
    {
      "type": "Feature",
      "properties": {
        "monotonic_time": 396606.5926389783,
        "horizontal_accuracy": 5.55022030391623,
        "speed": 21.45759797985131,
        "course": 35.47777557373047,
        "synthetic": false
      },
      "geometry": {
        "type": "Point",
        "coordinates": [
          30.442000082558557,
          59.83020788569575
        ]
      }
    },
    {
      "type": "Feature",
      "properties": {
        "monotonic_time": 396607.59263867565,
        "horizontal_accuracy": 5.759171983046989,
        "speed": 21.71081835322811,
        "course": 35.47777557373047,
        "synthetic": false
      },
      "geometry": {
        "type": "Point",
        "coordinates": [
          30.442222830154883,
          59.830370839189285
        ]
      }
    },
    {
      "type": "Feature",
      "properties": {
        "monotonic_time": 396608.5926367757,
        "horizontal_accuracy": 5.9885313982324755,
        "speed": 22.013594531602013,
        "course": 35.432403564453125,
        "synthetic": false
      },
      "geometry": {
        "type": "Point",
        "coordinates": [
          30.44244152923632,
          59.83053421858843
        ]
      }
    },
    {
      "type": "Feature",
      "properties": {
        "monotonic_time": 396609.5926379817,
        "horizontal_accuracy": 6.289412714710311,
        "speed": 22.115316320986775,
        "course": 34.251258850097656,
        "synthetic": false
      },
      "geometry": {
        "type": "Point",
        "coordinates": [
          30.442653948920228,
          59.83069704811434
        ]
      }
    },
    {
      "type": "Feature",
      "properties": {
        "monotonic_time": 396610.5926383371,
        "horizontal_accuracy": 6.6265857492310305,
        "speed": 22.372005455720796,
        "course": 34.01716613769531,
        "synthetic": false
      },
      "geometry": {
        "type": "Point",
        "coordinates": [
          30.442873520620136,
          59.83086648281364
        ]
      }
    },
    {
      "type": "Feature",
      "properties": {
        "monotonic_time": 396611.5926365845,
        "horizontal_accuracy": 6.964853902452749,
        "speed": 22.345643804081487,
        "course": 34.17892074584961,
        "synthetic": false
      },
      "geometry": {
        "type": "Point",
        "coordinates": [
          30.44310062601393,
          59.831030562062494
        ]
      }
    },
    {
      "type": "Feature",
      "properties": {
        "monotonic_time": 396612.5926386357,
        "horizontal_accuracy": 7.394451893652277,
        "speed": 22.642883520728248,
        "course": 34.11684799194336,
        "synthetic": false
      },
      "geometry": {
        "type": "Point",
        "coordinates": [
          30.44333524964234,
          59.83119536220855
        ]
      }
    },
    {
      "type": "Feature",
      "properties": {
        "monotonic_time": 396613.59263847873,
        "horizontal_accuracy": 8.496031299027733,
        "speed": 22.860506244605933,
        "course": 34.49869918823242,
        "synthetic": false
      },
      "geometry": {
        "type": "Point",
        "coordinates": [
          30.443570168868856,
          59.83136555285213
        ]
      }
    },
    {
      "type": "Feature",
      "properties": {
        "monotonic_time": 396627.7162558089,
        "horizontal_accuracy": 17.65241257152885,
        "speed": 23.620678913258864,
        "course": 34.54258346557617,
        "synthetic": false
      },
      "geometry": {
        "type": "Point",
        "coordinates": [
          30.446892166952157,
          59.833822905190154
        ]
      }
    },
    {
      "type": "Feature",
      "properties": {
        "monotonic_time": 396677.825656135,
        "horizontal_accuracy": 658.8566511350767,
        "speed": -1,
        "course": 28.069639111218713,
        "synthetic": false
      },
      "geometry": {
        "type": "Point",
        "coordinates": [
          30.453322087578986,
          59.83882737836442
        ]
      }
    },
    {
      "type": "Feature",
      "properties": {
        "monotonic_time": 396677.8517707406,
        "horizontal_accuracy": 658.8566612349927,
        "speed": -1,
        "course": 28.069639111218713,
        "synthetic": false
      },
      "geometry": {
        "type": "Point",
        "coordinates": [
          30.45332208757898,
          59.83882737836442
        ]
      }
    },
    {
      "type": "Feature",
      "properties": {
        "monotonic_time": 396717.71430964733,
        "horizontal_accuracy": 35.87193161515341,
        "speed": 22.860023175973083,
        "course": 52.838951110839844,
        "synthetic": false
      },
      "geometry": {
        "type": "Point",
        "coordinates": [
          30.464083663063303,
          59.849110474763066
        ]
      }
    },
    {
      "type": "Feature",
      "properties": {
        "monotonic_time": 396748.86676598835,
        "horizontal_accuracy": 853.3193993738028,
        "speed": -1,
        "course": 59.43468740261767,
        "synthetic": false
      },
      "geometry": {
        "type": "Point",
        "coordinates": [
          30.463512303570408,
          59.848762156107355
        ]
      }
    },
    {
      "type": "Feature",
      "properties": {
        "monotonic_time": 396748.88416456373,
        "horizontal_accuracy": 853.3199671737834,
        "speed": -1,
        "course": 59.43468740261767,
        "synthetic": false
      },
      "geometry": {
        "type": "Point",
        "coordinates": [
          30.463512303570614,
          59.84876215610737
        ]
      }
    },
    {
      "type": "Feature",
      "properties": {
        "monotonic_time": 396893.59262975166,
        "horizontal_accuracy": 14.388148724050593,
        "speed": 21.019830258015265,
        "course": 46.39514360839475,
        "synthetic": false
      },
      "geometry": {
        "type": "Point",
        "coordinates": [
          30.52281420470768,
          59.86273210779398
        ]
      }
    },
    {
      "type": "Feature",
      "properties": {
        "monotonic_time": 396894.5926304597,
        "horizontal_accuracy": 14,
        "speed": 21.005933019649135,
        "course": 46.15153541754824,
        "synthetic": false
      },
      "geometry": {
        "type": "Point",
        "coordinates": [
          30.52307779101045,
          59.8628535806028
        ]
      }
    },
    {
      "type": "Feature",
      "properties": {
        "monotonic_time": 396895.592630234,
        "horizontal_accuracy": 14,
        "speed": 20.879954902280307,
        "course": 46.11084616555744,
        "synthetic": false
      },
      "geometry": {
        "type": "Point",
        "coordinates": [
          30.523330866279164,
          59.86297674609834
        ]
      }
    },
    {
      "type": "Feature",
      "properties": {
        "monotonic_time": 396896.5926292279,
        "horizontal_accuracy": 14,
        "speed": 20.684939357165096,
        "course": 46.25999108092065,
        "synthetic": false
      },
      "geometry": {
        "type": "Point",
        "coordinates": [
          30.52358118225655,
          59.863099297285856
        ]
      }
    },
    {
      "type": "Feature",
      "properties": {
        "monotonic_time": 396897.5926294673,
        "horizontal_accuracy": 14,
        "speed": 20.424219363699407,
        "course": 46.63500903104784,
        "synthetic": false
      },
      "geometry": {
        "type": "Point",
        "coordinates": [
          30.52381654149288,
          59.86322625244842
        ]
      }
    },
    {
      "type": "Feature",
      "properties": {
        "monotonic_time": 396898.59262958285,
        "horizontal_accuracy": 14,
        "speed": 20.3589277510362,
        "course": 46.36152012534854,
        "synthetic": false
      },
      "geometry": {
        "type": "Point",
        "coordinates": [
          30.524061344647787,
          59.86336582242459
        ]
      }
    },
    {
      "type": "Feature",
      "properties": {
        "monotonic_time": 396899.59262878326,
        "horizontal_accuracy": 14,
        "speed": 20.52163568354009,
        "course": 46.56692248909603,
        "synthetic": false
      },
      "geometry": {
        "type": "Point",
        "coordinates": [
          30.52432091866607,
          59.86348944919397
        ]
      }
    },
    {
      "type": "Feature",
      "properties": {
        "monotonic_time": 396900.5926278835,
        "horizontal_accuracy": 14,
        "speed": 20.216336989498352,
        "course": 47.43697499084796,
        "synthetic": false
      },
      "geometry": {
        "type": "Point",
        "coordinates": [
          30.524590038052935,
          59.86361067783434
        ]
      }
    },
    {
      "type": "Feature",
      "properties": {
        "monotonic_time": 396901.59262837685,
        "horizontal_accuracy": 9.76830212218998,
        "speed": 20.36766102055382,
        "course": 47.09578003980347,
        "synthetic": false
      },
      "geometry": {
        "type": "Point",
        "coordinates": [
          30.52485564675148,
          59.86373454907624
        ]
      }
    },
    {
      "type": "Feature",
      "properties": {
        "monotonic_time": 396902.5926288731,
        "horizontal_accuracy": 9.340872683849314,
        "speed": 20.75456393432231,
        "course": 46.18795031035521,
        "synthetic": false
      },
      "geometry": {
        "type": "Point",
        "coordinates": [
          30.52513403005949,
          59.86385931156419
        ]
      }
    },
    {
      "type": "Feature",
      "properties": {
        "monotonic_time": 396903.5926275903,
        "horizontal_accuracy": 8.939718553216172,
        "speed": 21.13168631692286,
        "course": 45.062170652875345,
        "synthetic": false
      },
      "geometry": {
        "type": "Point",
        "coordinates": [
          30.52540671203294,
          59.86400211535788
        ]
      }
    },
    {
      "type": "Feature",
      "properties": {
        "monotonic_time": 396904.59262999956,
        "horizontal_accuracy": 8.727994291372434,
        "speed": 21.443398532074244,
        "course": 44.138236545173505,
        "synthetic": false
      },
      "geometry": {
        "type": "Point",
        "coordinates": [
          30.52568130221019,
          59.864143618115
        ]
      }
    },
    {
      "type": "Feature",
      "properties": {
        "monotonic_time": 396905.59263041225,
        "horizontal_accuracy": 8.571099805859246,
        "speed": 21.718746783390458,
        "course": 43.24678489347112,
        "synthetic": false
      },
      "geometry": {
        "type": "Point",
        "coordinates": [
          30.525950751093358,
          59.864279037101376
        ]
      }
    },
    {
      "type": "Feature",
      "properties": {
        "monotonic_time": 396906.59263065923,
        "horizontal_accuracy": 8.406666482878814,
        "speed": 22.068663869807118,
        "course": 41.697107057137266,
        "synthetic": false
      },
      "geometry": {
        "type": "Point",
        "coordinates": [
          30.526222920147415,
          59.864422633529124
        ]
      }
    },
    {
      "type": "Feature",
      "properties": {
        "monotonic_time": 396907.5926273616,
        "horizontal_accuracy": 8.264351231034537,
        "speed": 22.55128421863619,
        "course": 39.9317573011248,
        "synthetic": false
      },
      "geometry": {
        "type": "Point",
        "coordinates": [
          30.526500194985964,
          59.86457002585311
        ]
      }
    },
    {
      "type": "Feature",
      "properties": {
        "monotonic_time": 396908.5926290783,
        "horizontal_accuracy": 8.132112495624483,
        "speed": 22.978112076491257,
        "course": 37.91706254151073,
        "synthetic": false
      },
      "geometry": {
        "type": "Point",
        "coordinates": [
          30.52677978870766,
          59.864725122060385
        ]
      }
    },
    {
      "type": "Feature",
      "properties": {
        "monotonic_time": 396909.5926289353,
        "horizontal_accuracy": 8.006710187924847,
        "speed": 23.40938581245676,
        "course": 36.20309650823866,
        "synthetic": false
      },
      "geometry": {
        "type": "Point",
        "coordinates": [
          30.527052848026447,
          59.864889168028306
        ]
      }
    },
    {
      "type": "Feature",
      "properties": {
        "monotonic_time": 397457.55543023424,
        "horizontal_accuracy": 4.748651368940242,
        "speed": 26.299320752392504,
        "course": 302.76846912761755,
        "synthetic": false
      },
      "geometry": {
        "type": "Point",
        "coordinates": [
          30.5320197105452,
          59.97729582016338
        ]
      }
    },
    {
      "type": "Feature",
      "properties": {
        "monotonic_time": 397458.5564238627,
        "horizontal_accuracy": 4.74865109681166,
        "speed": 26.31388286310675,
        "course": 302.6062042697381,
        "synthetic": false
      },
      "geometry": {
        "type": "Point",
        "coordinates": [
          30.531620880119462,
          59.977421437053586
        ]
      }
    },
    {
      "type": "Feature",
      "properties": {
        "monotonic_time": 397459.55641720037,
        "horizontal_accuracy": 2.283237054648578,
        "speed": 26.71568489074707,
        "course": 301.5024577907404,
        "synthetic": false
      },
      "geometry": {
        "type": "Point",
        "coordinates": [
          30.531190392786936,
          59.9775498125449
        ]
      }
    },
    {
      "type": "Feature",
      "properties": {
        "monotonic_time": 397460.5561401764,
        "horizontal_accuracy": 4.748651372801405,
        "speed": 26.801461717261297,
        "course": 303.38928187490944,
        "synthetic": false
      },
      "geometry": {
        "type": "Point",
        "coordinates": [
          30.53079719357768,
          59.97767136744901
        ]
      }
    },
    {
      "type": "Feature",
      "properties": {
        "monotonic_time": 397461.55643112457,
        "horizontal_accuracy": 4.748651343951991,
        "speed": 26.984287366398338,
        "course": 303.56558931032225,
        "synthetic": false
      },
      "geometry": {
        "type": "Point",
        "coordinates": [
          30.530389276373093,
          59.97780224788932
        ]
      }
    },
    {
      "type": "Feature",
      "properties": {
        "monotonic_time": 397462.5564496246,
        "horizontal_accuracy": 4.748651351938852,
        "speed": 27.10457665102968,
        "course": 303.2189982226291,
        "synthetic": false
      },
      "geometry": {
        "type": "Point",
        "coordinates": [
          30.529975449690674,
          59.97793077488474
        ]
      }
    },
    {
      "type": "Feature",
      "properties": {
        "monotonic_time": 397463.5523649786,
        "horizontal_accuracy": 4.748651400797083,
        "speed": 27.251473815417945,
        "course": 303.15377370803026,
        "synthetic": false
      },
      "geometry": {
        "type": "Point",
        "coordinates": [
          30.529558740052263,
          59.97805845973942
        ]
      }
    },
    {
      "type": "Feature",
      "properties": {
        "monotonic_time": 397464.5526013209,
        "horizontal_accuracy": 4.748651407005243,
        "speed": 27.31793863882194,
        "course": 303.09195666533765,
        "synthetic": false
      },
      "geometry": {
        "type": "Point",
        "coordinates": [
          30.529139734693555,
          59.97818716722627
        ]
      }
    },
    {
      "type": "Feature",
      "properties": {
        "monotonic_time": 397465.55261383863,
        "horizontal_accuracy": 4.748651413037507,
        "speed": 26.503796410748247,
        "course": 303.12012390020107,
        "synthetic": false
      },
      "geometry": {
        "type": "Point",
        "coordinates": [
          30.528732677409575,
          59.97831396505798
        ]
      }
    },
    {
      "type": "Feature",
      "properties": {
        "monotonic_time": 397466.55225236795,
        "horizontal_accuracy": 4.7486514227535555,
        "speed": 24.19281503011669,
        "course": 303.288561749149,
        "synthetic": false
      },
      "geometry": {
        "type": "Point",
        "coordinates": [
          30.52836308641294,
          59.97842973427855
        ]
      }
    },
    {
      "type": "Feature",
      "properties": {
        "monotonic_time": 397467.55271982664,
        "horizontal_accuracy": 4.748651428668263,
        "speed": 21.892444316055677,
        "course": 305.9333382445952,
        "synthetic": false
      },
      "geometry": {
        "type": "Point",
        "coordinates": [
          30.528028595669177,
          59.9785350909587
        ]
      }
    },
    {
      "type": "Feature",
      "properties": {
        "monotonic_time": 397670.54843590467,
        "horizontal_accuracy": 2.31065051495305,
        "speed": 0,
        "course": 239.42458291093217,
        "synthetic": false
      },
      "geometry": {
        "type": "Point",
        "coordinates": [
          30.484003804057934,
          59.99059167624182
        ]
      }
    },
    {
      "type": "Feature",
      "properties": {
        "monotonic_time": 397671.5484393291,
        "horizontal_accuracy": 2.236142037427111,
        "speed": 0,
        "course": 239.42458291093217,
        "synthetic": false
      },
      "geometry": {
        "type": "Point",
        "coordinates": [
          30.484003804057934,
          59.99059167624182
        ]
      }
    },
    {
      "type": "Feature",
      "properties": {
        "monotonic_time": 397672.54844551906,
        "horizontal_accuracy": 2.2243349355557553,
        "speed": 0,
        "course": 239.42458291093217,
        "synthetic": false
      },
      "geometry": {
        "type": "Point",
        "coordinates": [
          30.484003804057934,
          59.99059167624182
        ]
      }
    },
    {
      "type": "Feature",
      "properties": {
        "monotonic_time": 397673.5484433664,
        "horizontal_accuracy": 2.2663056213238657,
        "speed": 0,
        "course": 239.42458291093217,
        "synthetic": false
      },
      "geometry": {
        "type": "Point",
        "coordinates": [
          30.484003804057934,
          59.99059167624182
        ]
      }
    },
    {
      "type": "Feature",
      "properties": {
        "monotonic_time": 397674.5484432619,
        "horizontal_accuracy": 2.301389868158132,
        "speed": 0,
        "course": 239.42458291093217,
        "synthetic": false
      },
      "geometry": {
        "type": "Point",
        "coordinates": [
          30.484003804057934,
          59.99059167624182
        ]
      }
    },
    {
      "type": "Feature",
      "properties": {
        "monotonic_time": 397675.54844447883,
        "horizontal_accuracy": 2.3214001164137548,
        "speed": 0,
        "course": 239.42458291093217,
        "synthetic": false
      },
      "geometry": {
        "type": "Point",
        "coordinates": [
          30.484003804057934,
          59.99059167624182
        ]
      }
    },
    {
      "type": "Feature",
      "properties": {
        "monotonic_time": 397676.548443641,
        "horizontal_accuracy": 2.317417171547573,
        "speed": 0.46492381068563005,
        "course": 239.42456828365349,
        "synthetic": false
      },
      "geometry": {
        "type": "Point",
        "coordinates": [
          30.483986801599062,
          59.99057741530945
        ]
      }
    },
    {
      "type": "Feature",
      "properties": {
        "monotonic_time": 397677.54844626534,
        "horizontal_accuracy": 2.30154630278101,
        "speed": 0,
        "course": 239.42456310090492,
        "synthetic": false
      },
      "geometry": {
        "type": "Point",
        "coordinates": [
          30.483980807136913,
          59.990574862268645
        ]
      }
    },
    {
      "type": "Feature",
      "properties": {
        "monotonic_time": 397678.54840977903,
        "horizontal_accuracy": 2.286469018298725,
        "speed": 1.3441343337400746,
        "course": 239.42453749238547,
        "synthetic": false
      },
      "geometry": {
        "type": "Point",
        "coordinates": [
          30.483951225034833,
          59.99056536014725
        ]
      }
    },
    {
      "type": "Feature",
      "properties": {
        "monotonic_time": 397679.5484030981,
        "horizontal_accuracy": 2.2721455747665074,
        "speed": 1.6626485208295294,
        "course": 239.4245161107111,
        "synthetic": false
      },
      "geometry": {
        "type": "Point",
        "coordinates": [
          30.48392652253997,
          59.99055716690254
        ]
      }
    },
    {
      "type": "Feature",
      "properties": {
        "monotonic_time": 397680.5484141088,
        "horizontal_accuracy": 2.2639147284020456,
        "speed": 1.816310429452448,
        "course": 239.42449299520132,
        "synthetic": false
      },
      "geometry": {
        "type": "Point",
        "coordinates": [
          30.483899810210414,
          59.99054774741397
        ]
      }
    },
    {
      "type": "Feature",
      "properties": {
        "monotonic_time": 397681.548411911,
        "horizontal_accuracy": 2.250718990330379,
        "speed": 1.6989233662517187,
        "course": 239.42447244029657,
        "synthetic": false
      },
      "geometry": {
        "type": "Point",
        "coordinates": [
          30.483876055479357,
          59.99053925087899
        ]
      }
    },
    {
      "type": "Feature",
      "properties": {
        "monotonic_time": 397682.54841552174,
        "horizontal_accuracy": 2.258183647230903,
        "speed": 1.524814711826686,
        "course": 239.42445470911878,
        "synthetic": false
      },
      "geometry": {
        "type": "Point",
        "coordinates": [
          30.483855563667394,
          59.99053188960667
        ]
      }
    },
    {
      "type": "Feature",
      "properties": {
        "monotonic_time": 397683.5484312669,
        "horizontal_accuracy": 2.2452744543709837,
        "speed": 1.420368051333602,
        "course": 239.42444074830652,
        "synthetic": false
      },
      "geometry": {
        "type": "Point",
        "coordinates": [
          30.483839424341937,
          59.990525683474395
        ]
      }
    },
    {
      "type": "Feature",
      "properties": {
        "monotonic_time": 397684.5484391253,
        "horizontal_accuracy": 2.3819499643890283,
        "speed": 1.803156815491388,
        "course": 239.42441845743502,
        "synthetic": false
      },
      "geometry": {
        "type": "Point",
        "coordinates": [
          30.48381366608372,
          59.99051669433795
        ]
      }
    },
    {
      "type": "Feature",
      "properties": {
        "monotonic_time": 397685.54844043683,
        "horizontal_accuracy": 2.5887185500088528,
        "speed": 2.329046844080561,
        "course": 234.24059108304922,
        "synthetic": false
      },
      "geometry": {
        "type": "Point",
        "coordinates": [
          30.483779622666134,
          59.99050367493303
        ]
      }
    },
    {
      "type": "Feature",
      "properties": {
        "monotonic_time": 397686.5484439335,
        "horizontal_accuracy": 2.7831831773376465,
        "speed": 2.277683790182966,
        "course": 234.02480324257414,
        "synthetic": false
      },
      "geometry": {
        "type": "Point",
        "coordinates": [
          30.4837505172433,
          59.990493526839394
        ]
      }
    },
    {
      "type": "Feature",
      "properties": {
        "monotonic_time": 397687.54844589805,
        "horizontal_accuracy": 2.95627280743886,
        "speed": 2.728294963654502,
        "course": 233.84880394813342,
        "synthetic": false
      },
      "geometry": {
        "type": "Point",
        "coordinates": [
          30.483705859700592,
          59.99047768866455
        ]
      }
    },
    {
      "type": "Feature",
      "properties": {
        "monotonic_time": 397688.54843747476,
        "horizontal_accuracy": 3.107843844298297,
        "speed": 2.4583464204112753,
        "course": 233.2214314197239,
        "synthetic": false
      },
      "geometry": {
        "type": "Point",
        "coordinates": [
          30.483669933455577,
          59.99046357336584
        ]
      }
    },
    {
      "type": "Feature",
      "properties": {
        "monotonic_time": 397834.54337711923,
        "horizontal_accuracy": 2.2638510938130274,
        "speed": 0.013445829196594712,
        "course": 234.07870030401887,
        "synthetic": false
      },
      "geometry": {
        "type": "Point",
        "coordinates": [
          30.480823743960446,
          59.98941793723938
        ]
      }
    },
    {
      "type": "Feature",
      "properties": {
        "monotonic_time": 397835.543467624,
        "horizontal_accuracy": 2.25065853846656,
        "speed": 0,
        "course": 234.07870038798046,
        "synthetic": false
      },
      "geometry": {
        "type": "Point",
        "coordinates": [
          30.480823840920003,
          59.989417972430836
        ]
      }
    },
    {
      "type": "Feature",
      "properties": {
        "monotonic_time": 397836.54346310394,
        "horizontal_accuracy": 14,
        "speed": 0.11796585470438004,
        "course": 292.72959225843414,
        "synthetic": false
      },
      "geometry": {
        "type": "Point",
        "coordinates": [
          30.4808105909669,
          59.989443172441
        ]
      }
    },
    {
      "type": "Feature",
      "properties": {
        "monotonic_time": 397837.5434687393,
        "horizontal_accuracy": 2.2735995933324142,
        "speed": 0,
        "course": 234.07870038798046,
        "synthetic": false
      },
      "geometry": {
        "type": "Point",
        "coordinates": [
          30.480823840920003,
          59.989417972430836
        ]
      }
    },
    {
      "type": "Feature",
      "properties": {
        "monotonic_time": 397838.54346795054,
        "horizontal_accuracy": 2.238125611543232,
        "speed": 0,
        "course": 234.07870038798046,
        "synthetic": false
      },
      "geometry": {
        "type": "Point",
        "coordinates": [
          30.480823840920003,
          59.989417972430836
        ]
      }
    },
    {
      "type": "Feature",
      "properties": {
        "monotonic_time": 397839.5434647288,
        "horizontal_accuracy": 2.22621933096607,
        "speed": 0,
        "course": 234.07870038798046,
        "synthetic": false
      },
      "geometry": {
        "type": "Point",
        "coordinates": [
          30.480823840920003,
          59.989417972430836
        ]
      }
    },
    {
      "type": "Feature",
      "properties": {
        "monotonic_time": 397840.5434639614,
        "horizontal_accuracy": 2.226219331098058,
        "speed": 0.0035736874797244367,
        "course": 234.07870250277983,
        "synthetic": false
      },
      "geometry": {
        "type": "Point",
        "coordinates": [
          30.480826293036667,
          59.98941838139103
        ]
      }
    },
    {
      "type": "Feature",
      "properties": {
        "monotonic_time": 397841.54033752,
        "horizontal_accuracy": 2.214908364417767,
        "speed": 0,
        "course": 234.07870305708735,
        "synthetic": false
      },
      "geometry": {
        "type": "Point",
        "coordinates": [
          30.480826933439495,
          59.9894186000909
        ]
      }
    },
    {
      "type": "Feature",
      "properties": {
        "monotonic_time": 397842.5400753343,
        "horizontal_accuracy": 2.2041629461968784,
        "speed": 0,
        "course": 234.07870305708735,
        "synthetic": false
      },
      "geometry": {
        "type": "Point",
        "coordinates": [
          30.480826933439495,
          59.9894186000909
        ]
      }
    },
    {
      "type": "Feature",
      "properties": {
        "monotonic_time": 397843.5400737602,
        "horizontal_accuracy": 2.1939547988870345,
        "speed": 0,
        "course": 234.07870305708735,
        "synthetic": false
      },
      "geometry": {
        "type": "Point",
        "coordinates": [
          30.480826933439495,
          59.9894186000909
        ]
      }
    },
    {
      "type": "Feature",
      "properties": {
        "monotonic_time": 397844.5404661964,
        "horizontal_accuracy": 2.184257058942683,
        "speed": 0,
        "course": 234.07870305708735,
        "synthetic": false
      },
      "geometry": {
        "type": "Point",
        "coordinates": [
          30.480826933439495,
          59.9894186000909
        ]
      }
    },
    {
      "type": "Feature",
      "properties": {
        "monotonic_time": 397845.5397138574,
        "horizontal_accuracy": 2.175044205995549,
        "speed": 0,
        "course": 234.07870305708735,
        "synthetic": false
      },
      "geometry": {
        "type": "Point",
        "coordinates": [
          30.480826933439495,
          59.9894186000909
        ]
      }
    },
    {
      "type": "Feature",
      "properties": {
        "monotonic_time": 397846.5397159225,
        "horizontal_accuracy": 2.166291998412336,
        "speed": 0.06885032937073325,
        "course": 234.0787052680209,
        "synthetic": false
      },
      "geometry": {
        "type": "Point",
        "coordinates": [
          30.480829497441107,
          59.9894190075839
        ]
      }
    },
    {
      "type": "Feature",
      "properties": {
        "monotonic_time": 397847.54044131516,
        "horizontal_accuracy": 2.157977403876633,
        "speed": 0.20387715937605047,
        "course": 234.07870280991622,
        "synthetic": false
      },
      "geometry": {
        "type": "Point",
        "coordinates": [
          30.480826650326147,
          59.98941838481048
        ]
      }
    },
    {
      "type": "Feature",
      "properties": {
        "monotonic_time": 397848.539854238,
        "horizontal_accuracy": 2.1658999101315515,
        "speed": 0.6195365218513946,
        "course": 234.07869363082034,
        "synthetic": false
      },
      "geometry": {
        "type": "Point",
        "coordinates": [
          30.480816055336092,
          59.989414291554574
        ]
      }
    },
    {
      "type": "Feature",
      "properties": {
        "monotonic_time": 397849.5397709717,
        "horizontal_accuracy": 2.465510811368143,
        "speed": 0.6814620494842529,
        "course": 291.3336058258972,
        "synthetic": false
      },
      "geometry": {
        "type": "Point",
        "coordinates": [
          30.48080081527343,
          59.98943936078843
        ]
      }
    },
    {
      "type": "Feature",
      "properties": {
        "monotonic_time": 397850.540411064,
        "horizontal_accuracy": 3.8613675210772422,
        "speed": 0.6440041307639217,
        "course": -1,
        "synthetic": false
      },
      "geometry": {
        "type": "Point",
        "coordinates": [
          30.4808029405398,
          59.98940676167569
        ]
      }
    },
    {
      "type": "Feature",
      "properties": {
        "monotonic_time": 397851.54040973145,
        "horizontal_accuracy": 2.460873716695169,
        "speed": 0.8188338875770569,
        "course": 261.3506869205482,
        "synthetic": false
      },
      "geometry": {
        "type": "Point",
        "coordinates": [
          30.480769964918583,
          59.98942703566552
        ]
      }
    },
    {
      "type": "Feature",
      "properties": {
        "monotonic_time": 397852.5404875062,
        "horizontal_accuracy": 9.971977126013869,
        "speed": 0,
        "course": -1,
        "synthetic": false
      },
      "geometry": {
        "type": "Point",
        "coordinates": [
          30.480795677986954,
          59.989405940997706
        ]
      }
    },
    {
      "type": "Feature",
      "properties": {
        "monotonic_time": 397853.54042039823,
        "horizontal_accuracy": 9.971977126013869,
        "speed": 0,
        "course": -1,
        "synthetic": false
      },
      "geometry": {
        "type": "Point",
        "coordinates": [
          30.480795677986954,
          59.989405940997706
        ]
      }
    },
    {
      "type": "Feature",
      "properties": {
        "monotonic_time": 397854.5404188004,
        "horizontal_accuracy": 2.536485043479507,
        "speed": 0.7992516756057739,
        "course": 261.3506869205482,
        "synthetic": false
      },
      "geometry": {
        "type": "Point",
        "coordinates": [
          30.48073419904503,
          59.98941040667134
        ]
      }
    },
    {
      "type": "Feature",
      "properties": {
        "monotonic_time": 397855.5404240658,
        "horizontal_accuracy": 2.5230474540626493,
        "speed": 0.07682349532842636,
        "course": 261.3506869205482,
        "synthetic": false
      },
      "geometry": {
        "type": "Point",
        "coordinates": [
          30.480734487883346,
          59.98940899393852
        ]
      }
    },
    {
      "type": "Feature",
      "properties": {
        "monotonic_time": 397856.53960538364,
        "horizontal_accuracy": 2.508479226691603,
        "speed": 0.11329691857099533,
        "course": 261.3506869205482,
        "synthetic": false
      },
      "geometry": {
        "type": "Point",
        "coordinates": [
          30.48073810599774,
          59.989405957257134
        ]
      }
    },
    {
      "type": "Feature",
      "properties": {
        "monotonic_time": 397857.5396166362,
        "horizontal_accuracy": 2.4836109695444626,
        "speed": 0.11329691857099533,
        "course": 261.3506869205482,
        "synthetic": false
      },
      "geometry": {
        "type": "Point",
        "coordinates": [
          30.480740866759177,
          59.989401408586
        ]
      }
    },
    {
      "type": "Feature",
      "properties": {
        "monotonic_time": 397858.539741647,
        "horizontal_accuracy": 2.462391998619799,
        "speed": 0.27718058228492737,
        "course": 261.3506869205482,
        "synthetic": false
      },
      "geometry": {
        "type": "Point",
        "coordinates": [
          30.4807436519348,
          59.9893967233631
        ]
      }
    },
    {
      "type": "Feature",
      "properties": {
        "monotonic_time": 397859.53975435375,
        "horizontal_accuracy": 2.4568524942673653,
        "speed": 0.33937397599220276,
        "course": 261.3506869205482,
        "synthetic": false
      },
      "geometry": {
        "type": "Point",
        "coordinates": [
          30.480745520935237,
          59.989390241284134
        ]
      }
    },
    {
      "type": "Feature",
      "properties": {
        "monotonic_time": 397860.53978997446,
        "horizontal_accuracy": 2.45405223407778,
        "speed": 0,
        "course": 261.3506869205482,
        "synthetic": false
      },
      "geometry": {
        "type": "Point",
        "coordinates": [
          30.480745520935237,
          59.989390241284134
        ]
      }
    },
    {
      "type": "Feature",
      "properties": {
        "monotonic_time": 397861.5397937917,
        "horizontal_accuracy": 2.422154753891383,
        "speed": 0,
        "course": 261.3506869205482,
        "synthetic": false
      },
      "geometry": {
        "type": "Point",
        "coordinates": [
          30.480745520935237,
          59.989390241284134
        ]
      }
    },
    {
      "type": "Feature",
      "properties": {
        "monotonic_time": 397862.5397923543,
        "horizontal_accuracy": 2.388435627930186,
        "speed": 0,
        "course": 261.3506869205482,
        "synthetic": false
      },
      "geometry": {
        "type": "Point",
        "coordinates": [
          30.480745520935237,
          59.989390241284134
        ]
      }
    },
    {
      "type": "Feature",
      "properties": {
        "monotonic_time": 397863.5397943231,
        "horizontal_accuracy": 2.3836947764250667,
        "speed": 0,
        "course": 261.3506869205482,
        "synthetic": false
      },
      "geometry": {
        "type": "Point",
        "coordinates": [
          30.480745520935237,
          59.989390241284134
        ]
      }
    },
    {
      "type": "Feature",
      "properties": {
        "monotonic_time": 397864.5397908105,
        "horizontal_accuracy": 2.3858526136664495,
        "speed": 0.3769206702709198,
        "course": 261.3506869205482,
        "synthetic": false
      },
      "geometry": {
        "type": "Point",
        "coordinates": [
          30.480743560239237,
          59.98938630375908
        ]
      }
    },
    {
      "type": "Feature",
      "properties": {
        "monotonic_time": 397873.53979595046,
        "horizontal_accuracy": 2.23217144052074,
        "speed": 1.3904159239410812,
        "course": 234.07850525187462,
        "synthetic": false
      },
      "geometry": {
        "type": "Point",
        "coordinates": [
          30.48059856663963,
          59.98933277903508
        ]
      }
    },
    {
      "type": "Feature",
      "properties": {
        "monotonic_time": 397874.53980639006,
        "horizontal_accuracy": 2.2122678577194312,
        "speed": 1.440450649656147,
        "course": 234.07848657023513,
        "synthetic": false
      },
      "geometry": {
        "type": "Point",
        "coordinates": [
          30.48057700978584,
          59.989324136181715
        ]
      }
    },
    {
      "type": "Feature",
      "properties": {
        "monotonic_time": 397875.53980500455,
        "horizontal_accuracy": 2.185753133208758,
        "speed": 1.309035897933586,
        "course": 234.07846776991312,
        "synthetic": false
      },
      "geometry": {
        "type": "Point",
        "coordinates": [
          30.480555321237098,
          59.9893151856148
        ]
      }
    },
    {
      "type": "Feature",
      "properties": {
        "monotonic_time": 397876.5397955386,
        "horizontal_accuracy": 2.21686369444618,
        "speed": 0.7393962740898132,
        "course": 231.17398281505504,
        "synthetic": false
      },
      "geometry": {
        "type": "Point",
        "coordinates": [
          30.480545757180717,
          59.989301627513186
        ]
      }
    },
    {
      "type": "Feature",
      "properties": {
        "monotonic_time": 397877.5397962499,
        "horizontal_accuracy": 2.185920667578354,
        "speed": 0.9805818200111389,
        "course": 231.17398281505504,
        "synthetic": false
      },
      "geometry": {
        "type": "Point",
        "coordinates": [
          30.480530316343234,
          59.98929422034833
        ]
      }
    },
    {
      "type": "Feature",
      "properties": {
        "monotonic_time": 397878.5398062819,
        "horizontal_accuracy": 2.241973819011765,
        "speed": 0.8915760714075467,
        "course": 234.0784336145157,
        "synthetic": false
      },
      "geometry": {
        "type": "Point",
        "coordinates": [
          30.48051585591802,
          59.98930194276245
        ]
      }
    },
    {
      "type": "Feature",
      "properties": {
        "monotonic_time": 397879.5398033183,
        "horizontal_accuracy": 2.1796460111206675,
        "speed": 0.5708214463133042,
        "course": 234.07842350111093,
        "synthetic": false
      },
      "geometry": {
        "type": "Point",
        "coordinates": [
          30.480504137760818,
          59.989299584143815
        ]
      }
    },
    {
      "type": "Feature",
      "properties": {
        "monotonic_time": 397880.5398046946,
        "horizontal_accuracy": 2.2210826783545454,
        "speed": 0.3218865957929061,
        "course": 234.07841766299939,
        "synthetic": false
      },
      "geometry": {
        "type": "Point",
        "coordinates": [
          30.480497406299893,
          59.989296634383386
        ]
      }
    },
    {
      "type": "Feature",
      "properties": {
        "monotonic_time": 397881.53980676207,
        "horizontal_accuracy": 2.253876515039689,
        "speed": 0.03918875628013192,
        "course": 234.07841567825963,
        "synthetic": false
      },
      "geometry": {
        "type": "Point",
        "coordinates": [
          30.480495120390234,
          59.98929550960854
        ]
      }
    },
    {
      "type": "Feature",
      "properties": {
        "monotonic_time": 397882.53980531247,
        "horizontal_accuracy": 2.287291422920308,
        "speed": 0.051204947608335244,
        "course": 234.0784136448603,
        "synthetic": false
      },
      "geometry": {
        "type": "Point",
        "coordinates": [
          30.480492737165758,
          59.989296342505
        ]
      }
    },
    {
      "type": "Feature",
      "properties": {
        "monotonic_time": 397883.5398024104,
        "horizontal_accuracy": 2.2766564774922244,
        "speed": 0.047912738407548394,
        "course": 234.07841301085963,
        "synthetic": false
      },
      "geometry": {
        "type": "Point",
        "coordinates": [
          30.480491987340457,
          59.98929692695746
        ]
      }
    },
    {
      "type": "Feature",
      "properties": {
        "monotonic_time": 397884.5398077031,
        "horizontal_accuracy": 2.2314229103462666,
        "speed": 0.06800746654123446,
        "course": 234.07840872119084,
        "synthetic": false
      },
      "geometry": {
        "type": "Point",
        "coordinates": [
          30.480487024398002,
          59.98929557091217
        ]
      }
    },
    {
      "type": "Feature",
      "properties": {
        "monotonic_time": 397885.53979957075,
        "horizontal_accuracy": 2.4332722753050944,
        "speed": 0.22070647776126862,
        "course": 231.17398281505504,
        "synthetic": false
      },
      "geometry": {
        "type": "Point",
        "coordinates": [
          30.48048869217021,
          59.98928628040461
        ]
      }
    },
    {
      "type": "Feature",
      "properties": {
        "monotonic_time": 397886.53980311396,
        "horizontal_accuracy": 2.6867151824856785,
        "speed": 0.08097050449465495,
        "course": 234.07840624377664,
        "synthetic": false
      },
      "geometry": {
        "type": "Point",
        "coordinates": [
          30.480484124775963,
          59.98929639301746
        ]
      }
    },
    {
      "type": "Feature",
      "properties": {
        "monotonic_time": 397887.5398068619,
        "horizontal_accuracy": 2.553645341164346,
        "speed": 0.2163806611479978,
        "course": 234.0783979040397,
        "synthetic": false
      },
      "geometry": {
        "type": "Point",
        "coordinates": [
          30.48047448793255,
          59.98929318737528
        ]
      }
    },
    {
      "type": "Feature",
      "properties": {
        "monotonic_time": 397888.5398048919,
        "horizontal_accuracy": 2.51031020585898,
        "speed": 0.04533815717212915,
        "course": 234.07840182054647,
        "synthetic": false
      },
      "geometry": {
        "type": "Point",
        "coordinates": [
          30.480478959577578,
          59.98929729076515
        ]
      }
    },
    {
      "type": "Feature",
      "properties": {
        "monotonic_time": 397889.53980783623,
        "horizontal_accuracy": 2.4781861033064474,
        "speed": 0,
        "course": 234.0784011709104,
        "synthetic": false
      },
      "geometry": {
        "type": "Point",
        "coordinates": [
          30.480478202312653,
          59.98929735799816
        ]
      }
    },
    {
      "type": "Feature",
      "properties": {
        "monotonic_time": 397890.5398043812,
        "horizontal_accuracy": 2.4908487630797587,
        "speed": 0,
        "course": 234.0784011709104,
        "synthetic": false
      },
      "geometry": {
        "type": "Point",
        "coordinates": [
          30.480478202312653,
          59.98929735799816
        ]
      }
    },
    {
      "type": "Feature",
      "properties": {
        "monotonic_time": 397891.53980651696,
        "horizontal_accuracy": 2.4764773945230982,
        "speed": 0,
        "course": 234.0784011709104,
        "synthetic": false
      },
      "geometry": {
        "type": "Point",
        "coordinates": [
          30.480478202312653,
          59.98929735799816
        ]
      }
    },
    {
      "type": "Feature",
      "properties": {
        "monotonic_time": 397892.53980653937,
        "horizontal_accuracy": 2.4448653865985195,
        "speed": 0,
        "course": 234.0784011709104,
        "synthetic": false
      },
      "geometry": {
        "type": "Point",
        "coordinates": [
          30.480478202312653,
          59.98929735799816
        ]
      }
    },
    {
      "type": "Feature",
      "properties": {
        "monotonic_time": 397893.539807651,
        "horizontal_accuracy": 2.4172627278573353,
        "speed": 0,
        "course": 234.0784011709104,
        "synthetic": false
      },
      "geometry": {
        "type": "Point",
        "coordinates": [
          30.480478202312653,
          59.98929735799816
        ]
      }
    },
    {
      "type": "Feature",
      "properties": {
        "monotonic_time": 397894.539803499,
        "horizontal_accuracy": 2.392283416007672,
        "speed": 0,
        "course": 234.0784011709104,
        "synthetic": false
      },
      "geometry": {
        "type": "Point",
        "coordinates": [
          30.480478202312653,
          59.98929735799816
        ]
      }
    },
    {
      "type": "Feature",
      "properties": {
        "monotonic_time": 397895.53980579646,
        "horizontal_accuracy": 2.3724185254663688,
        "speed": 0,
        "course": 234.0784011709104,
        "synthetic": false
      },
      "geometry": {
        "type": "Point",
        "coordinates": [
          30.480478202312653,
          59.98929735799816
        ]
      }
    },
    {
      "type": "Feature",
      "properties": {
        "monotonic_time": 397896.53980631905,
        "horizontal_accuracy": 2.2900037798302404,
        "speed": 0,
        "course": 234.0784011709104,
        "synthetic": false
      },
      "geometry": {
        "type": "Point",
        "coordinates": [
          30.480478202312653,
          59.98929735799816
        ]
      }
    },
    {
      "type": "Feature",
      "properties": {
        "monotonic_time": 397897.5398061789,
        "horizontal_accuracy": 2.3583045681388195,
        "speed": 0,
        "course": 234.0784011709104,
        "synthetic": false
      },
      "geometry": {
        "type": "Point",
        "coordinates": [
          30.480478202312653,
          59.98929735799816
        ]
      }
    },
    {
      "type": "Feature",
      "properties": {
        "monotonic_time": 397898.5398049003,
        "horizontal_accuracy": 2.404510459200526,
        "speed": 0,
        "course": 234.0784011709104,
        "synthetic": false
      },
      "geometry": {
        "type": "Point",
        "coordinates": [
          30.480478202312653,
          59.98929735799816
        ]
      }
    },
    {
      "type": "Feature",
      "properties": {
        "monotonic_time": 397899.53980656253,
        "horizontal_accuracy": 2.384284943438027,
        "speed": 0.21444931576304083,
        "course": 234.07838567573617,
        "synthetic": false
      },
      "geometry": {
        "type": "Point",
        "coordinates": [
          30.480460418723005,
          59.98928555264802
        ]
      }
    },
    {
      "type": "Feature",
      "properties": {
        "monotonic_time": 397900.5398052811,
        "horizontal_accuracy": 2.3915637818841575,
        "speed": 0,
        "course": 234.0783833296628,
        "synthetic": false
      },
      "geometry": {
        "type": "Point",
        "coordinates": [
          30.48045771868685,
          59.989284125098976
        ]
      }
    },
    {
      "type": "Feature",
      "properties": {
        "monotonic_time": 397901.5398077652,
        "horizontal_accuracy": 2.371985625859361,
        "speed": 0.9691897176973105,
        "course": 234.07836247974222,
        "synthetic": false
      },
      "geometry": {
        "type": "Point",
        "coordinates": [
          30.48043365208719,
          59.98927485138923
        ]
      }
    },
    {
      "type": "Feature",
      "properties": {
        "monotonic_time": 397902.5398061399,
        "horizontal_accuracy": 2.3533863458937248,
        "speed": 0.9725356369330469,
        "course": 234.0783514717257,
        "synthetic": false
      },
      "geometry": {
        "type": "Point",
        "coordinates": [
          30.48042095996313,
          59.98926927281914
        ]
      }
    },
    {
      "type": "Feature",
      "properties": {
        "monotonic_time": 397903.53980692115,
        "horizontal_accuracy": 2.3357170341689506,
        "speed": 1.115997250216113,
        "course": 234.07833647929533,
        "synthetic": false
      },
      "geometry": {
        "type": "Point",
        "coordinates": [
          30.48040364536538,
          59.98926304535401
        ]
      }
    },
    {
      "type": "Feature",
      "properties": {
        "monotonic_time": 397904.5398083133,
        "horizontal_accuracy": 2.318931174276735,
        "speed": 0.851481231100013,
        "course": 234.07832792606146,
        "synthetic": false
      },
      "geometry": {
        "type": "Point",
        "coordinates": [
          30.480393802464906,
          59.98925780224158
        ]
      }
    },
    {
      "type": "Feature",
      "properties": {
        "monotonic_time": 397905.53980722255,
        "horizontal_accuracy": 2.3029846106314515,
        "speed": 0.6775650542354084,
        "course": 234.07831782054302,
        "synthetic": false
      },
      "geometry": {
        "type": "Point",
        "coordinates": [
          30.480382103627264,
          59.989254955507974
        ]
      }
    },
    {
      "type": "Feature",
      "properties": {
        "monotonic_time": 397906.5398064269,
        "horizontal_accuracy": 2.365631976516539,
        "speed": 0.5864468995530645,
        "course": 234.07831034029437,
        "synthetic": false
      },
      "geometry": {
        "type": "Point",
        "coordinates": [
          30.480373469220055,
          59.989251634180185
        ]
      }
    },
    {
      "type": "Feature",
      "properties": {
        "monotonic_time": 397907.5398038972,
        "horizontal_accuracy": 2.3777361038530764,
        "speed": 0.47308019347779423,
        "course": 234.07830118253727,
        "synthetic": false
      },
      "geometry": {
        "type": "Point",
        "coordinates": [
          30.480362902027018,
          59.989247397112194
        ]
      }
    },
    {
      "type": "Feature",
      "properties": {
        "monotonic_time": 397908.5398068231,
        "horizontal_accuracy": 2.382542669946579,
        "speed": 0.175860452880465,
        "course": 234.07829555805523,
        "synthetic": false
      },
      "geometry": {
        "type": "Point",
        "coordinates": [
          30.480356381008928,
          59.9892462809199
        ]
      }
    },
    {
      "type": "Feature",
      "properties": {
        "monotonic_time": 397909.53980451374,
        "horizontal_accuracy": 2.3634155322637196,
        "speed": 0.06021411603093726,
        "course": 234.07829762668194,
        "synthetic": false
      },
      "geometry": {
        "type": "Point",
        "coordinates": [
          30.480358790727212,
          59.98924614521585
        ]
      }
    },
    {
      "type": "Feature",
      "properties": {
        "monotonic_time": 397910.53980655764,
        "horizontal_accuracy": 2.3452447552379594,
        "speed": 0.042466418255851505,
        "course": 234.07829688923513,
        "synthetic": false
      },
      "geometry": {
        "type": "Point",
        "coordinates": [
          30.480357936915198,
          59.98924594195914
        ]
      }
    },
    {
      "type": "Feature",
      "properties": {
        "monotonic_time": 397911.53980742407,
        "horizontal_accuracy": 2.3294089755567637,
        "speed": 0.2278801093449088,
        "course": 234.07829069674716,
        "synthetic": false
      },
      "geometry": {
        "type": "Point",
        "coordinates": [
          30.48035081985138,
          59.98924170645648
        ]
      }
    },
    {
      "type": "Feature",
      "properties": {
        "monotonic_time": 397912.5398023546,
        "horizontal_accuracy": 2.3129385231805446,
        "speed": 0.06624592194029486,
        "course": 234.07829460560168,
        "synthetic": false
      },
      "geometry": {
        "type": "Point",
        "coordinates": [
          30.480355330877675,
          59.98924348736061
        ]
      }
    },
    {
      "type": "Feature",
      "properties": {
        "monotonic_time": 397913.539806544,
        "horizontal_accuracy": 2.2972915955278777,
        "speed": 0,
        "course": 234.07829160275475,
        "synthetic": false
      },
      "geometry": {
        "type": "Point",
        "coordinates": [
          30.48035180917233,
          59.989244825665565
        ]
      }
    },
    {
      "type": "Feature",
      "properties": {
        "monotonic_time": 397914.53980640316,
        "horizontal_accuracy": 2.3386784878759856,
        "speed": 0.01798773170390653,
        "course": 234.07829266684226,
        "synthetic": false
      },
      "geometry": {
        "type": "Point",
        "coordinates": [
          30.480353051726265,
          59.989244611001574
        ]
      }
    },
    {
      "type": "Feature",
      "properties": {
        "monotonic_time": 397915.5398076901,
        "horizontal_accuracy": 2.3658739840641316,
        "speed": 0,
        "course": 234.07829334518007,
        "synthetic": false
      },
      "geometry": {
        "type": "Point",
        "coordinates": [
          30.48035383653698,
          59.98924482515583
        ]
      }
    },
    {
      "type": "Feature",
      "properties": {
        "monotonic_time": 397916.5398027471,
        "horizontal_accuracy": 2.3975828925916898,
        "speed": 0,
        "course": 234.07829334518007,
        "synthetic": false
      },
      "geometry": {
        "type": "Point",
        "coordinates": [
          30.48035383653698,
          59.98924482515583
        ]
      }
    },
    {
      "type": "Feature",
      "properties": {
        "monotonic_time": 397917.5398076228,
        "horizontal_accuracy": 2.4246917233176135,
        "speed": 0,
        "course": 234.07829334518007,
        "synthetic": false
      },
      "geometry": {
        "type": "Point",
        "coordinates": [
          30.48035383653698,
          59.98924482515583
        ]
      }
    },
    {
      "type": "Feature",
      "properties": {
        "monotonic_time": 397918.5398038498,
        "horizontal_accuracy": 2.4553445735374018,
        "speed": 0,
        "course": 234.07829334518007,
        "synthetic": false
      },
      "geometry": {
        "type": "Point",
        "coordinates": [
          30.48035383653698,
          59.98924482515583
        ]
      }
    },
    {
      "type": "Feature",
      "properties": {
        "monotonic_time": 397919.5398081104,
        "horizontal_accuracy": 2.4533638835899385,
        "speed": 0,
        "course": 234.07829334518007,
        "synthetic": false
      },
      "geometry": {
        "type": "Point",
        "coordinates": [
          30.48035383653698,
          59.98924482515583
        ]
      }
    },
    {
      "type": "Feature",
      "properties": {
        "monotonic_time": 397920.5398071567,
        "horizontal_accuracy": 2.4806520067712228,
        "speed": 0,
        "course": 234.07829334518007,
        "synthetic": false
      },
      "geometry": {
        "type": "Point",
        "coordinates": [
          30.48035383653698,
          59.98924482515583
        ]
      }
    },
    {
      "type": "Feature",
      "properties": {
        "monotonic_time": 397921.5398073839,
        "horizontal_accuracy": 2.5062662342951527,
        "speed": 0,
        "course": 234.07829334518007,
        "synthetic": false
      },
      "geometry": {
        "type": "Point",
        "coordinates": [
          30.48035383653698,
          59.98924482515583
        ]
      }
    },
    {
      "type": "Feature",
      "properties": {
        "monotonic_time": 397922.5398046391,
        "horizontal_accuracy": 2.235200611434179,
        "speed": 0,
        "course": 234.07829334518007,
        "synthetic": false
      },
      "geometry": {
        "type": "Point",
        "coordinates": [
          30.48035383653698,
          59.98924482515583
        ]
      }
    },
    {
      "type": "Feature",
      "properties": {
        "monotonic_time": 397923.53980810166,
        "horizontal_accuracy": 2.22344058086247,
        "speed": 0,
        "course": 234.07829334518007,
        "synthetic": false
      },
      "geometry": {
        "type": "Point",
        "coordinates": [
          30.48035383653698,
          59.98924482515583
        ]
      }
    },
    {
      "type": "Feature",
      "properties": {
        "monotonic_time": 397924.53980772104,
        "horizontal_accuracy": 2.2122685518193466,
        "speed": 0,
        "course": 234.07829334518007,
        "synthetic": false
      },
      "geometry": {
        "type": "Point",
        "coordinates": [
          30.48035383653698,
          59.98924482515583
        ]
      }
    },
    {
      "type": "Feature",
      "properties": {
        "monotonic_time": 397925.5398078202,
        "horizontal_accuracy": 2.201655124228379,
        "speed": 0,
        "course": 234.07829334518007,
        "synthetic": false
      },
      "geometry": {
        "type": "Point",
        "coordinates": [
          30.48035383653698,
          59.98924482515583
        ]
      }
    },
    {
      "type": "Feature",
      "properties": {
        "monotonic_time": 397926.5398062094,
        "horizontal_accuracy": 2.2615497680383427,
        "speed": 0,
        "course": 234.07829334518007,
        "synthetic": false
      },
      "geometry": {
        "type": "Point",
        "coordinates": [
          30.48035383653698,
          59.98924482515583
        ]
      }
    },
    {
      "type": "Feature",
      "properties": {
        "monotonic_time": 397927.53980731027,
        "horizontal_accuracy": 2.3013484924603818,
        "speed": 0,
        "course": 234.07829334518007,
        "synthetic": false
      },
      "geometry": {
        "type": "Point",
        "coordinates": [
          30.48035383653698,
          59.98924482515583
        ]
      }
    },
    {
      "type": "Feature",
      "properties": {
        "monotonic_time": 397928.53980650974,
        "horizontal_accuracy": 2.3292884841383503,
        "speed": 0,
        "course": 234.07829334518007,
        "synthetic": false
      },
      "geometry": {
        "type": "Point",
        "coordinates": [
          30.48035383653698,
          59.98924482515583
        ]
      }
    },
    {
      "type": "Feature",
      "properties": {
        "monotonic_time": 397929.5398066707,
        "horizontal_accuracy": 2.32936376826507,
        "speed": 0,
        "course": 234.07829334518007,
        "synthetic": false
      },
      "geometry": {
        "type": "Point",
        "coordinates": [
          30.48035383653698,
          59.98924482515583
        ]
      }
    },
    {
      "type": "Feature",
      "properties": {
        "monotonic_time": 397930.53980751924,
        "horizontal_accuracy": 2.335233373293789,
        "speed": 0,
        "course": 234.07829334518007,
        "synthetic": false
      },
      "geometry": {
        "type": "Point",
        "coordinates": [
          30.48035383653698,
          59.98924482515583
        ]
      }
    },
    {
      "type": "Feature",
      "properties": {
        "monotonic_time": 397931.5398077135,
        "horizontal_accuracy": 2.348947606357694,
        "speed": 0.14819645828009342,
        "course": 234.07827822637836,
        "synthetic": false
      },
      "geometry": {
        "type": "Point",
        "coordinates": [
          30.48033640475385,
          59.98923716147121
        ]
      }
    },
    {
      "type": "Feature",
      "properties": {
        "monotonic_time": 397932.5398073298,
        "horizontal_accuracy": 2.3802554847245316,
        "speed": 0.43343602650997337,
        "course": 234.07827272331005,
        "synthetic": false
      },
      "geometry": {
        "type": "Point",
        "coordinates": [
          30.480330038904278,
          59.98923537655347
        ]
      }
    },
    {
      "type": "Feature",
      "properties": {
        "monotonic_time": 397933.5398068477,
        "horizontal_accuracy": 2.3867537910106815,
        "speed": 0.45106304112712897,
        "course": 234.07826683941022,
        "synthetic": false
      },
      "geometry": {
        "type": "Point",
        "coordinates": [
          30.480323237887447,
          59.98923320969358
        ]
      }
    },
    {
      "type": "Feature",
      "properties": {
        "monotonic_time": 397934.53980624676,
        "horizontal_accuracy": 2.3870533898134125,
        "speed": 0.48879619241548966,
        "course": 234.07825924439737,
        "synthetic": false
      },
      "geometry": {
        "type": "Point",
        "coordinates": [
          30.48031444937691,
          59.989230877930524
        ]
      }
    },
    {
      "type": "Feature",
      "properties": {
        "monotonic_time": 397935.5398046118,
        "horizontal_accuracy": 2.4070300323496125,
        "speed": 0.8431657267976521,
        "course": 234.07824774794364,
        "synthetic": false
      },
      "geometry": {
        "type": "Point",
        "coordinates": [
          30.480301135482406,
          59.98922787088244
        ]
      }
    },
    {
      "type": "Feature",
      "properties": {
        "monotonic_time": 397936.53980717744,
        "horizontal_accuracy": 2.4480638243576145,
        "speed": 1.1738322679688045,
        "course": 234.07823508264318,
        "synthetic": false
      },
      "geometry": {
        "type": "Point",
        "coordinates": [
          30.480286478853063,
          59.989224034136264
        ]
      }
    },
    {
      "type": "Feature",
      "properties": {
        "monotonic_time": 397937.5398049992,
        "horizontal_accuracy": 2.4534249025979187,
        "speed": 1.1141648767545547,
        "course": 234.0782220426632,
        "synthetic": false
      },
      "geometry": {
        "type": "Point",
        "coordinates": [
          30.480271414854247,
          59.98921882250084
        ]
      }
    },
    {
      "type": "Feature",
      "properties": {
        "monotonic_time": 397938.53980379575,
        "horizontal_accuracy": 2.4447880687251704,
        "speed": 0.6593850418985417,
        "course": 234.07821155127863,
        "synthetic": false
      },
      "geometry": {
        "type": "Point",
        "coordinates": [
          30.480259211678113,
          59.9892186395107
        ]
      }
    },
    {
      "type": "Feature",
      "properties": {
        "monotonic_time": 397939.5398068466,
        "horizontal_accuracy": 2.4225486637508173,
        "speed": 0.6102764110339236,
        "course": 234.07820684928305,
        "synthetic": false
      },
      "geometry": {
        "type": "Point",
        "coordinates": [
          30.480253860280317,
          59.98921289122104
        ]
      }
    },
    {
      "type": "Feature",
      "properties": {
        "monotonic_time": 397940.5398061927,
        "horizontal_accuracy": 2.4326726776889,
        "speed": 0.7585030049967979,
        "course": 234.078198009302,
        "synthetic": false
      },
      "geometry": {
        "type": "Point",
        "coordinates": [
          30.480243689131857,
          59.98920738845017
        ]
      }
    },
    {
      "type": "Feature",
      "properties": {
        "monotonic_time": 397941.53980806365,
        "horizontal_accuracy": 2.4367869567842826,
        "speed": 0.44500163672644555,
        "course": 234.07819348187272,
        "synthetic": false
      },
      "geometry": {
        "type": "Point",
        "coordinates": [
          30.480238439781324,
          59.9892065021462
        ]
      }
    },
    {
      "type": "Feature",
      "properties": {
        "monotonic_time": 397942.53980558604,
        "horizontal_accuracy": 2.434288814719316,
        "speed": 0.193721027459264,
        "course": 234.0781888757332,
        "synthetic": false
      },
      "geometry": {
        "type": "Point",
        "coordinates": [
          30.480233064653632,
          59.98920726094726
        ]
      }
    },
    {
      "type": "Feature",
      "properties": {
        "monotonic_time": 397943.5398078894,
        "horizontal_accuracy": 2.4424138985258113,
        "speed": 0.2921196881053539,
        "course": 234.07817915864706,
        "synthetic": false
      },
      "geometry": {
        "type": "Point",
        "coordinates": [
          30.480221788810677,
          59.98920580701904
        ]
      }
    },
    {
      "type": "Feature",
      "properties": {
        "monotonic_time": 397944.53980619,
        "horizontal_accuracy": 2.4868688647922523,
        "speed": 0.45176533101759564,
        "course": 234.0781733503054,
        "synthetic": false
      },
      "geometry": {
        "type": "Point",
        "coordinates": [
          30.480215118909957,
          59.989201561655605
        ]
      }
    },
    {
      "type": "Feature",
      "properties": {
        "monotonic_time": 397945.53980688757,
        "horizontal_accuracy": 2.52835379585377,
        "speed": 0.5544223539776516,
        "course": 234.07816347415508,
        "synthetic": false
      },
      "geometry": {
        "type": "Point",
        "coordinates": [
          30.48020359151884,
          59.98920330566324
        ]
      }
    },
    {
      "type": "Feature",
      "properties": {
        "monotonic_time": 397946.53980524105,
        "horizontal_accuracy": 2.5666700342563025,
        "speed": 0.7621954490857877,
        "course": 234.07815419232935,
        "synthetic": false
      },
      "geometry": {
        "type": "Point",
        "coordinates": [
          30.4801929482269,
          59.989195784451276
        ]
      }
    },
    {
      "type": "Feature",
      "properties": {
        "monotonic_time": 397947.5398072004,
        "horizontal_accuracy": 2.6076758728857987,
        "speed": 0.704675816982298,
        "course": 234.07814644437337,
        "synthetic": false
      },
      "geometry": {
        "type": "Point",
        "coordinates": [
          30.48018407804991,
          59.98918882026811
        ]
      }
    },
    {
      "type": "Feature",
      "properties": {
        "monotonic_time": 397948.53980298946,
        "horizontal_accuracy": 2.6354741529648296,
        "speed": 0.5169302148896198,
        "course": 234.0781396292901,
        "synthetic": false
      },
      "geometry": {
        "type": "Point",
        "coordinates": [
          30.480176143402783,
          59.98918906719896
        ]
      }
    },
    {
      "type": "Feature",
      "properties": {
        "monotonic_time": 397949.53980725846,
        "horizontal_accuracy": 2.67002491516305,
        "speed": 0.4162655463914214,
        "course": 234.0781378756141,
        "synthetic": false
      },
      "geometry": {
        "type": "Point",
        "coordinates": [
          30.480174216577765,
          59.989183600999645
        ]
      }
    },
    {
      "type": "Feature",
      "properties": {
        "monotonic_time": 397950.5398069795,
        "horizontal_accuracy": 2.6885381019854413,
        "speed": 0.42102252700700515,
        "course": 234.07813473852676,
        "synthetic": false
      },
      "geometry": {
        "type": "Point",
        "coordinates": [
          30.48017065452268,
          59.98917936626794
        ]
      }
    },
    {
      "type": "Feature",
      "properties": {
        "monotonic_time": 397951.5398084686,
        "horizontal_accuracy": 2.711715648849582,
        "speed": 0.6451738869429251,
        "course": 234.0781280991963,
        "synthetic": false
      },
      "geometry": {
        "type": "Point",
        "coordinates": [
          30.480163022478457,
          59.98917489309635
        ]
      }
    },
    {
      "type": "Feature",
      "properties": {
        "monotonic_time": 397952.53980516846,
        "horizontal_accuracy": 2.7283291704655928,
        "speed": 0.596463584397633,
        "course": 234.07812012498982,
        "synthetic": false
      },
      "geometry": {
        "type": "Point",
        "coordinates": [
          30.48015370324511,
          59.98917686804918
        ]
      }
    },
    {
      "type": "Feature",
      "properties": {
        "monotonic_time": 397953.5398052419,
        "horizontal_accuracy": 2.746855849527456,
        "speed": 0.5280312377337824,
        "course": 234.0781192299828,
        "synthetic": false
      },
      "geometry": {
        "type": "Point",
        "coordinates": [
          30.4801527336838,
          59.9891734136795
        ]
      }
    },
    {
      "type": "Feature",
      "properties": {
        "monotonic_time": 397954.53980602673,
        "horizontal_accuracy": 2.7834107681062803,
        "speed": 0.4646528263228432,
        "course": 234.07811434558027,
        "synthetic": false
      },
      "geometry": {
        "type": "Point",
        "coordinates": [
          30.480147075106245,
          59.98917223288848
        ]
      }
    },
    {
      "type": "Feature",
      "properties": {
        "monotonic_time": 397955.5398039265,
        "horizontal_accuracy": 2.779401649381924,
        "speed": 0.2246528982665809,
        "course": 234.0781123437109,
        "synthetic": false
      },
      "geometry": {
        "type": "Point",
        "coordinates": [
          30.48014471374307,
          59.98917377914103
        ]
      }
    },
    {
      "type": "Feature",
      "properties": {
        "monotonic_time": 397956.53980726196,
        "horizontal_accuracy": 2.7997300158729534,
        "speed": 0.010213625850950278,
        "course": 234.0781089433982,
        "synthetic": false
      },
      "geometry": {
        "type": "Point",
        "coordinates": [
          30.480140723344256,
          59.98917541742496
        ]
      }
    },
    {
      "type": "Feature",
      "properties": {
        "monotonic_time": 397957.5398065524,
        "horizontal_accuracy": 2.8167348619231007,
        "speed": 0.08421768350678276,
        "course": 234.07810803904036,
        "synthetic": false
      },
      "geometry": {
        "type": "Point",
        "coordinates": [
          30.480139666236465,
          59.98917565150883
        ]
      }
    },
    {
      "type": "Feature",
      "properties": {
        "monotonic_time": 397958.53980678186,
        "horizontal_accuracy": 2.8405913850701676,
        "speed": 0.3342450830591266,
        "course": 234.0781017596929,
        "synthetic": false
      },
      "geometry": {
        "type": "Point",
        "coordinates": [
          30.48013241106451,
          59.989173197828144
        ]
      }
    },
    {
      "type": "Feature",
      "properties": {
        "monotonic_time": 397959.5398074155,
        "horizontal_accuracy": 2.8488900218412425,
        "speed": 0.08499428350707866,
        "course": 234.0780986306848,
        "synthetic": false
      },
      "geometry": {
        "type": "Point",
        "coordinates": [
          30.480128711745667,
          59.98917601914056
        ]
      }
    },
    {
      "type": "Feature",
      "properties": {
        "monotonic_time": 397960.5398070323,
        "horizontal_accuracy": 2.8953059011934346,
        "speed": 0.3337323765869102,
        "course": 234.07809269807274,
        "synthetic": false
      },
      "geometry": {
        "type": "Point",
        "coordinates": [
          30.480121836498864,
          59.9891746965398
        ]
      }
    },
    {
      "type": "Feature",
      "properties": {
        "monotonic_time": 397961.53980816476,
        "horizontal_accuracy": 2.8946561382079374,
        "speed": 0.1228091952601605,
        "course": 234.07808867710378,
        "synthetic": false
      },
      "geometry": {
        "type": "Point",
        "coordinates": [
          30.48011716693282,
          59.98917426697864
        ]
      }
    },
    {
      "type": "Feature",
      "properties": {
        "monotonic_time": 397962.539803545,
        "horizontal_accuracy": 2.8981605259707925,
        "speed": 0.20925616440517486,
        "course": 234.07808495647237,
        "synthetic": false
      },
      "geometry": {
        "type": "Point",
        "coordinates": [
          30.48011291612361,
          59.98917050299689
        ]
      }
    },
    {
      "type": "Feature",
      "properties": {
        "monotonic_time": 397963.53980626183,
        "horizontal_accuracy": 2.8882756236049905,
        "speed": 0.45242355783742383,
        "course": 234.07808065427983,
        "synthetic": false
      },
      "geometry": {
        "type": "Point",
        "coordinates": [
          30.48010795515631,
          59.98916835061197
        ]
      }
    },
    {
      "type": "Feature",
      "properties": {
        "monotonic_time": 397964.53980690223,
        "horizontal_accuracy": 2.9049264658809344,
        "speed": 0.7023179202623834,
        "course": 234.07807199234156,
        "synthetic": false
      },
      "geometry": {
        "type": "Point",
        "coordinates": [
          30.480097921165658,
          59.98916621523927
        ]
      }
    },
    {
      "type": "Feature",
      "properties": {
        "monotonic_time": 397965.53980438405,
        "horizontal_accuracy": 2.8880346310664824,
        "speed": 1.0163402811264568,
        "course": 234.07805790055824,
        "synthetic": false
      },
      "geometry": {
        "type": "Point",
        "coordinates": [
          30.480081592290908,
          59.989162979457404
        ]
      }
    },
    {
      "type": "Feature",
      "properties": {
        "monotonic_time": 397966.53980783536,
        "horizontal_accuracy": 2.8334790378410117,
        "speed": 0.6354425683334048,
        "course": 234.07805648634016,
        "synthetic": false
      },
      "geometry": {
        "type": "Point",
        "coordinates": [
          30.480079934066865,
          59.98916359274362
        ]
      }
    },
    {
      "type": "Feature",
      "properties": {
        "monotonic_time": 397967.53650861786,
        "horizontal_accuracy": 2.803836114611641,
        "speed": 0.7291456106656257,
        "course": 234.07805435784775,
        "synthetic": false
      },
      "geometry": {
        "type": "Point",
        "coordinates": [
          30.480077575087495,
          59.98915793609144
        ]
      }
    },
    {
      "type": "Feature",
      "properties": {
        "monotonic_time": 397968.5374010184,
        "horizontal_accuracy": 2.7697472160071,
        "speed": 0.7188165139674437,
        "course": 234.078054161082,
        "synthetic": false
      },
      "geometry": {
        "type": "Point",
        "coordinates": [
          30.48007740167155,
          59.9891552646409
        ]
      }
    },
    {
      "type": "Feature",
      "properties": {
        "monotonic_time": 397969.53740137024,
        "horizontal_accuracy": 2.7495501052781366,
        "speed": 0.9960073470638962,
        "course": 234.07804033631695,
        "synthetic": false
      },
      "geometry": {
        "type": "Point",
        "coordinates": [
          30.480061451631347,
          59.98914874983131
        ]
      }
    },
    {
      "type": "Feature",
      "properties": {
        "monotonic_time": 397970.53660594876,
        "horizontal_accuracy": 2.7310807254303913,
        "speed": 1.2443651235862156,
        "course": 234.0780254006371,
        "synthetic": false
      },
      "geometry": {
        "type": "Point",
        "coordinates": [
          30.4800442436249,
          59.989140569774605
        ]
      }
    },
    {
      "type": "Feature",
      "properties": {
        "monotonic_time": 397971.53697582695,
        "horizontal_accuracy": 2.7205496690610493,
        "speed": 1.019271506307843,
        "course": 234.07801795795444,
        "synthetic": false
      },
      "geometry": {
        "type": "Point",
        "coordinates": [
          30.48003572684644,
          59.98913369138104
        ]
      }
    },
    {
      "type": "Feature",
      "properties": {
        "monotonic_time": 397972.5369749195,
        "horizontal_accuracy": 2.698897996136957,
        "speed": 1.1138074487905185,
        "course": 234.07800040577388,
        "synthetic": false
      },
      "geometry": {
        "type": "Point",
        "coordinates": [
          30.480015457058325,
          59.98912634927558
        ]
      }
    },
    {
      "type": "Feature",
      "properties": {
        "monotonic_time": 397973.5364883254,
        "horizontal_accuracy": 2.705981761624,
        "speed": 0.9848982658770673,
        "course": 234.07798718360456,
        "synthetic": false
      },
      "geometry": {
        "type": "Point",
        "coordinates": [
          30.480000176781086,
          59.98912134362039
        ]
      }
    },
    {
      "type": "Feature",
      "properties": {
        "monotonic_time": 397974.536556638,
        "horizontal_accuracy": 2.7166598172502505,
        "speed": 1.0011657324944194,
        "course": 234.07797506674586,
        "synthetic": false
      },
      "geometry": {
        "type": "Point",
        "coordinates": [
          30.47998616170978,
          59.98911734110292
        ]
      }
    },
    {
      "type": "Feature",
      "properties": {
        "monotonic_time": 397975.5365577379,
        "horizontal_accuracy": 2.6896826730959793,
        "speed": 1.2242371082856047,
        "course": 234.07795485590785,
        "synthetic": false
      },
      "geometry": {
        "type": "Point",
        "coordinates": [
          30.479962760384268,
          59.989111833188545
        ]
      }
    },
    {
      "type": "Feature",
      "properties": {
        "monotonic_time": 397976.5366310315,
        "horizontal_accuracy": 2.7023763155013323,
        "speed": 1.3697865848163837,
        "course": 234.0779348096881,
        "synthetic": false
      },
      "geometry": {
        "type": "Point",
        "coordinates": [
          30.479939621294296,
          59.989102923570826
        ]
      }
    },
    {
      "type": "Feature",
      "properties": {
        "monotonic_time": 397977.53636746533,
        "horizontal_accuracy": 2.62828101156131,
        "speed": 1.1022824323756288,
        "course": 234.0779222438943,
        "synthetic": false
      },
      "geometry": {
        "type": "Point",
        "coordinates": [
          30.479925020943472,
          59.98910194899028
        ]
      }
    },
    {
      "type": "Feature",
      "properties": {
        "monotonic_time": 397978.5363666751,
        "horizontal_accuracy": 2.5973148301337243,
        "speed": 0.8502266454215394,
        "course": 234.07790786210742,
        "synthetic": false
      },
      "geometry": {
        "type": "Point",
        "coordinates": [
          30.479908395511323,
          59.989096746445355
        ]
      }
    },
    {
      "type": "Feature",
      "properties": {
        "monotonic_time": 397979.537119666,
        "horizontal_accuracy": 2.5798087997465577,
        "speed": 0.7970919045248697,
        "course": 234.0778936118893,
        "synthetic": false
      },
      "geometry": {
        "type": "Point",
        "coordinates": [
          30.479892003978446,
          59.98908765529427
        ]
      }
    },
    {
      "type": "Feature",
      "properties": {
        "monotonic_time": 397980.53620761,
        "horizontal_accuracy": 2.509393913666408,
        "speed": 0.7038385502783208,
        "course": 234.07788344948705,
        "synthetic": false
      },
      "geometry": {
        "type": "Point",
        "coordinates": [
          30.47988028774778,
          59.98908246009643
        ]
      }
    },
    {
      "type": "Feature",
      "properties": {
        "monotonic_time": 397981.53620775556,
        "horizontal_accuracy": 2.4235065411282264,
        "speed": 0.5927430100971707,
        "course": 234.07787476373795,
        "synthetic": false
      },
      "geometry": {
        "type": "Point",
        "coordinates": [
          30.479870270136182,
          59.989078203274275
        ]
      }
    },
    {
      "type": "Feature",
      "properties": {
        "monotonic_time": 397982.5362070749,
        "horizontal_accuracy": 2.3340250935082048,
        "speed": 0.5818854139437116,
        "course": 234.07786412802295,
        "synthetic": false
      },
      "geometry": {
        "type": "Point",
        "coordinates": [
          30.479858003384134,
          59.9890729988889
        ]
      }
    },
    {
      "type": "Feature",
      "properties": {
        "monotonic_time": 397983.5362079771,
        "horizontal_accuracy": 2.3136370045626373,
        "speed": 0.5831118455674729,
        "course": 234.07785296308077,
        "synthetic": false
      },
      "geometry": {
        "type": "Point",
        "coordinates": [
          30.47984507610996,
          59.98906994789159
        ]
      }
    },
    {
      "type": "Feature",
      "properties": {
        "monotonic_time": 397984.5362072788,
        "horizontal_accuracy": 2.304790198834724,
        "speed": 0.5530950711182397,
        "course": 234.0778443697106,
        "synthetic": false
      },
      "geometry": {
        "type": "Point",
        "coordinates": [
          30.47983512748786,
          59.98906754331498
        ]
      }
    },
    {
      "type": "Feature",
      "properties": {
        "monotonic_time": 397985.5362085529,
        "horizontal_accuracy": 2.2895506894676734,
        "speed": 0.5468796935046528,
        "course": 234.07783562807143,
        "synthetic": false
      },
      "geometry": {
        "type": "Point",
        "coordinates": [
          30.47982503629268,
          59.98906369800793
        ]
      }
    },
    {
      "type": "Feature",
      "properties": {
        "monotonic_time": 397986.53620745154,
        "horizontal_accuracy": 2.2750731473382917,
        "speed": 0.28735905963235425,
        "course": 234.07783126692377,
        "synthetic": false
      },
      "geometry": {
        "type": "Point",
        "coordinates": [
          30.479820011033166,
          59.98906133821324
        ]
      }
    },
    {
      "type": "Feature",
      "properties": {
        "monotonic_time": 397987.53620813607,
        "horizontal_accuracy": 2.297536169317841,
        "speed": 0.04773554859393578,
        "course": 234.07783045787048,
        "synthetic": false
      },
      "geometry": {
        "type": "Point",
        "coordinates": [
          30.47981906293109,
          59.989061662960296
        ]
      }
    },
    {
      "type": "Feature",
      "properties": {
        "monotonic_time": 397988.53620787535,
        "horizontal_accuracy": 2.282659359349848,
        "speed": 0,
        "course": 234.0778325807982,
        "synthetic": false
      },
      "geometry": {
        "type": "Point",
        "coordinates": [
          30.47982153589509,
          59.98906152408868
        ]
      }
    },
    {
      "type": "Feature",
      "properties": {
        "monotonic_time": 397989.5362082541,
        "horizontal_accuracy": 2.3484965626263197,
        "speed": 0,
        "course": 234.0778325807982,
        "synthetic": false
      },
      "geometry": {
        "type": "Point",
        "coordinates": [
          30.47982153589509,
          59.98906152408868
        ]
      }
    },
    {
      "type": "Feature",
      "properties": {
        "monotonic_time": 397990.53620655584,
        "horizontal_accuracy": 2.4312924317915416,
        "speed": 0,
        "course": 234.0778325807982,
        "synthetic": false
      },
      "geometry": {
        "type": "Point",
        "coordinates": [
          30.47982153589509,
          59.98906152408868
        ]
      }
    },
    {
      "type": "Feature",
      "properties": {
        "monotonic_time": 397991.536207553,
        "horizontal_accuracy": 2.4599759680264603,
        "speed": 0,
        "course": 234.0778325807982,
        "synthetic": false
      },
      "geometry": {
        "type": "Point",
        "coordinates": [
          30.47982153589509,
          59.98906152408868
        ]
      }
    },
    {
      "type": "Feature",
      "properties": {
        "monotonic_time": 397992.5362072607,
        "horizontal_accuracy": 2.502036612071562,
        "speed": 0,
        "course": 234.0778325807982,
        "synthetic": false
      },
      "geometry": {
        "type": "Point",
        "coordinates": [
          30.47982153589509,
          59.98906152408868
        ]
      }
    },
    {
      "type": "Feature",
      "properties": {
        "monotonic_time": 397993.5362072769,
        "horizontal_accuracy": 2.555739137955006,
        "speed": 0,
        "course": 234.0778325807982,
        "synthetic": false
      },
      "geometry": {
        "type": "Point",
        "coordinates": [
          30.47982153589509,
          59.98906152408868
        ]
      }
    },
    {
      "type": "Feature",
      "properties": {
        "monotonic_time": 397994.5362068022,
        "horizontal_accuracy": 2.5809138038587367,
        "speed": 0,
        "course": 234.0778325807982,
        "synthetic": false
      },
      "geometry": {
        "type": "Point",
        "coordinates": [
          30.47982153589509,
          59.98906152408868
        ]
      }
    },
    {
      "type": "Feature",
      "properties": {
        "monotonic_time": 397995.53620453196,
        "horizontal_accuracy": 2.5830417455241963,
        "speed": 0,
        "course": 234.0778325807982,
        "synthetic": false
      },
      "geometry": {
        "type": "Point",
        "coordinates": [
          30.47982153589509,
          59.98906152408868
        ]
      }
    },
    {
      "type": "Feature",
      "properties": {
        "monotonic_time": 397996.53620783513,
        "horizontal_accuracy": 2.554114886060987,
        "speed": 0,
        "course": 234.0778325807982,
        "synthetic": false
      },
      "geometry": {
        "type": "Point",
        "coordinates": [
          30.47982153589509,
          59.98906152408868
        ]
      }
    },
    {
      "type": "Feature",
      "properties": {
        "monotonic_time": 397997.5362048823,
        "horizontal_accuracy": 2.572155843907901,
        "speed": 0.11048574754078766,
        "course": 234.07782146372222,
        "synthetic": false
      },
      "geometry": {
        "type": "Point",
        "coordinates": [
          30.47980876475897,
          59.989053639804695
        ]
      }
    },
    {
      "type": "Feature",
      "properties": {
        "monotonic_time": 397998.536206689,
        "horizontal_accuracy": 2.5607748268090327,
        "speed": 0.24320426850371196,
        "course": 234.07781704612904,
        "synthetic": false
      },
      "geometry": {
        "type": "Point",
        "coordinates": [
          30.4798036615546,
          59.98905187035206
        ]
      }
    },
    {
      "type": "Feature",
      "properties": {
        "monotonic_time": 397999.5362068964,
        "horizontal_accuracy": 2.5327360918590727,
        "speed": 0.4463796908318018,
        "course": 234.0778101240487,
        "synthetic": false
      },
      "geometry": {
        "type": "Point",
        "coordinates": [
          30.479795669389407,
          59.989048894510276
        ]
      }
    },
    {
      "type": "Feature",
      "properties": {
        "monotonic_time": 398000.5362077351,
        "horizontal_accuracy": 2.5089791931263665,
        "speed": 0.5369274682907311,
        "course": 234.07780246359482,
        "synthetic": false
      },
      "geometry": {
        "type": "Point",
        "coordinates": [
          30.47978683207105,
          59.98904524680249
        ]
      }
    },
    {
      "type": "Feature",
      "properties": {
        "monotonic_time": 398001.5362065372,
        "horizontal_accuracy": 2.483530233962498,
        "speed": 0.4389991581125701,
        "course": 234.07779587077619,
        "synthetic": false
      },
      "geometry": {
        "type": "Point",
        "coordinates": [
          30.479779220526137,
          59.98904239044824
        ]
      }
    },
    {
      "type": "Feature",
      "properties": {
        "monotonic_time": 398002.5362030923,
        "horizontal_accuracy": 2.459353724507525,
        "speed": 0.6283962716567775,
        "course": 234.07778832995814,
        "synthetic": false
      },
      "geometry": {
        "type": "Point",
        "coordinates": [
          30.479770520959057,
          59.98903881237675
        ]
      }
    },
    {
      "type": "Feature",
      "properties": {
        "monotonic_time": 398003.5362088942,
        "horizontal_accuracy": 2.5025146317320357,
        "speed": 0.6890005869243552,
        "course": 234.0777766518833,
        "synthetic": false
      },
      "geometry": {
        "type": "Point",
        "coordinates": [
          30.479757026752345,
          59.98903431234405
        ]
      }
    },
    {
      "type": "Feature",
      "properties": {
        "monotonic_time": 398004.5362084348,
        "horizontal_accuracy": 2.4777072938963864,
        "speed": 0.7142166362480902,
        "course": 234.07776851292476,
        "synthetic": false
      },
      "geometry": {
        "type": "Point",
        "coordinates": [
          30.47974764452817,
          59.989030094524345
        ]
      }
    },
    {
      "type": "Feature",
      "properties": {
        "monotonic_time": 398005.5362062285,
        "horizontal_accuracy": 2.513502589770412,
        "speed": 0.6549411706437785,
        "course": 234.07776204070797,
        "synthetic": false
      },
      "geometry": {
        "type": "Point",
        "coordinates": [
          30.479740167218644,
          59.989027531054546
        ]
      }
    },
    {
      "type": "Feature",
      "properties": {
        "monotonic_time": 398006.5362092347,
        "horizontal_accuracy": 2.504583028961214,
        "speed": 0.5624952390185064,
        "course": 234.07775318152426,
        "synthetic": false
      },
      "geometry": {
        "type": "Point",
        "coordinates": [
          30.47972994414719,
          59.98902345023171
        ]
      }
    },
    {
      "type": "Feature",
      "properties": {
        "monotonic_time": 398007.53620787704,
        "horizontal_accuracy": 2.5274263507928976,
        "speed": 0.6166761585430247,
        "course": 234.07774490235377,
        "synthetic": false
      },
      "geometry": {
        "type": "Point",
        "coordinates": [
          30.479720370182722,
          59.9890206086121
        ]
      }
    },
    {
      "type": "Feature",
      "properties": {
        "monotonic_time": 398008.5362090364,
        "horizontal_accuracy": 2.5125234971365535,
        "speed": 0.7944500992830406,
        "course": 234.07773281221188,
        "synthetic": false
      },
      "geometry": {
        "type": "Point",
        "coordinates": [
          30.479706407363473,
          59.98901558694648
        ]
      }
    },
    {
      "type": "Feature",
      "properties": {
        "monotonic_time": 398009.53620902303,
        "horizontal_accuracy": 2.486897326165778,
        "speed": 0.9228035030880596,
        "course": 234.07771866056783,
        "synthetic": false
      },
      "geometry": {
        "type": "Point",
        "coordinates": [
          30.479690115181615,
          59.98900723305774
        ]
      }
    },
    {
      "type": "Feature",
      "properties": {
        "monotonic_time": 398010.53620957094,
        "horizontal_accuracy": 2.46255245896526,
        "speed": 0.8353123820726874,
        "course": 234.07770874463728,
        "synthetic": false
      },
      "geometry": {
        "type": "Point",
        "coordinates": [
          30.4796786376044,
          59.98900435299408
        ]
      }
    },
    {
      "type": "Feature",
      "properties": {
        "monotonic_time": 398011.5362046392,
        "horizontal_accuracy": 2.4716838407764503,
        "speed": 0.7068055537398137,
        "course": 234.07769912813583,
        "synthetic": false
      },
      "geometry": {
        "type": "Point",
        "coordinates": [
          30.479667453745105,
          59.98900410399007
        ]
      }
    },
    {
      "type": "Feature",
      "properties": {
        "monotonic_time": 398012.5362088999,
        "horizontal_accuracy": 2.4719361428357502,
        "speed": 0.4327528447668529,
        "course": 234.0776883381191,
        "synthetic": false
      },
      "geometry": {
        "type": "Point",
        "coordinates": [
          30.479654954337377,
          59.98900145538069
        ]
      }
    },
    {
      "type": "Feature",
      "properties": {
        "monotonic_time": 398013.5362088716,
        "horizontal_accuracy": 2.4504673326325617,
        "speed": 0.16263623643602396,
        "course": 234.07767997263875,
        "synthetic": false
      },
      "geometry": {
        "type": "Point",
        "coordinates": [
          30.479645271554865,
          59.988999017632786
        ]
      }
    },
    {
      "type": "Feature",
      "properties": {
        "monotonic_time": 398014.53620922606,
        "horizontal_accuracy": 2.438714958293012,
        "speed": 0.24996927622890816,
        "course": 234.07767435000002,
        "synthetic": false
      },
      "geometry": {
        "type": "Point",
        "coordinates": [
          30.479638752305537,
          59.98899791911141
        ]
      }
    },
    {
      "type": "Feature",
      "properties": {
        "monotonic_time": 398015.5362103789,
        "horizontal_accuracy": 2.4167792220339526,
        "speed": 0.5836772993313336,
        "course": 234.0776643172416,
        "synthetic": false
      },
      "geometry": {
        "type": "Point",
        "coordinates": [
          30.479627189225656,
          59.98899261221274
        ]
      }
    },
    {
      "type": "Feature",
      "properties": {
        "monotonic_time": 398016.5362088629,
        "horizontal_accuracy": 2.427922701709881,
        "speed": 0.6263356501651997,
        "course": 234.0776559382004,
        "synthetic": false
      },
      "geometry": {
        "type": "Point",
        "coordinates": [
          30.479617533905216,
          59.98898809356952
        ]
      }
    },
    {
      "type": "Feature",
      "properties": {
        "monotonic_time": 398017.53621068154,
        "horizontal_accuracy": 2.4508512051501463,
        "speed": 0.5817924156174483,
        "course": 234.0776453106949,
        "synthetic": false
      },
      "geometry": {
        "type": "Point",
        "coordinates": [
          30.479605270620276,
          59.9889831813216
        ]
      }
    },
    {
      "type": "Feature",
      "properties": {
        "monotonic_time": 398018.536209823,
        "horizontal_accuracy": 2.468643529003452,
        "speed": 0.37771363575486694,
        "course": 234.07763999268028,
        "synthetic": false
      },
      "geometry": {
        "type": "Point",
        "coordinates": [
          30.47959913158552,
          59.98898084229468
        ]
      }
    },
    {
      "type": "Feature",
      "properties": {
        "monotonic_time": 398019.5362105704,
        "horizontal_accuracy": 2.474602063594014,
        "speed": 0.16639690141120314,
        "course": 234.07763644970976,
        "synthetic": false
      },
      "geometry": {
        "type": "Point",
        "coordinates": [
          30.479595047063,
          59.988979022745944
        ]
      }
    },
    {
      "type": "Feature",
      "properties": {
        "monotonic_time": 398020.5362099977,
        "horizontal_accuracy": 2.4766618681327732,
        "speed": 0.3666156865106303,
        "course": 234.07762375944247,
        "synthetic": false
      },
      "geometry": {
        "type": "Point",
        "coordinates": [
          30.479580565218203,
          59.98896537526395
        ]
      }
    },
    {
      "type": "Feature",
      "properties": {
        "monotonic_time": 398021.53620986047,
        "horizontal_accuracy": 2.452828776935358,
        "speed": 0.4149944487422307,
        "course": 234.07761862480825,
        "synthetic": false
      },
      "geometry": {
        "type": "Point",
        "coordinates": [
          30.479574672887416,
          59.98896143188744
        ]
      }
    },
    {
      "type": "Feature",
      "properties": {
        "monotonic_time": 398022.53620885784,
        "horizontal_accuracy": 2.4403590589681183,
        "speed": 0,
        "course": 234.07761813475557,
        "synthetic": false
      },
      "geometry": {
        "type": "Point",
        "coordinates": [
          30.479574111568223,
          59.988961005067665
        ]
      }
    },
    {
      "type": "Feature",
      "properties": {
        "monotonic_time": 398023.5362102393,
        "horizontal_accuracy": 2.425719103563192,
        "speed": 0,
        "course": 234.07761813475557,
        "synthetic": false
      },
      "geometry": {
        "type": "Point",
        "coordinates": [
          30.479574111568223,
          59.988961005067665
        ]
      }
    },
    {
      "type": "Feature",
      "properties": {
        "monotonic_time": 398024.5362097819,
        "horizontal_accuracy": 2.4044331483850323,
        "speed": 0,
        "course": 234.07761813475557,
        "synthetic": false
      },
      "geometry": {
        "type": "Point",
        "coordinates": [
          30.479574111568223,
          59.988961005067665
        ]
      }
    },
    {
      "type": "Feature",
      "properties": {
        "monotonic_time": 398025.5362105125,
        "horizontal_accuracy": 2.3901267402001336,
        "speed": 0,
        "course": 234.07761813475557,
        "synthetic": false
      },
      "geometry": {
        "type": "Point",
        "coordinates": [
          30.479574111568223,
          59.988961005067665
        ]
      }
    },
    {
      "type": "Feature",
      "properties": {
        "monotonic_time": 398026.53620931186,
        "horizontal_accuracy": 2.3771135034439843,
        "speed": 0,
        "course": 234.07761813475557,
        "synthetic": false
      },
      "geometry": {
        "type": "Point",
        "coordinates": [
          30.479574111568223,
          59.988961005067665
        ]
      }
    },
    {
      "type": "Feature",
      "properties": {
        "monotonic_time": 398027.53620871034,
        "horizontal_accuracy": 2.362396635480122,
        "speed": 0.27340733783762255,
        "course": 234.0776066913401,
        "synthetic": false
      },
      "geometry": {
        "type": "Point",
        "coordinates": [
          30.47956096012816,
          59.988953148558124
        ]
      }
    },
    {
      "type": "Feature",
      "properties": {
        "monotonic_time": 398028.53621012904,
        "horizontal_accuracy": 2.345642452121455,
        "speed": 0.5350539486672311,
        "course": 234.07759847041243,
        "synthetic": false
      },
      "geometry": {
        "type": "Point",
        "coordinates": [
          30.479551456153658,
          59.98895019965766
        ]
      }
    },
    {
      "type": "Feature",
      "properties": {
        "monotonic_time": 398029.53620998946,
        "horizontal_accuracy": 2.3379062038229304,
        "speed": 0.5284297240703157,
        "course": 234.07759565392223,
        "synthetic": false
      },
      "geometry": {
        "type": "Point",
        "coordinates": [
          30.47954821552515,
          59.98894844662065
        ]
      }
    },
    {
      "type": "Feature",
      "properties": {
        "monotonic_time": 398030.5362101952,
        "horizontal_accuracy": 2.334923265180403,
        "speed": 0.8608156026861064,
        "course": 234.07758537311798,
        "synthetic": false
      },
      "geometry": {
        "type": "Point",
        "coordinates": [
          30.479536362505563,
          59.988943203482435
        ]
      }
    },
    {
      "type": "Feature",
      "properties": {
        "monotonic_time": 398031.5362100002,
        "horizontal_accuracy": 2.3181771146482255,
        "speed": 1.1898468611438353,
        "course": 234.07757038086402,
        "synthetic": false
      },
      "geometry": {
        "type": "Point",
        "coordinates": [
          30.47951904776372,
          59.98893698985432
        ]
      }
    },
    {
      "type": "Feature",
      "properties": {
        "monotonic_time": 398032.53621009423,
        "horizontal_accuracy": 2.330248249996599,
        "speed": 1.40751421299814,
        "course": 234.07755624427253,
        "synthetic": false
      },
      "geometry": {
        "type": "Point",
        "coordinates": [
          30.479502727950187,
          59.98893080773857
        ]
      }
    },
    {
      "type": "Feature",
      "properties": {
        "monotonic_time": 398033.5362097687,
        "horizontal_accuracy": 2.337447269992012,
        "speed": 1.709570935830276,
        "course": 234.0775338143886,
        "synthetic": false
      },
      "geometry": {
        "type": "Point",
        "coordinates": [
          30.47947680843833,
          59.98892223123296
        ]
      }
    },
    {
      "type": "Feature",
      "properties": {
        "monotonic_time": 398034.53620975587,
        "horizontal_accuracy": 2.3211856664464805,
        "speed": 1.798325489879529,
        "course": 234.07751187888664,
        "synthetic": false
      },
      "geometry": {
        "type": "Point",
        "coordinates": [
          30.479451461913513,
          59.988913762351714
        ]
      }
    },
    {
      "type": "Feature",
      "properties": {
        "monotonic_time": 398035.5362065218,
        "horizontal_accuracy": 2.3055924109102985,
        "speed": 1.7533237595512998,
        "course": 234.07748865253456,
        "synthetic": false
      },
      "geometry": {
        "type": "Point",
        "coordinates": [
          30.479424619896747,
          59.98890498323762
        ]
      }
    },
    {
      "type": "Feature",
      "properties": {
        "monotonic_time": 398036.5362103182,
        "horizontal_accuracy": 2.2978805842576997,
        "speed": 1.2248696965158048,
        "course": 234.0774715472995,
        "synthetic": false
      },
      "geometry": {
        "type": "Point",
        "coordinates": [
          30.47940481644271,
          59.98890022306933
        ]
      }
    },
    {
      "type": "Feature",
      "properties": {
        "monotonic_time": 398037.53620955424,
        "horizontal_accuracy": 2.295514782486711,
        "speed": 0.9832416386946375,
        "course": 234.07745909125197,
        "synthetic": false
      },
      "geometry": {
        "type": "Point",
        "coordinates": [
          30.47939043729887,
          59.98889474735917
        ]
      }
    },
    {
      "type": "Feature",
      "properties": {
        "monotonic_time": 398038.5362105136,
        "horizontal_accuracy": 2.292253660704745,
        "speed": 0.7335293759752752,
        "course": 234.077448235938,
        "synthetic": false
      },
      "geometry": {
        "type": "Point",
        "coordinates": [
          30.479377914835684,
          59.9888895513331
        ]
      }
    },
    {
      "type": "Feature",
      "properties": {
        "monotonic_time": 398039.53621134476,
        "horizontal_accuracy": 2.277640967973674,
        "speed": 0.3396767370280247,
        "course": 234.0774475775592,
        "synthetic": false
      },
      "geometry": {
        "type": "Point",
        "coordinates": [
          30.47937721679521,
          59.98888627858599
        ]
      }
    },
    {
      "type": "Feature",
      "properties": {
        "monotonic_time": 398040.53620937833,
        "horizontal_accuracy": 2.2637589107188374,
        "speed": 0.16031321312818742,
        "course": 234.07744647720028,
        "synthetic": false
      },
      "geometry": {
        "type": "Point",
        "coordinates": [
          30.47937591045668,
          59.98888753205761
        ]
      }
    },
    {
      "type": "Feature",
      "properties": {
        "monotonic_time": 398041.53620896925,
        "horizontal_accuracy": 2.250570971446563,
        "speed": 0.31747696428530114,
        "course": 234.07744298175606,
        "synthetic": false
      },
      "geometry": {
        "type": "Point",
        "coordinates": [
          30.479371915673532,
          59.98888405463194
        ]
      }
    },
    {
      "type": "Feature",
      "properties": {
        "monotonic_time": 398042.5362102917,
        "horizontal_accuracy": 2.2541971891240107,
        "speed": 0.1769050052964657,
        "course": 234.0774402918143,
        "synthetic": false
      },
      "geometry": {
        "type": "Point",
        "coordinates": [
          30.47936872611636,
          59.98888693006216
        ]
      }
    },
    {
      "type": "Feature",
      "properties": {
        "monotonic_time": 398043.5362098299,
        "horizontal_accuracy": 2.2414873277967424,
        "speed": 0.12195959774633351,
        "course": 234.0774366113633,
        "synthetic": false
      },
      "geometry": {
        "type": "Point",
        "coordinates": [
          30.479364412215265,
          59.98888845124671
        ]
      }
    },
    {
      "type": "Feature",
      "properties": {
        "monotonic_time": 398044.53620977595,
        "horizontal_accuracy": 2.267402919832533,
        "speed": 0,
        "course": 234.077437791862,
        "synthetic": false
      },
      "geometry": {
        "type": "Point",
        "coordinates": [
          30.47936576781741,
          59.988889314540046
        ]
      }
    },
    {
      "type": "Feature",
      "properties": {
        "monotonic_time": 398045.53621002834,
        "horizontal_accuracy": 2.2584599751767955,
        "speed": 0.36204207342485717,
        "course": 234.0774321795199,
        "synthetic": false
      },
      "geometry": {
        "type": "Point",
        "coordinates": [
          30.479359247996662,
          59.98888881993224
        ]
      }
    },
    {
      "type": "Feature",
      "properties": {
        "monotonic_time": 398046.5362099368,
        "horizontal_accuracy": 2.2455369714164957,
        "speed": 0.2116420246914843,
        "course": 234.07742891674525,
        "synthetic": false
      },
      "geometry": {
        "type": "Point",
        "coordinates": [
          30.479355461488257,
          59.9888883477971
        ]
      }
    },
    {
      "type": "Feature",
      "properties": {
        "monotonic_time": 398047.53620543366,
        "horizontal_accuracy": 2.285896659303333,
        "speed": 0.09066665406845575,
        "course": 234.07742987546976,
        "synthetic": false
      },
      "geometry": {
        "type": "Point",
        "coordinates": [
          30.479356580041316,
          59.9888882008276
        ]
      }
    },
    {
      "type": "Feature",
      "properties": {
        "monotonic_time": 398048.5362104597,
        "horizontal_accuracy": 2.272377084355224,
        "speed": 0.39899300552778294,
        "course": 234.07742530563138,
        "synthetic": false
      },
      "geometry": {
        "type": "Point",
        "coordinates": [
          30.479351343915436,
          59.988884302679025
        ]
      }
    },
    {
      "type": "Feature",
      "properties": {
        "monotonic_time": 398049.5362087933,
        "horizontal_accuracy": 2.258758232994344,
        "speed": 0.46052924068539536,
        "course": 234.07742035950747,
        "synthetic": false
      },
      "geometry": {
        "type": "Point",
        "coordinates": [
          30.479345635806734,
          59.98888204888269
        ]
      }
    },
    {
      "type": "Feature",
      "properties": {
        "monotonic_time": 398050.5362100694,
        "horizontal_accuracy": 2.2458203330005353,
        "speed": 0.8140795585885809,
        "course": 234.07741017889646,
        "synthetic": false
      },
      "geometry": {
        "type": "Point",
        "coordinates": [
          30.479333923452266,
          59.98887564588414
        ]
      }
    },
    {
      "type": "Feature",
      "properties": {
        "monotonic_time": 398051.5362101636,
        "horizontal_accuracy": 2.233529317609925,
        "speed": 0.8372192069655631,
        "course": 234.0773968173765,
        "synthetic": false
      },
      "geometry": {
        "type": "Point",
        "coordinates": [
          30.479318462111912,
          59.98887154925534
        ]
      }
    },
    {
      "type": "Feature",
      "properties": {
        "monotonic_time": 398052.53621069173,
        "horizontal_accuracy": 2.221852855290325,
        "speed": 0.9067111416220283,
        "course": 234.0773832694783,
        "synthetic": false
      },
      "geometry": {
        "type": "Point",
        "coordinates": [
          30.479302748032964,
          59.98886917967642
        ]
      }
    },
    {
      "type": "Feature",
      "properties": {
        "monotonic_time": 398053.5362060026,
        "horizontal_accuracy": 2.210760221121258,
        "speed": 0.8940880323446626,
        "course": 234.07736879568316,
        "synthetic": false
      },
      "geometry": {
        "type": "Point",
        "coordinates": [
          30.479286004309646,
          59.98886451620028
        ]
      }
    },
    {
      "type": "Feature",
      "properties": {
        "monotonic_time": 398054.53621008893,
        "horizontal_accuracy": 2.2002222065970454,
        "speed": 0.9645378216133724,
        "course": 234.07735693836025,
        "synthetic": false
      },
      "geometry": {
        "type": "Point",
        "coordinates": [
          30.479272317900293,
          59.98885922773204
        ]
      }
    },
    {
      "type": "Feature",
      "properties": {
        "monotonic_time": 398055.5362098039,
        "horizontal_accuracy": 2.190211091629652,
        "speed": 0.7586199400673557,
        "course": 234.07734597492475,
        "synthetic": false
      },
      "geometry": {
        "type": "Point",
        "coordinates": [
          30.47925968057331,
          59.98885350495297
        ]
      }
    },
    {
      "type": "Feature",
      "properties": {
        "monotonic_time": 398056.53620968625,
        "horizontal_accuracy": 2.211360254218872,
        "speed": 0.7376583022435915,
        "course": 234.07733725579908,
        "synthetic": false
      },
      "geometry": {
        "type": "Point",
        "coordinates": [
          30.4792496079759,
          59.98885002411409
        ]
      }
    },
    {
      "type": "Feature",
      "properties": {
        "monotonic_time": 398057.5362108442,
        "horizontal_accuracy": 2.2297451804444584,
        "speed": 0.5914610316425312,
        "course": 234.0773326068633,
        "synthetic": false
      },
      "geometry": {
        "type": "Point",
        "coordinates": [
          30.479244250905715,
          59.98884751737576
        ]
      }
    },
    {
      "type": "Feature",
      "properties": {
        "monotonic_time": 398058.53621036233,
        "horizontal_accuracy": 2.222054927317947,
        "speed": 0,
        "course": 234.0773347501804,
        "synthetic": false
      },
      "geometry": {
        "type": "Point",
        "coordinates": [
          30.479246734905225,
          59.98884798918597
        ]
      }
    },
    {
      "type": "Feature",
      "properties": {
        "monotonic_time": 398059.5362107775,
        "horizontal_accuracy": 2.210952194671502,
        "speed": 0.4484164348427635,
        "course": 234.07732522354252,
        "synthetic": false
      },
      "geometry": {
        "type": "Point",
        "coordinates": [
          30.479235749947506,
          59.98884319912207
        ]
      }
    },
    {
      "type": "Feature",
      "properties": {
        "monotonic_time": 398060.5362099836,
        "horizontal_accuracy": 2.200404584400488,
        "speed": 0.4008081930553417,
        "course": 234.07732204524163,
        "synthetic": false
      },
      "geometry": {
        "type": "Point",
        "coordinates": [
          30.47923209659114,
          59.988841048824355
        ]
      }
    },
    {
      "type": "Feature",
      "properties": {
        "monotonic_time": 398061.5362106187,
        "horizontal_accuracy": 2.190384356584294,
        "speed": 0.41765245236838816,
        "course": 234.07731817374892,
        "synthetic": false
      },
      "geometry": {
        "type": "Point",
        "coordinates": [
          30.479227601455616,
          59.98884059439941
        ]
      }
    },
    {
      "type": "Feature",
      "properties": {
        "monotonic_time": 398062.5362102626,
        "horizontal_accuracy": 2.191543294123325,
        "speed": 0.5161390806460602,
        "course": 234.0773113984274,
        "synthetic": false
      },
      "geometry": {
        "type": "Point",
        "coordinates": [
          30.479219747527864,
          59.9888391829182
        ]
      }
    },
    {
      "type": "Feature",
      "properties": {
        "monotonic_time": 398063.536210073,
        "horizontal_accuracy": 2.1890246786678484,
        "speed": 0.6197351442028175,
        "course": 234.07730447884998,
        "synthetic": false
      },
      "geometry": {
        "type": "Point",
        "coordinates": [
          30.479211715758687,
          59.98883825257723
        ]
      }
    },
    {
      "type": "Feature",
      "properties": {
        "monotonic_time": 398064.53621014266,
        "horizontal_accuracy": 2.205409465599202,
        "speed": 0.4539716136802413,
        "course": 234.07730050034758,
        "synthetic": false
      },
      "geometry": {
        "type": "Point",
        "coordinates": [
          30.479207102257906,
          59.98883750246731
        ]
      }
    },
    {
      "type": "Feature",
      "properties": {
        "monotonic_time": 398065.53620927135,
        "horizontal_accuracy": 2.19513899162187,
        "speed": 0.40338785854237064,
        "course": 234.07729450682868,
        "synthetic": false
      },
      "geometry": {
        "type": "Point",
        "coordinates": [
          30.47920019297397,
          59.98883440645193
        ]
      }
    },
    {
      "type": "Feature",
      "properties": {
        "monotonic_time": 398066.5362095715,
        "horizontal_accuracy": 2.1853820562216626,
        "speed": 0.7643482945950741,
        "course": 234.07728756731473,
        "synthetic": false
      },
      "geometry": {
        "type": "Point",
        "coordinates": [
          30.479192141080752,
          59.988833328215
        ]
      }
    },
    {
      "type": "Feature",
      "properties": {
        "monotonic_time": 398067.5362104511,
        "horizontal_accuracy": 2.2323959534373037,
        "speed": 1.0100765510849117,
        "course": 234.0772736658106,
        "synthetic": false
      },
      "geometry": {
        "type": "Point",
        "coordinates": [
          30.47917605655762,
          59.98882898575623
        ]
      }
    },
    {
      "type": "Feature",
      "properties": {
        "monotonic_time": 398068.53620898415,
        "horizontal_accuracy": 2.2207761429812667,
        "speed": 0.6220607293383223,
        "course": 234.07726317425994,
        "synthetic": false
      },
      "geometry": {
        "type": "Point",
        "coordinates": [
          30.479163993446985,
          59.98882205134303
        ]
      }
    },
    {
      "type": "Feature",
      "properties": {
        "monotonic_time": 398069.53620973794,
        "horizontal_accuracy": 2.2097373141721395,
        "speed": 0.01830041217665528,
        "course": 234.07726820981844,
        "synthetic": false
      },
      "geometry": {
        "type": "Point",
        "coordinates": [
          30.479169776435675,
          59.98882570985079
        ]
      }
    },
    {
      "type": "Feature",
      "properties": {
        "monotonic_time": 398070.5362103539,
        "horizontal_accuracy": 2.2389613678353517,
        "speed": 0.03698825834504073,
        "course": 234.07726707925158,
        "synthetic": false
      },
      "geometry": {
        "type": "Point",
        "coordinates": [
          30.479168441141045,
          59.98882666542298
        ]
      }
    },
    {
      "type": "Feature",
      "properties": {
        "monotonic_time": 398071.5362095765,
        "horizontal_accuracy": 2.2301544959029087,
        "speed": 0.031192062425223523,
        "course": 234.07726312425123,
        "synthetic": false
      },
      "geometry": {
        "type": "Point",
        "coordinates": [
          30.47916390534838,
          59.988823491138646
        ]
      }
    },
    {
      "type": "Feature",
      "properties": {
        "monotonic_time": 398072.5362056137,
        "horizontal_accuracy": 2.259661368865739,
        "speed": 0.17594985386702663,
        "course": 234.07725845506758,
        "synthetic": false
      },
      "geometry": {
        "type": "Point",
        "coordinates": [
          30.479158578533486,
          59.988818394002514
        ]
      }
    },
    {
      "type": "Feature",
      "properties": {
        "monotonic_time": 398073.53620965366,
        "horizontal_accuracy": 2.2717822338918836,
        "speed": 0,
        "course": 234.0772591909494,
        "synthetic": false
      },
      "geometry": {
        "type": "Point",
        "coordinates": [
          30.479159435433733,
          59.98881836109152
        ]
      }
    },
    {
      "type": "Feature",
      "properties": {
        "monotonic_time": 398074.536208726,
        "horizontal_accuracy": 2.2581931221972895,
        "speed": 0,
        "course": 234.0772591909494,
        "synthetic": false
      },
      "geometry": {
        "type": "Point",
        "coordinates": [
          30.479159435433733,
          59.98881836109152
        ]
      }
    },
    {
      "type": "Feature",
      "properties": {
        "monotonic_time": 398075.536209171,
        "horizontal_accuracy": 2.2457269105904496,
        "speed": 0.2686508416111922,
        "course": 234.07725398525668,
        "synthetic": false
      },
      "geometry": {
        "type": "Point",
        "coordinates": [
          30.47915342260416,
          59.98881623733869
        ]
      }
    },
    {
      "type": "Feature",
      "properties": {
        "monotonic_time": 398076.53620961495,
        "horizontal_accuracy": 2.2560830079257443,
        "speed": 0.4005972388361056,
        "course": 234.0772507555779,
        "synthetic": false
      },
      "geometry": {
        "type": "Point",
        "coordinates": [
          30.47914972272247,
          59.9888134489773
        ]
      }
    },
    {
      "type": "Feature",
      "properties": {
        "monotonic_time": 398077.5362107952,
        "horizontal_accuracy": 2.256882973006083,
        "speed": 0.3292422434186321,
        "course": 234.07724990748994,
        "synthetic": false
      },
      "geometry": {
        "type": "Point",
        "coordinates": [
          30.479148711049692,
          59.988814647601814
        ]
      }
    },
    {
      "type": "Feature",
      "properties": {
        "monotonic_time": 398078.53620988264,
        "horizontal_accuracy": 2.2750021374083205,
        "speed": 0.609402584273937,
        "course": 234.07724295756867,
        "synthetic": false
      },
      "geometry": {
        "type": "Point",
        "coordinates": [
          30.479140682027552,
          59.98881188556927
        ]
      }
    },
    {
      "type": "Feature",
      "properties": {
        "monotonic_time": 398079.5362083222,
        "horizontal_accuracy": 2.293108357274817,
        "speed": 0.9016417925545815,
        "course": 234.07723702608132,
        "synthetic": false
      },
      "geometry": {
        "type": "Point",
        "coordinates": [
          30.47913378373574,
          59.98881173447328
        ]
      }
    },
    {
      "type": "Feature",
      "properties": {
        "monotonic_time": 398080.5362053282,
        "horizontal_accuracy": 2.3240585758204735,
        "speed": 1.2061821740308538,
        "course": 234.07721802501436,
        "synthetic": false
      },
      "geometry": {
        "type": "Point",
        "coordinates": [
          30.47911175648749,
          59.988807837554155
        ]
      }
    },
    {
      "type": "Feature",
      "properties": {
        "monotonic_time": 398081.53620948957,
        "horizontal_accuracy": 2.310248736141473,
        "speed": 1.3095377222652391,
        "course": 234.07719745591766,
        "synthetic": false
      },
      "geometry": {
        "type": "Point",
        "coordinates": [
          30.479088009234708,
          59.98879891350946
        ]
      }
    },
    {
      "type": "Feature",
      "properties": {
        "monotonic_time": 398082.53621084004,
        "horizontal_accuracy": 2.2914072595826243,
        "speed": 1.3872702311439218,
        "course": 234.07717799006616,
        "synthetic": false
      },
      "geometry": {
        "type": "Point",
        "coordinates": [
          30.479065522080848,
          59.98879112314809
        ]
      }
    },
    {
      "type": "Feature",
      "properties": {
        "monotonic_time": 398083.53620708425,
        "horizontal_accuracy": 2.2825260769406728,
        "speed": 1.448172258857846,
        "course": 234.07715880339123,
        "synthetic": false
      },
      "geometry": {
        "type": "Point",
        "coordinates": [
          30.479043330997044,
          59.98878471704502
        ]
      }
    },
    {
      "type": "Feature",
      "properties": {
        "monotonic_time": 398084.5362096739,
        "horizontal_accuracy": 2.285263452599787,
        "speed": 1.3439322490188932,
        "course": 234.07714065731125,
        "synthetic": false
      },
      "geometry": {
        "type": "Point",
        "coordinates": [
          30.47902236838748,
          59.98877745805591
        ]
      }
    },
    {
      "type": "Feature",
      "properties": {
        "monotonic_time": 398085.53621093225,
        "horizontal_accuracy": 2.271286182902764,
        "speed": 1.1606802386762292,
        "course": 234.07712157082904,
        "synthetic": false
      },
      "geometry": {
        "type": "Point",
        "coordinates": [
          30.479000255169925,
          59.988772915255026
        ]
      }
    },
    {
      "type": "Feature",
      "properties": {
        "monotonic_time": 398086.5362099733,
        "horizontal_accuracy": 2.2579752934021338,
        "speed": 1.0284069023446676,
        "course": 234.07710875983474,
        "synthetic": false
      },
      "geometry": {
        "type": "Point",
        "coordinates": [
          30.478985433353603,
          59.98876886740527
        ]
      }
    },
    {
      "type": "Feature",
      "properties": {
        "monotonic_time": 398087.5362062858,
        "horizontal_accuracy": 2.265302113795667,
        "speed": 0.8177261088305368,
        "course": 234.07709813162688,
        "synthetic": false
      },
      "geometry": {
        "type": "Point",
        "coordinates": [
          30.47897312748056,
          59.98876596435844
        ]
      }
    },
    {
      "type": "Feature",
      "properties": {
        "monotonic_time": 398088.53621008014,
        "horizontal_accuracy": 2.2459041835563807,
        "speed": 0.43745470784597923,
        "course": 234.07709104401255,
        "synthetic": false
      },
      "geometry": {
        "type": "Point",
        "coordinates": [
          30.478964907040744,
          59.988764704452386
        ]
      }
    },
    {
      "type": "Feature",
      "properties": {
        "monotonic_time": 398089.53621022694,
        "horizontal_accuracy": 2.230349394009834,
        "speed": 0.38015650829173353,
        "course": 234.0770869835344,
        "synthetic": false
      },
      "geometry": {
        "type": "Point",
        "coordinates": [
          30.478960220793414,
          59.98876286468652
        ]
      }
    },
    {
      "type": "Feature",
      "properties": {
        "monotonic_time": 398090.5362104621,
        "horizontal_accuracy": 2.2218289642282656,
        "speed": 0.43899675344671074,
        "course": 234.07707668847365,
        "synthetic": false
      },
      "geometry": {
        "type": "Point",
        "coordinates": [
          30.478948287947198,
          59.98876066434508
        ]
      }
    },
    {
      "type": "Feature",
      "properties": {
        "monotonic_time": 398091.5362094907,
        "horizontal_accuracy": 2.2156372690622006,
        "speed": 0.31287701946208724,
        "course": 234.0770690259622,
        "synthetic": false
      },
      "geometry": {
        "type": "Point",
        "coordinates": [
          30.478939441612138,
          59.98875733390018
        ]
      }
    },
    {
      "type": "Feature",
      "properties": {
        "monotonic_time": 398092.5362098591,
        "horizontal_accuracy": 2.2139948625331916,
        "speed": 0.21288750056397437,
        "course": 234.07706118461363,
        "synthetic": false
      },
      "geometry": {
        "type": "Point",
        "coordinates": [
          30.47893039038856,
          59.988753849735716
        ]
      }
    },
    {
      "type": "Feature",
      "properties": {
        "monotonic_time": 398093.5332463799,
        "horizontal_accuracy": 2.1997809411656366,
        "speed": 0.34144248103355934,
        "course": 234.07705315764355,
        "synthetic": false
      },
      "geometry": {
        "type": "Point",
        "coordinates": [
          30.478921132636128,
          59.98874991081359
        ]
      }
    },
    {
      "type": "Feature",
      "properties": {
        "monotonic_time": 398094.5330671085,
        "horizontal_accuracy": 2.2034804931629806,
        "speed": 0.2962169260816174,
        "course": 234.07704382386427,
        "synthetic": false
      },
      "geometry": {
        "type": "Point",
        "coordinates": [
          30.478910345109295,
          59.98874641812526
        ]
      }
    },
    {
      "type": "Feature",
      "properties": {
        "monotonic_time": 398095.533067669,
        "horizontal_accuracy": 2.193306461368571,
        "speed": 0.07557953365936974,
        "course": 234.07704281994123,
        "synthetic": false
      },
      "geometry": {
        "type": "Point",
        "coordinates": [
          30.478909205391815,
          59.98874505232794
        ]
      }
    },
    {
      "type": "Feature",
      "properties": {
        "monotonic_time": 398096.5337791862,
        "horizontal_accuracy": 2.183641140328023,
        "speed": 0.13302646899801582,
        "course": 234.0770389857792,
        "synthetic": false
      },
      "geometry": {
        "type": "Point",
        "coordinates": [
          30.478904838257943,
          59.98874052682835
        ]
      }
    },
    {
      "type": "Feature",
      "properties": {
        "monotonic_time": 398097.53358093806,
        "horizontal_accuracy": 2.192922814763064,
        "speed": 0.2982699031847241,
        "course": 234.07703128303615,
        "synthetic": false
      },
      "geometry": {
        "type": "Point",
        "coordinates": [
          30.4788959865651,
          59.988735200744955
        ]
      }
    },
    {
      "type": "Feature",
      "properties": {
        "monotonic_time": 398098.53358193056,
        "horizontal_accuracy": 2.1825525156219037,
        "speed": 0,
        "course": 234.0770362434897,
        "synthetic": false
      },
      "geometry": {
        "type": "Point",
        "coordinates": [
          30.478901719485208,
          59.98873706324031
        ]
      }
    },
    {
      "type": "Feature",
      "properties": {
        "monotonic_time": 398099.5337961662,
        "horizontal_accuracy": 2.210297851668756,
        "speed": 0.22195836935265864,
        "course": 234.07703208738872,
        "synthetic": false
      },
      "geometry": {
        "type": "Point",
        "coordinates": [
          30.4788969532774,
          59.988733716659794
        ]
      }
    },
    {
      "type": "Feature",
      "properties": {
        "monotonic_time": 398100.53359211603,
        "horizontal_accuracy": 2.2553678631270437,
        "speed": 0,
        "course": 234.07703106653557,
        "synthetic": false
      },
      "geometry": {
        "type": "Point",
        "coordinates": [
          30.478895780414963,
          59.988732998157175
        ]
      }
    },
    {
      "type": "Feature",
      "properties": {
        "monotonic_time": 398101.53359019186,
        "horizontal_accuracy": 2.270945900015485,
        "speed": 0,
        "course": 234.07703106653557,
        "synthetic": false
      },
      "geometry": {
        "type": "Point",
        "coordinates": [
          30.478895780414963,
          59.988732998157175
        ]
      }
    },
    {
      "type": "Feature",
      "properties": {
        "monotonic_time": 398102.5336437102,
        "horizontal_accuracy": 2.3309956337524684,
        "speed": 0,
        "course": 234.07703106653557,
        "synthetic": false
      },
      "geometry": {
        "type": "Point",
        "coordinates": [
          30.478895780414963,
          59.988732998157175
        ]
      }
    },
    {
      "type": "Feature",
      "properties": {
        "monotonic_time": 398103.5333370289,
        "horizontal_accuracy": 2.3238981489604718,
        "speed": 0.6728998516759195,
        "course": 234.077013082877,
        "synthetic": false
      },
      "geometry": {
        "type": "Point",
        "coordinates": [
          30.478875017522036,
          59.988725221808735
        ]
      }
    },
    {
      "type": "Feature",
      "properties": {
        "monotonic_time": 398104.53333772067,
        "horizontal_accuracy": 2.309629632779389,
        "speed": 0.9417370715773142,
        "course": 234.07700394335296,
        "synthetic": false
      },
      "geometry": {
        "type": "Point",
        "coordinates": [
          30.478864364796962,
          59.98872612036082
        ]
      }
    },
    {
      "type": "Feature",
      "properties": {
        "monotonic_time": 398105.5329019274,
        "horizontal_accuracy": 2.356179114014996,
        "speed": 1.1918722053810367,
        "course": 234.07699563690704,
        "synthetic": false
      },
      "geometry": {
        "type": "Point",
        "coordinates": [
          30.478854796526434,
          59.98872147559009
        ]
      }
    },
    {
      "type": "Feature",
      "properties": {
        "monotonic_time": 398106.5330095084,
        "horizontal_accuracy": 2.3683368185570233,
        "speed": 1.1440677231024778,
        "course": 234.0769864918848,
        "synthetic": false
      },
      "geometry": {
        "type": "Point",
        "coordinates": [
          30.478844180452633,
          59.988720301742845
        ]
      }
    },
    {
      "type": "Feature",
      "properties": {
        "monotonic_time": 398107.5330112274,
        "horizontal_accuracy": 2.392759579262945,
        "speed": 1.1661442472080035,
        "course": 234.07698000304066,
        "synthetic": false
      },
      "geometry": {
        "type": "Point",
        "coordinates": [
          30.478836715155534,
          59.9887162274411
        ]
      }
    },
    {
      "type": "Feature",
      "properties": {
        "monotonic_time": 398108.5330131581,
        "horizontal_accuracy": 2.4202679941346976,
        "speed": 1.2978576594882862,
        "course": 234.07696416040156,
        "synthetic": false
      },
      "geometry": {
        "type": "Point",
        "coordinates": [
          30.478818362000208,
          59.98871236922195
        ]
      }
    },
    {
      "type": "Feature",
      "properties": {
        "monotonic_time": 398109.5330127559,
        "horizontal_accuracy": 2.4487949922647942,
        "speed": 1.2033632043144367,
        "course": 234.07695721210007,
        "synthetic": false
      },
      "geometry": {
        "type": "Point",
        "coordinates": [
          30.478810404018255,
          59.988706277473774
        ]
      }
    },
    {
      "type": "Feature",
      "properties": {
        "monotonic_time": 398110.5330119133,
        "horizontal_accuracy": 2.442054185033495,
        "speed": 1.2000431611257198,
        "course": 234.07693965955332,
        "synthetic": false
      },
      "geometry": {
        "type": "Point",
        "coordinates": [
          30.478789988073352,
          59.98870594660976
        ]
      }
    },
    {
      "type": "Feature",
      "properties": {
        "monotonic_time": 398111.533011892,
        "horizontal_accuracy": 2.463083214872198,
        "speed": 0.9621803162185112,
        "course": 234.07692272014904,
        "synthetic": false
      },
      "geometry": {
        "type": "Point",
        "coordinates": [
          30.478770285587967,
          59.98870561322141
        ]
      }
    },
    {
      "type": "Feature",
      "properties": {
        "monotonic_time": 398112.533012435,
        "horizontal_accuracy": 2.4854611628894316,
        "speed": 0.7178783015183021,
        "course": 234.0769098027563,
        "synthetic": false
      },
      "geometry": {
        "type": "Point",
        "coordinates": [
          30.478755348693063,
          59.98870114523156
        ]
      }
    },
    {
      "type": "Feature",
      "properties": {
        "monotonic_time": 398113.5330124713,
        "horizontal_accuracy": 2.468804691200956,
        "speed": 0.5628027071533542,
        "course": 234.0768961161293,
        "synthetic": false
      },
      "geometry": {
        "type": "Point",
        "coordinates": [
          30.478739467584674,
          59.98869904542609
        ]
      }
    },
    {
      "type": "Feature",
      "properties": {
        "monotonic_time": 398114.53301326314,
        "horizontal_accuracy": 2.4459237441680775,
        "speed": 0.45239767888299554,
        "course": 234.07688913656528,
        "synthetic": false
      },
      "geometry": {
        "type": "Point",
        "coordinates": [
          30.478731393075243,
          59.9886968123681
        ]
      }
    },
    {
      "type": "Feature",
      "properties": {
        "monotonic_time": 398115.53301172814,
        "horizontal_accuracy": 2.4572861780635553,
        "speed": 0.4776896326071318,
        "course": 234.07687762218688,
        "synthetic": false
      },
      "geometry": {
        "type": "Point",
        "coordinates": [
          30.478718068646263,
          59.98869330601817
        ]
      }
    },
    {
      "type": "Feature",
      "properties": {
        "monotonic_time": 398116.5330120394,
        "horizontal_accuracy": 2.477639809966088,
        "speed": 0.3832545937555118,
        "course": 234.07687175086352,
        "synthetic": false
      },
      "geometry": {
        "type": "Point",
        "coordinates": [
          30.478711332843094,
          59.98868870225982
        ]
      }
    },
    {
      "type": "Feature",
      "properties": {
        "monotonic_time": 398117.5330118541,
        "horizontal_accuracy": 2.489167062248803,
        "speed": 0.06886438826091912,
        "course": 234.0768661196105,
        "synthetic": false
      },
      "geometry": {
        "type": "Point",
        "coordinates": [
          30.478704778234942,
          59.98868882301066
        ]
      }
    },
    {
      "type": "Feature",
      "properties": {
        "monotonic_time": 398118.5330123626,
        "horizontal_accuracy": 2.476092018957818,
        "speed": 0.030677131108778184,
        "course": 234.07686592030467,
        "synthetic": false
      },
      "geometry": {
        "type": "Point",
        "coordinates": [
          30.478704593940442,
          59.988686531211805
        ]
      }
    },
    {
      "type": "Feature",
      "properties": {
        "monotonic_time": 398119.5330109217,
        "horizontal_accuracy": 2.497903775515339,
        "speed": 0.013704425563230448,
        "course": 234.0768624000252,
        "synthetic": false
      },
      "geometry": {
        "type": "Point",
        "coordinates": [
          30.478700534200435,
          59.988684788820585
        ]
      }
    },
    {
      "type": "Feature",
      "properties": {
        "monotonic_time": 398120.5330120843,
        "horizontal_accuracy": 2.516763421494497,
        "speed": 0,
        "course": 234.0768610750988,
        "synthetic": false
      },
      "geometry": {
        "type": "Point",
        "coordinates": [
          30.47869898832592,
          59.988684995379785
        ]
      }
    },
    {
      "type": "Feature",
      "properties": {
        "monotonic_time": 398121.5330120171,
        "horizontal_accuracy": 2.5466878620145494,
        "speed": 0,
        "course": 234.0768610750988,
        "synthetic": false
      },
      "geometry": {
        "type": "Point",
        "coordinates": [
          30.47869898832592,
          59.988684995379785
        ]
      }
    },
    {
      "type": "Feature",
      "properties": {
        "monotonic_time": 398122.5330115351,
        "horizontal_accuracy": 2.5260408103654624,
        "speed": 0,
        "course": 234.0768610750988,
        "synthetic": false
      },
      "geometry": {
        "type": "Point",
        "coordinates": [
          30.47869898832592,
          59.988684995379785
        ]
      }
    },
    {
      "type": "Feature",
      "properties": {
        "monotonic_time": 398123.5330123929,
        "horizontal_accuracy": 2.515215500394836,
        "speed": 0,
        "course": 234.0768610750988,
        "synthetic": false
      },
      "geometry": {
        "type": "Point",
        "coordinates": [
          30.47869898832592,
          59.988684995379785
        ]
      }
    },
    {
      "type": "Feature",
      "properties": {
        "monotonic_time": 398124.5330126396,
        "horizontal_accuracy": 2.513266376815056,
        "speed": 0.7685007433480684,
        "course": 234.07683276198006,
        "synthetic": false
      },
      "geometry": {
        "type": "Point",
        "coordinates": [
          30.4786662623917,
          59.988674544612046
        ]
      }
    },
    {
      "type": "Feature",
      "properties": {
        "monotonic_time": 398125.5330120794,
        "horizontal_accuracy": 2.518657362470031,
        "speed": 0,
        "course": 234.07683425896454,
        "synthetic": false
      },
      "geometry": {
        "type": "Point",
        "coordinates": [
          30.478667967385423,
          59.988676315593935
        ]
      }
    },
    {
      "type": "Feature",
      "properties": {
        "monotonic_time": 398126.53301208006,
        "horizontal_accuracy": 2.525819756319507,
        "speed": 0,
        "course": 234.07683425896454,
        "synthetic": false
      },
      "geometry": {
        "type": "Point",
        "coordinates": [
          30.478667967385423,
          59.988676315593935
        ]
      }
    },
    {
      "type": "Feature",
      "properties": {
        "monotonic_time": 398127.53301043954,
        "horizontal_accuracy": 2.5292444983777878,
        "speed": 1.6421697899157273,
        "course": 234.07678907163836,
        "synthetic": false
      },
      "geometry": {
        "type": "Point",
        "coordinates": [
          30.4786157081481,
          59.98866103813856
        ]
      }
    },
    {
      "type": "Feature",
      "properties": {
        "monotonic_time": 398128.5330119807,
        "horizontal_accuracy": 2.5527889118019607,
        "speed": 1.7996844997779962,
        "course": 234.07676446108383,
        "synthetic": false
      },
      "geometry": {
        "type": "Point",
        "coordinates": [
          30.478587288662737,
          59.98865066282325
        ]
      }
    },
    {
      "type": "Feature",
      "properties": {
        "monotonic_time": 398129.5330121248,
        "horizontal_accuracy": 2.5780527063531347,
        "speed": 1.9844085991916118,
        "course": 235.57273134292055,
        "synthetic": false
      },
      "geometry": {
        "type": "Point",
        "coordinates": [
          30.478558384744606,
          59.98863966965351
        ]
      }
    },
    {
      "type": "Feature",
      "properties": {
        "monotonic_time": 398130.5330121417,
        "horizontal_accuracy": 2.5465323752556053,
        "speed": 1.935142856689967,
        "course": 237.9951551681723,
        "synthetic": false
      },
      "geometry": {
        "type": "Point",
        "coordinates": [
          30.478535985775153,
          59.98863309420416
        ]
      }
    },
    {
      "type": "Feature",
      "properties": {
        "monotonic_time": 398131.53301212686,
        "horizontal_accuracy": 2.571130887394168,
        "speed": 1.8727330872635326,
        "course": 240.64941549784328,
        "synthetic": false
      },
      "geometry": {
        "type": "Point",
        "coordinates": [
          30.478506685505124,
          59.98862849623841
        ]
      }
    },
    {
      "type": "Feature",
      "properties": {
        "monotonic_time": 398132.5330121764,
        "horizontal_accuracy": 2.5615435433710005,
        "speed": 1.700087979945712,
        "course": 241.6466238706969,
        "synthetic": false
      },
      "geometry": {
        "type": "Point",
        "coordinates": [
          30.478487380853597,
          59.98862441693002
        ]
      }
    },
    {
      "type": "Feature",
      "properties": {
        "monotonic_time": 398133.5330123445,
        "horizontal_accuracy": 2.5742370828418353,
        "speed": 1.3423060125753083,
        "course": 241.84904981552918,
        "synthetic": false
      },
      "geometry": {
        "type": "Point",
        "coordinates": [
          30.478466868161625,
          59.98861939114452
        ]
      }
    },
    {
      "type": "Feature",
      "properties": {
        "monotonic_time": 398134.53301217087,
        "horizontal_accuracy": 2.690116459697963,
        "speed": 0.8693891069045209,
        "course": 241.8490428063289,
        "synthetic": false
      },
      "geometry": {
        "type": "Point",
        "coordinates": [
          30.478458765657805,
          59.988615902996955
        ]
      }
    },
    {
      "type": "Feature",
      "properties": {
        "monotonic_time": 398135.5330113824,
        "horizontal_accuracy": 2.7188091804227508,
        "speed": 0.7295004612557064,
        "course": 241.84902802323984,
        "synthetic": false
      },
      "geometry": {
        "type": "Point",
        "coordinates": [
          30.47844172469655,
          59.98861643137285
        ]
      }
    },
    {
      "type": "Feature",
      "properties": {
        "monotonic_time": 398136.5330110443,
        "horizontal_accuracy": 2.6907179321325185,
        "speed": 0.3748910321276747,
        "course": 241.84902032611382,
        "synthetic": false
      },
      "geometry": {
        "type": "Point",
        "coordinates": [
          30.478432842142404,
          59.9886150937868
        ]
      }
    },
    {
      "type": "Feature",
      "properties": {
        "monotonic_time": 398137.53301218123,
        "horizontal_accuracy": 2.6520274605967757,
        "speed": 0.2661070407104748,
        "course": 241.8490188277458,
        "synthetic": false
      },
      "geometry": {
        "type": "Point",
        "coordinates": [
          30.47843112081588,
          59.98861611504365
        ]
      }
    },
    {
      "type": "Feature",
      "properties": {
        "monotonic_time": 398138.53300792526,
        "horizontal_accuracy": 2.580703665266089,
        "speed": 0.47014195944663345,
        "course": 241.8490133698583,
        "synthetic": false
      },
      "geometry": {
        "type": "Point",
        "coordinates": [
          30.478424773014677,
          59.988607062180705
        ]
      }
    },
    {
      "type": "Feature",
      "properties": {
        "monotonic_time": 398139.53301084123,
        "horizontal_accuracy": 2.531677929128779,
        "speed": 0.34946641960891156,
        "course": 241.84900648778975,
        "synthetic": false
      },
      "geometry": {
        "type": "Point",
        "coordinates": [
          30.478416827037933,
          59.98860520837822
        ]
      }
    },
    {
      "type": "Feature",
      "properties": {
        "monotonic_time": 398140.53301183856,
        "horizontal_accuracy": 2.4807241190324847,
        "speed": 0.43292157046095514,
        "course": 241.84899530686963,
        "synthetic": false
      },
      "geometry": {
        "type": "Point",
        "coordinates": [
          30.47840388545783,
          59.988596910984846
        ]
      }
    },
    {
      "type": "Feature",
      "properties": {
        "monotonic_time": 398141.53301202017,
        "horizontal_accuracy": 2.4643752823655802,
        "speed": 0.729730316395597,
        "course": 241.8489962544806,
        "synthetic": false
      },
      "geometry": {
        "type": "Point",
        "coordinates": [
          30.47840495973225,
          59.98859390993365
        ]
      }
    },
    {
      "type": "Feature",
      "properties": {
        "monotonic_time": 398142.53301262204,
        "horizontal_accuracy": 2.529767261503104,
        "speed": 1.1474834220114278,
        "course": 241.84898621878256,
        "synthetic": false
      },
      "geometry": {
        "type": "Point",
        "coordinates": [
          30.478393394807,
          59.988594853256984
        ]
      }
    },
    {
      "type": "Feature",
      "properties": {
        "monotonic_time": 398143.5330123801,
        "horizontal_accuracy": 2.5097907562988615,
        "speed": 1.0615868783347442,
        "course": 241.84897531114734,
        "synthetic": false
      },
      "geometry": {
        "type": "Point",
        "coordinates": [
          30.478380798712887,
          59.98859154864632
        ]
      }
    },
    {
      "type": "Feature",
      "properties": {
        "monotonic_time": 398144.533012538,
        "horizontal_accuracy": 2.4843012121765278,
        "speed": 0.855489428701614,
        "course": 241.84896941814333,
        "synthetic": false
      },
      "geometry": {
        "type": "Point",
        "coordinates": [
          30.478374011647805,
          59.988592744187855
        ]
      }
    },
    {
      "type": "Feature",
      "properties": {
        "monotonic_time": 398145.5330118739,
        "horizontal_accuracy": 2.469466240306268,
        "speed": 0.9053848578603905,
        "course": 241.84896062284554,
        "synthetic": false
      },
      "geometry": {
        "type": "Point",
        "coordinates": [
          30.47836384924765,
          59.98858915589696
        ]
      }
    },
    {
      "type": "Feature",
      "properties": {
        "monotonic_time": 398146.5330125014,
        "horizontal_accuracy": 2.5163425664858896,
        "speed": 0.8221566331222397,
        "course": 241.8489512818934,
        "synthetic": false
      },
      "geometry": {
        "type": "Point",
        "coordinates": [
          30.478353068197055,
          59.98858728565753
        ]
      }
    },
    {
      "type": "Feature",
      "properties": {
        "monotonic_time": 398147.53301211237,
        "horizontal_accuracy": 2.4905254439438598,
        "speed": 0.9410572822080784,
        "course": 241.84894446593685,
        "synthetic": false
      },
      "geometry": {
        "type": "Point",
        "coordinates": [
          30.478345204312102,
          59.98858639560213
        ]
      }
    },
    {
      "type": "Feature",
      "properties": {
        "monotonic_time": 398148.53301277186,
        "horizontal_accuracy": 2.5114451916928884,
        "speed": 0.8533826919630455,
        "course": 241.84893837978473,
        "synthetic": false
      },
      "geometry": {
        "type": "Point",
        "coordinates": [
          30.478338155671395,
          59.98858120598521
        ]
      }
    },
    {
      "type": "Feature",
      "properties": {
        "monotonic_time": 398149.53301201755,
        "horizontal_accuracy": 2.523373411626193,
        "speed": 1.0612530352864014,
        "course": 241.84891935103485,
        "synthetic": false
      },
      "geometry": {
        "type": "Point",
        "coordinates": [
          30.478316190704316,
          59.98857697806763
        ]
      }
    },
    {
      "type": "Feature",
      "properties": {
        "monotonic_time": 398150.5330123878,
        "horizontal_accuracy": 2.555306554927936,
        "speed": 0.7885410157300735,
        "course": 241.84891182268882,
        "synthetic": false
      },
      "geometry": {
        "type": "Point",
        "coordinates": [
          30.47830750425443,
          59.98857588862266
        ]
      }
    },
    {
      "type": "Feature",
      "properties": {
        "monotonic_time": 398151.5330129611,
        "horizontal_accuracy": 2.5275412181937735,
        "speed": 0.6080419914637093,
        "course": 241.8489029858759,
        "synthetic": false
      },
      "geometry": {
        "type": "Point",
        "coordinates": [
          30.47829729869441,
          59.988573073231514
        ]
      }
    },
    {
      "type": "Feature",
      "properties": {
        "monotonic_time": 398152.5330124237,
        "horizontal_accuracy": 2.561108127282852,
        "speed": 0.7260017348728449,
        "course": 241.84888974416276,
        "synthetic": false
      },
      "geometry": {
        "type": "Point",
        "coordinates": [
          30.478281998560508,
          59.98856764083277
        ]
      }
    },
    {
      "type": "Feature",
      "properties": {
        "monotonic_time": 398153.53301219404,
        "horizontal_accuracy": 2.6156355485538447,
        "speed": 0.6533712949562652,
        "course": 241.84888096583745,
        "synthetic": false
      },
      "geometry": {
        "type": "Point",
        "coordinates": [
          30.4782718484512,
          59.98856285822836
        ]
      }
    },
    {
      "type": "Feature",
      "properties": {
        "monotonic_time": 398154.5330116795,
        "horizontal_accuracy": 2.60594814742448,
        "speed": 0.5779675847010048,
        "course": 241.84886875793916,
        "synthetic": false
      },
      "geometry": {
        "type": "Point",
        "coordinates": [
          30.478257746340955,
          59.98855842529506
        ]
      }
    },
    {
      "type": "Feature",
      "properties": {
        "monotonic_time": 398155.53301162785,
        "horizontal_accuracy": 2.669304343365088,
        "speed": 0.5381374346945343,
        "course": 241.84885823142565,
        "synthetic": false
      },
      "geometry": {
        "type": "Point",
        "coordinates": [
          30.478245598252077,
          59.98855653177137
        ]
      }
    },
    {
      "type": "Feature",
      "properties": {
        "monotonic_time": 398156.5330097715,
        "horizontal_accuracy": 2.710248415282649,
        "speed": 0.9276358342960579,
        "course": 241.8488421656897,
        "synthetic": false
      },
      "geometry": {
        "type": "Point",
        "coordinates": [
          30.47822703743243,
          59.98855032412076
        ]
      }
    },
    {
      "type": "Feature",
      "properties": {
        "monotonic_time": 398157.5330128153,
        "horizontal_accuracy": 2.7077289800813493,
        "speed": 1.1687914343991088,
        "course": 241.84882698091153,
        "synthetic": false
      },
      "geometry": {
        "type": "Point",
        "coordinates": [
          30.47820947974584,
          59.98854205341941
        ]
      }
    },
    {
      "type": "Feature",
      "properties": {
        "monotonic_time": 398158.533013079,
        "horizontal_accuracy": 2.7415615902682706,
        "speed": 1.3791396381835672,
        "course": 241.84880587842918,
        "synthetic": false
      },
      "geometry": {
        "type": "Point",
        "coordinates": [
          30.478185125812843,
          59.98853814603307
        ]
      }
    },
    {
      "type": "Feature",
      "properties": {
        "monotonic_time": 398159.5330128581,
        "horizontal_accuracy": 2.74795567087379,
        "speed": 1.1653361536861306,
        "course": 241.84878870196886,
        "synthetic": false
      },
      "geometry": {
        "type": "Point",
        "coordinates": [
          30.47816530788803,
          59.9885357976289
        ]
      }
    },
    {
      "type": "Feature",
      "properties": {
        "monotonic_time": 398160.53301345365,
        "horizontal_accuracy": 2.748052454729221,
        "speed": 0.8346426761552938,
        "course": 241.84878017153505,
        "synthetic": false
      },
      "geometry": {
        "type": "Point",
        "coordinates": [
          30.478155453325776,
          59.98853261482156
        ]
      }
    },
    {
      "type": "Feature",
      "properties": {
        "monotonic_time": 398161.53301198507,
        "horizontal_accuracy": 2.782264785321584,
        "speed": 0.9655379881795025,
        "course": 241.8487696468893,
        "synthetic": false
      },
      "geometry": {
        "type": "Point",
        "coordinates": [
          30.47814329168083,
          59.988528142875076
        ]
      }
    },
    {
      "type": "Feature",
      "properties": {
        "monotonic_time": 398162.5330089752,
        "horizontal_accuracy": 2.7768986915385354,
        "speed": 1.0285668224583944,
        "course": 241.84875737241907,
        "synthetic": false
      },
      "geometry": {
        "type": "Point",
        "coordinates": [
          30.478129124880954,
          59.98852569120549
        ]
      }
    },
    {
      "type": "Feature",
      "properties": {
        "monotonic_time": 398163.5330117445,
        "horizontal_accuracy": 2.7380537574388852,
        "speed": 1.0303209623779295,
        "course": 241.848744033159,
        "synthetic": false
      },
      "geometry": {
        "type": "Point",
        "coordinates": [
          30.47811374131983,
          59.9885250269514
        ]
      }
    },
    {
      "type": "Feature",
      "properties": {
        "monotonic_time": 398164.53301221965,
        "horizontal_accuracy": 2.7103267051336366,
        "speed": 0.9817011862608013,
        "course": 241.84873054854762,
        "synthetic": false
      },
      "geometry": {
        "type": "Point",
        "coordinates": [
          30.478098177564075,
          59.98852229258656
        ]
      }
    },
    {
      "type": "Feature",
      "properties": {
        "monotonic_time": 398165.5330109721,
        "horizontal_accuracy": 2.690328142074026,
        "speed": 0.6898104709108159,
        "course": 241.84871960241264,
        "synthetic": false
      },
      "geometry": {
        "type": "Point",
        "coordinates": [
          30.478085558828575,
          59.988522558848004
        ]
      }
    },
    {
      "type": "Feature",
      "properties": {
        "monotonic_time": 398166.53301190306,
        "horizontal_accuracy": 2.6869155717992963,
        "speed": 0.7853180429072854,
        "course": 241.84870853406687,
        "synthetic": false
      },
      "geometry": {
        "type": "Point",
        "coordinates": [
          30.478072775019655,
          59.98851885789974
        ]
      }
    },
    {
      "type": "Feature",
      "properties": {
        "monotonic_time": 398167.53301230137,
        "horizontal_accuracy": 2.693654472017832,
        "speed": 0.8238848904372787,
        "course": 241.8486967927691,
        "synthetic": false
      },
      "geometry": {
        "type": "Point",
        "coordinates": [
          30.478059229994372,
          59.988517563879064
        ]
      }
    },
    {
      "type": "Feature",
      "properties": {
        "monotonic_time": 398168.53301334096,
        "horizontal_accuracy": 2.7595853971057696,
        "speed": 1.010740903667335,
        "course": 241.84868350296313,
        "synthetic": false
      },
      "geometry": {
        "type": "Point",
        "coordinates": [
          30.478043885358886,
          59.98851393004274
        ]
      }
    },
    {
      "type": "Feature",
      "properties": {
        "monotonic_time": 398169.53301177477,
        "horizontal_accuracy": 2.7614857495286493,
        "speed": 1.1537746048195023,
        "course": 241.8486677571421,
        "synthetic": false
      },
      "geometry": {
        "type": "Point",
        "coordinates": [
          30.478025717141872,
          59.988511622938525
        ]
      }
    },
    {
      "type": "Feature",
      "properties": {
        "monotonic_time": 398170.53301220253,
        "horizontal_accuracy": 2.753638079124147,
        "speed": 1.2190539687996884,
        "course": 241.84864700952275,
        "synthetic": false
      },
      "geometry": {
        "type": "Point",
        "coordinates": [
          30.47800178308967,
          59.98850947878359
        ]
      }
    },
    {
      "type": "Feature",
      "properties": {
        "monotonic_time": 398171.5330116753,
        "horizontal_accuracy": 2.7618280794383088,
        "speed": 0.5279326626055353,
        "course": 241.8486377318776,
        "synthetic": false
      },
      "geometry": {
        "type": "Point",
        "coordinates": [
          30.47799107279611,
          59.988507242905825
        ]
      }
    },
    {
      "type": "Feature",
      "properties": {
        "monotonic_time": 398172.5330112453,
        "horizontal_accuracy": 2.7243548147381214,
        "speed": 0.22072701081727047,
        "course": 241.84863822681422,
        "synthetic": false
      },
      "geometry": {
        "type": "Point",
        "coordinates": [
          30.477991631259034,
          59.98850524489219
        ]
      }
    },
    {
      "type": "Feature",
      "properties": {
        "monotonic_time": 398173.5330115163,
        "horizontal_accuracy": 2.720555438803295,
        "speed": 0.03175835295507592,
        "course": 241.8486354857884,
        "synthetic": false
      },
      "geometry": {
        "type": "Point",
        "coordinates": [
          30.477988468839104,
          59.98850489178321
        ]
      }
    },
    {
      "type": "Feature",
      "properties": {
        "monotonic_time": 398174.5330123153,
        "horizontal_accuracy": 2.7182043226014065,
        "speed": 0.10696559702874346,
        "course": 241.8486274067125,
        "synthetic": false
      },
      "geometry": {
        "type": "Point",
        "coordinates": [
          30.477979137862516,
          59.98850223346158
        ]
      }
    },
    {
      "type": "Feature",
      "properties": {
        "monotonic_time": 398175.53301255684,
        "horizontal_accuracy": 2.682294114711341,
        "speed": 0.35254670091999424,
        "course": 241.84862146660217,
        "synthetic": false
      },
      "geometry": {
        "type": "Point",
        "coordinates": [
          30.477972273361978,
          59.988499633225004
        ]
      }
    },
    {
      "type": "Feature",
      "properties": {
        "monotonic_time": 398176.5330118623,
        "horizontal_accuracy": 2.6481794039684874,
        "speed": 0.18513413824439126,
        "course": 241.84861812469643,
        "synthetic": false
      },
      "geometry": {
        "type": "Point",
        "coordinates": [
          30.477968419067963,
          59.98849942962728
        ]
      }
    },
    {
      "type": "Feature",
      "properties": {
        "monotonic_time": 398177.5330114673,
        "horizontal_accuracy": 2.615770439283244,
        "speed": 0.34094759508707895,
        "course": 241.848612136214,
        "synthetic": false
      },
      "geometry": {
        "type": "Point",
        "coordinates": [
          30.477961505521733,
          59.988497933025876
        ]
      }
    },
    {
      "type": "Feature",
      "properties": {
        "monotonic_time": 398178.53301191324,
        "horizontal_accuracy": 2.584981922582538,
        "speed": 0.4898866888107068,
        "course": 241.8485974904561,
        "synthetic": false
      },
      "geometry": {
        "type": "Point",
        "coordinates": [
          30.477944581743373,
          59.98849170735697
        ]
      }
    },
    {
      "type": "Feature",
      "properties": {
        "monotonic_time": 398179.5330118898,
        "horizontal_accuracy": 2.588369704420274,
        "speed": 0,
        "course": 241.84859753488877,
        "synthetic": false
      },
      "geometry": {
        "type": "Point",
        "coordinates": [
          30.477944628065526,
          59.988490902195906
        ]
      }
    },
    {
      "type": "Feature",
      "properties": {
        "monotonic_time": 398180.5330119437,
        "horizontal_accuracy": 2.6539378116146293,
        "speed": 0.8859871776391658,
        "course": 241.848580325387,
        "synthetic": false
      },
      "geometry": {
        "type": "Point",
        "coordinates": [
          30.477924764530012,
          59.988487320935604
        ]
      }
    },
    {
      "type": "Feature",
      "properties": {
        "monotonic_time": 398181.53301136266,
        "horizontal_accuracy": 2.6895134741903743,
        "speed": 1.5015320016364229,
        "course": 241.848555833178,
        "synthetic": false
      },
      "geometry": {
        "type": "Point",
        "coordinates": [
          30.477896507386582,
          59.98848423134541
        ]
      }
    },
    {
      "type": "Feature",
      "properties": {
        "monotonic_time": 398182.533010731,
        "horizontal_accuracy": 2.6985399185810333,
        "speed": 1.8489012916417704,
        "course": 241.84853223233227,
        "synthetic": false
      },
      "geometry": {
        "type": "Point",
        "coordinates": [
          30.477869268053695,
          59.988479519369214
        ]
      }
    },
    {
      "type": "Feature",
      "properties": {
        "monotonic_time": 398183.5330115705,
        "horizontal_accuracy": 2.7086022852815947,
        "speed": 2.057475608868729,
        "course": 247.80379458104517,
        "synthetic": false
      },
      "geometry": {
        "type": "Point",
        "coordinates": [
          30.47783166304805,
          59.988476900418235
        ]
      }
    },
    {
      "type": "Feature",
      "properties": {
        "monotonic_time": 398184.5330113365,
        "horizontal_accuracy": 2.673172185493408,
        "speed": 2.3162815456384016,
        "course": 245.3529432720335,
        "synthetic": false
      },
      "geometry": {
        "type": "Point",
        "coordinates": [
          30.477801320041443,
          59.98846504545091
        ]
      }
    },
    {
      "type": "Feature",
      "properties": {
        "monotonic_time": 398185.5330119171,
        "horizontal_accuracy": 2.639513558793326,
        "speed": 2.222669867805483,
        "course": 246.26327617353968,
        "synthetic": false
      },
      "geometry": {
        "type": "Point",
        "coordinates": [
          30.47776855939895,
          59.988458157798874
        ]
      }
    },
    {
      "type": "Feature",
      "properties": {
        "monotonic_time": 398186.5330127695,
        "horizontal_accuracy": 2.609586200080976,
        "speed": 2.035485355991509,
        "course": 245.39246603816423,
        "synthetic": false
      },
      "geometry": {
        "type": "Point",
        "coordinates": [
          30.47774087589758,
          59.98844948161382
        ]
      }
    },
    {
      "type": "Feature",
      "properties": {
        "monotonic_time": 398187.53301147214,
        "horizontal_accuracy": 2.5973263880646273,
        "speed": 2.1059987399822706,
        "course": 247.0045058242692,
        "synthetic": false
      },
      "geometry": {
        "type": "Point",
        "coordinates": [
          30.4777093434056,
          59.988444822381915
        ]
      }
    },
    {
      "type": "Feature",
      "properties": {
        "monotonic_time": 398188.533011515,
        "horizontal_accuracy": 2.579128435654894,
        "speed": 2.1595609168918033,
        "course": 248.35534629410762,
        "synthetic": false
      },
      "geometry": {
        "type": "Point",
        "coordinates": [
          30.477679525738584,
          59.98844033909332
        ]
      }
    },
    {
      "type": "Feature",
      "properties": {
        "monotonic_time": 398189.533011683,
        "horizontal_accuracy": 2.604775510564301,
        "speed": 1.755782460903371,
        "course": 247.786126080156,
        "synthetic": false
      },
      "geometry": {
        "type": "Point",
        "coordinates": [
          30.477657260723536,
          59.98843493004552
        ]
      }
    },
    {
      "type": "Feature",
      "properties": {
        "monotonic_time": 398190.53301356995,
        "horizontal_accuracy": 2.655353407498663,
        "speed": 1.2901531317149948,
        "course": 247.1921693642801,
        "synthetic": false
      },
      "geometry": {
        "type": "Point",
        "coordinates": [
          30.477634362777327,
          59.98842910487265
        ]
      }
    },
    {
      "type": "Feature",
      "properties": {
        "monotonic_time": 398191.53301316476,
        "horizontal_accuracy": 2.788961760527316,
        "speed": 0.9813446683246196,
        "course": 247.19215462087254,
        "synthetic": false
      },
      "geometry": {
        "type": "Point",
        "coordinates": [
          30.477617331833716,
          59.98842598882098
        ]
      }
    },
    {
      "type": "Feature",
      "properties": {
        "monotonic_time": 398192.53301300015,
        "horizontal_accuracy": 2.7845101371981618,
        "speed": 0.999320088302612,
        "course": 247.19213966225198,
        "synthetic": false
      },
      "geometry": {
        "type": "Point",
        "coordinates": [
          30.477600063638892,
          59.98842171238528
        ]
      }
    },
    {
      "type": "Feature",
      "properties": {
        "monotonic_time": 398193.5330112816,
        "horizontal_accuracy": 2.8295705941479357,
        "speed": 0.9787823541634662,
        "course": 247.19212433287015,
        "synthetic": false
      },
      "geometry": {
        "type": "Point",
        "coordinates": [
          30.47758238425551,
          59.988415678473125
        ]
      }
    },
    {
      "type": "Feature",
      "properties": {
        "monotonic_time": 398194.53301255027,
        "horizontal_accuracy": 2.8901222961578323,
        "speed": 0.9653756022394319,
        "course": 247.19211174280073,
        "synthetic": false
      },
      "geometry": {
        "type": "Point",
        "coordinates": [
          30.47756787854519,
          59.98840930640245
        ]
      }
    },
    {
      "type": "Feature",
      "properties": {
        "monotonic_time": 398195.53301273345,
        "horizontal_accuracy": 2.9187175781088985,
        "speed": 0.7971203310016428,
        "course": 247.1920973137365,
        "synthetic": false
      },
      "geometry": {
        "type": "Point",
        "coordinates": [
          30.477551243158466,
          59.98840307077951
        ]
      }
    },
    {
      "type": "Feature",
      "properties": {
        "monotonic_time": 398196.5330091945,
        "horizontal_accuracy": 2.90324077280102,
        "speed": 0.5789782743684051,
        "course": 247.19208752765542,
        "synthetic": false
      },
      "geometry": {
        "type": "Point",
        "coordinates": [
          30.47753994663202,
          59.98840022356148
        ]
      }
    },
    {
      "type": "Feature",
      "properties": {
        "monotonic_time": 398197.5330094249,
        "horizontal_accuracy": 2.9209661668078395,
        "speed": 0.4937913452494078,
        "course": 247.19207789085786,
        "synthetic": false
      },
      "geometry": {
        "type": "Point",
        "coordinates": [
          30.477528831257345,
          59.9883965529175
        ]
      }
    },
    {
      "type": "Feature",
      "properties": {
        "monotonic_time": 398198.53301245475,
        "horizontal_accuracy": 2.9479500765104962,
        "speed": 0.48773911807519793,
        "course": 247.19206453950477,
        "synthetic": false
      },
      "geometry": {
        "type": "Point",
        "coordinates": [
          30.477513422455893,
          59.988392345816415
        ]
      }
    },
    {
      "type": "Feature",
      "properties": {
        "monotonic_time": 398199.5330114425,
        "horizontal_accuracy": 2.9557109656977345,
        "speed": 0.3466346667960217,
        "course": 247.1920608142653,
        "synthetic": false
      },
      "geometry": {
        "type": "Point",
        "coordinates": [
          30.47750911076323,
          59.98839238893779
        ]
      }
    },
    {
      "type": "Feature",
      "properties": {
        "monotonic_time": 398200.5330122486,
        "horizontal_accuracy": 2.952720025023536,
        "speed": 0.1456621005159931,
        "course": 247.19206103706702,
        "synthetic": false
      },
      "geometry": {
        "type": "Point",
        "coordinates": [
          30.477509388111258,
          59.98839047420142
        ]
      }
    },
    {
      "type": "Feature",
      "properties": {
        "monotonic_time": 398201.533011009,
        "horizontal_accuracy": 2.945225214615933,
        "speed": 0.17122156315938222,
        "course": 247.1920603717261,
        "synthetic": false
      },
      "geometry": {
        "type": "Point",
        "coordinates": [
          30.47750861877405,
          59.98839040860801
        ]
      }
    },
    {
      "type": "Feature",
      "properties": {
        "monotonic_time": 398202.5330113516,
        "horizontal_accuracy": 2.9476410601028293,
        "speed": 0.1648354164523218,
        "course": 247.1920588038612,
        "synthetic": false
      },
      "geometry": {
        "type": "Point",
        "coordinates": [
          30.477506785300047,
          59.988392271507095
        ]
      }
    },
    {
      "type": "Feature",
      "properties": {
        "monotonic_time": 398203.53301164636,
        "horizontal_accuracy": 2.8766354617412935,
        "speed": 0,
        "course": 247.19206028819076,
        "synthetic": false
      },
      "geometry": {
        "type": "Point",
        "coordinates": [
          30.477508536250852,
          59.98838901872581
        ]
      }
    },
    {
      "type": "Feature",
      "properties": {
        "monotonic_time": 398204.53301187523,
        "horizontal_accuracy": 2.795364483235011,
        "speed": 0,
        "course": 247.19206028819076,
        "synthetic": false
      },
      "geometry": {
        "type": "Point",
        "coordinates": [
          30.477508536250852,
          59.98838901872581
        ]
      }
    },
    {
      "type": "Feature",
      "properties": {
        "monotonic_time": 398205.5330126173,
        "horizontal_accuracy": 2.7192133256871203,
        "speed": 0,
        "course": 247.19206028819076,
        "synthetic": false
      },
      "geometry": {
        "type": "Point",
        "coordinates": [
          30.477508536250852,
          59.98838901872581
        ]
      }
    },
    {
      "type": "Feature",
      "properties": {
        "monotonic_time": 398206.53301181336,
        "horizontal_accuracy": 2.6240517493912088,
        "speed": 0.295146801292393,
        "course": 247.1920500971081,
        "synthetic": false
      },
      "geometry": {
        "type": "Point",
        "coordinates": [
          30.477496802927636,
          59.9883830370765
        ]
      }
    },
    {
      "type": "Feature",
      "properties": {
        "monotonic_time": 398207.5330117156,
        "horizontal_accuracy": 2.5691398854219916,
        "speed": 0,
        "course": 247.19204886604945,
        "synthetic": false
      },
      "geometry": {
        "type": "Point",
        "coordinates": [
          30.477495408883236,
          59.98838002500135
        ]
      }
    },
    {
      "type": "Feature",
      "properties": {
        "monotonic_time": 398208.533010996,
        "horizontal_accuracy": 2.578772532198798,
        "speed": 0,
        "course": 247.19204886604945,
        "synthetic": false
      },
      "geometry": {
        "type": "Point",
        "coordinates": [
          30.477495408883236,
          59.98838002500135
        ]
      }
    },
    {
      "type": "Feature",
      "properties": {
        "monotonic_time": 398209.5330121612,
        "horizontal_accuracy": 2.57365113670538,
        "speed": 0,
        "course": 247.19204886604945,
        "synthetic": false
      },
      "geometry": {
        "type": "Point",
        "coordinates": [
          30.477495408883236,
          59.98838002500135
        ]
      }
    },
    {
      "type": "Feature",
      "properties": {
        "monotonic_time": 398210.53301106486,
        "horizontal_accuracy": 2.5796105535814697,
        "speed": 0,
        "course": 247.19204886604945,
        "synthetic": false
      },
      "geometry": {
        "type": "Point",
        "coordinates": [
          30.477495408883236,
          59.98838002500135
        ]
      }
    },
    {
      "type": "Feature",
      "properties": {
        "monotonic_time": 398211.5330125599,
        "horizontal_accuracy": 2.600316741849356,
        "speed": 0,
        "course": 247.19204886604945,
        "synthetic": false
      },
      "geometry": {
        "type": "Point",
        "coordinates": [
          30.477495408883236,
          59.98838002500135
        ]
      }
    },
    {
      "type": "Feature",
      "properties": {
        "monotonic_time": 398212.5330126875,
        "horizontal_accuracy": 2.570300904756888,
        "speed": 0,
        "course": 247.19204886604945,
        "synthetic": false
      },
      "geometry": {
        "type": "Point",
        "coordinates": [
          30.477495408883236,
          59.98838002500135
        ]
      }
    },
    {
      "type": "Feature",
      "properties": {
        "monotonic_time": 398213.5330120713,
        "horizontal_accuracy": 2.541785859519044,
        "speed": 0,
        "course": 247.19204886604945,
        "synthetic": false
      },
      "geometry": {
        "type": "Point",
        "coordinates": [
          30.477495408883236,
          59.98838002500135
        ]
      }
    },
    {
      "type": "Feature",
      "properties": {
        "monotonic_time": 398214.5330117268,
        "horizontal_accuracy": 2.5640178092952604,
        "speed": 0.2997834034913391,
        "course": 247.19205542771658,
        "synthetic": false
      },
      "geometry": {
        "type": "Point",
        "coordinates": [
          30.47750297950149,
          59.98838230920148
        ]
      }
    },
    {
      "type": "Feature",
      "properties": {
        "monotonic_time": 398215.5330117147,
        "horizontal_accuracy": 2.5510058160886957,
        "speed": 0.7128613415477516,
        "course": 247.19204372917739,
        "synthetic": false
      },
      "geometry": {
        "type": "Point",
        "coordinates": [
          30.4774894657176,
          59.98837984983744
        ]
      }
    },
    {
      "type": "Feature",
      "properties": {
        "monotonic_time": 398216.53301128047,
        "horizontal_accuracy": 2.5234555388910267,
        "speed": 1.0914756710604208,
        "course": 247.19202662267682,
        "synthetic": false
      },
      "geometry": {
        "type": "Point",
        "coordinates": [
          30.477469704018908,
          59.98837633288441
        ]
      }
    },
    {
      "type": "Feature",
      "properties": {
        "monotonic_time": 398217.5330121559,
        "horizontal_accuracy": 2.4972827802727666,
        "speed": 1.6665651950530314,
        "course": 247.19200191232068,
        "synthetic": false
      },
      "geometry": {
        "type": "Point",
        "coordinates": [
          30.47744116340513,
          59.98837074394427
        ]
      }
    },
    {
      "type": "Feature",
      "properties": {
        "monotonic_time": 398218.5330115942,
        "horizontal_accuracy": 2.499689530827528,
        "speed": 2.6112783888147875,
        "course": 249.2438640957193,
        "synthetic": false
      },
      "geometry": {
        "type": "Point",
        "coordinates": [
          30.477394620478744,
          59.98836186175412
        ]
      }
    },
    {
      "type": "Feature",
      "properties": {
        "monotonic_time": 398219.5309256848,
        "horizontal_accuracy": 2.474705039013931,
        "speed": 2.112643170652152,
        "course": 247.53239064724096,
        "synthetic": false
      },
      "geometry": {
        "type": "Point",
        "coordinates": [
          30.477362380364443,
          59.98835316748817
        ]
      }
    },
    {
      "type": "Feature",
      "properties": {
        "monotonic_time": 398220.53065821587,
        "horizontal_accuracy": 2.450969798359825,
        "speed": 1.9796503134382872,
        "course": 247.6394182832696,
        "synthetic": false
      },
      "geometry": {
        "type": "Point",
        "coordinates": [
          30.47732874198528,
          59.988346639106126
        ]
      }
    },
    {
      "type": "Feature",
      "properties": {
        "monotonic_time": 398221.53065904195,
        "horizontal_accuracy": 2.4591703181396944,
        "speed": 2.0680694655082754,
        "course": 248.69624817058525,
        "synthetic": false
      },
      "geometry": {
        "type": "Point",
        "coordinates": [
          30.477291636440135,
          59.988341471942576
        ]
      }
    },
    {
      "type": "Feature",
      "properties": {
        "monotonic_time": 398222.5310804954,
        "horizontal_accuracy": 2.4362118034926903,
        "speed": 1.75715942527807,
        "course": 248.93232043700152,
        "synthetic": false
      },
      "geometry": {
        "type": "Point",
        "coordinates": [
          30.477260025273868,
          59.98833565804594
        ]
      }
    },
    {
      "type": "Feature",
      "properties": {
        "monotonic_time": 398223.5304120633,
        "horizontal_accuracy": 2.4144011965136185,
        "speed": 1.5568803591538585,
        "course": 248.780833138586,
        "synthetic": false
      },
      "geometry": {
        "type": "Point",
        "coordinates": [
          30.477231468138832,
          59.98833010788096
        ]
      }
    },
    {
      "type": "Feature",
      "properties": {
        "monotonic_time": 398224.5304107768,
        "horizontal_accuracy": 2.3936811191106817,
        "speed": 0.8263880553926408,
        "course": 248.7465473996499,
        "synthetic": false
      },
      "geometry": {
        "type": "Point",
        "coordinates": [
          30.47721516172872,
          59.98832806501425
        ]
      }
    },
    {
      "type": "Feature",
      "properties": {
        "monotonic_time": 398225.53073772625,
        "horizontal_accuracy": 2.4013388733506384,
        "speed": 0.25891715754045885,
        "course": 248.7465425469183,
        "synthetic": false
      },
      "geometry": {
        "type": "Point",
        "coordinates": [
          30.477209556210557,
          59.98832713945999
        ]
      }
    },
    {
      "type": "Feature",
      "properties": {
        "monotonic_time": 398226.5305120887,
        "horizontal_accuracy": 2.441322092289511,
        "speed": 0.3858474674164317,
        "course": 248.7465435784817,
        "synthetic": false
      },
      "geometry": {
        "type": "Point",
        "coordinates": [
          30.47721075756071,
          59.98832619342086
        ]
      }
    },
    {
      "type": "Feature",
      "properties": {
        "monotonic_time": 398227.53050993447,
        "horizontal_accuracy": 2.463565965944205,
        "speed": 0.6688622825395394,
        "course": 248.74653255801502,
        "synthetic": false
      },
      "geometry": {
        "type": "Point",
        "coordinates": [
          30.47719804079491,
          59.98832253883483
        ]
      }
    },
    {
      "type": "Feature",
      "properties": {
        "monotonic_time": 398228.53074833634,
        "horizontal_accuracy": 2.4403876647829295,
        "speed": 0.5027816749618559,
        "course": 248.74652361904663,
        "synthetic": false
      },
      "geometry": {
        "type": "Point",
        "coordinates": [
          30.477187725110745,
          59.98831966883111
        ]
      }
    },
    {
      "type": "Feature",
      "properties": {
        "monotonic_time": 398229.53086274565,
        "horizontal_accuracy": 2.428343149312588,
        "speed": 0.31387351485565856,
        "course": 248.74652234121808,
        "synthetic": false
      },
      "geometry": {
        "type": "Point",
        "coordinates": [
          30.477186249881022,
          59.98831932869125
        ]
      }
    },
    {
      "type": "Feature",
      "properties": {
        "monotonic_time": 398230.5308620843,
        "horizontal_accuracy": 2.4162177959781372,
        "speed": 0.19826513357615977,
        "course": 248.7465199597611,
        "synthetic": false
      },
      "geometry": {
        "type": "Point",
        "coordinates": [
          30.477183501111153,
          59.988318627043505
        ]
      }
    },
    {
      "type": "Feature",
      "properties": {
        "monotonic_time": 398231.5306935766,
        "horizontal_accuracy": 2.4168088079918215,
        "speed": 0.44686029507485897,
        "course": 248.74651656349386,
        "synthetic": false
      },
      "geometry": {
        "type": "Point",
        "coordinates": [
          30.47717958038156,
          59.988317699712674
        ]
      }
    },
    {
      "type": "Feature",
      "properties": {
        "monotonic_time": 398232.53076281596,
        "horizontal_accuracy": 2.4376824783472864,
        "speed": 1.2098794668333892,
        "course": 248.74650370468845,
        "synthetic": false
      },
      "geometry": {
        "type": "Point",
        "coordinates": [
          30.477164726602048,
          59.98831527444473
        ]
      }
    },
    {
      "type": "Feature",
      "properties": {
        "monotonic_time": 398233.5307594987,
        "horizontal_accuracy": 2.5177464811154757,
        "speed": 1.6922640232768014,
        "course": 248.7464790077382,
        "synthetic": false
      },
      "geometry": {
        "type": "Point",
        "coordinates": [
          30.47713619026638,
          59.988311527804335
        ]
      }
    },
    {
      "type": "Feature",
      "properties": {
        "monotonic_time": 398234.5307627578,
        "horizontal_accuracy": 2.4918591687935434,
        "speed": 2.1026990374821386,
        "course": 248.13625731343643,
        "synthetic": false
      },
      "geometry": {
        "type": "Point",
        "coordinates": [
          30.47710271883195,
          59.988304963892105
        ]
      }
    },
    {
      "type": "Feature",
      "properties": {
        "monotonic_time": 398235.53076364094,
        "horizontal_accuracy": 2.5031682364735586,
        "speed": 2.433591246743274,
        "course": 249.89701329228365,
        "synthetic": false
      },
      "geometry": {
        "type": "Point",
        "coordinates": [
          30.477061385988318,
          59.98830007773948
        ]
      }
    },
    {
      "type": "Feature",
      "properties": {
        "monotonic_time": 398236.5307622137,
        "horizontal_accuracy": 2.4780098272917983,
        "speed": 2.4018831681793933,
        "course": 249.04234410754128,
        "synthetic": false
      },
      "geometry": {
        "type": "Point",
        "coordinates": [
          30.47702100134694,
          59.98829059393079
        ]
      }
    },
    {
      "type": "Feature",
      "properties": {
        "monotonic_time": 398237.53076235804,
        "horizontal_accuracy": 2.454109346854068,
        "speed": 2.7227872031591507,
        "course": 248.80441020598587,
        "synthetic": false
      },
      "geometry": {
        "type": "Point",
        "coordinates": [
          30.47697473578296,
          59.9882814577807
        ]
      }
    },
    {
      "type": "Feature",
      "properties": {
        "monotonic_time": 398238.5307624579,
        "horizontal_accuracy": 2.4314039131398424,
        "speed": 3.910907619542557,
        "course": 248.79248368755844,
        "synthetic": false
      },
      "geometry": {
        "type": "Point",
        "coordinates": [
          30.476906106632317,
          59.98826824683092
        ]
      }
    },
    {
      "type": "Feature",
      "properties": {
        "monotonic_time": 398239.53076219367,
        "horizontal_accuracy": 2.409833749552392,
        "speed": 4.016269427667438,
        "course": 248.69638963416003,
        "synthetic": false
      },
      "geometry": {
        "type": "Point",
        "coordinates": [
          30.476838864703357,
          59.988254855393315
        ]
      }
    },
    {
      "type": "Feature",
      "properties": {
        "monotonic_time": 398240.5307621432,
        "horizontal_accuracy": 2.3893420317917733,
        "speed": 3.540027198800622,
        "course": 249.5682220240646,
        "synthetic": false
      },
      "geometry": {
        "type": "Point",
        "coordinates": [
          30.476776002935697,
          59.98824505467913
        ]
      }
    },
    {
      "type": "Feature",
      "properties": {
        "monotonic_time": 398241.53075946035,
        "horizontal_accuracy": 2.3765370935096253,
        "speed": 2.6248663324387183,
        "course": 250.90090240647822,
        "synthetic": false
      },
      "geometry": {
        "type": "Point",
        "coordinates": [
          30.476738747662907,
          59.988240806951055
        ]
      }
    },
    {
      "type": "Feature",
      "properties": {
        "monotonic_time": 398242.53075978876,
        "horizontal_accuracy": 2.390914249655707,
        "speed": 1.8665106374544655,
        "course": 252.44872076549353,
        "synthetic": false
      },
      "geometry": {
        "type": "Point",
        "coordinates": [
          30.476706024471934,
          59.98823698120039
        ]
      }
    },
    {
      "type": "Feature",
      "properties": {
        "monotonic_time": 398243.53076301777,
        "horizontal_accuracy": 2.4217921099994575,
        "speed": 0.9379160834545924,
        "course": 252.09043809232577,
        "synthetic": false
      },
      "geometry": {
        "type": "Point",
        "coordinates": [
          30.47669260996936,
          59.988234542660486
        ]
      }
    },
    {
      "type": "Feature",
      "properties": {
        "monotonic_time": 398244.5307590861,
        "horizontal_accuracy": 2.4592271557179326,
        "speed": 1.214939602075005,
        "course": 252.0904223397615,
        "synthetic": false
      },
      "geometry": {
        "type": "Point",
        "coordinates": [
          30.476674367973935,
          59.98823262154851
        ]
      }
    },
    {
      "type": "Feature",
      "properties": {
        "monotonic_time": 398245.5307596169,
        "horizontal_accuracy": 2.442694990763078,
        "speed": 1.5499180378725566,
        "course": 252.0903950305282,
        "synthetic": false
      },
      "geometry": {
        "type": "Point",
        "coordinates": [
          30.476642777994957,
          59.98822858174327
        ]
      }
    },
    {
      "type": "Feature",
      "properties": {
        "monotonic_time": 398246.53076355805,
        "horizontal_accuracy": 2.440272713226041,
        "speed": 1.5309953758586805,
        "course": 252.0903720737679,
        "synthetic": false
      },
      "geometry": {
        "type": "Point",
        "coordinates": [
          30.476616164504858,
          59.988226365130394
        ]
      }
    },
    {
      "type": "Feature",
      "properties": {
        "monotonic_time": 398247.53076398093,
        "horizontal_accuracy": 2.4182590928877334,
        "speed": 1.9151066458967803,
        "course": 252.09034328605424,
        "synthetic": false
      },
      "geometry": {
        "type": "Point",
        "coordinates": [
          30.476582960754328,
          59.98822015312917
        ]
      }
    },
    {
      "type": "Feature",
      "properties": {
        "monotonic_time": 398248.5307633602,
        "horizontal_accuracy": 2.426360319275961,
        "speed": 2.656864151814813,
        "course": 254.75806663545046,
        "synthetic": false
      },
      "geometry": {
        "type": "Point",
        "coordinates": [
          30.476533433733493,
          59.98821340731896
        ]
      }
    },
    {
      "type": "Feature",
      "properties": {
        "monotonic_time": 398249.5307623998,
        "horizontal_accuracy": 2.405042311847863,
        "speed": 2.7817395411198262,
        "course": 254.18804279832182,
        "synthetic": false
      },
      "geometry": {
        "type": "Point",
        "coordinates": [
          30.47648251664422,
          59.98820528773415
        ]
      }
    },
    {
      "type": "Feature",
      "properties": {
        "monotonic_time": 398250.5307624685,
        "horizontal_accuracy": 2.384790197141549,
        "speed": 2.738883525679708,
        "course": 254.0903840262406,
        "synthetic": false
      },
      "geometry": {
        "type": "Point",
        "coordinates": [
          30.47643202819304,
          59.98819803340946
        ]
      }
    },
    {
      "type": "Feature",
      "properties": {
        "monotonic_time": 398251.5307634135,
        "horizontal_accuracy": 2.3724295317811213,
        "speed": 2.7218796261435414,
        "course": 254.25314121096397,
        "synthetic": false
      },
      "geometry": {
        "type": "Point",
        "coordinates": [
          30.476386488473224,
          59.98819220950028
        ]
      }
    },
    {
      "type": "Feature",
      "properties": {
        "monotonic_time": 398252.5307611175,
        "horizontal_accuracy": 2.353808084048516,
        "speed": 3.417900411721766,
        "course": 253.52444623235385,
        "synthetic": false
      },
      "geometry": {
        "type": "Point",
        "coordinates": [
          30.47632313440504,
          59.98818161637845
        ]
      }
    },
    {
      "type": "Feature",
      "properties": {
        "monotonic_time": 398261.53075209045,
        "horizontal_accuracy": 2.3591906597413965,
        "speed": 0.8610911671836711,
        "course": 256.4643632366209,
        "synthetic": false
      },
      "geometry": {
        "type": "Point",
        "coordinates": [
          30.475937672773014,
          59.988133415527734
        ]
      }
    },
    {
      "type": "Feature",
      "properties": {
        "monotonic_time": 398262.53076411027,
        "horizontal_accuracy": 2.341231128901975,
        "speed": 0.8777086114478049,
        "course": 256.4643479015916,
        "synthetic": false
      },
      "geometry": {
        "type": "Point",
        "coordinates": [
          30.475919970289986,
          59.98813208790291
        ]
      }
    },
    {
      "type": "Feature",
      "properties": {
        "monotonic_time": 398263.53076262685,
        "horizontal_accuracy": 2.3749646728859304,
        "speed": 0.8878806396232394,
        "course": 256.4643329734646,
        "synthetic": false
      },
      "geometry": {
        "type": "Point",
        "coordinates": [
          30.47590273360148,
          59.988130344238726
        ]
      }
    },
    {
      "type": "Feature",
      "properties": {
        "monotonic_time": 398264.53076305706,
        "horizontal_accuracy": 2.3701854678678833,
        "speed": 1.0699281605037332,
        "course": 256.46430986532357,
        "synthetic": false
      },
      "geometry": {
        "type": "Point",
        "coordinates": [
          30.475876047527706,
          59.988127142621856
        ]
      }
    },
    {
      "type": "Feature",
      "properties": {
        "monotonic_time": 398265.53076309664,
        "horizontal_accuracy": 2.3516761861532274,
        "speed": 0.7609977013911777,
        "course": 256.46429585384215,
        "synthetic": false
      },
      "geometry": {
        "type": "Point",
        "coordinates": [
          30.475859868892343,
          59.98812546619067
        ]
      }
    },
    {
      "type": "Feature",
      "properties": {
        "monotonic_time": 398266.530762556,
        "horizontal_accuracy": 2.334092374410872,
        "speed": 0.640649880616189,
        "course": 256.4642818113947,
        "synthetic": false
      },
      "geometry": {
        "type": "Point",
        "coordinates": [
          30.475843654509006,
          59.98812378694984
        ]
      }
    },
    {
      "type": "Feature",
      "properties": {
        "monotonic_time": 398267.5307631143,
        "horizontal_accuracy": 2.317387742886062,
        "speed": 0.2079854346064369,
        "course": 256.464273716502,
        "synthetic": false
      },
      "geometry": {
        "type": "Point",
        "coordinates": [
          30.47583431175291,
          59.988123297995195
        ]
      }
    },
    {
      "type": "Feature",
      "properties": {
        "monotonic_time": 398268.5307626562,
        "horizontal_accuracy": 2.301518352455258,
        "speed": 0.09079578478467236,
        "course": 256.46427202713863,
        "synthetic": false
      },
      "geometry": {
        "type": "Point",
        "coordinates": [
          30.475832363609847,
          59.98812338480843
        ]
      }
    },
    {
      "type": "Feature",
      "properties": {
        "monotonic_time": 398269.5307624762,
        "horizontal_accuracy": 2.286442433591509,
        "speed": 0.049477246179234206,
        "course": 256.4642669184489,
        "synthetic": false
      },
      "geometry": {
        "type": "Point",
        "coordinates": [
          30.47582644561922,
          59.98812057373837
        ]
      }
    },
    {
      "type": "Feature",
      "properties": {
        "monotonic_time": 398270.5307623905,
        "horizontal_accuracy": 2.283902968400253,
        "speed": 0.029779117565430484,
        "course": 256.4642613147284,
        "synthetic": false
      },
      "geometry": {
        "type": "Point",
        "coordinates": [
          30.475819962364678,
          59.98811843136595
        ]
      }
    },
    {
      "type": "Feature",
      "properties": {
        "monotonic_time": 398271.53076261526,
        "horizontal_accuracy": 2.2697078360367398,
        "speed": 0.5336513802741538,
        "course": 256.4642472693679,
        "synthetic": false
      },
      "geometry": {
        "type": "Point",
        "coordinates": [
          30.475803721753795,
          59.988114124188286
        ]
      }
    },
    {
      "type": "Feature",
      "properties": {
        "monotonic_time": 398272.5307634409,
        "horizontal_accuracy": 2.2562224376146878,
        "speed": 0.30811907997381893,
        "course": 256.4642416325532,
        "synthetic": false
      },
      "geometry": {
        "type": "Point",
        "coordinates": [
          30.4757972254081,
          59.98811486508944
        ]
      }
    },
    {
      "type": "Feature",
      "properties": {
        "monotonic_time": 398273.5307621977,
        "horizontal_accuracy": 2.2434113082575826,
        "speed": 0.05507903774752751,
        "course": 256.4642398351323,
        "synthetic": false
      },
      "geometry": {
        "type": "Point",
        "coordinates": [
          30.47579514965943,
          59.988114613181374
        ]
      }
    },
    {
      "type": "Feature",
      "properties": {
        "monotonic_time": 398274.530763342,
        "horizontal_accuracy": 2.25048314451239,
        "speed": 0.07827542936178075,
        "course": 256.46423938966205,
        "synthetic": false
      },
      "geometry": {
        "type": "Point",
        "coordinates": [
          30.47579461904428,
          59.98811269300572
        ]
      }
    },
    {
      "type": "Feature",
      "properties": {
        "monotonic_time": 398275.5307628982,
        "horizontal_accuracy": 2.237958985240647,
        "speed": 0,
        "course": 256.46424075536186,
        "synthetic": false
      },
      "geometry": {
        "type": "Point",
        "coordinates": [
          30.475796197538887,
          59.988113035923455
        ]
      }
    },
    {
      "type": "Feature",
      "properties": {
        "monotonic_time": 398276.5307629872,
        "horizontal_accuracy": 2.2582027172461734,
        "speed": 0,
        "course": 256.46424075536186,
        "synthetic": false
      },
      "geometry": {
        "type": "Point",
        "coordinates": [
          30.475796197538887,
          59.988113035923455
        ]
      }
    },
    {
      "type": "Feature",
      "properties": {
        "monotonic_time": 398277.5307621678,
        "horizontal_accuracy": 2.2452925874284175,
        "speed": 0.22199862458991781,
        "course": 256.46423653308733,
        "synthetic": false
      },
      "geometry": {
        "type": "Point",
        "coordinates": [
          30.475791300127042,
          59.9881099933951
        ]
      }
    },
    {
      "type": "Feature",
      "properties": {
        "monotonic_time": 398278.53076211066,
        "horizontal_accuracy": 2.2330279556832373,
        "speed": 0.12311913203189818,
        "course": 256.4642310722759,
        "synthetic": false
      },
      "geometry": {
        "type": "Point",
        "coordinates": [
          30.47578500484404,
          59.98811050678685
        ]
      }
    },
    {
      "type": "Feature",
      "properties": {
        "monotonic_time": 398279.53076128283,
        "horizontal_accuracy": 2.2213765552993796,
        "speed": 0.02229434159963678,
        "course": 256.46423409377644,
        "synthetic": false
      },
      "geometry": {
        "type": "Point",
        "coordinates": [
          30.475788499408868,
          59.98811152666736
        ]
      }
    },
    {
      "type": "Feature",
      "properties": {
        "monotonic_time": 398280.53076373733,
        "horizontal_accuracy": 2.253876596350122,
        "speed": 0.021313475723324846,
        "course": 256.4642339712732,
        "synthetic": false
      },
      "geometry": {
        "type": "Point",
        "coordinates": [
          30.47578835723256,
          59.98811142863542
        ]
      }
    },
    {
      "type": "Feature",
      "properties": {
        "monotonic_time": 398281.5307631361,
        "horizontal_accuracy": 2.2501362497044743,
        "speed": 0,
        "course": 256.46423665579573,
        "synthetic": false
      },
      "geometry": {
        "type": "Point",
        "coordinates": [
          30.47579145347783,
          59.9881113484642
        ]
      }
    },
    {
      "type": "Feature",
      "properties": {
        "monotonic_time": 398282.5307585125,
        "horizontal_accuracy": 2.2646301456981415,
        "speed": 0,
        "course": 256.46423665579573,
        "synthetic": false
      },
      "geometry": {
        "type": "Point",
        "coordinates": [
          30.47579145347783,
          59.9881113484642
        ]
      }
    },
    {
      "type": "Feature",
      "properties": {
        "monotonic_time": 398283.53076265595,
        "horizontal_accuracy": 2.2662218478787666,
        "speed": 0.23064186572178597,
        "course": 256.46422872117563,
        "synthetic": false
      },
      "geometry": {
        "type": "Point",
        "coordinates": [
          30.475782294437675,
          59.98811072409873
        ]
      }
    },
    {
      "type": "Feature",
      "properties": {
        "monotonic_time": 398284.5307632305,
        "horizontal_accuracy": 2.252910761955622,
        "speed": 0.49936471934970983,
        "course": 256.4642172074643,
        "synthetic": false
      },
      "geometry": {
        "type": "Point",
        "coordinates": [
          30.475769004380705,
          59.98810986142138
        ]
      }
    },
    {
      "type": "Feature",
      "properties": {
        "monotonic_time": 398285.53076229227,
        "horizontal_accuracy": 2.248979426292493,
        "speed": 0.30671010404158333,
        "course": 256.46420761977026,
        "synthetic": false
      },
      "geometry": {
        "type": "Point",
        "coordinates": [
          30.475757927257835,
          59.98810796729893
        ]
      }
    },
    {
      "type": "Feature",
      "properties": {
        "monotonic_time": 398286.53076318203,
        "horizontal_accuracy": 2.236530454989637,
        "speed": 0.29909364814439743,
        "course": 256.4641989140001,
        "synthetic": false
      },
      "geometry": {
        "type": "Point",
        "coordinates": [
          30.475747876970846,
          59.98810715609884
        ]
      }
    },
    {
      "type": "Feature",
      "properties": {
        "monotonic_time": 398287.5307629032,
        "horizontal_accuracy": 2.2247039334536884,
        "speed": 0.3466468591373185,
        "course": 256.46419131837484,
        "synthetic": false
      },
      "geometry": {
        "type": "Point",
        "coordinates": [
          30.475739103079565,
          59.98810585081526
        ]
      }
    },
    {
      "type": "Feature",
      "properties": {
        "monotonic_time": 398288.53075947356,
        "horizontal_accuracy": 2.2230105824313737,
        "speed": 0,
        "course": 256.4641934118293,
        "synthetic": false
      },
      "geometry": {
        "type": "Point",
        "coordinates": [
          30.47574152068665,
          59.988106142417884
        ]
      }
    },
    {
      "type": "Feature",
      "properties": {
        "monotonic_time": 398289.53076187195,
        "horizontal_accuracy": 2.2401006072668443,
        "speed": 0.22823838568752483,
        "course": 256.4641901939258,
        "synthetic": false
      },
      "geometry": {
        "type": "Point",
        "coordinates": [
          30.475737824783774,
          59.98810802291918
        ]
      }
    },
    {
      "type": "Feature",
      "properties": {
        "monotonic_time": 398290.53076298453,
        "horizontal_accuracy": 2.2701734657917254,
        "speed": 0.17924203916055326,
        "course": 256.4641932974757,
        "synthetic": false
      },
      "geometry": {
        "type": "Point",
        "coordinates": [
          30.475741408359244,
          59.98810839417255
        ]
      }
    },
    {
      "type": "Feature",
      "properties": {
        "monotonic_time": 398291.5307627245,
        "horizontal_accuracy": 2.256664805190782,
        "speed": 0.6976542391721444,
        "course": 256.4641816543509,
        "synthetic": false
      },
      "geometry": {
        "type": "Point",
        "coordinates": [
          30.475727983927886,
          59.988109246150266
        ]
      }
    },
    {
      "type": "Feature",
      "properties": {
        "monotonic_time": 398292.53076363256,
        "horizontal_accuracy": 2.24383158082258,
        "speed": 1.335769898024823,
        "course": 256.4641620481695,
        "synthetic": false
      },
      "geometry": {
        "type": "Point",
        "coordinates": [
          30.475705344699268,
          59.9881068361477
        ]
      }
    },
    {
      "type": "Feature",
      "properties": {
        "monotonic_time": 398293.5307627196,
        "horizontal_accuracy": 2.2316400160451098,
        "speed": 1.757448480907465,
        "course": 256.46413602660675,
        "synthetic": false
      },
      "geometry": {
        "type": "Point",
        "coordinates": [
          30.47567530679415,
          59.98810468963778
        ]
      }
    },
    {
      "type": "Feature",
      "properties": {
        "monotonic_time": 398294.5307630084,
        "horizontal_accuracy": 2.220058012182727,
        "speed": 1.5477291986688368,
        "course": 256.4641160653958,
        "synthetic": false
      },
      "geometry": {
        "type": "Point",
        "coordinates": [
          30.475652281307035,
          59.9881049586815
        ]
      }
    },
    {
      "type": "Feature",
      "properties": {
        "monotonic_time": 398295.530762866,
        "horizontal_accuracy": 2.214164521402819,
        "speed": 1.1276130319646216,
        "course": 256.46409982891896,
        "synthetic": false
      },
      "geometry": {
        "type": "Point",
        "coordinates": [
          30.475633514519537,
          59.988100831241745
        ]
      }
    },
    {
      "type": "Feature",
      "properties": {
        "monotonic_time": 398296.53076232,
        "horizontal_accuracy": 2.20345628634381,
        "speed": 0.7283446045473612,
        "course": 256.46408661291895,
        "synthetic": false
      },
      "geometry": {
        "type": "Point",
        "coordinates": [
          30.475618256650396,
          59.98809950862937
        ]
      }
    },
    {
      "type": "Feature",
      "properties": {
        "monotonic_time": 398297.5307630174,
        "horizontal_accuracy": 2.1932834651246487,
        "speed": 0.41645762553898513,
        "course": 256.4640785270472,
        "synthetic": false
      },
      "geometry": {
        "type": "Point",
        "coordinates": [
          30.47560893045154,
          59.98809972646333
        ]
      }
    },
    {
      "type": "Feature",
      "properties": {
        "monotonic_time": 398298.5307578683,
        "horizontal_accuracy": 2.183619288174017,
        "speed": 0.23560749872344597,
        "course": 256.4640672440301,
        "synthetic": false
      },
      "geometry": {
        "type": "Point",
        "coordinates": [
          30.475595907941187,
          59.988099025928136
        ]
      }
    },
    {
      "type": "Feature",
      "properties": {
        "monotonic_time": 398299.5307612918,
        "horizontal_accuracy": 2.1744383275960764,
        "speed": 0.3821985411439946,
        "course": 256.4640603594746,
        "synthetic": false
      },
      "geometry": {
        "type": "Point",
        "coordinates": [
          30.475587962411478,
          59.98809864581025
        ]
      }
    },
    {
      "type": "Feature",
      "properties": {
        "monotonic_time": 398300.5307635136,
        "horizontal_accuracy": 2.1657164077935285,
        "speed": 0.22645680151167857,
        "course": 256.4640575071313,
        "synthetic": false
      },
      "geometry": {
        "type": "Point",
        "coordinates": [
          30.47558467773808,
          59.988099320488296
        ]
      }
    },
    {
      "type": "Feature",
      "properties": {
        "monotonic_time": 398301.53076226264,
        "horizontal_accuracy": 2.158871010320221,
        "speed": 0.28144546875456206,
        "course": 256.46405140635716,
        "synthetic": false
      },
      "geometry": {
        "type": "Point",
        "coordinates": [
          30.47557762051277,
          59.988097114815766
        ]
      }
    },
    {
      "type": "Feature",
      "properties": {
        "monotonic_time": 398302.5307628041,
        "horizontal_accuracy": 2.1509274710667916,
        "speed": 0.7575288375329146,
        "course": 256.4640393544537,
        "synthetic": false
      },
      "geometry": {
        "type": "Point",
        "coordinates": [
          30.475563701693485,
          59.988095345812226
        ]
      }
    },
    {
      "type": "Feature",
      "properties": {
        "monotonic_time": 398303.5307613723,
        "horizontal_accuracy": 2.1433811101651092,
        "speed": 1.2507035961595396,
        "course": 256.46401950668985,
        "synthetic": false
      },
      "geometry": {
        "type": "Point",
        "coordinates": [
          30.47554078524202,
          59.988093105390405
        ]
      }
    },
    {
      "type": "Feature",
      "properties": {
        "monotonic_time": 398304.5307634724,
        "horizontal_accuracy": 2.1362120629804826,
        "speed": 1.5715457061066693,
        "course": 256.46399497986357,
        "synthetic": false
      },
      "geometry": {
        "type": "Point",
        "coordinates": [
          30.475512451917197,
          59.988088685303296
        ]
      }
    },
    {
      "type": "Feature",
      "properties": {
        "monotonic_time": 398305.5307631808,
        "horizontal_accuracy": 2.1294014664722654,
        "speed": 1.7131047162721438,
        "course": 256.46396948960313,
        "synthetic": false
      },
      "geometry": {
        "type": "Point",
        "coordinates": [
          30.475483033198277,
          59.988087258296815
        ]
      }
    },
    {
      "type": "Feature",
      "properties": {
        "monotonic_time": 398306.5307626867,
        "horizontal_accuracy": 2.1229313927113034,
        "speed": 1.5504217343012283,
        "course": 256.46394786766945,
        "synthetic": false
      },
      "geometry": {
        "type": "Point",
        "coordinates": [
          30.475458049789253,
          59.988082694625774
        ]
      }
    },
    {
      "type": "Feature",
      "properties": {
        "monotonic_time": 398307.530763203,
        "horizontal_accuracy": 2.116784816070963,
        "speed": 1.1952563672542713,
        "course": 256.46393198576857,
        "synthetic": false
      },
      "geometry": {
        "type": "Point",
        "coordinates": [
          30.475439740261677,
          59.988084106534465
        ]
      }
    },
    {
      "type": "Feature",
      "properties": {
        "monotonic_time": 398308.53076433914,
        "horizontal_accuracy": 2.1143953752253575,
        "speed": 0.5199834029982725,
        "course": 256.463925582684,
        "synthetic": false
      },
      "geometry": {
        "type": "Point",
        "coordinates": [
          30.475432336613558,
          59.98808216900676
        ]
      }
    },
    {
      "type": "Feature",
      "properties": {
        "monotonic_time": 398309.5307620354,
        "horizontal_accuracy": 2.1272332158120544,
        "speed": 0.03390531772329485,
        "course": 256.4639336330176,
        "synthetic": false
      },
      "geometry": {
        "type": "Point",
        "coordinates": [
          30.475441622932323,
          59.98808207967608
        ]
      }
    },
    {
      "type": "Feature",
      "properties": {
        "monotonic_time": 398310.5307634459,
        "horizontal_accuracy": 2.134393363773832,
        "speed": 0.12527391727804932,
        "course": 256.46393275087735,
        "synthetic": false
      },
      "geometry": {
        "type": "Point",
        "coordinates": [
          30.47544059663263,
          59.9880810874147
        ]
      }
    },
    {
      "type": "Feature",
      "properties": {
        "monotonic_time": 398311.53076341416,
        "horizontal_accuracy": 2.137370779595928,
        "speed": 0.026669296172423987,
        "course": 256.46393310049586,
        "synthetic": false
      },
      "geometry": {
        "type": "Point",
        "coordinates": [
          30.47544100677363,
          59.988081869866036
        ]
      }
    },
    {
      "type": "Feature",
      "properties": {
        "monotonic_time": 398312.530761228,
        "horizontal_accuracy": 2.186960477484942,
        "speed": 0.05742091253346741,
        "course": 256.4639310027424,
        "synthetic": false
      },
      "geometry": {
        "type": "Point",
        "coordinates": [
          30.475438578934188,
          59.98808097257706
        ]
      }
    },
    {
      "type": "Feature",
      "properties": {
        "monotonic_time": 398313.53076333704,
        "horizontal_accuracy": 2.2341599602034328,
        "speed": 0,
        "course": 256.4639299494952,
        "synthetic": false
      },
      "geometry": {
        "type": "Point",
        "coordinates": [
          30.475437363625282,
          59.98808094355418
        ]
      }
    },
    {
      "type": "Feature",
      "properties": {
        "monotonic_time": 398314.53076258913,
        "horizontal_accuracy": 2.2783444500756826,
        "speed": 0,
        "course": 256.4639299494952,
        "synthetic": false
      },
      "geometry": {
        "type": "Point",
        "coordinates": [
          30.475437363625282,
          59.98808094355418
        ]
      }
    },
    {
      "type": "Feature",
      "properties": {
        "monotonic_time": 398315.53076392197,
        "horizontal_accuracy": 2.3692426702724902,
        "speed": 0,
        "course": 256.4639299494952,
        "synthetic": false
      },
      "geometry": {
        "type": "Point",
        "coordinates": [
          30.475437363625282,
          59.98808094355418
        ]
      }
    },
    {
      "type": "Feature",
      "properties": {
        "monotonic_time": 398316.53076351655,
        "horizontal_accuracy": 2.4030889882079305,
        "speed": 0.05815769104060714,
        "course": 256.46393307328873,
        "synthetic": false
      },
      "geometry": {
        "type": "Point",
        "coordinates": [
          30.475440969078146,
          59.988081145137784
        ]
      }
    },
    {
      "type": "Feature",
      "properties": {
        "monotonic_time": 398317.5307630737,
        "horizontal_accuracy": 2.4677778304884623,
        "speed": 0.05614405342003229,
        "course": 256.46393207169825,
        "synthetic": false
      },
      "geometry": {
        "type": "Point",
        "coordinates": [
          30.47543983001043,
          59.98808302870113
        ]
      }
    },
    {
      "type": "Feature",
      "properties": {
        "monotonic_time": 398318.53076270944,
        "horizontal_accuracy": 2.4852332520576903,
        "speed": 0.07860851640032032,
        "course": 256.4639305894132,
        "synthetic": false
      },
      "geometry": {
        "type": "Point",
        "coordinates": [
          30.47543811370513,
          59.98808230510878
        ]
      }
    },
    {
      "type": "Feature",
      "properties": {
        "monotonic_time": 398319.5307621682,
        "horizontal_accuracy": 2.533190844954422,
        "speed": 0.4606238700202037,
        "course": 256.4639238713871,
        "synthetic": false
      },
      "geometry": {
        "type": "Point",
        "coordinates": [
          30.475430344614413,
          59.98808012440675
        ]
      }
    },
    {
      "type": "Feature",
      "properties": {
        "monotonic_time": 398320.53076210484,
        "horizontal_accuracy": 2.5654600084766486,
        "speed": 0.9303386988573144,
        "course": 256.46390568755464,
        "synthetic": false
      },
      "geometry": {
        "type": "Point",
        "coordinates": [
          30.475409359863047,
          59.988079279007174
        ]
      }
    },
    {
      "type": "Feature",
      "properties": {
        "monotonic_time": 398321.5307636844,
        "horizontal_accuracy": 2.5609773790184995,
        "speed": 1.326441216940844,
        "course": 256.4638835775452,
        "synthetic": false
      },
      "geometry": {
        "type": "Point",
        "coordinates": [
          30.475383831720745,
          59.98807682072494
        ]
      }
    },
    {
      "type": "Feature",
      "properties": {
        "monotonic_time": 398322.530761845,
        "horizontal_accuracy": 2.5335456111967796,
        "speed": 1.5844700537050465,
        "course": 256.46386583177014,
        "synthetic": false
      },
      "geometry": {
        "type": "Point",
        "coordinates": [
          30.475363350280915,
          59.988075740494864
        ]
      }
    },
    {
      "type": "Feature",
      "properties": {
        "monotonic_time": 398323.5307627559,
        "horizontal_accuracy": 2.5461987740186234,
        "speed": 1.9421952657677737,
        "course": 256.4638375393116,
        "synthetic": false
      },
      "geometry": {
        "type": "Point",
        "coordinates": [
          30.475330672386956,
          59.98807127202202
        ]
      }
    },
    {
      "type": "Feature",
      "properties": {
        "monotonic_time": 398324.5307613138,
        "horizontal_accuracy": 2.559509237088377,
        "speed": 2.157247536394441,
        "course": 260.0022407708682,
        "synthetic": false
      },
      "geometry": {
        "type": "Point",
        "coordinates": [
          30.475296682435435,
          59.98806977135462
        ]
      }
    },
    {
      "type": "Feature",
      "properties": {
        "monotonic_time": 398325.5307633763,
        "horizontal_accuracy": 2.541840689742921,
        "speed": 2.1891593207968407,
        "course": 259.4122751775522,
        "synthetic": false
      },
      "geometry": {
        "type": "Point",
        "coordinates": [
          30.47526232794458,
          59.98806649536739
        ]
      }
    },
    {
      "type": "Feature",
      "properties": {
        "monotonic_time": 398326.530762242,
        "horizontal_accuracy": 2.514748674587893,
        "speed": 2.6682675891155956,
        "course": 258.64740810545146,
        "synthetic": false
      },
      "geometry": {
        "type": "Point",
        "coordinates": [
          30.47521577117925,
          59.988059478512675
        ]
      }
    },
    {
      "type": "Feature",
      "properties": {
        "monotonic_time": 398327.5307623863,
        "horizontal_accuracy": 2.4890112448984283,
        "speed": 2.635600581393577,
        "course": 258.82300540649965,
        "synthetic": false
      },
      "geometry": {
        "type": "Point",
        "coordinates": [
          30.47516961424858,
          59.98805510392422
        ]
      }
    },
    {
      "type": "Feature",
      "properties": {
        "monotonic_time": 398328.53076326,
        "horizontal_accuracy": 2.485800358877342,
        "speed": 2.581465046405844,
        "course": 258.6286835297173,
        "synthetic": false
      },
      "geometry": {
        "type": "Point",
        "coordinates": [
          30.475123292612626,
          59.98804944096686
        ]
      }
    },
    {
      "type": "Feature",
      "properties": {
        "monotonic_time": 398329.53076234,
        "horizontal_accuracy": 2.4619933071995437,
        "speed": 2.624640842740219,
        "course": 258.77156198407306,
        "synthetic": false
      },
      "geometry": {
        "type": "Point",
        "coordinates": [
          30.475074997614723,
          59.988044168948235
        ]
      }
    },
    {
      "type": "Feature",
      "properties": {
        "monotonic_time": 398330.5307628386,
        "horizontal_accuracy": 2.4388936492933326,
        "speed": 2.7368841411484763,
        "course": 259.1222283520702,
        "synthetic": false
      },
      "geometry": {
        "type": "Point",
        "coordinates": [
          30.47502674540974,
          59.98803933083659
        ]
      }
    },
    {
      "type": "Feature",
      "properties": {
        "monotonic_time": 398331.5307624823,
        "horizontal_accuracy": 2.4169489784558067,
        "speed": 2.973787180173665,
        "course": 258.8044165822671,
        "synthetic": false
      },
      "geometry": {
        "type": "Point",
        "coordinates": [
          30.47497053799535,
          59.988033351903816
        ]
      }
    },
    {
      "type": "Feature",
      "properties": {
        "monotonic_time": 398332.5307625482,
        "horizontal_accuracy": 2.3961015328566746,
        "speed": 3.0698707579654636,
        "course": 259.52952340171964,
        "synthetic": false
      },
      "geometry": {
        "type": "Point",
        "coordinates": [
          30.474919244517352,
          59.988030617756586
        ]
      }
    },
    {
      "type": "Feature",
      "properties": {
        "monotonic_time": 398333.5307624711,
        "horizontal_accuracy": 2.4274461189400687,
        "speed": 3.2353240279134483,
        "course": 259.23295813478,
        "synthetic": false
      },
      "geometry": {
        "type": "Point",
        "coordinates": [
          30.474864517708998,
          59.98802436293621
        ]
      }
    },
    {
      "type": "Feature",
      "properties": {
        "monotonic_time": 398334.53076173563,
        "horizontal_accuracy": 2.406073821223699,
        "speed": 3.503471163016494,
        "course": 259.78400632828965,
        "synthetic": false
      },
      "geometry": {
        "type": "Point",
        "coordinates": [
          30.474794775830166,
          59.98801917153275
        ]
      }
    },
    {
      "type": "Feature",
      "properties": {
        "monotonic_time": 398335.5307634475,
        "horizontal_accuracy": 2.3939378688357835,
        "speed": 3.788205301234048,
        "course": 259.8389246008808,
        "synthetic": false
      },
      "geometry": {
        "type": "Point",
        "coordinates": [
          30.4747257189651,
          59.98801248392156
        ]
      }
    },
    {
      "type": "Feature",
      "properties": {
        "monotonic_time": 398336.5307628775,
        "horizontal_accuracy": 2.3742410114346,
        "speed": 4.188573859254126,
        "course": 260.8356363484475,
        "synthetic": false
      },
      "geometry": {
        "type": "Point",
        "coordinates": [
          30.47465499282764,
          59.98800847614574
        ]
      }
    },
    {
      "type": "Feature",
      "properties": {
        "monotonic_time": 398337.5307621409,
        "horizontal_accuracy": 2.3555289595642774,
        "speed": 4.7690531571849695,
        "course": 260.63192618349007,
        "synthetic": false
      },
      "geometry": {
        "type": "Point",
        "coordinates": [
          30.47456842359138,
          59.988000031605495
        ]
      }
    },
    {
      "type": "Feature",
      "properties": {
        "monotonic_time": 398338.53076241113,
        "horizontal_accuracy": 2.3377525170494535,
        "speed": 4.890336641884536,
        "course": 262.0099870531662,
        "synthetic": false
      },
      "geometry": {
        "type": "Point",
        "coordinates": [
          30.474481659631667,
          59.987996232674504
        ]
      }
    },
    {
      "type": "Feature",
      "properties": {
        "monotonic_time": 398339.5307617037,
        "horizontal_accuracy": 2.320864901183824,
        "speed": 4.834305461118228,
        "course": 262.56027521296045,
        "synthetic": false
      },
      "geometry": {
        "type": "Point",
        "coordinates": [
          30.4743933167238,
          59.987990852061465
        ]
      }
    },
    {
      "type": "Feature",
      "properties": {
        "monotonic_time": 398340.5307625321,
        "horizontal_accuracy": 2.3048216686012615,
        "speed": 4.913216560633354,
        "course": 263.20720558164345,
        "synthetic": false
      },
      "geometry": {
        "type": "Point",
        "coordinates": [
          30.47430470546027,
          59.98798616838497
        ]
      }
    },
    {
      "type": "Feature",
      "properties": {
        "monotonic_time": 398341.53076320176,
        "horizontal_accuracy": 2.289580618750151,
        "speed": 4.711247150569834,
        "course": 263.68312096499363,
        "synthetic": false
      },
      "geometry": {
        "type": "Point",
        "coordinates": [
          30.474219131856792,
          59.987981837546954
        ]
      }
    },
    {
      "type": "Feature",
      "properties": {
        "monotonic_time": 398342.5307609165,
        "horizontal_accuracy": 2.2751015640977648,
        "speed": 4.018665681699693,
        "course": 264.0905245597806,
        "synthetic": false
      },
      "geometry": {
        "type": "Point",
        "coordinates": [
          30.474150252698497,
          59.98797871543691
        ]
      }
    },
    {
      "type": "Feature",
      "properties": {
        "monotonic_time": 398343.5307614818,
        "horizontal_accuracy": 2.261346438102494,
        "speed": 3.058210438882968,
        "course": 265.73960738344954,
        "synthetic": false
      },
      "geometry": {
        "type": "Point",
        "coordinates": [
          30.474102756816396,
          59.98797991451618
        ]
      }
    },
    {
      "type": "Feature",
      "properties": {
        "monotonic_time": 398344.5307627219,
        "horizontal_accuracy": 2.2542139448516383,
        "speed": 2.190141411228643,
        "course": 266.0602074778834,
        "synthetic": false
      },
      "geometry": {
        "type": "Point",
        "coordinates": [
          30.474067100572,
          59.98797817394552
        ]
      }
    },
    {
      "type": "Feature",
      "properties": {
        "monotonic_time": 398345.5283127661,
        "horizontal_accuracy": 2.305069588840033,
        "speed": 1.965265267311056,
        "course": 267.4660508453849,
        "synthetic": false
      },
      "geometry": {
        "type": "Point",
        "coordinates": [
          30.47402906396785,
          59.987977337847056
        ]
      }
    },
    {
      "type": "Feature",
      "properties": {
        "monotonic_time": 398346.52800008544,
        "horizontal_accuracy": 2.2984645657293092,
        "speed": 1.856339174631838,
        "course": 268.28742129036027,
        "synthetic": false
      },
      "geometry": {
        "type": "Point",
        "coordinates": [
          30.4739894692857,
          59.98797639078849
        ]
      }
    },
    {
      "type": "Feature",
      "properties": {
        "monotonic_time": 398347.52799986646,
        "horizontal_accuracy": 2.2835413437012684,
        "speed": 1.9742853024360647,
        "course": 267.72681391117845,
        "synthetic": false
      },
      "geometry": {
        "type": "Point",
        "coordinates": [
          30.4739485997126,
          59.98797494873261
        ]
      }
    },
    {
      "type": "Feature",
      "properties": {
        "monotonic_time": 398348.5286554285,
        "horizontal_accuracy": 2.2693642896147685,
        "speed": 2.5308991601621185,
        "course": 267.8131633171578,
        "synthetic": false
      },
      "geometry": {
        "type": "Point",
        "coordinates": [
          30.473898910154812,
          59.98797436492314
        ]
      }
    },
    {
      "type": "Feature",
      "properties": {
        "monotonic_time": 398349.5285987157,
        "horizontal_accuracy": 2.256606384521228,
        "speed": 2.8604651772114686,
        "course": 267.1523760583144,
        "synthetic": false
      },
      "geometry": {
        "type": "Point",
        "coordinates": [
          30.473844779796497,
          59.987971498573486
        ]
      }
    },
    {
      "type": "Feature",
      "properties": {
        "monotonic_time": 398350.5285986477,
        "horizontal_accuracy": 2.258257546815309,
        "speed": 1.9571425357369046,
        "course": 266.77927103945206,
        "synthetic": false
      },
      "geometry": {
        "type": "Point",
        "coordinates": [
          30.473798114099267,
          59.98796856680058
        ]
      }
    },
    {
      "type": "Feature",
      "properties": {
        "monotonic_time": 398351.5283753588,
        "horizontal_accuracy": 2.245344652922153,
        "speed": 1.2280106680395388,
        "course": 266.5959339170188,
        "synthetic": false
      },
      "geometry": {
        "type": "Point",
        "coordinates": [
          30.473771323085128,
          59.987967031111864
        ]
      }
    },
    {
      "type": "Feature",
      "properties": {
        "monotonic_time": 398352.52807266783,
        "horizontal_accuracy": 2.2330774205613064,
        "speed": 1.296243661112878,
        "course": 266.59591190609035,
        "synthetic": false
      },
      "geometry": {
        "type": "Point",
        "coordinates": [
          30.473745973558227,
          59.98796393972591
        ]
      }
    },
    {
      "type": "Feature",
      "properties": {
        "monotonic_time": 398353.5280718131,
        "horizontal_accuracy": 2.221423549340809,
        "speed": 1.1883042329317872,
        "course": 266.5958874751216,
        "synthetic": false
      },
      "geometry": {
        "type": "Point",
        "coordinates": [
          30.473717736363245,
          59.987963882840745
        ]
      }
    },
    {
      "type": "Feature",
      "properties": {
        "monotonic_time": 398354.5279850812,
        "horizontal_accuracy": 2.210352369857953,
        "speed": 1.047771266451417,
        "course": 266.5958649530657,
        "synthetic": false
      },
      "geometry": {
        "type": "Point",
        "coordinates": [
          30.473691732203747,
          59.98796293363723
        ]
      }
    },
    {
      "type": "Feature",
      "properties": {
        "monotonic_time": 398355.5276608535,
        "horizontal_accuracy": 2.199834757464782,
        "speed": 1.192113221007791,
        "course": 266.5958463393672,
        "synthetic": false
      },
      "geometry": {
        "type": "Point",
        "coordinates": [
          30.473670260712428,
          59.987961476469586
        ]
      }
    },
    {
      "type": "Feature",
      "properties": {
        "monotonic_time": 398356.5276590787,
        "horizontal_accuracy": 2.18984301138361,
        "speed": 0.8536045906411465,
        "course": 266.5958301218177,
        "synthetic": false
      },
      "geometry": {
        "type": "Point",
        "coordinates": [
          30.473651630915846,
          59.98795760072776
        ]
      }
    },
    {
      "type": "Feature",
      "properties": {
        "monotonic_time": 398357.52836902376,
        "horizontal_accuracy": 2.1803508613899925,
        "speed": 0.884629285648816,
        "course": 266.59581647924165,
        "synthetic": false
      },
      "geometry": {
        "type": "Point",
        "coordinates": [
          30.47363594304747,
          59.98795487908445
        ]
      }
    },
    {
      "type": "Feature",
      "properties": {
        "monotonic_time": 398358.52779253304,
        "horizontal_accuracy": 2.1770344288227186,
        "speed": 1.9336310119557676,
        "course": 266.5957866653406,
        "synthetic": false
      },
      "geometry": {
        "type": "Point",
        "coordinates": [
          30.47360153652797,
          59.98795305638662
        ]
      }
    },
    {
      "type": "Feature",
      "properties": {
        "monotonic_time": 398359.52778896946,
        "horizontal_accuracy": 2.1837604914828965,
        "speed": 2.7372830817320444,
        "course": 261.5811460149693,
        "synthetic": false
      },
      "geometry": {
        "type": "Point",
        "coordinates": [
          30.473553910219067,
          59.987949702288496
        ]
      }
    },
    {
      "type": "Feature",
      "properties": {
        "monotonic_time": 398360.52779285633,
        "horizontal_accuracy": 2.1745724796660575,
        "speed": 3.445683326994351,
        "course": 261.88622095470873,
        "synthetic": false
      },
      "geometry": {
        "type": "Point",
        "coordinates": [
          30.47349110094608,
          59.9879459764604
        ]
      }
    },
    {
      "type": "Feature",
      "properties": {
        "monotonic_time": 398361.5277940809,
        "horizontal_accuracy": 2.175247459399889,
        "speed": 3.9494718851220356,
        "course": 262.0848783385944,
        "synthetic": false
      },
      "geometry": {
        "type": "Point",
        "coordinates": [
          30.473421897779346,
          59.98794143456647
        ]
      }
    },
    {
      "type": "Feature",
      "properties": {
        "monotonic_time": 398362.5277890781,
        "horizontal_accuracy": 2.1664850866160714,
        "speed": 4.039721746652942,
        "course": 262.02842265941746,
        "synthetic": false
      },
      "geometry": {
        "type": "Point",
        "coordinates": [
          30.47335130494317,
          59.98793686402968
        ]
      }
    },
    {
      "type": "Feature",
      "properties": {
        "monotonic_time": 398363.5277939269,
        "horizontal_accuracy": 2.1638707125009518,
        "speed": 2.747233296830359,
        "course": 262.31237772613304,
        "synthetic": false
      },
      "geometry": {
        "type": "Point",
        "coordinates": [
          30.47330315997991,
          59.987934269790905
        ]
      }
    },
    {
      "type": "Feature",
      "properties": {
        "monotonic_time": 398364.5277946908,
        "horizontal_accuracy": 2.1556771570746385,
        "speed": 1.3062491809096306,
        "course": 262.9945584482141,
        "synthetic": false
      },
      "geometry": {
        "type": "Point",
        "coordinates": [
          30.473280534896386,
          59.987933588422315
        ]
      }
    },
    {
      "type": "Feature",
      "properties": {
        "monotonic_time": 398365.52779208316,
        "horizontal_accuracy": 2.1804239156950924,
        "speed": 0.9589931283196036,
        "course": 262.9945435562088,
        "synthetic": false
      },
      "geometry": {
        "type": "Point",
        "coordinates": [
          30.473263326419833,
          59.987934686644756
        ]
      }
    },
    {
      "type": "Feature",
      "properties": {
        "monotonic_time": 398366.52779373206,
        "horizontal_accuracy": 2.1947623780906405,
        "speed": 0.6853890937331589,
        "course": 262.9945318441065,
        "synthetic": false
      },
      "geometry": {
        "type": "Point",
        "coordinates": [
          30.473249807645587,
          59.98793246142728
        ]
      }
    },
    {
      "type": "Feature",
      "properties": {
        "monotonic_time": 398367.5277939757,
        "horizontal_accuracy": 2.221626889462371,
        "speed": 0.9543479433182456,
        "course": 262.99451955306597,
        "synthetic": false
      },
      "geometry": {
        "type": "Point",
        "coordinates": [
          30.47323560681491,
          59.98793294052847
        ]
      }
    },
    {
      "type": "Feature",
      "properties": {
        "monotonic_time": 398368.52779238636,
        "horizontal_accuracy": 2.242348586416875,
        "speed": 0.45651090003471184,
        "course": 262.9945159311519,
        "synthetic": false
      },
      "geometry": {
        "type": "Point",
        "coordinates": [
          30.47323141922237,
          59.98793367321949
        ]
      }
    },
    {
      "type": "Feature",
      "properties": {
        "monotonic_time": 398369.5277945471,
        "horizontal_accuracy": 2.2594631342226306,
        "speed": 0.13595193502339836,
        "course": 262.9945124089296,
        "synthetic": false
      },
      "geometry": {
        "type": "Point",
        "coordinates": [
          30.473227360160866,
          59.987931682079555
        ]
      }
    },
    {
      "type": "Feature",
      "properties": {
        "monotonic_time": 398370.5277944892,
        "horizontal_accuracy": 2.274111826078501,
        "speed": 0.10097377177511055,
        "course": 262.9945166459181,
        "synthetic": false
      },
      "geometry": {
        "type": "Point",
        "coordinates": [
          30.473232258142133,
          59.98793097766242
        ]
      }
    },
    {
      "type": "Feature",
      "properties": {
        "monotonic_time": 398371.527794336,
        "horizontal_accuracy": 2.2754044059069765,
        "speed": 0.5626376207642717,
        "course": 262.9945023157816,
        "synthetic": false
      },
      "geometry": {
        "type": "Point",
        "coordinates": [
          30.473215696336776,
          59.987932563725266
        ]
      }
    },
    {
      "type": "Feature",
      "properties": {
        "monotonic_time": 398372.5277936982,
        "horizontal_accuracy": 2.2809207979909782,
        "speed": 0.7265908326624975,
        "course": 262.9944907152822,
        "synthetic": false
      },
      "geometry": {
        "type": "Point",
        "coordinates": [
          30.473202296407578,
          59.987932391753105
        ]
      }
    },
    {
      "type": "Feature",
      "properties": {
        "monotonic_time": 398373.5277937103,
        "horizontal_accuracy": 2.2714698009886516,
        "speed": 1.041616297106736,
        "course": 262.99447483671884,
        "synthetic": false
      },
      "geometry": {
        "type": "Point",
        "coordinates": [
          30.473183951479978,
          59.98793283610003
        ]
      }
    },
    {
      "type": "Feature",
      "properties": {
        "monotonic_time": 398374.52779453684,
        "horizontal_accuracy": 2.2842909510428457,
        "speed": 1.980388849480268,
        "course": 263.16059916071356,
        "synthetic": false
      },
      "geometry": {
        "type": "Point",
        "coordinates": [
          30.47314900491874,
          59.98792888131679
        ]
      }
    },
    {
      "type": "Feature",
      "properties": {
        "monotonic_time": 398375.5277938602,
        "horizontal_accuracy": 2.2161065563946374,
        "speed": 2.6304405696737043,
        "course": 265.1967048737141,
        "synthetic": false
      },
      "geometry": {
        "type": "Point",
        "coordinates": [
          30.473102511217693,
          59.98792882028711
        ]
      }
    },
    {
      "type": "Feature",
      "properties": {
        "monotonic_time": 398376.5277938204,
        "horizontal_accuracy": 2.183967236513943,
        "speed": 2.9880518138406154,
        "course": 266.3327556911051,
        "synthetic": false
      },
      "geometry": {
        "type": "Point",
        "coordinates": [
          30.473052292945823,
          59.987929171269094
        ]
      }
    },
    {
      "type": "Feature",
      "properties": {
        "monotonic_time": 398377.52779348765,
        "horizontal_accuracy": 2.150801318536092,
        "speed": 3.373994696794681,
        "course": 267.03214242314453,
        "synthetic": false
      },
      "geometry": {
        "type": "Point",
        "coordinates": [
          30.47299103737627,
          59.98792950130324
        ]
      }
    },
    {
      "type": "Feature",
      "properties": {
        "monotonic_time": 398378.5277917283,
        "horizontal_accuracy": 2.13059632257277,
        "speed": 3.7270813698963603,
        "course": 267.0298768773713,
        "synthetic": false
      },
      "geometry": {
        "type": "Point",
        "coordinates": [
          30.472919183818156,
          59.9879269683164
        ]
      }
    },
    {
      "type": "Feature",
      "properties": {
        "monotonic_time": 398379.5277940542,
        "horizontal_accuracy": 2.137272489102096,
        "speed": 3.612929408486347,
        "course": 267.33578559393743,
        "synthetic": false
      },
      "geometry": {
        "type": "Point",
        "coordinates": [
          30.472851598775048,
          59.98792536196816
        ]
      }
    },
    {
      "type": "Feature",
      "properties": {
        "monotonic_time": 398380.5277948096,
        "horizontal_accuracy": 2.1411579348155874,
        "speed": 3.1863819515092984,
        "course": 268.1596056253969,
        "synthetic": false
      },
      "geometry": {
        "type": "Point",
        "coordinates": [
          30.47279226089646,
          59.98792533906752
        ]
      }
    },
    {
      "type": "Feature",
      "properties": {
        "monotonic_time": 398381.527794245,
        "horizontal_accuracy": 2.1264844426686134,
        "speed": 2.7252970948748447,
        "course": 269.3105376143522,
        "synthetic": false
      },
      "geometry": {
        "type": "Point",
        "coordinates": [
          30.472746019097826,
          59.98792678658675
        ]
      }
    },
    {
      "type": "Feature",
      "properties": {
        "monotonic_time": 398382.5277933371,
        "horizontal_accuracy": 2.1232605659221164,
        "speed": 2.522054792002038,
        "course": 270.00161833097263,
        "synthetic": false
      },
      "geometry": {
        "type": "Point",
        "coordinates": [
          30.472700797726485,
          59.98792729326637
        ]
      }
    },
    {
      "type": "Feature",
      "properties": {
        "monotonic_time": 398383.5277893633,
        "horizontal_accuracy": 2.117097536228087,
        "speed": 2.465573955698172,
        "course": 270.4424884287243,
        "synthetic": false
      },
      "geometry": {
        "type": "Point",
        "coordinates": [
          30.472656349114754,
          59.98792869241138
        ]
      }
    },
    {
      "type": "Feature",
      "properties": {
        "monotonic_time": 398384.52779500047,
        "horizontal_accuracy": 2.111242656524374,
        "speed": 2.5805763842467218,
        "course": 270.7044246184987,
        "synthetic": false
      },
      "geometry": {
        "type": "Point",
        "coordinates": [
          30.472608959543297,
          59.9879301711366
        ]
      }
    },
    {
      "type": "Feature",
      "properties": {
        "monotonic_time": 398385.5277948578,
        "horizontal_accuracy": 2.1056805215840058,
        "speed": 3.0840343518851365,
        "course": 270.9873331709897,
        "synthetic": false
      },
      "geometry": {
        "type": "Point",
        "coordinates": [
          30.472553153856374,
          59.9879315512563
        ]
      }
    },
    {
      "type": "Feature",
      "properties": {
        "monotonic_time": 398386.52779449197,
        "horizontal_accuracy": 2.1343693907369476,
        "speed": 4.0493212222672925,
        "course": 270.60569601458184,
        "synthetic": false
      },
      "geometry": {
        "type": "Point",
        "coordinates": [
          30.472479117801377,
          59.98793130955238
        ]
      }
    },
    {
      "type": "Feature",
      "properties": {
        "monotonic_time": 398387.5277929048,
        "horizontal_accuracy": 2.1279204897504336,
        "speed": 4.619328763767357,
        "course": 270.20790080167546,
        "synthetic": false
      },
      "geometry": {
        "type": "Point",
        "coordinates": [
          30.472396672813463,
          59.987930528177635
        ]
      }
    },
    {
      "type": "Feature",
      "properties": {
        "monotonic_time": 398388.52779443347,
        "horizontal_accuracy": 2.124857489392683,
        "speed": 4.944078662711261,
        "course": 270.806467532017,
        "synthetic": false
      },
      "geometry": {
        "type": "Point",
        "coordinates": [
          30.472300034369326,
          59.987934039427536
        ]
      }
    },
    {
      "type": "Feature",
      "properties": {
        "monotonic_time": 398389.5277944743,
        "horizontal_accuracy": 2.1186146131339023,
        "speed": 5.4308876440112215,
        "course": 271.078074843389,
        "synthetic": false
      },
      "geometry": {
        "type": "Point",
        "coordinates": [
          30.472197703648373,
          59.987936069886075
        ]
      }
    },
    {
      "type": "Feature",
      "properties": {
        "monotonic_time": 398390.52779394656,
        "horizontal_accuracy": 2.1126838803031047,
        "speed": 5.188544217355567,
        "course": 271.1603258304476,
        "synthetic": false
      },
      "geometry": {
        "type": "Point",
        "coordinates": [
          30.472101215601633,
          59.987936389752235
        ]
      }
    },
    {
      "type": "Feature",
      "properties": {
        "monotonic_time": 398391.5277950275,
        "horizontal_accuracy": 2.107049684556311,
        "speed": 4.355179228667142,
        "course": 271.2839037306594,
        "synthetic": false
      },
      "geometry": {
        "type": "Point",
        "coordinates": [
          30.472020804840593,
          59.98793685891653
        ]
      }
    },
    {
      "type": "Feature",
      "properties": {
        "monotonic_time": 398392.52779494674,
        "horizontal_accuracy": 2.1016972033386514,
        "speed": 2.933952613165252,
        "course": 271.8808252765775,
        "synthetic": false
      },
      "geometry": {
        "type": "Point",
        "coordinates": [
          30.471969932338492,
          59.98793905051903
        ]
      }
    },
    {
      "type": "Feature",
      "properties": {
        "monotonic_time": 398393.5277935619,
        "horizontal_accuracy": 2.096612341840995,
        "speed": 2.0494668324075542,
        "course": 272.38380111507456,
        "synthetic": false
      },
      "geometry": {
        "type": "Point",
        "coordinates": [
          30.47194261025511,
          59.98794059381313
        ]
      }
    },
    {
      "type": "Feature",
      "properties": {
        "monotonic_time": 398394.5277919573,
        "horizontal_accuracy": 2.1071378924624735,
        "speed": 0.8674735706578921,
        "course": 271.6928225992226,
        "synthetic": false
      },
      "geometry": {
        "type": "Point",
        "coordinates": [
          30.471928534163908,
          59.98793945367168
        ]
      }
    },
    {
      "type": "Feature",
      "properties": {
        "monotonic_time": 398395.5277922683,
        "horizontal_accuracy": 2.1017809983970324,
        "speed": 0.48157061790055095,
        "course": 271.6928163599976,
        "synthetic": false
      },
      "geometry": {
        "type": "Point",
        "coordinates": [
          30.47192123588511,
          59.98794176123903
        ]
      }
    },
    {
      "type": "Feature",
      "properties": {
        "monotonic_time": 398396.5277926744,
        "horizontal_accuracy": 2.0966919488550255,
        "speed": 0.44956248515755054,
        "course": 271.6928089455063,
        "synthetic": false
      },
      "geometry": {
        "type": "Point",
        "coordinates": [
          30.471912553872684,
          59.98794471600301
        ]
      }
    },
    {
      "type": "Feature",
      "properties": {
        "monotonic_time": 398397.5277954162,
        "horizontal_accuracy": 2.0918573522014317,
        "speed": 0.4315704093819098,
        "course": 271.692799959953,
        "synthetic": false
      },
      "geometry": {
        "type": "Point",
        "coordinates": [
          30.4719023073369,
          59.98794178328485
        ]
      }
    },
    {
      "type": "Feature",
      "properties": {
        "monotonic_time": 398398.5277939661,
        "horizontal_accuracy": 2.0872644842853028,
        "speed": 0.32187439892299796,
        "course": 271.69279301749555,
        "synthetic": false
      },
      "geometry": {
        "type": "Point",
        "coordinates": [
          30.47189423385637,
          59.98794322876126
        ]
      }
    },
    {
      "type": "Feature",
      "properties": {
        "monotonic_time": 398399.5277936005,
        "horizontal_accuracy": 2.082901259501631,
        "speed": 0.06886019952056445,
        "course": 271.6927897630319,
        "synthetic": false
      },
      "geometry": {
        "type": "Point",
        "coordinates": [
          30.47189055291739,
          59.987941450646964
        ]
      }
    },
    {
      "type": "Feature",
      "properties": {
        "monotonic_time": 398400.527795305,
        "horizontal_accuracy": 2.0913745438285267,
        "speed": 0.393319357073539,
        "course": 271.6927828513484,
        "synthetic": false
      },
      "geometry": {
        "type": "Point",
        "coordinates": [
          30.47188259314294,
          59.987941044915715
        ]
      }
    },
    {
      "type": "Feature",
      "properties": {
        "monotonic_time": 398401.5277926027,
        "horizontal_accuracy": 2.0748183869551275,
        "speed": 0.3780567362711413,
        "course": 271.6927734694237,
        "synthetic": false
      },
      "geometry": {
        "type": "Point",
        "coordinates": [
          30.47187184336439,
          59.98793919611603
        ]
      }
    },
    {
      "type": "Feature",
      "properties": {
        "monotonic_time": 398402.52779444854,
        "horizontal_accuracy": 2.071077467340592,
        "speed": 0.1457745074129352,
        "course": 271.6927686924974,
        "synthetic": false
      },
      "geometry": {
        "type": "Point",
        "coordinates": [
          30.471866453484548,
          59.987936277659855
        ]
      }
    },
    {
      "type": "Feature",
      "properties": {
        "monotonic_time": 398403.5277942975,
        "horizontal_accuracy": 2.101031461793481,
        "speed": 0.4150984892568788,
        "course": 271.69276270634623,
        "synthetic": false
      },
      "geometry": {
        "type": "Point",
        "coordinates": [
          30.471859503444808,
          59.9879372555638
        ]
      }
    },
    {
      "type": "Feature",
      "properties": {
        "monotonic_time": 398404.52779323014,
        "horizontal_accuracy": 2.0959798885904624,
        "speed": 0,
        "course": 271.6927596422967,
        "synthetic": false
      },
      "geometry": {
        "type": "Point",
        "coordinates": [
          30.471855880438984,
          59.98793930888373
        ]
      }
    },
    {
      "type": "Feature",
      "properties": {
        "monotonic_time": 398405.5277947048,
        "horizontal_accuracy": 2.0940748099490185,
        "speed": 1.3774867004770808,
        "course": 271.6927312036631,
        "synthetic": false
      },
      "geometry": {
        "type": "Point",
        "coordinates": [
          30.47182301918472,
          59.98794024790596
        ]
      }
    },
    {
      "type": "Feature",
      "properties": {
        "monotonic_time": 398406.527794051,
        "horizontal_accuracy": 2.089371071547667,
        "speed": 2.2383059853399323,
        "course": 270.6484660104902,
        "synthetic": false
      },
      "geometry": {
        "type": "Point",
        "coordinates": [
          30.471781263736926,
          59.9879422542332
        ]
      }
    },
    {
      "type": "Feature",
      "properties": {
        "monotonic_time": 398407.527794236,
        "horizontal_accuracy": 2.084902517070885,
        "speed": 2.9226102588460354,
        "course": 271.7834282488993,
        "synthetic": false
      },
      "geometry": {
        "type": "Point",
        "coordinates": [
          30.471729061659637,
          59.98794444945981
        ]
      }
    },
    {
      "type": "Feature",
      "properties": {
        "monotonic_time": 398408.52779362624,
        "horizontal_accuracy": 2.1092138843587964,
        "speed": 3.6098847598859205,
        "course": 271.55136891502286,
        "synthetic": false
      },
      "geometry": {
        "type": "Point",
        "coordinates": [
          30.471662698501227,
          59.98794523627441
        ]
      }
    },
    {
      "type": "Feature",
      "properties": {
        "monotonic_time": 398409.52779477043,
        "horizontal_accuracy": 2.124120861130258,
        "speed": 3.9819409017167784,
        "course": 271.3039046914995,
        "synthetic": false
      },
      "geometry": {
        "type": "Point",
        "coordinates": [
          30.47158213632934,
          59.98794549695452
        ]
      }
    },
    {
      "type": "Feature",
      "properties": {
        "monotonic_time": 398410.52779366117,
        "horizontal_accuracy": 2.1179148184350667,
        "speed": 2.9740318160857955,
        "course": 271.38740791062855,
        "synthetic": false
      },
      "geometry": {
        "type": "Point",
        "coordinates": [
          30.47152943092732,
          59.987945954878136
        ]
      }
    },
    {
      "type": "Feature",
      "properties": {
        "monotonic_time": 398411.52779505454,
        "horizontal_accuracy": 2.1120190737358024,
        "speed": 2.404324597677805,
        "course": 273.28385672744423,
        "synthetic": false
      },
      "geometry": {
        "type": "Point",
        "coordinates": [
          30.471487494759806,
          59.98794993523945
        ]
      }
    },
    {
      "type": "Feature",
      "properties": {
        "monotonic_time": 398412.5277945841,
        "horizontal_accuracy": 2.109127376639056,
        "speed": 1.5861419768691927,
        "course": 273.01800313890624,
        "synthetic": false
      },
      "geometry": {
        "type": "Point",
        "coordinates": [
          30.47146208936894,
          59.987949613173654
        ]
      }
    },
    {
      "type": "Feature",
      "properties": {
        "monotonic_time": 398413.52779126074,
        "horizontal_accuracy": 2.103671006818939,
        "speed": 1.4438460099894972,
        "course": 274.35179803081655,
        "synthetic": false
      },
      "geometry": {
        "type": "Point",
        "coordinates": [
          30.471438851760805,
          59.98795134346132
        ]
      }
    },
    {
      "type": "Feature",
      "properties": {
        "monotonic_time": 398414.5277932969,
        "horizontal_accuracy": 2.0984874568110996,
        "speed": 1.4058613817219472,
        "course": 273.9947666798753,
        "synthetic": false
      },
      "geometry": {
        "type": "Point",
        "coordinates": [
          30.471412586660534,
          59.987951885927465
        ]
      }
    },
    {
      "type": "Feature",
      "properties": {
        "monotonic_time": 398415.52779431257,
        "horizontal_accuracy": 2.1022755064006127,
        "speed": 1.3991026013071513,
        "course": 275.0934167650322,
        "synthetic": false
      },
      "geometry": {
        "type": "Point",
        "coordinates": [
          30.471392216385674,
          59.987954251648475
        ]
      }
    },
    {
      "type": "Feature",
      "properties": {
        "monotonic_time": 398416.5277942834,
        "horizontal_accuracy": 2.1060799607599723,
        "speed": 1.7498049901600559,
        "course": 273.4783687793298,
        "synthetic": false
      },
      "geometry": {
        "type": "Point",
        "coordinates": [
          30.471360313588065,
          59.98795269877444
        ]
      }
    },
    {
      "type": "Feature",
      "properties": {
        "monotonic_time": 398417.52779506746,
        "horizontal_accuracy": 2.1007759647910316,
        "speed": 1.9201277573929674,
        "course": 273.62843732394725,
        "synthetic": false
      },
      "geometry": {
        "type": "Point",
        "coordinates": [
          30.47132616742295,
          59.98795360062746
        ]
      }
    },
    {
      "type": "Feature",
      "properties": {
        "monotonic_time": 398418.5277925229,
        "horizontal_accuracy": 2.0957371659387656,
        "speed": 1.8999980704517998,
        "course": 273.5932424542069,
        "synthetic": false
      },
      "geometry": {
        "type": "Point",
        "coordinates": [
          30.471288484793774,
          59.98795468466918
        ]
      }
    },
    {
      "type": "Feature",
      "properties": {
        "monotonic_time": 398419.5277947039,
        "horizontal_accuracy": 2.0909503072639923,
        "speed": 2.6850048243872697,
        "course": 273.46278919963027,
        "synthetic": false
      },
      "geometry": {
        "type": "Point",
        "coordinates": [
          30.471241335884198,
          59.98795542348135
        ]
      }
    },
    {
      "type": "Feature",
      "properties": {
        "monotonic_time": 398420.52779423597,
        "horizontal_accuracy": 2.0864027926137543,
        "speed": 3.4228077640218517,
        "course": 273.4502784451033,
        "synthetic": false
      },
      "geometry": {
        "type": "Point",
        "coordinates": [
          30.471175935962986,
          59.98795724463049
        ]
      }
    },
    {
      "type": "Feature",
      "properties": {
        "monotonic_time": 398421.52779272484,
        "horizontal_accuracy": 2.113072079768531,
        "speed": 3.251922043735074,
        "course": 273.189899121188,
        "synthetic": false
      },
      "geometry": {
        "type": "Point",
        "coordinates": [
          30.471111879311895,
          59.98795762181424
        ]
      }
    },
    {
      "type": "Feature",
      "properties": {
        "monotonic_time": 398422.5277932582,
        "horizontal_accuracy": 2.1074184763888884,
        "speed": 1.8423080773273408,
        "course": 273.8480745668427,
        "synthetic": false
      },
      "geometry": {
        "type": "Point",
        "coordinates": [
          30.471080049655587,
          59.98795973409621
        ]
      }
    },
    {
      "type": "Feature",
      "properties": {
        "monotonic_time": 398423.52779461857,
        "horizontal_accuracy": 2.1020475541586148,
        "speed": 1.6105045126860014,
        "course": 274.4652113113379,
        "synthetic": false
      },
      "geometry": {
        "type": "Point",
        "coordinates": [
          30.471053112413664,
          59.98796171730434
        ]
      }
    },
    {
      "type": "Feature",
      "properties": {
        "monotonic_time": 398424.52779447136,
        "horizontal_accuracy": 2.0969451804641257,
        "speed": 1.816798360979935,
        "course": 274.2027310710934,
        "synthetic": false
      },
      "geometry": {
        "type": "Point",
        "coordinates": [
          30.471018069935816,
          59.98796274489422
        ]
      }
    },
    {
      "type": "Feature",
      "properties": {
        "monotonic_time": 398425.5277943839,
        "horizontal_accuracy": 2.092097922838683,
        "speed": 1.7036124638148242,
        "course": 274.6782303187823,
        "synthetic": false
      },
      "geometry": {
        "type": "Point",
        "coordinates": [
          30.470990141717447,
          59.98796395548063
        ]
      }
    },
    {
      "type": "Feature",
      "properties": {
        "monotonic_time": 398426.52779428376,
        "horizontal_accuracy": 2.0874930275308072,
        "speed": 1.5551554427015697,
        "course": 274.1954966022403,
        "synthetic": false
      },
      "geometry": {
        "type": "Point",
        "coordinates": [
          30.470962567950167,
          59.987964242465566
        ]
      }
    },
    {
      "type": "Feature",
      "properties": {
        "monotonic_time": 398427.52779399394,
        "horizontal_accuracy": 2.0831183761309733,
        "speed": 1.7243128968488013,
        "course": 274.9941836218977,
        "synthetic": false
      },
      "geometry": {
        "type": "Point",
        "coordinates": [
          30.47093317016695,
          59.987966506085876
        ]
      }
    },
    {
      "type": "Feature",
      "properties": {
        "monotonic_time": 398428.5277942841,
        "horizontal_accuracy": 2.1043505404192326,
        "speed": 2.302051537028389,
        "course": 274.59956156273483,
        "synthetic": false
      },
      "geometry": {
        "type": "Point",
        "coordinates": [
          30.470892105418955,
          59.98796711786969
        ]
      }
    },
    {
      "type": "Feature",
      "properties": {
        "monotonic_time": 398429.52779314306,
        "horizontal_accuracy": 2.0991330223825937,
        "speed": 2.797592459149056,
        "course": 274.67203282396383,
        "synthetic": false
      },
      "geometry": {
        "type": "Point",
        "coordinates": [
          30.470843080431496,
          59.987969475252136
        ]
      }
    },
    {
      "type": "Feature",
      "properties": {
        "monotonic_time": 398430.5277954522,
        "horizontal_accuracy": 2.121253828111921,
        "speed": 3.0922028283461045,
        "course": 274.6991289128049,
        "synthetic": false
      },
      "geometry": {
        "type": "Point",
        "coordinates": [
          30.470787725084246,
          59.98797173226264
        ]
      }
    },
    {
      "type": "Feature",
      "properties": {
        "monotonic_time": 398431.52779415797,
        "horizontal_accuracy": 2.1368722498746884,
        "speed": 2.9509062541570636,
        "course": 275.08308127062867,
        "synthetic": false
      },
      "geometry": {
        "type": "Point",
        "coordinates": [
          30.4707372268598,
          59.98797504693807
        ]
      }
    },
    {
      "type": "Feature",
      "properties": {
        "monotonic_time": 398432.52779233357,
        "horizontal_accuracy": 2.1360864415218006,
        "speed": 2.2781928805028038,
        "course": 275.33398088168866,
        "synthetic": false
      },
      "geometry": {
        "type": "Point",
        "coordinates": [
          30.47069720611539,
          59.98797689762349
        ]
      }
    },
    {
      "type": "Feature",
      "properties": {
        "monotonic_time": 398433.5277936408,
        "horizontal_accuracy": 2.12928211171791,
        "speed": 1.6404390214040514,
        "course": 275.617626207036,
        "synthetic": false
      },
      "geometry": {
        "type": "Point",
        "coordinates": [
          30.470671186152433,
          59.987978441709956
        ]
      }
    },
    {
      "type": "Feature",
      "properties": {
        "monotonic_time": 398434.5277938316,
        "horizontal_accuracy": 2.122818013746424,
        "speed": 1.9142486780462586,
        "course": 275.70992385011755,
        "synthetic": false
      },
      "geometry": {
        "type": "Point",
        "coordinates": [
          30.470635486501365,
          59.98798002993557
        ]
      }
    },
    {
      "type": "Feature",
      "properties": {
        "monotonic_time": 398435.5277942046,
        "horizontal_accuracy": 2.1166771161757927,
        "speed": 2.3378652473719725,
        "course": 275.50658486484144,
        "synthetic": false
      },
      "geometry": {
        "type": "Point",
        "coordinates": [
          30.470590878483776,
          59.98798197243743
        ]
      }
    },
    {
      "type": "Feature",
      "properties": {
        "monotonic_time": 398436.5277935446,
        "horizontal_accuracy": 2.1545058163722715,
        "speed": 2.8811949421160565,
        "course": 275.4493863774464,
        "synthetic": false
      },
      "geometry": {
        "type": "Point",
        "coordinates": [
          30.47053323855535,
          59.987984439219225
        ]
      }
    },
    {
      "type": "Feature",
      "properties": {
        "monotonic_time": 398437.5277947093,
        "horizontal_accuracy": 2.1467805368157777,
        "speed": 3.4731525760168616,
        "course": 275.40219747940574,
        "synthetic": false
      },
      "geometry": {
        "type": "Point",
        "coordinates": [
          30.470467509003882,
          59.98798733782556
        ]
      }
    },
    {
      "type": "Feature",
      "properties": {
        "monotonic_time": 398438.5277935521,
        "horizontal_accuracy": 2.139441507261151,
        "speed": 3.6127986556795637,
        "course": 275.35367440520224,
        "synthetic": false
      },
      "geometry": {
        "type": "Point",
        "coordinates": [
          30.470395896470848,
          59.98799028543913
        ]
      }
    },
    {
      "type": "Feature",
      "properties": {
        "monotonic_time": 398439.5277935869,
        "horizontal_accuracy": 2.1324694279165435,
        "speed": 3.0740500489751144,
        "course": 275.64798966502815,
        "synthetic": false
      },
      "geometry": {
        "type": "Point",
        "coordinates": [
          30.470341328447308,
          59.98799381270424
        ]
      }
    },
    {
      "type": "Feature",
      "properties": {
        "monotonic_time": 398440.52779380063,
        "horizontal_accuracy": 2.1258459534978145,
        "speed": 2.7123263806629963,
        "course": 275.42143373335654,
        "synthetic": false
      },
      "geometry": {
        "type": "Point",
        "coordinates": [
          30.47029051783832,
          59.9879951670991
        ]
      }
    },
    {
      "type": "Feature",
      "properties": {
        "monotonic_time": 398441.5277941049,
        "horizontal_accuracy": 2.1495039811315264,
        "speed": 2.488040957527152,
        "course": 275.82099148958946,
        "synthetic": false
      },
      "geometry": {
        "type": "Point",
        "coordinates": [
          30.47024977335522,
          59.98799797402569
        ]
      }
    },
    {
      "type": "Feature",
      "properties": {
        "monotonic_time": 398442.5277940724,
        "horizontal_accuracy": 2.1499262018864087,
        "speed": 2.354504923423313,
        "course": 276.19613696827224,
        "synthetic": false
      },
      "geometry": {
        "type": "Point",
        "coordinates": [
          30.47020619766646,
          59.988000703582536
        ]
      }
    },
    {
      "type": "Feature",
      "properties": {
        "monotonic_time": 398443.52779368387,
        "horizontal_accuracy": 2.14242988771861,
        "speed": 2.101260554677936,
        "course": 276.68854140979283,
        "synthetic": false
      },
      "geometry": {
        "type": "Point",
        "coordinates": [
          30.47017556918543,
          59.98800345092798
        ]
      }
    },
    {
      "type": "Feature",
      "properties": {
        "monotonic_time": 398444.52779417764,
        "horizontal_accuracy": 2.1353083907959407,
        "speed": 1.8781691481162195,
        "course": 277.29361618484,
        "synthetic": false
      },
      "geometry": {
        "type": "Point",
        "coordinates": [
          30.470146748380216,
          59.988006491028315
        ]
      }
    },
    {
      "type": "Feature",
      "properties": {
        "monotonic_time": 398445.527794491,
        "horizontal_accuracy": 2.130853372997387,
        "speed": 1.584195991092645,
        "course": 278.91727845511645,
        "synthetic": false
      },
      "geometry": {
        "type": "Point",
        "coordinates": [
          30.470125343213763,
          59.9880099214521
        ]
      }
    },
    {
      "type": "Feature",
      "properties": {
        "monotonic_time": 398446.52779388614,
        "horizontal_accuracy": 2.1243107052256427,
        "speed": 1.4370674482026877,
        "course": 278.6929918021204,
        "synthetic": false
      },
      "geometry": {
        "type": "Point",
        "coordinates": [
          30.470101717356354,
          59.98801171491298
        ]
      }
    },
    {
      "type": "Feature",
      "properties": {
        "monotonic_time": 398447.52779535553,
        "horizontal_accuracy": 2.1352566398149673,
        "speed": 1.5810127481877212,
        "course": 278.00457906880183,
        "synthetic": false
      },
      "geometry": {
        "type": "Point",
        "coordinates": [
          30.47007452167094,
          59.988012172556274
        ]
      }
    },
    {
      "type": "Feature",
      "properties": {
        "monotonic_time": 398448.5277947561,
        "horizontal_accuracy": 2.1284938150831163,
        "speed": 2.256668615873675,
        "course": 278.3404511863806,
        "synthetic": false
      },
      "geometry": {
        "type": "Point",
        "coordinates": [
          30.470034196916856,
          59.988015759477626
        ]
      }
    },
    {
      "type": "Feature",
      "properties": {
        "monotonic_time": 398449.5277935246,
        "horizontal_accuracy": 2.1220691319587877,
        "speed": 2.9234366429742416,
        "course": 278.508679692477,
        "synthetic": false
      },
      "geometry": {
        "type": "Point",
        "coordinates": [
          30.469982309032165,
          59.98801905617366
        ]
      }
    },
    {
      "type": "Feature",
      "properties": {
        "monotonic_time": 398450.52779320907,
        "horizontal_accuracy": 2.1235095394484156,
        "speed": 3.488493693215525,
        "course": 278.0542589405449,
        "synthetic": false
      },
      "geometry": {
        "type": "Point",
        "coordinates": [
          30.469917867361527,
          59.9880217468947
        ]
      }
    },
    {
      "type": "Feature",
      "properties": {
        "monotonic_time": 398451.52779424173,
        "horizontal_accuracy": 2.1377334346204266,
        "speed": 4.058710878815233,
        "course": 277.8274751462902,
        "synthetic": false
      },
      "geometry": {
        "type": "Point",
        "coordinates": [
          30.469836676801663,
          59.98802601986266
        ]
      }
    },
    {
      "type": "Feature",
      "properties": {
        "monotonic_time": 398452.52779290505,
        "horizontal_accuracy": 2.1308467494337497,
        "speed": 3.5936314543910615,
        "course": 277.92050280608885,
        "synthetic": false
      },
      "geometry": {
        "type": "Point",
        "coordinates": [
          30.469774995716648,
          59.988029858092425
        ]
      }
    },
    {
      "type": "Feature",
      "properties": {
        "monotonic_time": 398453.52779435617,
        "horizontal_accuracy": 2.1314357922574056,
        "speed": 3.2479171937526785,
        "course": 278.6118030182418,
        "synthetic": false
      },
      "geometry": {
        "type": "Point",
        "coordinates": [
          30.46971878222409,
          59.988035594060925
        ]
      }
    },
    {
      "type": "Feature",
      "properties": {
        "monotonic_time": 398454.52779434546,
        "horizontal_accuracy": 2.124864002053717,
        "speed": 3.0378872681845888,
        "course": 277.384893918587,
        "synthetic": false
      },
      "geometry": {
        "type": "Point",
        "coordinates": [
          30.46966138599426,
          59.98803764128478
        ]
      }
    },
    {
      "type": "Feature",
      "properties": {
        "monotonic_time": 398455.5277940578,
        "horizontal_accuracy": 2.118620797612658,
        "speed": 2.8101724370895536,
        "course": 278.04435279408295,
        "synthetic": false
      },
      "geometry": {
        "type": "Point",
        "coordinates": [
          30.46961636353637,
          59.98804307374684
        ]
      }
    },
    {
      "type": "Feature",
      "properties": {
        "monotonic_time": 398456.5277932841,
        "horizontal_accuracy": 2.11268976118721,
        "speed": 3.437367672154541,
        "course": 278.72431412725547,
        "synthetic": false
      },
      "geometry": {
        "type": "Point",
        "coordinates": [
          30.469562170802806,
          59.98804926113209
        ]
      }
    },
    {
      "type": "Feature",
      "properties": {
        "monotonic_time": 398457.5277956743,
        "horizontal_accuracy": 2.1070552765900885,
        "speed": 4.161602621525174,
        "course": 279.3413099423027,
        "synthetic": false
      },
      "geometry": {
        "type": "Point",
        "coordinates": [
          30.469487950874434,
          59.98805715312082
        ]
      }
    },
    {
      "type": "Feature",
      "properties": {
        "monotonic_time": 398458.52779436356,
        "horizontal_accuracy": 2.1194029363126363,
        "speed": 4.383505603690112,
        "course": 279.09525799366236,
        "synthetic": false
      },
      "geometry": {
        "type": "Point",
        "coordinates": [
          30.469408474971004,
          59.98806347700412
        ]
      }
    },
    {
      "type": "Feature",
      "properties": {
        "monotonic_time": 398459.52779362944,
        "horizontal_accuracy": 2.1134327921780205,
        "speed": 4.327486757433566,
        "course": 279.2979477341694,
        "synthetic": false
      },
      "geometry": {
        "type": "Point",
        "coordinates": [
          30.469331813877456,
          59.98807168597592
        ]
      }
    },
    {
      "type": "Feature",
      "properties": {
        "monotonic_time": 398460.52779379534,
        "horizontal_accuracy": 2.1138850505562043,
        "speed": 4.071956789226553,
        "course": 279.35934251091186,
        "synthetic": false
      },
      "geometry": {
        "type": "Point",
        "coordinates": [
          30.46926141075251,
          59.9880778619806
        ]
      }
    },
    {
      "type": "Feature",
      "properties": {
        "monotonic_time": 398461.52779436304,
        "horizontal_accuracy": 2.108190798534272,
        "speed": 3.638796174991589,
        "course": 279.7126299262519,
        "synthetic": false
      },
      "geometry": {
        "type": "Point",
        "coordinates": [
          30.46919507834433,
          59.98808437938489
        ]
      }
    },
    {
      "type": "Feature",
      "properties": {
        "monotonic_time": 398462.52779472875,
        "horizontal_accuracy": 2.1056102255652056,
        "speed": 3.055443372106919,
        "course": 280.17154601073094,
        "synthetic": false
      },
      "geometry": {
        "type": "Point",
        "coordinates": [
          30.469138873958542,
          59.98809063648296
        ]
      }
    },
    {
      "type": "Feature",
      "properties": {
        "monotonic_time": 398463.5277943528,
        "horizontal_accuracy": 2.100329710732273,
        "speed": 2.2498356174357395,
        "course": 280.6742579334875,
        "synthetic": false
      },
      "geometry": {
        "type": "Point",
        "coordinates": [
          30.469100851734876,
          59.98809490454983
        ]
      }
    },
    {
      "type": "Feature",
      "properties": {
        "monotonic_time": 398464.5277929567,
        "horizontal_accuracy": 2.0953132246230646,
        "speed": 1.8826446500626073,
        "course": 280.9004763298911,
        "synthetic": false
      },
      "geometry": {
        "type": "Point",
        "coordinates": [
          30.469070789392045,
          59.98809826823275
        ]
      }
    },
    {
      "type": "Feature",
      "properties": {
        "monotonic_time": 398465.52779426216,
        "horizontal_accuracy": 2.0905475644142224,
        "speed": 1.69700516928827,
        "course": 279.9301566367386,
        "synthetic": false
      },
      "geometry": {
        "type": "Point",
        "coordinates": [
          30.46903939369445,
          59.988100187949705
        ]
      }
    },
    {
      "type": "Feature",
      "properties": {
        "monotonic_time": 398466.5277942295,
        "horizontal_accuracy": 2.0860201864197427,
        "speed": 1.5189381437956229,
        "course": 279.5469088916105,
        "synthetic": false
      },
      "geometry": {
        "type": "Point",
        "coordinates": [
          30.469012535054834,
          59.98810203975416
        ]
      }
    },
    {
      "type": "Feature",
      "properties": {
        "monotonic_time": 398467.5277940757,
        "horizontal_accuracy": 2.0817191764184253,
        "speed": 1.3825173830383908,
        "course": 280.9341777407202,
        "synthetic": false
      },
      "geometry": {
        "type": "Point",
        "coordinates": [
          30.46898902173372,
          59.988105540579554
        ]
      }
    },
    {
      "type": "Feature",
      "properties": {
        "monotonic_time": 398468.52779315243,
        "horizontal_accuracy": 2.077633223280099,
        "speed": 1.587367095990817,
        "course": 279.1140312032786,
        "synthetic": false
      },
      "geometry": {
        "type": "Point",
        "coordinates": [
          30.468957832407053,
          59.98810620571536
        ]
      }
    },
    {
      "type": "Feature",
      "properties": {
        "monotonic_time": 398469.52779318806,
        "horizontal_accuracy": 2.130749537026543,
        "speed": 1.8083448393207844,
        "course": 278.2392191531593,
        "synthetic": false
      },
      "geometry": {
        "type": "Point",
        "coordinates": [
          30.46892745055123,
          59.9881070999629
        ]
      }
    },
    {
      "type": "Feature",
      "properties": {
        "monotonic_time": 398470.52779401146,
        "horizontal_accuracy": 2.1242120770673383,
        "speed": 2.6127627856958044,
        "course": 278.6601265943484,
        "synthetic": false
      },
      "geometry": {
        "type": "Point",
        "coordinates": [
          30.468879361407474,
          59.98811198204877
        ]
      }
    },
    {
      "type": "Feature",
      "properties": {
        "monotonic_time": 398471.52583587304,
        "horizontal_accuracy": 2.1332582798023525,
        "speed": 3.1307181842892575,
        "course": 278.42003349679146,
        "synthetic": false
      },
      "geometry": {
        "type": "Point",
        "coordinates": [
          30.468820279320042,
          59.98811553127107
        ]
      }
    },
    {
      "type": "Feature",
      "properties": {
        "monotonic_time": 398472.5261884959,
        "horizontal_accuracy": 2.126595366959169,
        "speed": 2.913625146163737,
        "course": 278.4817708217067,
        "synthetic": false
      },
      "geometry": {
        "type": "Point",
        "coordinates": [
          30.468761303499804,
          59.98812000265616
        ]
      }
    },
    {
      "type": "Feature",
      "properties": {
        "monotonic_time": 398473.52618938865,
        "horizontal_accuracy": 2.1642431651031964,
        "speed": 2.6057406571944095,
        "course": 278.43725693729186,
        "synthetic": false
      },
      "geometry": {
        "type": "Point",
        "coordinates": [
          30.468714461342163,
          59.98812337492076
        ]
      }
    },
    {
      "type": "Feature",
      "properties": {
        "monotonic_time": 398474.5258973009,
        "horizontal_accuracy": 2.181623302911973,
        "speed": 2.1519202324013977,
        "course": 278.8575343719091,
        "synthetic": false
      },
      "geometry": {
        "type": "Point",
        "coordinates": [
          30.4686743036954,
          59.98812821185477
        ]
      }
    },
    {
      "type": "Feature",
      "properties": {
        "monotonic_time": 398475.52578756784,
        "horizontal_accuracy": 2.1725421286442415,
        "speed": 1.5503968287017296,
        "course": 278.86226210276595,
        "synthetic": false
      },
      "geometry": {
        "type": "Point",
        "coordinates": [
          30.468651024743064,
          59.98813060254211
        ]
      }
    },
    {
      "type": "Feature",
      "properties": {
        "monotonic_time": 398476.52578649635,
        "horizontal_accuracy": 2.163915003040595,
        "speed": 0.8772068580522672,
        "course": 278.86988059944406,
        "synthetic": false
      },
      "geometry": {
        "type": "Point",
        "coordinates": [
          30.468641414846047,
          59.98813043842241
        ]
      }
    },
    {
      "type": "Feature",
      "properties": {
        "monotonic_time": 398477.52581759874,
        "horizontal_accuracy": 2.155719252392657,
        "speed": 0.8076966158255712,
        "course": 278.8698695579211,
        "synthetic": false
      },
      "geometry": {
        "type": "Point",
        "coordinates": [
          30.468628689000965,
          59.98813315280001
        ]
      }
    },
    {
      "type": "Feature",
      "properties": {
        "monotonic_time": 398478.5262830808,
        "horizontal_accuracy": 2.1479332925670667,
        "speed": 0.9513552683509909,
        "course": 278.86986144277785,
        "synthetic": false
      },
      "geometry": {
        "type": "Point",
        "coordinates": [
          30.46861930205715,
          59.98813284861347
        ]
      }
    },
    {
      "type": "Feature",
      "properties": {
        "monotonic_time": 398479.52628200885,
        "horizontal_accuracy": 2.1405366526568117,
        "speed": 2.30342794941567,
        "course": 277.6447727283968,
        "synthetic": false
      },
      "geometry": {
        "type": "Point",
        "coordinates": [
          30.46857722526508,
          59.9881364896461
        ]
      }
    },
    {
      "type": "Feature",
      "properties": {
        "monotonic_time": 398480.5264175838,
        "horizontal_accuracy": 2.1335098441585414,
        "speed": 3.271859557478856,
        "course": 277.4981281357625,
        "synthetic": false
      },
      "geometry": {
        "type": "Point",
        "coordinates": [
          30.468517904167527,
          59.98813993997448
        ]
      }
    },
    {
      "type": "Feature",
      "properties": {
        "monotonic_time": 398481.525930254,
        "horizontal_accuracy": 2.1268343740201083,
        "speed": 4.144310838700433,
        "course": 277.80209653354393,
        "synthetic": false
      },
      "geometry": {
        "type": "Point",
        "coordinates": [
          30.468442119467024,
          59.98814561708402
        ]
      }
    },
    {
      "type": "Feature",
      "properties": {
        "monotonic_time": 398482.5259318229,
        "horizontal_accuracy": 2.120492643136646,
        "speed": 3.3572029798178784,
        "course": 277.78124964849764,
        "synthetic": false
      },
      "geometry": {
        "type": "Point",
        "coordinates": [
          30.46837738312397,
          59.98814993284697
        ]
      }
    },
    {
      "type": "Feature",
      "properties": {
        "monotonic_time": 398483.52557387546,
        "horizontal_accuracy": 2.1144679880171955,
        "speed": 1.9377815396673068,
        "course": 277.11596655775764,
        "synthetic": false
      },
      "geometry": {
        "type": "Point",
        "coordinates": [
          30.46834388236723,
          59.98815081544221
        ]
      }
    },
    {
      "type": "Feature",
      "properties": {
        "monotonic_time": 398484.5263776438,
        "horizontal_accuracy": 2.108744587899297,
        "speed": 1.7752914227243364,
        "course": 276.8358253647565,
        "synthetic": false
      },
      "geometry": {
        "type": "Point",
        "coordinates": [
          30.468309827471042,
          59.988153089430995
        ]
      }
    },
    {
      "type": "Feature",
      "properties": {
        "monotonic_time": 398485.52637948573,
        "horizontal_accuracy": 2.103307356955186,
        "speed": 1.553521383907531,
        "course": 276.48314540842375,
        "synthetic": false
      },
      "geometry": {
        "type": "Point",
        "coordinates": [
          30.46828841868314,
          59.98815415108043
        ]
      }
    },
    {
      "type": "Feature",
      "properties": {
        "monotonic_time": 398486.5263801083,
        "horizontal_accuracy": 2.098142009070969,
        "speed": 2.067594218140079,
        "course": 277.9338763445256,
        "synthetic": false
      },
      "geometry": {
        "type": "Point",
        "coordinates": [
          30.468246236616213,
          59.98815951618418
        ]
      }
    },
    {
      "type": "Feature",
      "properties": {
        "monotonic_time": 398487.52637871885,
        "horizontal_accuracy": 2.1142784932255947,
        "speed": 2.0625427511497274,
        "course": 277.3835870031072,
        "synthetic": false
      },
      "geometry": {
        "type": "Point",
        "coordinates": [
          30.468202869112854,
          59.98816162327437
        ]
      }
    },
    {
      "type": "Feature",
      "properties": {
        "monotonic_time": 398488.52637843374,
        "horizontal_accuracy": 2.1155686792996935,
        "speed": 1.1616372802907955,
        "course": 277.65909480059696,
        "synthetic": false
      },
      "geometry": {
        "type": "Point",
        "coordinates": [
          30.468184366296615,
          59.98816322920002
        ]
      }
    },
    {
      "type": "Feature",
      "properties": {
        "monotonic_time": 398489.52637874126,
        "horizontal_accuracy": 2.1097902434475126,
        "speed": 1.0974401822552469,
        "course": 277.65907916853104,
        "synthetic": false
      },
      "geometry": {
        "type": "Point",
        "coordinates": [
          30.46816633223354,
          59.988165568505146
        ]
      }
    },
    {
      "type": "Feature",
      "properties": {
        "monotonic_time": 398490.5263790183,
        "horizontal_accuracy": 2.1063265707940424,
        "speed": 0.8857244951213962,
        "course": 277.65906731687215,
        "synthetic": false
      },
      "geometry": {
        "type": "Point",
        "coordinates": [
          30.468152664388054,
          59.98816764210885
        ]
      }
    },
    {
      "type": "Feature",
      "properties": {
        "monotonic_time": 398491.5263787733,
        "horizontal_accuracy": 2.101010232261673,
        "speed": 0.3848226958824472,
        "course": 277.6590624710517,
        "synthetic": false
      },
      "geometry": {
        "type": "Point",
        "coordinates": [
          30.468147047106445,
          59.988166728977646
        ]
      }
    },
    {
      "type": "Feature",
      "properties": {
        "monotonic_time": 398492.5263764,
        "horizontal_accuracy": 2.0959597208721745,
        "speed": 0.39160046719359637,
        "course": 277.65905787774483,
        "synthetic": false
      },
      "geometry": {
        "type": "Point",
        "coordinates": [
          30.468141730161857,
          59.988166328369886
        ]
      }
    },
    {
      "type": "Feature",
      "properties": {
        "monotonic_time": 398493.5263788542,
        "horizontal_accuracy": 2.0911617405699787,
        "speed": 0.6769918548595978,
        "course": 277.65904925393704,
        "synthetic": false
      },
      "geometry": {
        "type": "Point",
        "coordinates": [
          30.468131780862713,
          59.988167596214744
        ]
      }
    },
    {
      "type": "Feature",
      "properties": {
        "monotonic_time": 398494.526379484,
        "horizontal_accuracy": 2.0866036566136423,
        "speed": 0.8350767673990747,
        "course": 277.65903711553403,
        "synthetic": false
      },
      "geometry": {
        "type": "Point",
        "coordinates": [
          30.468117778355026,
          59.98816947741339
        ]
      }
    },
    {
      "type": "Feature",
      "properties": {
        "monotonic_time": 398495.52637825557,
        "horizontal_accuracy": 2.082273474212372,
        "speed": 1.101134461748155,
        "course": 277.6590212779985,
        "synthetic": false
      },
      "geometry": {
        "type": "Point",
        "coordinates": [
          30.468099472301933,
          59.98816971583108
        ]
      }
    },
    {
      "type": "Feature",
      "properties": {
        "monotonic_time": 398496.52637888154,
        "horizontal_accuracy": 2.0781598129094925,
        "speed": 1.943734864765031,
        "course": 277.65899001634904,
        "synthetic": false
      },
      "geometry": {
        "type": "Point",
        "coordinates": [
          30.468063339965806,
          59.9881703029688
        ]
      }
    },
    {
      "type": "Feature",
      "properties": {
        "monotonic_time": 398497.526377949,
        "horizontal_accuracy": 2.091727175971135,
        "speed": 1.4450330257069486,
        "course": 276.3650145551353,
        "synthetic": false
      },
      "geometry": {
        "type": "Point",
        "coordinates": [
          30.468038675132643,
          59.98817178238838
        ]
      }
    },
    {
      "type": "Feature",
      "properties": {
        "monotonic_time": 398498.5263771295,
        "horizontal_accuracy": 2.087140810474278,
        "speed": 0.9897218568174004,
        "course": 276.3650010782129,
        "synthetic": false
      },
      "geometry": {
        "type": "Point",
        "coordinates": [
          30.46802311061741,
          59.9881730146957
        ]
      }
    },
    {
      "type": "Feature",
      "properties": {
        "monotonic_time": 398499.52637902746,
        "horizontal_accuracy": 2.0827837717936384,
        "speed": 1.093048779360339,
        "course": 276.3649875922082,
        "synthetic": false
      },
      "geometry": {
        "type": "Point",
        "coordinates": [
          30.468007536460686,
          59.98817388512637
        ]
      }
    },
    {
      "type": "Feature",
      "properties": {
        "monotonic_time": 398500.5263788174,
        "horizontal_accuracy": 2.0786445869172514,
        "speed": 1.3280191267859642,
        "course": 276.36496892578344,
        "synthetic": false
      },
      "geometry": {
        "type": "Point",
        "coordinates": [
          30.46798598023254,
          59.98817488597469
        ]
      }
    },
    {
      "type": "Feature",
      "properties": {
        "monotonic_time": 398501.5263783754,
        "horizontal_accuracy": 2.0751028050668903,
        "speed": 2.252579636524671,
        "course": 275.364045185147,
        "synthetic": false
      },
      "geometry": {
        "type": "Point",
        "coordinates": [
          30.467941039216743,
          59.98817567971025
        ]
      }
    },
    {
      "type": "Feature",
      "properties": {
        "monotonic_time": 398502.5263796052,
        "horizontal_accuracy": 2.0713476752262046,
        "speed": 3.069658045040481,
        "course": 275.1812608834422,
        "synthetic": false
      },
      "geometry": {
        "type": "Point",
        "coordinates": [
          30.467886485141342,
          59.98817750134895
        ]
      }
    },
    {
      "type": "Feature",
      "properties": {
        "monotonic_time": 398503.5263786011,
        "horizontal_accuracy": 2.0677803005529385,
        "speed": 3.997222950014903,
        "course": 275.8330908107365,
        "synthetic": false
      },
      "geometry": {
        "type": "Point",
        "coordinates": [
          30.467809610009798,
          59.988181798545774
        ]
      }
    },
    {
      "type": "Feature",
      "properties": {
        "monotonic_time": 398504.5263787779,
        "horizontal_accuracy": 2.0743824923317815,
        "speed": 4.960231531024265,
        "course": 277.1228785398381,
        "synthetic": false
      },
      "geometry": {
        "type": "Point",
        "coordinates": [
          30.467715620058662,
          59.98819033751441
        ]
      }
    },
    {
      "type": "Feature",
      "properties": {
        "monotonic_time": 398505.5263788004,
        "horizontal_accuracy": 2.0706633794487543,
        "speed": 5.458677532270459,
        "course": 278.22802488455136,
        "synthetic": false
      },
      "geometry": {
        "type": "Point",
        "coordinates": [
          30.46761483283666,
          59.98819956656331
        ]
      }
    },
    {
      "type": "Feature",
      "properties": {
        "monotonic_time": 398506.5263775676,
        "horizontal_accuracy": 2.071212635547582,
        "speed": 4.905786351265273,
        "course": 278.4972790092026,
        "synthetic": false
      },
      "geometry": {
        "type": "Point",
        "coordinates": [
          30.467521617017418,
          59.988207194474064
        ]
      }
    },
    {
      "type": "Feature",
      "properties": {
        "monotonic_time": 398507.5263775032,
        "horizontal_accuracy": 2.0676519888160216,
        "speed": 3.502354151501223,
        "course": 279.49490990391126,
        "synthetic": false
      },
      "geometry": {
        "type": "Point",
        "coordinates": [
          30.4674570785795,
          59.98821483704565
        ]
      }
    },
    {
      "type": "Feature",
      "properties": {
        "monotonic_time": 398508.5263786848,
        "horizontal_accuracy": 2.0642693844297937,
        "speed": 3.037001777345633,
        "course": 279.74182804585,
        "synthetic": false
      },
      "geometry": {
        "type": "Point",
        "coordinates": [
          30.46740724871025,
          59.98821929390062
        ]
      }
    },
    {
      "type": "Feature",
      "properties": {
        "monotonic_time": 398509.52637818316,
        "horizontal_accuracy": 2.061055924948512,
        "speed": 3.627342463852389,
        "course": 279.782492007175,
        "synthetic": false
      },
      "geometry": {
        "type": "Point",
        "coordinates": [
          30.4673478187078,
          59.988225627749934
        ]
      }
    },
    {
      "type": "Feature",
      "properties": {
        "monotonic_time": 398510.52637782384,
        "horizontal_accuracy": 2.0784376347352835,
        "speed": 4.76800777509839,
        "course": 279.9854844965305,
        "synthetic": false
      },
      "geometry": {
        "type": "Point",
        "coordinates": [
          30.46726667313194,
          59.98823372208159
        ]
      }
    },
    {
      "type": "Feature",
      "properties": {
        "monotonic_time": 398511.52637895074,
        "horizontal_accuracy": 2.08421304318518,
        "speed": 6.236921852280995,
        "course": 280.18774518209295,
        "synthetic": false
      },
      "geometry": {
        "type": "Point",
        "coordinates": [
          30.46715778492291,
          59.98824518201358
        ]
      }
    },
    {
      "type": "Feature",
      "properties": {
        "monotonic_time": 398512.52637852443,
        "horizontal_accuracy": 2.0792954873105742,
        "speed": 6.278393838501146,
        "course": 280.24534155218566,
        "synthetic": false
      },
      "geometry": {
        "type": "Point",
        "coordinates": [
          30.46704825953505,
          59.9882559513112
        ]
      }
    },
    {
      "type": "Feature",
      "properties": {
        "monotonic_time": 398513.52637914836,
        "horizontal_accuracy": 2.0732437280304885,
        "speed": 5.4881096305633275,
        "course": 280.08327538400187,
        "synthetic": false
      },
      "geometry": {
        "type": "Point",
        "coordinates": [
          30.46694916807503,
          59.98826361517803
        ]
      }
    },
    {
      "type": "Feature",
      "properties": {
        "monotonic_time": 398514.5263791627,
        "horizontal_accuracy": 2.0770382229569964,
        "speed": 3.8951965564439646,
        "course": 279.8614854360212,
        "synthetic": false
      },
      "geometry": {
        "type": "Point",
        "coordinates": [
          30.466885135977382,
          59.98826850482002
        ]
      }
    },
    {
      "type": "Feature",
      "properties": {
        "monotonic_time": 398515.5263790853,
        "horizontal_accuracy": 2.071902308691922,
        "speed": 2.0825812984008207,
        "course": 280.00016880300024,
        "synthetic": false
      },
      "geometry": {
        "type": "Point",
        "coordinates": [
          30.4668564361423,
          59.98827160891417
        ]
      }
    },
    {
      "type": "Feature",
      "properties": {
        "monotonic_time": 398516.5263795302,
        "horizontal_accuracy": 2.0674084124956575,
        "speed": 1.8099663923240539,
        "course": 279.64140960609575,
        "synthetic": false
      },
      "geometry": {
        "type": "Point",
        "coordinates": [
          30.46681922544148,
          59.98827369717365
        ]
      }
    },
    {
      "type": "Feature",
      "properties": {
        "monotonic_time": 398517.52637798275,
        "horizontal_accuracy": 2.063443207858719,
        "speed": 1.317167623336703,
        "course": 279.0140413435238,
        "synthetic": false
      },
      "geometry": {
        "type": "Point",
        "coordinates": [
          30.4668051499415,
          59.98827394911753
        ]
      }
    },
    {
      "type": "Feature",
      "properties": {
        "monotonic_time": 398518.5263774474,
        "horizontal_accuracy": 2.05991857955299,
        "speed": 0.9413319781367188,
        "course": 279.01402865923626,
        "synthetic": false
      },
      "geometry": {
        "type": "Point",
        "coordinates": [
          30.466790488005994,
          59.98827434067255
        ]
      }
    },
    {
      "type": "Feature",
      "properties": {
        "monotonic_time": 398519.526378609,
        "horizontal_accuracy": 2.0643459005615084,
        "speed": 0.5929049905421848,
        "course": 279.0140247026683,
        "synthetic": false
      },
      "geometry": {
        "type": "Point",
        "coordinates": [
          30.466785920772708,
          59.98827481376179
        ]
      }
    },
    {
      "type": "Feature",
      "properties": {
        "monotonic_time": 398520.526379909,
        "horizontal_accuracy": 2.0611286042894092,
        "speed": 0.4492925922157413,
        "course": 279.01401547203227,
        "synthetic": false
      },
      "geometry": {
        "type": "Point",
        "coordinates": [
          30.46677529803397,
          59.98827775654945
        ]
      }
    },
    {
      "type": "Feature",
      "properties": {
        "monotonic_time": 398521.52637841966,
        "horizontal_accuracy": 2.058072172884395,
        "speed": 0.3214871502648183,
        "course": 279.01400818874185,
        "synthetic": false
      },
      "geometry": {
        "type": "Point",
        "coordinates": [
          30.466766907263743,
          59.98827956681807
        ]
      }
    },
    {
      "type": "Feature",
      "properties": {
        "monotonic_time": 398522.5263784185,
        "horizontal_accuracy": 2.078247734692338,
        "speed": 0.05429865131239146,
        "course": 279.01401095309694,
        "synthetic": false
      },
      "geometry": {
        "type": "Point",
        "coordinates": [
          30.46677011975506,
          59.988280449021666
        ]
      }
    },
    {
      "type": "Feature",
      "properties": {
        "monotonic_time": 398523.52637863543,
        "horizontal_accuracy": 2.074335348815245,
        "speed": 0.11394741134541336,
        "course": 279.01400525354865,
        "synthetic": false
      },
      "geometry": {
        "type": "Point",
        "coordinates": [
          30.466763486211278,
          59.98827806392656
        ]
      }
    },
    {
      "type": "Feature",
      "properties": {
        "monotonic_time": 398524.5263803004,
        "horizontal_accuracy": 2.070618583313388,
        "speed": 0.2388101982478186,
        "course": 279.01400342394305,
        "synthetic": false
      },
      "geometry": {
        "type": "Point",
        "coordinates": [
          30.466761410564597,
          59.98828033464401
        ]
      }
    },
    {
      "type": "Feature",
      "properties": {
        "monotonic_time": 398525.5263783516,
        "horizontal_accuracy": 2.067087656600499,
        "speed": 0.37133555388973605,
        "course": 279.0140010607192,
        "synthetic": false
      },
      "geometry": {
        "type": "Point",
        "coordinates": [
          30.466758680910885,
          59.98828052208461
        ]
      }
    }
  ]
}