{
  "type": "FeatureCollection",
  "features": [
    {
      "type": "Feature",
      "properties": {
        "name": "last_known_position",
        "point_count": 2381,
        "segment_count": 15,
        "role": "baseline"
      },
      "geometry": {
        "type": "MultiLineString",
        "coordinates": [
          [
            [
              30.338773253218804,
              59.9848682151762
            ],
            [
              30.338773253218804,
              59.9848682151762
            ],
            [
              30.338757988348185,
              59.98486554191601
            ],
            [
              30.338737672661747,
              59.984859711149966
            ],
            [
              30.33870404972677,
              59.984850937430735
            ],
            [
              30.338688804719645,
              59.98484660995414
            ],
            [
              30.338659363071613,
              59.98483957706583
            ],
            [
              30.338554752739107,
              59.98482423976067
            ],
            [
              30.338478799895924,
              59.98480376922524
            ],
            [
              30.338400209158554,
              59.98479756188565
            ],
            [
              30.33831171692999,
              59.984791029191456
            ],
            [
              30.338279943669445,
              59.984784245283215
            ],
            [
              30.33826032714763,
              59.984777409253645
            ],
            [
              30.338246331856638,
              59.98477675757566
            ],
            [
              30.33822389695082,
              59.984772817726245
            ],
            [
              30.338203830544575,
              59.984774017573855
            ],
            [
              30.338185600337596,
              59.98477245248104
            ],
            [
              30.338169168669904,
              59.98477091629753
            ],
            [
              30.33817455254664,
              59.984769681779454
            ],
            [
              30.338173852481837,
              59.984769636901355
            ],
            [
              30.33817374188101,
              59.98476991187823
            ],
            [
              30.33817374188101,
              59.98476991187823
            ],
            [
              30.33817374188101,
              59.98476991187823
            ],
            [
              30.33817374188101,
              59.98476991187823
            ],
            [
              30.33817374188101,
              59.98476991187823
            ],
            [
              30.33817374188101,
              59.98476991187823
            ],
            [
              30.33817374188101,
              59.98476991187823
            ],
            [
              30.33817374188101,
              59.98476991187823
            ],
            [
              30.33817374188101,
              59.98476991187823
            ],
            [
              30.33817374188101,
              59.98476991187823
            ],
            [
              30.338164441255064,
              59.98476908362409
            ],
            [
              30.3381519757994,
              59.984767907009484
            ],
            [
              30.338133242690272,
              59.984766433570975
            ],
            [
              30.338130505952556,
              59.98476588252296
            ],
            [
              30.33809188435942,
              59.98476229994526
            ],
            [
              30.338081250278005,
              59.984760955062804
            ],
            [
              30.338082988215724,
              59.984759441099676
            ],
            [
              30.338081851996723,
              59.98475545805656
            ],
            [
              30.338082800904406,
              59.98475550241913
            ],
            [
              30.338082800904406,
              59.98475550241913
            ],
            [
              30.338082800904406,
              59.98475550241913
            ],
            [
              30.338082800904406,
              59.98475550241913
            ],
            [
              30.338082800904406,
              59.98475550241913
            ],
            [
              30.338082800904406,
              59.98475550241913
            ],
            [
              30.338082800904406,
              59.98475550241913
            ],
            [
              30.338082800904406,
              59.98475550241913
            ],
            [
              30.338082800904406,
              59.98475550241913
            ],
            [
              30.338082800904406,
              59.98475550241913
            ],
            [
              30.338082800904406,
              59.98475550241913
            ],
            [
              30.338082800904406,
              59.98475550241913
            ],
            [
              30.338082800904406,
              59.98475550241913
            ],
            [
              30.338082800904406,
              59.98475550241913
            ],
            [
              30.338014938446175,
              59.984727412520456
            ],
            [
              30.33801951488249,
              59.9847259070656
            ],
            [
              30.338018596414074,
              59.9847257238475
            ],
            [
              30.33802037603163,
              59.98472716776636
            ],
            [
              30.338022466839714,
              59.984730453583886
            ],
            [
              30.33802451330472,
              59.98472905358051
            ],
            [
              30.33800788564794,
              59.98472659328218
            ],
            [
              30.337984083822985,
              59.98472115994058
            ],
            [
              30.337949665556565,
              59.98471530392208
            ],
            [
              30.33789613716699,
              59.9847099200716
            ],
            [
              30.3378298836864,
              59.984703301124455
            ],
            [
              30.33775732359868,
              59.984696012629556
            ],
            [
              30.337721839073374,
              59.98469188138698
            ],
            [
              30.337717853516086,
              59.98469235099358
            ],
            [
              30.33770357287097,
              59.98469177772597
            ],
            [
              30.337695028077974,
              59.984691286719965
            ],
            [
              30.337682323138107,
              59.98469050937552
            ],
            [
              30.337673845839134,
              59.98469480852609
            ],
            [
              30.337655382423698,
              59.98469488861672
            ],
            [
              30.337626740726662,
              59.98469325738455
            ],
            [
              30.337609050745005,
              59.98468947889746
            ],
            [
              30.337606823549436,
              59.98468933366553
            ],
            [
              30.3376019842432,
              59.98468995465143
            ],
            [
              30.33759322951314,
              59.984686451910974
            ],
            [
              30.337606649225922,
              59.984693355180866
            ],
            [
              30.337606649225922,
              59.984693355180866
            ],
            [
              30.337606649225922,
              59.984693355180866
            ],
            [
              30.337606649225922,
              59.984693355180866
            ],
            [
              30.337606649225922,
              59.984693355180866
            ],
            [
              30.337608002204323,
              59.98468661400495
            ],
            [
              30.337583068534343,
              59.98468336550666
            ],
            [
              30.337562191448846,
              59.984687430243724
            ],
            [
              30.337517754387118,
              59.984683229325796
            ],
            [
              30.337461168204296,
              59.98467617066312
            ],
            [
              30.337415578228622,
              59.984681944241785
            ],
            [
              30.337350399136618,
              59.984677354595235
            ],
            [
              30.33729940316109,
              59.98466585027543
            ],
            [
              30.337249147577168,
              59.98465601417564
            ],
            [
              30.33720368840099,
              59.98465070896274
            ],
            [
              30.337152365940284,
              59.98464572759493
            ],
            [
              30.337121433763862,
              59.98464491108887
            ],
            [
              30.33709915568718,
              59.98464895044759
            ],
            [
              30.33706816944643,
              59.984647824711644
            ],
            [
              30.337055478296314,
              59.98464843301621
            ],
            [
              30.337049115329776,
              59.98464544451991
            ],
            [
              30.337063477176315,
              59.98464039187265
            ],
            [
              30.33706662698236,
              59.984629604594396
            ],
            [
              30.33707139640747,
              59.98461783207418
            ],
            [
              30.337058595760947,
              59.9846242283615
            ],
            [
              30.33704937683598,
              59.984623318178194
            ],
            [
              30.337031710603508,
              59.98462157399055
            ],
            [
              30.337023018509974,
              59.984620715821805
            ],
            [
              30.33702030899892,
              59.984620448312356
            ],
            [
              30.337012393461666,
              59.98461966681378
            ],
            [
              30.337012393461993,
              59.98461966681295
            ],
            [
              30.337012393461915,
              59.98461966681315
            ],
            [
              30.33701239346173,
              59.98461966681356
            ],
            [
              30.337012393461816,
              59.984619666813394
            ],
            [
              30.33701239346194,
              59.984619666813074
            ],
            [
              30.33701239346189,
              59.98461966681322
            ],
            [
              30.337012393461897,
              59.98461966681319
            ],
            [
              30.337012393461897,
              59.9846196668132
            ],
            [
              30.33701239346184,
              59.98461966681336
            ],
            [
              30.33701239346173,
              59.984619666813586
            ],
            [
              30.337012393461915,
              59.9846196668131
            ],
            [
              30.33701239346182,
              59.984619666813344
            ],
            [
              30.33701239346184,
              59.98461966681333
            ],
            [
              30.337012393461816,
              59.98461966681341
            ],
            [
              30.337012393461922,
              59.98461966681312
            ],
            [
              30.33701239346182,
              59.98461966681336
            ],
            [
              30.337012393461833,
              59.984619666813344
            ],
            [
              30.33701239346205,
              59.98461966681278
            ],
            [
              30.337012393461873,
              59.984619666813245
            ],
            [
              30.337012393461777,
              59.98461966681347
            ],
            [
              30.33701239346189,
              59.98461966681319
            ],
            [
              30.33698852951422,
              59.9846173107308
            ],
            [
              30.33698613815337,
              59.984617074631586
            ],
            [
              30.336988750043133,
              59.984617332503746
            ],
            [
              30.336991652282684,
              59.98461761904246
            ],
            [
              30.33699494473677,
              59.984617944106674
            ],
            [
              30.337000112718066,
              59.984618454341934
            ],
            [
              30.337002490082508,
              59.984618689059815
            ],
            [
              30.33700249008242,
              59.98461868906005
            ],
            [
              30.33700249008258,
              59.98461868905968
            ],
            [
              30.337002490082504,
              59.98461868905984
            ],
            [
              30.3370024900826,
              59.984618689059566
            ],
            [
              30.3370024900824,
              59.98461868906011
            ],
            [
              30.337002490082554,
              59.98461868905973
            ],
            [
              30.337002490082693,
              59.984618689059374
            ],
            [
              30.337002490082536,
              59.98461868905976
            ],
            [
              30.33700249008228,
              59.984618689060405
            ],
            [
              30.337002490082714,
              59.984618689059296
            ],
            [
              30.33700249008257,
              59.984618689059694
            ],
            [
              30.337002490082813,
              59.984618689059026
            ],
            [
              30.337002490082593,
              59.98461868905964
            ],
            [
              30.337002490082625,
              59.98461868905952
            ],
            [
              30.337002490082508,
              59.98461868905988
            ],
            [
              30.337002490082384,
              59.98461868906015
            ],
            [
              30.337002490082668,
              59.98461868905939
            ],
            [
              30.337002490082618,
              59.98461868905955
            ],
            [
              30.337002490082593,
              59.98461868905963
            ],
            [
              30.337002490082604,
              59.98461868905959
            ],
            [
              30.33703533783912,
              59.98462193213156
            ],
            [
              30.337037112220397,
              59.98462210731613
            ],
            [
              30.33698771389837,
              59.98461723021842
            ],
            [
              30.33694551073056,
              59.98461306349836
            ],
            [
              30.336889244302125,
              59.9846074758623
            ],
            [
              30.33682261115509,
              59.98460082636085
            ],
            [
              30.33675662795666,
              59.984594241719634
            ],
            [
              30.33672665069553,
              59.98459125020748
            ],
            [
              30.336711999037515,
              59.98458978807976
            ],
            [
              30.336705261528692,
              59.98458911572545
            ],
            [
              30.33670935268238,
              59.984589523991616
            ],
            [
              30.336705660177692,
              59.98458915550617
            ],
            [
              30.33670597919743,
              59.98458918734186
            ],
            [
              30.336705801936212,
              59.98458916965345
            ],
            [
              30.336701834683325,
              59.98458877374974
            ],
            [
              30.33668835074543,
              59.984587428151656
            ],
            [
              30.336672243584943,
              59.98458582077334
            ],
            [
              30.33666018283495,
              59.98458461719804
            ],
            [
              30.336667697153327,
              59.98458536707182
            ],
            [
              30.33667035966478,
              59.98458563277279
            ],
            [
              30.33665927742405,
              59.98458452684427
            ],
            [
              30.336633575711982,
              59.98458196200248
            ],
            [
              30.336601029113236,
              59.98457871408975
            ],
            [
              30.336568638262506,
              59.98457548171973
            ],
            [
              30.336537439921358,
              59.984572368352374
            ],
            [
              30.33650379846444,
              59.98456901117932
            ],
            [
              30.336409607834135,
              59.98459911247961
            ],
            [
              30.336360199582888,
              59.9845987176019
            ],
            [
              30.336320033973546,
              59.98459870580448
            ],
            [
              30.33628439044483,
              59.98459841939387
            ],
            [
              30.33625919175466,
              59.98459868382988
            ],
            [
              30.336253816804458,
              59.98459992427294
            ],
            [
              30.336252065477172,
              59.98459993751026
            ],
            [
              30.336242773426694,
              59.98460131523121
            ],
            [
              30.336272012891424,
              59.98460363889876
            ],
            [
              30.336360610464432,
              59.98460881765605
            ],
            [
              30.336358665190815,
              59.984607739275425
            ],
            [
              30.33635475746005,
              59.984608703252675
            ],
            [
              30.336354210497078,
              59.984607112147344
            ],
            [
              30.336347523815604,
              59.98460534266579
            ],
            [
              30.33634274134892,
              59.98460351836601
            ],
            [
              30.336339587032324,
              59.98459985363037
            ],
            [
              30.336333138401056,
              59.984597035664535
            ],
            [
              30.336326316109282,
              59.98459384774043
            ],
            [
              30.336317940841536,
              59.984590514905406
            ],
            [
              30.336310355498888,
              59.984587764728744
            ],
            [
              30.33630165255964,
              59.98458535790552
            ],
            [
              30.33629392006236,
              59.98458214565515
            ],
            [
              30.33628564849987,
              59.98457897688892
            ],
            [
              30.33627678144573,
              59.98457695223828
            ],
            [
              30.336276872809854,
              59.984577596050215
            ],
            [
              30.33626836712082,
              59.98457448546591
            ],
            [
              30.336262015978825,
              59.98457482573291
            ],
            [
              30.33627405005024,
              59.98457536725156
            ],
            [
              30.33627405005024,
              59.98457536725156
            ],
            [
              30.33627405005024,
              59.98457536725156
            ],
            [
              30.33627405005024,
              59.98457536725156
            ],
            [
              30.33625851026999,
              59.9845784436455
            ],
            [
              30.336244015969303,
              59.98458123353075
            ],
            [
              30.336244015969303,
              59.98458123353075
            ],
            [
              30.336244015969303,
              59.98458123353075
            ],
            [
              30.336244015969303,
              59.98458123353075
            ],
            [
              30.336244015969303,
              59.98458123353075
            ],
            [
              30.336222480841887,
              59.984589906240295
            ],
            [
              30.336227208390635,
              59.98458514263015
            ],
            [
              30.336242807327125,
              59.984588713014226
            ],
            [
              30.33625498605111,
              59.984589361155244
            ],
            [
              30.336265890374246,
              59.984589229804335
            ],
            [
              30.336267208049616,
              59.984591290934986
            ],
            [
              30.336267694413174,
              59.984592599964316
            ],
            [
              30.336266844421736,
              59.984593388992806
            ],
            [
              30.336269873356645,
              59.98459133473615
            ],
            [
              30.33626497057364,
              59.98458709605422
            ],
            [
              30.336264373417407,
              59.984589707102764
            ],
            [
              30.336266007410014,
              59.98458977316975
            ],
            [
              30.336284253442006,
              59.98458712663375
            ],
            [
              30.336294311835868,
              59.984586281012284
            ],
            [
              30.336294881323216,
              59.984587741735204
            ],
            [
              30.336293600357894,
              59.984589543346296
            ],
            [
              30.33629008048286,
              59.98459014734024
            ],
            [
              30.336290644134237,
              59.984590339202676
            ],
            [
              30.336290644134237,
              59.984590339202676
            ],
            [
              30.336290644134237,
              59.984590339202676
            ],
            [
              30.336290644134237,
              59.984590339202676
            ],
            [
              30.336290644134237,
              59.984590339202676
            ],
            [
              30.336290644134237,
              59.984590339202676
            ],
            [
              30.33628631751904,
              59.98458709185397
            ],
            [
              30.336285807966384,
              59.984586837988985
            ],
            [
              30.336285807966384,
              59.984586837988985
            ],
            [
              30.336285807966384,
              59.984586837988985
            ],
            [
              30.336285807966384,
              59.984586837988985
            ],
            [
              30.336285807966384,
              59.984586837988985
            ],
            [
              30.336285807966384,
              59.984586837988985
            ],
            [
              30.336285807966384,
              59.984586837988985
            ],
            [
              30.336285807966384,
              59.984586837988985
            ],
            [
              30.336285807966384,
              59.984586837988985
            ],
            [
              30.336285807966384,
              59.984586837988985
            ],
            [
              30.336285807966384,
              59.984586837988985
            ],
            [
              30.336285807966384,
              59.984586837988985
            ],
            [
              30.33628712798276,
              59.98458416306652
            ],
            [
              30.336276383353848,
              59.98458414624366
            ],
            [
              30.33627392543656,
              59.98458348422459
            ],
            [
              30.336271797342306,
              59.98458369131654
            ],
            [
              30.336256708251934,
              59.98458331565801
            ],
            [
              30.336238841100577,
              59.984582576260614
            ],
            [
              30.336228445160852,
              59.98458175137255
            ],
            [
              30.33622235552476,
              59.98458061361608
            ],
            [
              30.33620778345277,
              59.984579729711456
            ],
            [
              30.336202058951482,
              59.98457906928807
            ],
            [
              30.336192465291145,
              59.98457781501112
            ],
            [
              30.336188233837586,
              59.984577912204806
            ],
            [
              30.33617034926331,
              59.98457782173099
            ],
            [
              30.33615562103693,
              59.98456978103913
            ],
            [
              30.33613840505732,
              59.984569044485866
            ],
            [
              30.336118693603332,
              59.984563107716035
            ],
            [
              30.33613755761,
              59.984564279569604
            ],
            [
              30.33613060542004,
              59.98456379530795
            ],
            [
              30.336119505201893,
              59.98455972513083
            ],
            [
              30.336107538332456,
              59.98455697792917
            ],
            [
              30.33609543577387,
              59.98454597727735
            ],
            [
              30.33607674974432,
              59.98454192179023
            ],
            [
              30.336048467677163,
              59.98453911790973
            ],
            [
              30.336018029494348,
              59.98453626886094
            ],
            [
              30.33599024792287,
              59.984533616092214
            ],
            [
              30.3359740987971,
              59.984531674231285
            ],
            [
              30.33596609846139,
              59.9845306818574
            ],
            [
              30.335954824974834,
              59.984530192885245
            ],
            [
              30.335946669200087,
              59.98452916377315
            ],
            [
              30.335930053707823,
              59.98452837202378
            ],
            [
              30.33589863103534,
              59.98452874714556
            ],
            [
              30.33587031683343,
              59.98452429833865
            ],
            [
              30.335800073112974,
              59.98451782797383
            ],
            [
              30.335706568814174,
              59.98450936770467
            ],
            [
              30.3355796961463,
              59.984500732303786
            ],
            [
              30.335462870143207,
              59.98448309827349
            ],
            [
              30.335399520380573,
              59.98447739187826
            ],
            [
              30.335340061615554,
              59.98447356401939
            ],
            [
              30.335305589129295,
              59.984472215957496
            ],
            [
              30.33525781699536,
              59.984466416428965
            ],
            [
              30.335226578597386,
              59.984464645937656
            ],
            [
              30.33520294313297,
              59.98446272116968
            ],
            [
              30.335185662013263,
              59.98446124565393
            ],
            [
              30.335166205367166,
              59.98446491013772
            ],
            [
              30.335167949694316,
              59.984466704492924
            ],
            [
              30.335158419681026,
              59.98446706476795
            ],
            [
              30.335139716987293,
              59.984466846877744
            ],
            [
              30.335143226657205,
              59.984470275574736
            ],
            [
              30.335143442066137,
              59.98447029536038
            ],
            [
              30.33514469673452,
              59.984470133820835
            ],
            [
              30.33514666422783,
              59.98447221541287
            ],
            [
              30.335116851567335,
              59.98447851548174
            ],
            [
              30.335068219922594,
              59.98447025840611
            ],
            [
              30.335016044750528,
              59.984450278738684
            ],
            [
              30.33503823819265,
              59.98441221436948
            ],
            [
              30.33497563737283,
              59.984373113294005
            ],
            [
              30.334852396789586,
              59.98432315138882
            ],
            [
              30.33456220633315,
              59.984266726244314
            ],
            [
              30.33446454971621,
              59.98424609519607
            ],
            [
              30.334344476549344,
              59.98420515348123
            ],
            [
              30.33424545212537,
              59.98416719356128
            ],
            [
              30.334155205759515,
              59.98413168636922
            ],
            [
              30.33409737258464,
              59.98409918480809
            ],
            [
              30.334053208233577,
              59.98407628727655
            ],
            [
              30.333998483917334,
              59.98405419525223
            ],
            [
              30.33392232175441,
              59.98402166117075
            ],
            [
              30.333835181355635,
              59.983987409476036
            ],
            [
              30.333768061019867,
              59.983961896503864
            ],
            [
              30.333727823260944,
              59.98394711582284
            ],
            [
              30.33369896955969,
              59.98393724298995
            ],
            [
              30.33369896955969,
              59.98393724298995
            ],
            [
              30.33369896955969,
              59.98393724298995
            ],
            [
              30.33369896955969,
              59.98393724298995
            ],
            [
              30.33369896955969,
              59.98393724298995
            ],
            [
              30.33369896955969,
              59.98393724298995
            ],
            [
              30.33369896955969,
              59.98393724298995
            ],
            [
              30.33369896955969,
              59.98393724298995
            ],
            [
              30.33369896955969,
              59.98393724298995
            ],
            [
              30.33369896955969,
              59.98393724298995
            ],
            [
              30.33369896955969,
              59.98393724298995
            ],
            [
              30.33369896955969,
              59.98393724298995
            ],
            [
              30.33369896955969,
              59.98393724298995
            ],
            [
              30.33369896955969,
              59.98393724298995
            ],
            [
              30.33369896955969,
              59.98393724298995
            ],
            [
              30.33369896955969,
              59.98393724298995
            ],
            [
              30.33369896955969,
              59.98393724298995
            ],
            [
              30.33369896955969,
              59.98393724298995
            ],
            [
              30.33369896955969,
              59.98393724298995
            ],
            [
              30.33369896955969,
              59.98393724298995
            ],
            [
              30.33369896955969,
              59.98393724298995
            ],
            [
              30.33369896955969,
              59.98393724298995
            ],
            [
              30.33369896955969,
              59.98393724298995
            ],
            [
              30.33369896955969,
              59.98393724298995
            ],
            [
              30.33369896955969,
              59.98393724298995
            ],
            [
              30.33369896955969,
              59.98393724298995
            ],
            [
              30.33369896955969,
              59.98393724298995
            ],
            [
              30.33369896955969,
              59.98393724298995
            ],
            [
              30.33369896955969,
              59.98393724298995
            ],
            [
              30.33369896955969,
              59.98393724298995
            ],
            [
              30.33369896955969,
              59.98393724298995
            ],
            [
              30.33369896955969,
              59.98393724298995
            ],
            [
              30.33369896955969,
              59.98393724298995
            ],
            [
              30.33369896955969,
              59.98393724298995
            ],
            [
              30.33369896955969,
              59.98393724298995
            ],
            [
              30.332440460879436,
              59.98348591684299
            ],
            [
              30.332404399689874,
              59.98343316167993
            ],
            [
              30.33235274151167,
              59.98337508738754
            ]
          ],
          [
            [
              30.332354463874434,
              59.98341173292986
            ],
            [
              30.332287865185553,
              59.983379153948896
            ],
            [
              30.332221611964787,
              59.98334310354922
            ],
            [
              30.33219259201109,
              59.98331790144002
            ],
            [
              30.332155433041354,
              59.98328712622251
            ],
            [
              30.332120947658826,
              59.98327334777296
            ],
            [
              30.332094268827657,
              59.983262343175156
            ],
            [
              30.33207801302929,
              59.98325970499094
            ],
            [
              30.33207175095403,
              59.983249945693224
            ],
            [
              30.33207706049281,
              59.98324386876979
            ],
            [
              30.33207013910173,
              59.98323544762032
            ],
            [
              30.33206764328169,
              59.983237968649185
            ],
            [
              30.332073858342824,
              59.983233921615664
            ],
            [
              30.33207987886918,
              59.983230107992576
            ],
            [
              30.332078774206174,
              59.98322672775963
            ],
            [
              30.332075663299236,
              59.983225004727835
            ],
            [
              30.3320708678905,
              59.98321894488314
            ],
            [
              30.332068978384275,
              59.983228797422655
            ],
            [
              30.3320754574328,
              59.98323254746545
            ],
            [
              30.332077859085686,
              59.98323585658679
            ],
            [
              30.332064507181837,
              59.98322879214877
            ],
            [
              30.33203445237515,
              59.983214593751526
            ],
            [
              30.33197859284987,
              59.9831873504237
            ],
            [
              30.331899696248076,
              59.983148961258074
            ],
            [
              30.331809512460918,
              59.983105989787454
            ],
            [
              30.33170070246131,
              59.98305301126412
            ],
            [
              30.33170070246131,
              59.98305301126412
            ],
            [
              30.33170070246131,
              59.98305301126412
            ],
            [
              30.33170070246131,
              59.98305301126412
            ],
            [
              30.33170070246131,
              59.98305301126412
            ],
            [
              30.33170070246131,
              59.98305301126412
            ],
            [
              30.33170070246131,
              59.98305301126412
            ],
            [
              30.33170070246131,
              59.98305301126412
            ],
            [
              30.33170070246131,
              59.98305301126412
            ],
            [
              30.33170070246131,
              59.98305301126412
            ],
            [
              30.33170070246131,
              59.98305301126412
            ],
            [
              30.33170070246131,
              59.98305301126412
            ],
            [
              30.33170070246131,
              59.98305301126412
            ],
            [
              30.33170070246131,
              59.98305301126412
            ],
            [
              30.33170070246131,
              59.98305301126412
            ],
            [
              30.33170070246131,
              59.98305301126412
            ],
            [
              30.33170070246131,
              59.98305301126412
            ],
            [
              30.33170070246131,
              59.98305301126412
            ],
            [
              30.33170070246131,
              59.98305301126412
            ],
            [
              30.33170070246131,
              59.98305301126412
            ],
            [
              30.33170070246131,
              59.98305301126412
            ],
            [
              30.33170070246131,
              59.98305301126412
            ],
            [
              30.33170070246131,
              59.98305301126412
            ],
            [
              30.33170070246131,
              59.98305301126412
            ],
            [
              30.33170070246131,
              59.98305301126412
            ],
            [
              30.33170070246131,
              59.98305301126412
            ],
            [
              30.33170070246131,
              59.98305301126412
            ],
            [
              30.33170070246131,
              59.98305301126412
            ],
            [
              30.33170070246131,
              59.98305301126412
            ],
            [
              30.33170070246131,
              59.98305301126412
            ],
            [
              30.33170070246131,
              59.98305301126412
            ],
            [
              30.33170070246131,
              59.98305301126412
            ],
            [
              30.33170070246131,
              59.98305301126412
            ],
            [
              30.33170070246131,
              59.98305301126412
            ],
            [
              30.33170070246131,
              59.98305301126412
            ],
            [
              30.33170070246131,
              59.98305301126412
            ],
            [
              30.33170070246131,
              59.98305301126412
            ],
            [
              30.33170070246131,
              59.98305301126412
            ],
            [
              30.33170070246131,
              59.98305301126412
            ],
            [
              30.33170070246131,
              59.98305301126412
            ],
            [
              30.33170070246131,
              59.98305301126412
            ],
            [
              30.33170070246131,
              59.98305301126412
            ],
            [
              30.33170070246131,
              59.98305301126412
            ],
            [
              30.33170070246131,
              59.98305301126412
            ],
            [
              30.33170070246131,
              59.98305301126412
            ],
            [
              30.33170070246131,
              59.98305301126412
            ],
            [
              30.33170070246131,
              59.98305301126412
            ],
            [
              30.33170070246131,
              59.98305301126412
            ],
            [
              30.33170070246131,
              59.98305301126412
            ],
            [
              30.33170070246131,
              59.98305301126412
            ],
            [
              30.33170070246131,
              59.98305301126412
            ],
            [
              30.33170070246131,
              59.98305301126412
            ],
            [
              30.33170070246131,
              59.98305301126412
            ],
            [
              30.33170070246131,
              59.98305301126412
            ],
            [
              30.33170070246131,
              59.98305301126412
            ],
            [
              30.33170070246131,
              59.98305301126412
            ],
            [
              30.33170070246131,
              59.98305301126412
            ],
            [
              30.33170070246131,
              59.98305301126412
            ],
            [
              30.33170070246131,
              59.98305301126412
            ],
            [
              30.33170070246131,
              59.98305301126412
            ],
            [
              30.33170070246131,
              59.98305301126412
            ],
            [
              30.33170070246131,
              59.98305301126412
            ],
            [
              30.33170070246131,
              59.98305301126412
            ],
            [
              30.33170070246131,
              59.98305301126412
            ],
            [
              30.33170070246131,
              59.98305301126412
            ],
            [
              30.33170070246131,
              59.98305301126412
            ],
            [
              30.33170070246131,
              59.98305301126412
            ],
            [
              30.33170070246131,
              59.98305301126412
            ],
            [
              30.33170070246131,
              59.98305301126412
            ],
            [
              30.33170070246131,
              59.98305301126412
            ],
            [
              30.33170070246131,
              59.98305301126412
            ],
            [
              30.33170070246131,
              59.98305301126412
            ],
            [
              30.33170070246131,
              59.98305301126412
            ],
            [
              30.33170070246131,
              59.98305301126412
            ],
            [
              30.33170070246131,
              59.98305301126412
            ],
            [
              30.33170070246131,
              59.98305301126412
            ],
            [
              30.33170070246131,
              59.98305301126412
            ],
            [
              30.33170070246131,
              59.98305301126412
            ],
            [
              30.33170070246131,
              59.98305301126412
            ],
            [
              30.33170070246131,
              59.98305301126412
            ],
            [
              30.33170070246131,
              59.98305301126412
            ],
            [
              30.33170070246131,
              59.98305301126412
            ],
            [
              30.33170070246131,
              59.98305301126412
            ],
            [
              30.33170070246131,
              59.98305301126412
            ],
            [
              30.33170070246131,
              59.98305301126412
            ],
            [
              30.33170070246131,
              59.98305301126412
            ],
            [
              30.33170070246131,
              59.98305301126412
            ],
            [
              30.33170070246131,
              59.98305301126412
            ],
            [
              30.33170070246131,
              59.98305301126412
            ],
            [
              30.33170070246131,
              59.98305301126412
            ],
            [
              30.33170070246131,
              59.98305301126412
            ],
            [
              30.33170070246131,
              59.98305301126412
            ],
            [
              30.33170070246131,
              59.98305301126412
            ],
            [
              30.33170070246131,
              59.98305301126412
            ],
            [
              30.33170070246131,
              59.98305301126412
            ],
            [
              30.33170070246131,
              59.98305301126412
            ],
            [
              30.33170070246131,
              59.98305301126412
            ],
            [
              30.33170070246131,
              59.98305301126412
            ],
            [
              30.33170070246131,
              59.98305301126412
            ],
            [
              30.33170070246131,
              59.98305301126412
            ],
            [
              30.33170070246131,
              59.98305301126412
            ],
            [
              30.33170070246131,
              59.98305301126412
            ],
            [
              30.33170070246131,
              59.98305301126412
            ],
            [
              30.33170070246131,
              59.98305301126412
            ],
            [
              30.33170070246131,
              59.98305301126412
            ],
            [
              30.33170070246131,
              59.98305301126412
            ],
            [
              30.33170070246131,
              59.98305301126412
            ],
            [
              30.33170070246131,
              59.98305301126412
            ],
            [
              30.33170070246131,
              59.98305301126412
            ],
            [
              30.33170070246131,
              59.98305301126412
            ],
            [
              30.33170070246131,
              59.98305301126412
            ],
            [
              30.33170070246131,
              59.98305301126412
            ],
            [
              30.33170070246131,
              59.98305301126412
            ],
            [
              30.33170070246131,
              59.98305301126412
            ],
            [
              30.33170070246131,
              59.98305301126412
            ],
            [
              30.33170070246131,
              59.98305301126412
            ],
            [
              30.33170070246131,
              59.98305301126412
            ],
            [
              30.33170070246131,
              59.98305301126412
            ],
            [
              30.33170070246131,
              59.98305301126412
            ],
            [
              30.33170070246131,
              59.98305301126412
            ],
            [
              30.33170070246131,
              59.98305301126412
            ],
            [
              30.33170070246131,
              59.98305301126412
            ],
            [
              30.33170070246131,
              59.98305301126412
            ],
            [
              30.33170070246131,
              59.98305301126412
            ],
            [
              30.33170070246131,
              59.98305301126412
            ],
            [
              30.33170070246131,
              59.98305301126412
            ],
            [
              30.33170070246131,
              59.98305301126412
            ],
            [
              30.33170070246131,
              59.98305301126412
            ],
            [
              30.33170070246131,
              59.98305301126412
            ],
            [
              30.33170070246131,
              59.98305301126412
            ],
            [
              30.33170070246131,
              59.98305301126412
            ],
            [
              30.33170070246131,
              59.98305301126412
            ],
            [
              30.33170070246131,
              59.98305301126412
            ],
            [
              30.33170070246131,
              59.98305301126412
            ],
            [
              30.33170070246131,
              59.98305301126412
            ],
            [
              30.33170070246131,
              59.98305301126412
            ],
            [
              30.33170070246131,
              59.98305301126412
            ],
            [
              30.33170070246131,
              59.98305301126412
            ],
            [
              30.33170070246131,
              59.98305301126412
            ],
            [
              30.33170070246131,
              59.98305301126412
            ],
            [
              30.33170070246131,
              59.98305301126412
            ],
            [
              30.33170070246131,
              59.98305301126412
            ],
            [
              30.316091121241275,
              59.97398975774074
            ],
            [
              30.316091121241275,
              59.97398975774074
            ],
            [
              30.316032192305826,
              59.97367140208245
            ],
            [
              30.315976637061237,
              59.97354057380303
            ],
            [
              30.315921655587122,
              59.973425700231864
            ]
          ],
          [
            [
              30.315826475047157,
              59.97329653199132
            ],
            [
              30.31573039756721,
              59.97318342237651
            ],
            [
              30.31561973136318,
              59.973072625220574
            ],
            [
              30.315514562287344,
              59.972935415315725
            ],
            [
              30.31540219340793,
              59.9728008964473
            ],
            [
              30.31531125304949,
              59.97266080903097
            ],
            [
              30.315207522433173,
              59.97252180026287
            ],
            [
              30.315136928625304,
              59.972385548436286
            ],
            [
              30.31511015817602,
              59.97223066313668
            ],
            [
              30.31502332578363,
              59.97210621167678
            ],
            [
              30.31494146204054,
              59.971988974240524
            ],
            [
              30.314866272497135,
              59.971880362955666
            ],
            [
              30.31479558650955,
              59.97178014915542
            ],
            [
              30.31479558650955,
              59.97178014915542
            ],
            [
              30.31479558650955,
              59.97178014915542
            ],
            [
              30.31479558650955,
              59.97178014915542
            ],
            [
              30.314517585772446,
              59.97148722721879
            ],
            [
              30.31447669854135,
              59.97143811966155
            ],
            [
              30.314474312388136,
              59.97139508259645
            ]
          ],
          [
            [
              30.31448840753416,
              59.97135180169777
            ],
            [
              30.314458666326434,
              59.971351146430955
            ],
            [
              30.31449201821942,
              59.97131513380828
            ],
            [
              30.314500732207602,
              59.97130134648212
            ],
            [
              30.31450598136273,
              59.97129539122112
            ],
            [
              30.314516503361503,
              59.97128515053428
            ],
            [
              30.31452605165914,
              59.97127768483062
            ],
            [
              30.314531933985638,
              59.97127310775213
            ],
            [
              30.31453904346693,
              59.9712728958046
            ],
            [
              30.314553275610308,
              59.97126275138274
            ],
            [
              30.314555631569746,
              59.97125629358072
            ],
            [
              30.314567409138714,
              59.97125481747394
            ],
            [
              30.31457810570146,
              59.9712455335975
            ],
            [
              30.314583744330896,
              59.97124192326875
            ],
            [
              30.314592598379278,
              59.97123172489675
            ],
            [
              30.314592598379278,
              59.97123172489675
            ],
            [
              30.314592598379278,
              59.97123172489675
            ],
            [
              30.314592598379278,
              59.97123172489675
            ],
            [
              30.314592598379278,
              59.97123172489675
            ],
            [
              30.314592598379278,
              59.97123172489675
            ],
            [
              30.314592598379278,
              59.97123172489675
            ],
            [
              30.314592598379278,
              59.97123172489675
            ],
            [
              30.314592598379278,
              59.97123172489675
            ],
            [
              30.314592598379278,
              59.97123172489675
            ],
            [
              30.314592598379278,
              59.97123172489675
            ],
            [
              30.314592598379278,
              59.97123172489675
            ],
            [
              30.314592598379278,
              59.97123172489675
            ],
            [
              30.314592598379278,
              59.97123172489675
            ],
            [
              30.314592598379278,
              59.97123172489675
            ],
            [
              30.314592598379278,
              59.97123172489675
            ],
            [
              30.314592598379278,
              59.97123172489675
            ],
            [
              30.314592598379278,
              59.97123172489675
            ],
            [
              30.314592598379278,
              59.97123172489675
            ],
            [
              30.314592598379278,
              59.97123172489675
            ],
            [
              30.314592598379278,
              59.97123172489675
            ],
            [
              30.314609163067487,
              59.97117497540455
            ],
            [
              30.3146184714464,
              59.97117090006841
            ],
            [
              30.314621039904104,
              59.9711720556069
            ],
            [
              30.314623928427487,
              59.97117059477402
            ],
            [
              30.314623928427487,
              59.97117059477402
            ],
            [
              30.314623928427487,
              59.97117059477402
            ],
            [
              30.314623928427487,
              59.97117059477402
            ],
            [
              30.314623928427487,
              59.97117059477402
            ],
            [
              30.314623928427487,
              59.97117059477402
            ],
            [
              30.314623928427487,
              59.97117059477402
            ],
            [
              30.314623928427487,
              59.97117059477402
            ],
            [
              30.314623928427487,
              59.97117059477402
            ],
            [
              30.314623928427487,
              59.97117059477402
            ],
            [
              30.314623928427487,
              59.97117059477402
            ],
            [
              30.314623928427487,
              59.97117059477402
            ],
            [
              30.314623928427487,
              59.97117059477402
            ],
            [
              30.314623928427487,
              59.97117059477402
            ],
            [
              30.314623928427487,
              59.97117059477402
            ],
            [
              30.314623928427487,
              59.97117059477402
            ],
            [
              30.314623928427487,
              59.97117059477402
            ],
            [
              30.314610672926793,
              59.971169908453426
            ],
            [
              30.314602946649526,
              59.97115851227508
            ],
            [
              30.314587988081016,
              59.97113658027032
            ],
            [
              30.314567072755104,
              59.971106601054345
            ],
            [
              30.314541389706275,
              59.97107056873719
            ],
            [
              30.314541389706275,
              59.97107056873719
            ],
            [
              30.314541389706275,
              59.97107056873719
            ],
            [
              30.314541389706275,
              59.97107056873719
            ],
            [
              30.314391092789783,
              59.97090385403429
            ],
            [
              30.314327842628302,
              59.970878993199506
            ],
            [
              30.314250811099917,
              59.970865951266546
            ]
          ],
          [
            [
              30.31415804852301,
              59.9708643487107
            ],
            [
              30.314034648910965,
              59.97086980802064
            ],
            [
              30.313876987805113,
              59.97088005244271
            ],
            [
              30.31369936020056,
              59.970893836686976
            ],
            [
              30.313506481554,
              59.970908570184335
            ],
            [
              30.313299799187753,
              59.97092558464486
            ],
            [
              30.313086765598538,
              59.970942863292684
            ],
            [
              30.31288262639066,
              59.970957965920796
            ],
            [
              30.312691172690293,
              59.970969164997584
            ],
            [
              30.312506716368603,
              59.97097818704354
            ],
            [
              30.31232616071852,
              59.97099006116894
            ],
            [
              30.31214300267581,
              59.97099473261096
            ],
            [
              30.311965253157986,
              59.97100119760945
            ],
            [
              30.311796592257632,
              59.97101076408228
            ],
            [
              30.31165071051452,
              59.97102160418295
            ],
            [
              30.311524761307783,
              59.97102880057283
            ],
            [
              30.311413217120997,
              59.97103706237893
            ],
            [
              30.311310996723588,
              59.97104240029617
            ],
            [
              30.311237752347473,
              59.97105033250642
            ],
            [
              30.31116036074879,
              59.9710525233119
            ],
            [
              30.31109634745318,
              59.971054916320725
            ],
            [
              30.31101991767767,
              59.97105725086234
            ],
            [
              30.311006606531585,
              59.97107705549378
            ],
            [
              30.31095880816071,
              59.971085131657624
            ],
            [
              30.31089008193632,
              59.97108991867142
            ],
            [
              30.31082628200255,
              59.97109754571556
            ],
            [
              30.31075496881148,
              59.97111148798159
            ],
            [
              30.310688805991006,
              59.97111448525204
            ],
            [
              30.310628479317415,
              59.97110658338429
            ],
            [
              30.310527463541934,
              59.9711167464178
            ],
            [
              30.31048327694287,
              59.97112882621361
            ],
            [
              30.310457573786,
              59.97112669992225
            ],
            [
              30.310452579524508,
              59.97112702324291
            ],
            [
              30.31045529573904,
              59.97113256732296
            ],
            [
              30.310447130811994,
              59.97113469952259
            ],
            [
              30.310444544033043,
              59.97114128979444
            ],
            [
              30.310442640250578,
              59.9711471777522
            ],
            [
              30.31043588205306,
              59.971154145198206
            ],
            [
              30.31042765598497,
              59.971162715573904
            ],
            [
              30.310426667884954,
              59.97117126398071
            ],
            [
              30.310423097265712,
              59.97117626553106
            ],
            [
              30.310424577328728,
              59.971176223411476
            ],
            [
              30.310413820111734,
              59.971178018236806
            ],
            [
              30.310415210591646,
              59.971178076450165
            ],
            [
              30.310415210591646,
              59.971178076450165
            ],
            [
              30.310415210591646,
              59.971178076450165
            ],
            [
              30.310415210591646,
              59.971178076450165
            ],
            [
              30.310415210591646,
              59.971178076450165
            ],
            [
              30.310415210591646,
              59.971178076450165
            ],
            [
              30.310415210591646,
              59.971178076450165
            ],
            [
              30.310415210591646,
              59.971178076450165
            ],
            [
              30.310415210591646,
              59.971178076450165
            ],
            [
              30.310415210591646,
              59.971178076450165
            ],
            [
              30.310415210591646,
              59.971178076450165
            ],
            [
              30.310415210591646,
              59.971178076450165
            ],
            [
              30.310415210591646,
              59.971178076450165
            ],
            [
              30.310415210591646,
              59.971178076450165
            ],
            [
              30.310415210591646,
              59.971178076450165
            ],
            [
              30.310415210591646,
              59.971178076450165
            ],
            [
              30.310415210591646,
              59.971178076450165
            ],
            [
              30.310415210591646,
              59.971178076450165
            ],
            [
              30.310415210591646,
              59.971178076450165
            ],
            [
              30.310415210591646,
              59.971178076450165
            ],
            [
              30.310348821224128,
              59.971189902974515
            ],
            [
              30.310333670987657,
              59.97118967747186
            ],
            [
              30.310316541869327,
              59.971191156935205
            ],
            [
              30.310321309516176,
              59.9711893924339
            ],
            [
              30.31032061376873,
              59.971187143935595
            ],
            [
              30.310316538094078,
              59.97118428479199
            ],
            [
              30.310294589497396,
              59.97118258980354
            ],
            [
              30.31025270569479,
              59.97118282928871
            ],
            [
              30.310198676285367,
              59.97118575597207
            ],
            [
              30.310146965954026,
              59.97118666931012
            ],
            [
              30.310098322834534,
              59.97118862613887
            ],
            [
              30.310047185511067,
              59.97119312953569
            ],
            [
              30.309989723030814,
              59.971197641321474
            ],
            [
              30.30997004902761,
              59.97119790763776
            ],
            [
              30.30996327004054,
              59.971194645826564
            ],
            [
              30.30994519944601,
              59.9711950892892
            ],
            [
              30.30992490804643,
              59.97119598216781
            ],
            [
              30.309884359040296,
              59.971200787854904
            ],
            [
              30.30983590400344,
              59.97120079660547
            ],
            [
              30.30979046524986,
              59.971200321842744
            ],
            [
              30.309773479839453,
              59.97120055215901
            ],
            [
              30.309752862654598,
              59.97119819726214
            ],
            [
              30.309743573544633,
              59.97119609892155
            ],
            [
              30.309738843373218,
              59.97119586640069
            ],
            [
              30.30972568043178,
              59.97119646668362
            ],
            [
              30.309716237803535,
              59.971196733957136
            ],
            [
              30.309710531285518,
              59.97119651566546
            ],
            [
              30.309706475489882,
              59.97119737340494
            ],
            [
              30.30970163359582,
              59.971194587750134
            ],
            [
              30.30968942100122,
              59.97119306904897
            ],
            [
              30.30968091963124,
              59.97118913954659
            ],
            [
              30.309671673159038,
              59.97118493524815
            ],
            [
              30.309659133332698,
              59.97118195587603
            ],
            [
              30.309636583014846,
              59.971175886492254
            ],
            [
              30.30962088698843,
              59.97117821504772
            ],
            [
              30.309610586681817,
              59.971180686594224
            ],
            [
              30.30960317691526,
              59.97117812309818
            ],
            [
              30.30960722063449,
              59.9711780791987
            ],
            [
              30.309613141848228,
              59.971179945678585
            ],
            [
              30.30961313094256,
              59.97117819870575
            ],
            [
              30.309603888713344,
              59.97118115869701
            ],
            [
              30.309598071724096,
              59.97118366029106
            ],
            [
              30.309597119008394,
              59.97118515912143
            ],
            [
              30.309589111185062,
              59.97118456446931
            ],
            [
              30.309587919801082,
              59.97118562042443
            ],
            [
              30.309578764897914,
              59.971184992215505
            ],
            [
              30.30957341013385,
              59.971183782029584
            ],
            [
              30.309574460676494,
              59.97118336390813
            ],
            [
              30.309575090391508,
              59.97118409659424
            ],
            [
              30.30957620883683,
              59.9711861965835
            ],
            [
              30.309586830529867,
              59.9711918440219
            ],
            [
              30.309586068043153,
              59.97119869806148
            ],
            [
              30.309583543241434,
              59.97120168127829
            ],
            [
              30.30957998007814,
              59.97120708672365
            ],
            [
              30.309581426926957,
              59.97121041255195
            ],
            [
              30.309580235444102,
              59.971214584692426
            ],
            [
              30.30958371745823,
              59.97121876181911
            ],
            [
              30.309587015754577,
              59.9712218658376
            ],
            [
              30.30959049618621,
              59.97122718500525
            ],
            [
              30.309596850214515,
              59.971230096556134
            ],
            [
              30.309599900117433,
              59.97123424154008
            ],
            [
              30.30960044664504,
              59.97123749631889
            ],
            [
              30.309603229622983,
              59.97123883769106
            ],
            [
              30.309603360126374,
              59.97124147229897
            ],
            [
              30.309600194773026,
              59.971244264455606
            ],
            [
              30.309600568633847,
              59.971246977529425
            ],
            [
              30.309600319372738,
              59.97124616360005
            ],
            [
              30.30959394371833,
              59.97124676097021
            ],
            [
              30.309593987774846,
              59.97124725251322
            ],
            [
              30.30959532300444,
              59.971244967653746
            ],
            [
              30.309593524445578,
              59.97124565131807
            ],
            [
              30.309576183692037,
              59.97124128844358
            ],
            [
              30.309560454629906,
              59.97123751570361
            ],
            [
              30.309550010580107,
              59.971239083976606
            ],
            [
              30.30953688389469,
              59.97123846201593
            ],
            [
              30.309527431751153,
              59.97123914685382
            ],
            [
              30.30952709912853,
              59.9712376857832
            ],
            [
              30.3095190645398,
              59.971236351551966
            ],
            [
              30.309509801752128,
              59.97123502943093
            ],
            [
              30.30949530987169,
              59.97123296200368
            ],
            [
              30.309490246762653,
              59.971233197977504
            ],
            [
              30.309490246762653,
              59.971233197977504
            ],
            [
              30.309490246762653,
              59.971233197977504
            ],
            [
              30.309504538885452,
              59.971229984652275
            ],
            [
              30.309499637641885,
              59.971228918408606
            ],
            [
              30.3094929190955,
              59.97122741456431
            ],
            [
              30.309491354281633,
              59.97122737490093
            ],
            [
              30.309488744866947,
              59.971224948386464
            ],
            [
              30.30948544120443,
              59.97122342042481
            ],
            [
              30.30948138302728,
              59.971226886072394
            ],
            [
              30.309479967108683,
              59.971229828621915
            ],
            [
              30.309478893771573,
              59.9712307148768
            ],
            [
              30.309475623802452,
              59.97123161026957
            ],
            [
              30.30947741930104,
              59.97123332502611
            ],
            [
              30.309461602388048,
              59.971234699699366
            ],
            [
              30.30943540712911,
              59.97123454768129
            ],
            [
              30.30939353220205,
              59.971231253130874
            ],
            [
              30.309337476530334,
              59.9712361214569
            ],
            [
              30.309285115825222,
              59.971235964852035
            ],
            [
              30.309224956711148,
              59.97123561495242
            ],
            [
              30.30914719877678,
              59.97123587280683
            ],
            [
              30.309074463575133,
              59.97123624903822
            ],
            [
              30.309021881867707,
              59.97123686295537
            ],
            [
              30.30896742855961,
              59.97123473466704
            ],
            [
              30.30893177859155,
              59.97123332527922
            ],
            [
              30.30891348427824,
              59.97123755624804
            ],
            [
              30.308876935997976,
              59.97124082704659
            ],
            [
              30.30881871043064,
              59.97124155728096
            ],
            [
              30.308749546254802,
              59.97124554981207
            ],
            [
              30.30870025349841,
              59.971250431974
            ],
            [
              30.308629231930738,
              59.971250594276
            ],
            [
              30.30857744457037,
              59.97125178660952
            ],
            [
              30.308543603983562,
              59.97125010314686
            ],
            [
              30.30850440748003,
              59.97124640415175
            ],
            [
              30.308487508377507,
              59.97124400599778
            ],
            [
              30.308462409155382,
              59.97124058551407
            ],
            [
              30.308448429626605,
              59.971238043808064
            ],
            [
              30.30843840255297,
              59.97123553935801
            ],
            [
              30.30843402422302,
              59.971232370226346
            ],
            [
              30.30843948032283,
              59.97122924958952
            ],
            [
              30.308440232694977,
              59.97122921983061
            ],
            [
              30.308440232694977,
              59.97122921983061
            ],
            [
              30.308440232694977,
              59.97122921983061
            ],
            [
              30.308440232694977,
              59.97122921983061
            ],
            [
              30.308440232694977,
              59.97122921983061
            ],
            [
              30.308465916757957,
              59.97122180874125
            ],
            [
              30.30846880364529,
              59.97122102257636
            ],
            [
              30.308461351168127,
              59.971225155064324
            ],
            [
              30.308460436497068,
              59.971223896995184
            ],
            [
              30.308463968662572,
              59.97122381346762
            ],
            [
              30.308469858111675,
              59.97122194949716
            ],
            [
              30.308469858111675,
              59.97122194949716
            ],
            [
              30.308469858111675,
              59.97122194949716
            ],
            [
              30.308483610234394,
              59.971219983243515
            ],
            [
              30.308483233338364,
              59.97122002123794
            ],
            [
              30.308482627895486,
              59.97121833308665
            ],
            [
              30.308481557114032,
              59.971219056636016
            ],
            [
              30.308478817920893,
              59.97121734938022
            ],
            [
              30.308481046242285,
              59.97121738071218
            ],
            [
              30.30848216003814,
              59.97121881219569
            ],
            [
              30.308477190678495,
              59.97121975965272
            ],
            [
              30.308477190678495,
              59.97121975965272
            ],
            [
              30.308477190678495,
              59.97121975965272
            ],
            [
              30.308477190678495,
              59.97121975965272
            ],
            [
              30.308477190678495,
              59.97121975965272
            ],
            [
              30.308477190678495,
              59.97121975965272
            ],
            [
              30.308477190678495,
              59.97121975965272
            ],
            [
              30.308477190678495,
              59.97121975965272
            ],
            [
              30.308477190678495,
              59.97121975965272
            ],
            [
              30.308477190678495,
              59.97121975965272
            ],
            [
              30.308477190678495,
              59.97121975965272
            ],
            [
              30.308477190678495,
              59.97121975965272
            ],
            [
              30.308477190678495,
              59.97121975965272
            ],
            [
              30.308477190678495,
              59.97121975965272
            ],
            [
              30.308477190678495,
              59.97121975965272
            ],
            [
              30.308477190678495,
              59.97121975965272
            ],
            [
              30.308477190678495,
              59.97121975965272
            ],
            [
              30.308477190678495,
              59.97121975965272
            ],
            [
              30.308477190678495,
              59.97121975965272
            ],
            [
              30.308477190678495,
              59.97121975965272
            ],
            [
              30.308477190678495,
              59.97121975965272
            ],
            [
              30.308477190678495,
              59.97121975965272
            ],
            [
              30.308477190678495,
              59.97121975965272
            ],
            [
              30.308477190678495,
              59.97121975965272
            ],
            [
              30.308477190678495,
              59.97121975965272
            ],
            [
              30.308477190678495,
              59.97121975965272
            ],
            [
              30.308477190678495,
              59.97121975965272
            ],
            [
              30.308477190678495,
              59.97121975965272
            ],
            [
              30.308477190678495,
              59.97121975965272
            ],
            [
              30.308477190678495,
              59.97121975965272
            ],
            [
              30.308477190678495,
              59.97121975965272
            ],
            [
              30.308477190678495,
              59.97121975965272
            ],
            [
              30.308477190678495,
              59.97121975965272
            ],
            [
              30.308477190678495,
              59.97121975965272
            ],
            [
              30.308477190678495,
              59.97121975965272
            ],
            [
              30.308477190678495,
              59.97121975965272
            ],
            [
              30.308477190678495,
              59.97121975965272
            ],
            [
              30.308477190678495,
              59.97121975965272
            ],
            [
              30.308477190678495,
              59.97121975965272
            ],
            [
              30.308477190678495,
              59.97121975965272
            ],
            [
              30.308477190678495,
              59.97121975965272
            ],
            [
              30.308477190678495,
              59.97121975965272
            ],
            [
              30.308477190678495,
              59.97121975965272
            ],
            [
              30.308477190678495,
              59.97121975965272
            ],
            [
              30.308477190678495,
              59.97121975965272
            ],
            [
              30.308477190678495,
              59.97121975965272
            ],
            [
              30.308477190678495,
              59.97121975965272
            ],
            [
              30.308477190678495,
              59.97121975965272
            ],
            [
              30.308477190678495,
              59.97121975965272
            ],
            [
              30.308477190678495,
              59.97121975965272
            ],
            [
              30.308477190678495,
              59.97121975965272
            ],
            [
              30.308477190678495,
              59.97121975965272
            ],
            [
              30.308477190678495,
              59.97121975965272
            ],
            [
              30.308477190678495,
              59.97121975965272
            ],
            [
              30.308477190678495,
              59.97121975965272
            ],
            [
              30.308477190678495,
              59.97121975965272
            ],
            [
              30.308477190678495,
              59.97121975965272
            ],
            [
              30.308477190678495,
              59.97121975965272
            ],
            [
              30.308477190678495,
              59.97121975965272
            ],
            [
              30.308477190678495,
              59.97121975965272
            ],
            [
              30.308477190678495,
              59.97121975965272
            ],
            [
              30.308392541011244,
              59.971185135377624
            ],
            [
              30.308373060537466,
              59.97118499483605
            ],
            [
              30.30836224596475,
              59.971185642085956
            ],
            [
              30.308347831137443,
              59.971185614756976
            ],
            [
              30.308332190495378,
              59.97118551771526
            ],
            [
              30.308309468478566,
              59.971186950269036
            ],
            [
              30.308293482202874,
              59.971186465753064
            ],
            [
              30.308283521749438,
              59.9711867463379
            ],
            [
              30.308278724682044,
              59.971185549746394
            ],
            [
              30.30827481920057,
              59.97118517821826
            ],
            [
              30.30827740525997,
              59.971183937008256
            ],
            [
              30.308274881636,
              59.97118373268667
            ],
            [
              30.308274881636,
              59.97118373268667
            ],
            [
              30.308274881636,
              59.97118373268667
            ],
            [
              30.308274881636,
              59.97118373268667
            ],
            [
              30.308274881636,
              59.97118373268667
            ],
            [
              30.308274881636,
              59.97118373268667
            ],
            [
              30.308274881636,
              59.97118373268667
            ],
            [
              30.308274881636,
              59.97118373268667
            ],
            [
              30.308274881636,
              59.97118373268667
            ],
            [
              30.308274881636,
              59.97118373268667
            ],
            [
              30.308274881636,
              59.97118373268667
            ],
            [
              30.308274881636,
              59.97118373268667
            ],
            [
              30.308274881636,
              59.97118373268667
            ],
            [
              30.308274881636,
              59.97118373268667
            ],
            [
              30.308274881636,
              59.97118373268667
            ],
            [
              30.308274881636,
              59.97118373268667
            ],
            [
              30.308274881636,
              59.97118373268667
            ],
            [
              30.308274881636,
              59.97118373268667
            ],
            [
              30.308274881636,
              59.97118373268667
            ],
            [
              30.308274881636,
              59.97118373268667
            ],
            [
              30.308274881636,
              59.97118373268667
            ],
            [
              30.308274881636,
              59.97118373268667
            ],
            [
              30.308274881636,
              59.97118373268667
            ],
            [
              30.308274881636,
              59.97118373268667
            ],
            [
              30.308274881636,
              59.97118373268667
            ],
            [
              30.308274881636,
              59.97118373268667
            ],
            [
              30.308274881636,
              59.97118373268667
            ],
            [
              30.308274881636,
              59.97118373268667
            ],
            [
              30.308274881636,
              59.97118373268667
            ],
            [
              30.308274881636,
              59.97118373268667
            ],
            [
              30.308274881636,
              59.97118373268667
            ],
            [
              30.308274881636,
              59.97118373268667
            ],
            [
              30.308274881636,
              59.97118373268667
            ],
            [
              30.308274881636,
              59.97118373268667
            ],
            [
              30.308274881636,
              59.97118373268667
            ],
            [
              30.308274881636,
              59.97118373268667
            ],
            [
              30.308195202053525,
              59.97114840145634
            ],
            [
              30.308196243974525,
              59.97114717804492
            ],
            [
              30.308198597807692,
              59.971147211566645
            ],
            [
              30.308202414366665,
              59.97114603313955
            ],
            [
              30.308202414366665,
              59.97114603313955
            ],
            [
              30.308202414366665,
              59.97114603313955
            ],
            [
              30.308202414366665,
              59.97114603313955
            ],
            [
              30.308202414366665,
              59.97114603313955
            ],
            [
              30.308202414366665,
              59.97114603313955
            ],
            [
              30.308202414366665,
              59.97114603313955
            ],
            [
              30.308202414366665,
              59.97114603313955
            ],
            [
              30.308202414366665,
              59.97114603313955
            ],
            [
              30.308202414366665,
              59.97114603313955
            ],
            [
              30.308202414366665,
              59.97114603313955
            ],
            [
              30.308202414366665,
              59.97114603313955
            ],
            [
              30.308202414366665,
              59.97114603313955
            ],
            [
              30.308202414366665,
              59.97114603313955
            ],
            [
              30.308202414366665,
              59.97114603313955
            ],
            [
              30.308202414366665,
              59.97114603313955
            ],
            [
              30.308202414366665,
              59.97114603313955
            ],
            [
              30.308202414366665,
              59.97114603313955
            ],
            [
              30.308202414366665,
              59.97114603313955
            ],
            [
              30.308202414366665,
              59.97114603313955
            ],
            [
              30.308202414366665,
              59.97114603313955
            ],
            [
              30.308202414366665,
              59.97114603313955
            ],
            [
              30.308202414366665,
              59.97114603313955
            ],
            [
              30.308202414366665,
              59.97114603313955
            ],
            [
              30.308202414366665,
              59.97114603313955
            ],
            [
              30.308202414366665,
              59.97114603313955
            ],
            [
              30.308202414366665,
              59.97114603313955
            ],
            [
              30.308205753230453,
              59.97112204270581
            ],
            [
              30.30820100056737,
              59.97112106115338
            ],
            [
              30.308198021561097,
              59.97112096122896
            ],
            [
              30.30819264470439,
              59.971120307776054
            ],
            [
              30.308192021745782,
              59.971119370839084
            ],
            [
              30.308191700295097,
              59.97111909820849
            ],
            [
              30.308194980349963,
              59.97111728042238
            ],
            [
              30.308196292724254,
              59.971116975798715
            ],
            [
              30.308196292724254,
              59.971116975798715
            ],
            [
              30.308196292724254,
              59.971116975798715
            ],
            [
              30.308196292724254,
              59.971116975798715
            ],
            [
              30.308196292724254,
              59.971116975798715
            ],
            [
              30.308196292724254,
              59.971116975798715
            ],
            [
              30.308196292724254,
              59.971116975798715
            ],
            [
              30.308196292724254,
              59.971116975798715
            ],
            [
              30.308224408995336,
              59.9711133509997
            ],
            [
              30.308211956673613,
              59.97111585468051
            ],
            [
              30.308207800499392,
              59.97111479552045
            ],
            [
              30.308205854633552,
              59.97111481394888
            ],
            [
              30.308199422486844,
              59.971114315928986
            ],
            [
              30.30819813637642,
              59.9711136913034
            ],
            [
              30.30820522360771,
              59.97111056448274
            ],
            [
              30.308202561074285,
              59.97110755205611
            ],
            [
              30.308202432293545,
              59.97110568214738
            ],
            [
              30.308202432293545,
              59.97110568214738
            ],
            [
              30.308202432293545,
              59.97110568214738
            ],
            [
              30.308202432293545,
              59.97110568214738
            ],
            [
              30.308202432293545,
              59.97110568214738
            ],
            [
              30.308202432293545,
              59.97110568214738
            ],
            [
              30.308202432293545,
              59.97110568214738
            ],
            [
              30.308202432293545,
              59.97110568214738
            ],
            [
              30.308202432293545,
              59.97110568214738
            ],
            [
              30.308219546653998,
              59.97110548181831
            ],
            [
              30.30823909116765,
              59.97110813168834
            ],
            [
              30.308243791727865,
              59.9711086163234
            ],
            [
              30.308243791727865,
              59.9711086163234
            ],
            [
              30.308243791727865,
              59.9711086163234
            ],
            [
              30.308243791727865,
              59.9711086163234
            ],
            [
              30.308243791727865,
              59.9711086163234
            ],
            [
              30.308243791727865,
              59.9711086163234
            ],
            [
              30.308243791727865,
              59.9711086163234
            ],
            [
              30.308243791727865,
              59.9711086163234
            ],
            [
              30.308243791727865,
              59.9711086163234
            ],
            [
              30.308243791727865,
              59.9711086163234
            ],
            [
              30.308243791727865,
              59.9711086163234
            ],
            [
              30.308243791727865,
              59.9711086163234
            ],
            [
              30.308243791727865,
              59.9711086163234
            ],
            [
              30.308243791727865,
              59.9711086163234
            ],
            [
              30.308243791727865,
              59.9711086163234
            ],
            [
              30.308243791727865,
              59.9711086163234
            ],
            [
              30.308243791727865,
              59.9711086163234
            ],
            [
              30.308243791727865,
              59.9711086163234
            ],
            [
              30.308243791727865,
              59.9711086163234
            ],
            [
              30.308243791727865,
              59.9711086163234
            ],
            [
              30.308243791727865,
              59.9711086163234
            ],
            [
              30.308243791727865,
              59.9711086163234
            ],
            [
              30.308243791727865,
              59.9711086163234
            ],
            [
              30.308243791727865,
              59.9711086163234
            ],
            [
              30.308243791727865,
              59.9711086163234
            ],
            [
              30.308243791727865,
              59.9711086163234
            ],
            [
              30.308243791727865,
              59.9711086163234
            ],
            [
              30.308243791727865,
              59.9711086163234
            ],
            [
              30.308243791727865,
              59.9711086163234
            ],
            [
              30.308198321714446,
              59.97111635930591
            ],
            [
              30.308197342303743,
              59.97113165419002
            ],
            [
              30.308189939695243,
              59.971131090134534
            ],
            [
              30.308171537789374,
              59.97114107882767
            ],
            [
              30.30815224901558,
              59.971148685928085
            ],
            [
              30.308122659456203,
              59.971144183509665
            ],
            [
              30.308115092228306,
              59.9711407184004
            ],
            [
              30.308101689424078,
              59.97114080207536
            ],
            [
              30.308086779451774,
              59.97114262624137
            ],
            [
              30.308078496941707,
              59.97113681128101
            ],
            [
              30.308068396372803,
              59.97114615919617
            ],
            [
              30.308070845035385,
              59.97114507029325
            ],
            [
              30.308070845035385,
              59.97114507029325
            ],
            [
              30.308070845035385,
              59.97114507029325
            ],
            [
              30.30815729651315,
              59.97113210467012
            ],
            [
              30.308156167268848,
              59.97112975009571
            ],
            [
              30.30814478633959,
              59.97112819746275
            ],
            [
              30.308127307879815,
              59.971127989849506
            ],
            [
              30.308099362867182,
              59.97113314779264
            ],
            [
              30.308066415275277,
              59.971141368084915
            ],
            [
              30.308024360392125,
              59.97114495962376
            ],
            [
              30.30797074610262,
              59.971141919584554
            ],
            [
              30.30792993610574,
              59.97114477002027
            ],
            [
              30.307885469254522,
              59.97114265519729
            ],
            [
              30.307858524422407,
              59.971138716948836
            ],
            [
              30.307833657688974,
              59.97114357521403
            ],
            [
              30.30783415385293,
              59.97114167110852
            ],
            [
              30.307830536929988,
              59.97114238431693
            ],
            [
              30.307822256225847,
              59.97114142352086
            ],
            [
              30.307804105658526,
              59.971146605798914
            ],
            [
              30.307801373781654,
              59.971151258129005
            ],
            [
              30.307798114244683,
              59.971152095441596
            ],
            [
              30.307799079468605,
              59.971151996966846
            ],
            [
              30.307799079468605,
              59.971151996966846
            ],
            [
              30.307799079468605,
              59.971151996966846
            ],
            [
              30.307799079468605,
              59.971151996966846
            ],
            [
              30.307799079468605,
              59.971151996966846
            ],
            [
              30.30784923122025,
              59.97114104597374
            ],
            [
              30.30786203658927,
              59.971142519056635
            ],
            [
              30.30787432061972,
              59.97114229285038
            ],
            [
              30.30787432061972,
              59.97114229285038
            ],
            [
              30.30787432061972,
              59.97114229285038
            ],
            [
              30.30787432061972,
              59.97114229285038
            ],
            [
              30.30787432061972,
              59.97114229285038
            ],
            [
              30.30787432061972,
              59.97114229285038
            ],
            [
              30.307890820721678,
              59.97114435113973
            ],
            [
              30.30789360020568,
              59.97114483292265
            ],
            [
              30.30789797670809,
              59.97114523226848
            ],
            [
              30.30789972517587,
              59.97114670066233
            ],
            [
              30.30789972517587,
              59.97114670066233
            ],
            [
              30.30789972517587,
              59.97114670066233
            ],
            [
              30.30789972517587,
              59.97114670066233
            ],
            [
              30.30789972517587,
              59.97114670066233
            ],
            [
              30.30789972517587,
              59.97114670066233
            ],
            [
              30.30789972517587,
              59.97114670066233
            ],
            [
              30.30789972517587,
              59.97114670066233
            ],
            [
              30.30789972517587,
              59.97114670066233
            ],
            [
              30.30789972517587,
              59.97114670066233
            ],
            [
              30.30789972517587,
              59.97114670066233
            ],
            [
              30.307914843689296,
              59.971162397849646
            ],
            [
              30.307915037522438,
              59.971163888957975
            ],
            [
              30.307915037522438,
              59.971163888957975
            ],
            [
              30.307915037522438,
              59.971163888957975
            ],
            [
              30.307915037522438,
              59.971163888957975
            ],
            [
              30.307915037522438,
              59.971163888957975
            ],
            [
              30.307915037522438,
              59.971163888957975
            ],
            [
              30.307915037522438,
              59.971163888957975
            ],
            [
              30.30791978649122,
              59.971179222318
            ],
            [
              30.307919529424904,
              59.97117921868109
            ],
            [
              30.307919529424904,
              59.97117921868109
            ],
            [
              30.307919529424904,
              59.97117921868109
            ],
            [
              30.307919529424904,
              59.97117921868109
            ],
            [
              30.307919529424904,
              59.97117921868109
            ],
            [
              30.307919529424904,
              59.97117921868109
            ],
            [
              30.307919529424904,
              59.97117921868109
            ],
            [
              30.307919529424904,
              59.97117921868109
            ],
            [
              30.307919529424904,
              59.97117921868109
            ],
            [
              30.307919529424904,
              59.97117921868109
            ],
            [
              30.30781724090222,
              59.971207738564004
            ],
            [
              30.30781581193204,
              59.971209590117134
            ],
            [
              30.30781581193204,
              59.971209590117134
            ],
            [
              30.30781581193204,
              59.971209590117134
            ],
            [
              30.30781581193204,
              59.971209590117134
            ],
            [
              30.30781581193204,
              59.971209590117134
            ],
            [
              30.30781581193204,
              59.971209590117134
            ],
            [
              30.30781581193204,
              59.971209590117134
            ],
            [
              30.30781581193204,
              59.971209590117134
            ],
            [
              30.30781581193204,
              59.971209590117134
            ],
            [
              30.30781581193204,
              59.971209590117134
            ],
            [
              30.30781581193204,
              59.971209590117134
            ],
            [
              30.30781581193204,
              59.971209590117134
            ],
            [
              30.30781581193204,
              59.971209590117134
            ],
            [
              30.30781581193204,
              59.971209590117134
            ],
            [
              30.30781581193204,
              59.971209590117134
            ],
            [
              30.30781581193204,
              59.971209590117134
            ],
            [
              30.30781581193204,
              59.971209590117134
            ],
            [
              30.30781581193204,
              59.971209590117134
            ],
            [
              30.30781581193204,
              59.971209590117134
            ],
            [
              30.30781581193204,
              59.971209590117134
            ],
            [
              30.30781581193204,
              59.971209590117134
            ],
            [
              30.307768596816693,
              59.971200978299905
            ],
            [
              30.307696181414197,
              59.971202808459324
            ],
            [
              30.307631227420625,
              59.97120078334581
            ],
            [
              30.307567123058423,
              59.97120763935706
            ],
            [
              30.30745212805345,
              59.97120980929992
            ],
            [
              30.30745212805345,
              59.97120980929992
            ],
            [
              30.30745212805345,
              59.97120980929992
            ],
            [
              30.30745212805345,
              59.97120980929992
            ],
            [
              30.30706996468849,
              59.971212078393556
            ],
            [
              30.307012541382257,
              59.971206258078894
            ],
            [
              30.30694936980252,
              59.971195652617205
            ]
          ],
          [
            [
              30.306890029357515,
              59.97118715042408
            ],
            [
              30.306837317341515,
              59.97118474580077
            ],
            [
              30.306801803212814,
              59.9711796487775
            ],
            [
              30.306749618372333,
              59.97118351140961
            ],
            [
              30.30665523700018,
              59.97119548971293
            ],
            [
              30.306546276819702,
              59.971203367959816
            ],
            [
              30.30640699636592,
              59.971202612596834
            ],
            [
              30.30624950704482,
              59.97121119963225
            ],
            [
              30.306101105738087,
              59.97121200276822
            ],
            [
              30.30595654054559,
              59.97120672016159
            ],
            [
              30.305814128177712,
              59.97117844832497
            ],
            [
              30.30566600846851,
              59.97118872511885
            ],
            [
              30.305518147069463,
              59.97119652395313
            ],
            [
              30.305366111558918,
              59.97118970330507
            ],
            [
              30.305209129174767,
              59.97119281977141
            ],
            [
              30.305077455858424,
              59.97121118038016
            ],
            [
              30.30494668666208,
              59.971229197399
            ],
            [
              30.30494668666208,
              59.971229197399
            ],
            [
              30.30494668666208,
              59.971229197399
            ],
            [
              30.30494668666208,
              59.971229197399
            ],
            [
              30.304483085043504,
              59.97122393594629
            ],
            [
              30.304400655811673,
              59.971204305903214
            ],
            [
              30.304334353469695,
              59.971195178974675
            ]
          ],
          [
            [
              30.30428009968415,
              59.97119181271327
            ],
            [
              30.304227371612225,
              59.97118158268851
            ],
            [
              30.304174404593752,
              59.971185433943916
            ],
            [
              30.304096298725028,
              59.97118440091771
            ],
            [
              30.3040169002064,
              59.97119525510831
            ],
            [
              30.30390235254034,
              59.97119956578201
            ],
            [
              30.303792268491648,
              59.97120651419341
            ],
            [
              30.3036711112265,
              59.971219268427504
            ],
            [
              30.30357346146478,
              59.97120808682652
            ],
            [
              30.303474249589375,
              59.97121448189604
            ],
            [
              30.303393600884892,
              59.97121027275217
            ],
            [
              30.30334794747384,
              59.97120414319646
            ],
            [
              30.30334340747115,
              59.97121211451466
            ],
            [
              30.30334748873385,
              59.97121126400159
            ],
            [
              30.303354885722886,
              59.97121271469102
            ],
            [
              30.303354885722886,
              59.97121271469102
            ],
            [
              30.303354885722886,
              59.97121271469102
            ],
            [
              30.303315072338933,
              59.971223810078996
            ],
            [
              30.30327577559886,
              59.97122992996765
            ],
            [
              30.303243854338707,
              59.9712268553892
            ],
            [
              30.303226602011797,
              59.97123797267707
            ],
            [
              30.303223019884292,
              59.97124967839176
            ],
            [
              30.303224883861596,
              59.971251144376566
            ],
            [
              30.303226669534528,
              59.97125131021468
            ],
            [
              30.303226669534528,
              59.97125131021468
            ],
            [
              30.303237603050448,
              59.97124064554861
            ],
            [
              30.30323071209727,
              59.97124131469736
            ],
            [
              30.303229169908978,
              59.971241092665814
            ],
            [
              30.303233749333273,
              59.971243163221146
            ],
            [
              30.303232615373247,
              59.97124432907485
            ],
            [
              30.303228836610078,
              59.97125657963079
            ],
            [
              30.303229005291257,
              59.97125645406317
            ],
            [
              30.303229005291257,
              59.97125645406317
            ],
            [
              30.303200608273308,
              59.971257725514924
            ],
            [
              30.303202711752757,
              59.971263952868995
            ],
            [
              30.30320320363372,
              59.97126268156889
            ],
            [
              30.303202091007336,
              59.97126073610383
            ],
            [
              30.303208766131895,
              59.97126162586595
            ],
            [
              30.303205392197544,
              59.97126480515335
            ],
            [
              30.303202548341005,
              59.97126770573462
            ],
            [
              30.303200938121527,
              59.97126527974833
            ],
            [
              30.303198928933554,
              59.97126077823436
            ],
            [
              30.30318153693103,
              59.97127265210811
            ],
            [
              30.303185148577715,
              59.971291985407404
            ],
            [
              30.303192170116592,
              59.97130459376114
            ],
            [
              30.30317505688714,
              59.97130831321759
            ],
            [
              30.303171109972237,
              59.97130603350703
            ],
            [
              30.303167982642325,
              59.97130986041478
            ],
            [
              30.303150535409006,
              59.971304777217405
            ],
            [
              30.303118410722682,
              59.97130372923687
            ],
            [
              30.303074586590842,
              59.97129336221926
            ],
            [
              30.303019187964214,
              59.97129817164066
            ],
            [
              30.302930658902373,
              59.971296370176674
            ],
            [
              30.30284398331893,
              59.97130545657069
            ],
            [
              30.30269808749438,
              59.97131225449816
            ],
            [
              30.302548546019057,
              59.971316401707504
            ],
            [
              30.302390314486793,
              59.97131684567408
            ],
            [
              30.30223252274981,
              59.971322595030415
            ],
            [
              30.302100299362618,
              59.971331590944914
            ],
            [
              30.301975558847893,
              59.97133227706445
            ],
            [
              30.301848079244724,
              59.97133001990749
            ],
            [
              30.301710378143955,
              59.97133290129046
            ],
            [
              30.301577453252285,
              59.971331022804634
            ],
            [
              30.30142268308699,
              59.97132514621345
            ],
            [
              30.301261301855952,
              59.97131726992999
            ],
            [
              30.301082558620667,
              59.97131179460237
            ],
            [
              30.300893748693912,
              59.97131539555466
            ],
            [
              30.30070674536907,
              59.971331598577954
            ],
            [
              30.300514478393833,
              59.97134241444747
            ],
            [
              30.300306308500534,
              59.971351543527184
            ],
            [
              30.30011483187371,
              59.97137272760766
            ],
            [
              30.299939860447594,
              59.9713752964185
            ],
            [
              30.2997611489556,
              59.97138723625421
            ],
            [
              30.29957887658737,
              59.97139418908209
            ],
            [
              30.299393819368387,
              59.971394235913635
            ],
            [
              30.29926435281777,
              59.97138283018518
            ],
            [
              30.299137992724813,
              59.97138734537572
            ],
            [
              30.29900091817198,
              59.97138287932771
            ],
            [
              30.29888369135095,
              59.97138829153794
            ],
            [
              30.298786698450375,
              59.97140960021021
            ],
            [
              30.298633799626586,
              59.97142305088309
            ],
            [
              30.298440616889387,
              59.97143399784829
            ],
            [
              30.298210225904437,
              59.97142928681976
            ],
            [
              30.298026938964018,
              59.97142292519521
            ],
            [
              30.29784569137501,
              59.97141612272823
            ],
            [
              30.297644165887583,
              59.97142174998301
            ],
            [
              30.29741313276444,
              59.97143370282516
            ],
            [
              30.29719709844455,
              59.971444861935
            ],
            [
              30.296955388717432,
              59.97145198836622
            ],
            [
              30.29673862279136,
              59.971463917789706
            ],
            [
              30.296525406420542,
              59.97146397933039
            ],
            [
              30.296342442307946,
              59.97145576947683
            ],
            [
              30.296128539365522,
              59.97145007274543
            ],
            [
              30.295932134023637,
              59.97144770136771
            ],
            [
              30.295932134023637,
              59.97144770136771
            ],
            [
              30.295932134023637,
              59.97144770136771
            ],
            [
              30.295932134023637,
              59.97144770136771
            ],
            [
              30.295932134023637,
              59.97144770136771
            ],
            [
              30.295932134023637,
              59.97144770136771
            ],
            [
              30.295932134023637,
              59.97144770136771
            ],
            [
              30.295932134023637,
              59.97144770136771
            ],
            [
              30.295177239385744,
              59.97132952653116
            ],
            [
              30.295177239385744,
              59.97132952653116
            ],
            [
              30.295177239385744,
              59.97132952653116
            ],
            [
              30.295177239385744,
              59.97132952653116
            ],
            [
              30.295177239385744,
              59.97132952653116
            ],
            [
              30.295890077718546,
              59.97142915361266
            ],
            [
              30.295890077718546,
              59.97142915361266
            ],
            [
              30.295890077718546,
              59.97142915361266
            ],
            [
              30.29588883411119,
              59.97144456190209
            ],
            [
              30.295896053846064,
              59.97144259952905
            ]
          ],
          [
            [
              30.295896053846064,
              59.97144259952905
            ],
            [
              30.295896053846064,
              59.97144259952905
            ],
            [
              30.295896053846064,
              59.97144259952905
            ],
            [
              30.295896053846064,
              59.97144259952905
            ],
            [
              30.295896053846064,
              59.97144259952905
            ],
            [
              30.295896053846064,
              59.97144259952905
            ],
            [
              30.295896053846064,
              59.97144259952905
            ],
            [
              30.295798538410022,
              59.97142788672884
            ],
            [
              30.29576645529656,
              59.97142449187667
            ],
            [
              30.2956325340532,
              59.971415777224664
            ],
            [
              30.2956325340532,
              59.971415777224664
            ],
            [
              30.2956325340532,
              59.971415777224664
            ],
            [
              30.2956325340532,
              59.971415777224664
            ],
            [
              30.2956325340532,
              59.971415777224664
            ],
            [
              30.2956325340532,
              59.971415777224664
            ],
            [
              30.2956325340532,
              59.971415777224664
            ],
            [
              30.2956325340532,
              59.971415777224664
            ],
            [
              30.2956325340532,
              59.971415777224664
            ],
            [
              30.2956325340532,
              59.971415777224664
            ],
            [
              30.2956325340532,
              59.971415777224664
            ],
            [
              30.2956325340532,
              59.971415777224664
            ],
            [
              30.2956325340532,
              59.971415777224664
            ],
            [
              30.2956325340532,
              59.971415777224664
            ],
            [
              30.2956325340532,
              59.971415777224664
            ],
            [
              30.2956325340532,
              59.971415777224664
            ],
            [
              30.2956325340532,
              59.971415777224664
            ],
            [
              30.292260307311565,
              59.97113566701788
            ],
            [
              30.292260307311565,
              59.97113566701788
            ],
            [
              30.292260307311565,
              59.97113566701788
            ],
            [
              30.292260307311565,
              59.97113566701788
            ],
            [
              30.292260307311565,
              59.97113566701788
            ],
            [
              30.29335662629926,
              59.971223690921946
            ],
            [
              30.29335662629926,
              59.971223690921946
            ],
            [
              30.29335662629926,
              59.971223690921946
            ],
            [
              30.29335662629926,
              59.971223690921946
            ],
            [
              30.29335662629926,
              59.971223690921946
            ],
            [
              30.29326290732115,
              59.97134665156004
            ],
            [
              30.293291228823485,
              59.97134688127805
            ],
            [
              30.293314203699076,
              59.97134706762915
            ]
          ],
          [
            [
              30.29336938464739,
              59.971347524702736
            ],
            [
              30.29336938464739,
              59.971347524702736
            ],
            [
              30.29274615513177,
              59.97133463228229
            ],
            [
              30.29274615513177,
              59.97133463228229
            ],
            [
              30.29274615513177,
              59.97133463228229
            ],
            [
              30.29274615513177,
              59.97133463228229
            ],
            [
              30.29274615513177,
              59.97133463228229
            ],
            [
              30.29274615513177,
              59.97133463228229
            ],
            [
              30.295070926709897,
              59.971361316552056
            ],
            [
              30.295070926709897,
              59.971361316552056
            ],
            [
              30.295070926709897,
              59.971361316552056
            ]
          ],
          [
            [
              30.295070926709897,
              59.971361316552056
            ],
            [
              30.295070926709897,
              59.971361316552056
            ],
            [
              30.295070926709897,
              59.971361316552056
            ],
            [
              30.295070926709897,
              59.971361316552056
            ],
            [
              30.295070926709897,
              59.971361316552056
            ],
            [
              30.295070926709897,
              59.971361316552056
            ],
            [
              30.295070926709897,
              59.971361316552056
            ],
            [
              30.295070926709897,
              59.971361316552056
            ],
            [
              30.295070926709897,
              59.971361316552056
            ],
            [
              30.295070926709897,
              59.971361316552056
            ],
            [
              30.295070926709897,
              59.971361316552056
            ],
            [
              30.295070926709897,
              59.971361316552056
            ],
            [
              30.295070926709897,
              59.971361316552056
            ],
            [
              30.295070926709897,
              59.971361316552056
            ],
            [
              30.295070926709897,
              59.971361316552056
            ],
            [
              30.295070926709897,
              59.971361316552056
            ],
            [
              30.295070926709897,
              59.971361316552056
            ],
            [
              30.295070926709897,
              59.971361316552056
            ],
            [
              30.295070926709897,
              59.971361316552056
            ],
            [
              30.295070926709897,
              59.971361316552056
            ],
            [
              30.295070926709897,
              59.971361316552056
            ],
            [
              30.295070926709897,
              59.971361316552056
            ],
            [
              30.295070926709897,
              59.971361316552056
            ],
            [
              30.295070926709897,
              59.971361316552056
            ],
            [
              30.295070926709897,
              59.971361316552056
            ],
            [
              30.295070926709897,
              59.971361316552056
            ],
            [
              30.295070926709897,
              59.971361316552056
            ],
            [
              30.295070926709897,
              59.971361316552056
            ],
            [
              30.295070926709897,
              59.971361316552056
            ],
            [
              30.29159580652292,
              59.97110130602693
            ],
            [
              30.29139554769649,
              59.97108165346251
            ],
            [
              30.291221469281492,
              59.97105804493332
            ]
          ],
          [
            [
              30.291039498234536,
              59.97102743744708
            ],
            [
              30.290882929188612,
              59.9709981905154
            ],
            [
              30.290750287823577,
              59.970958646538826
            ],
            [
              30.290540845020388,
              59.970908739382594
            ],
            [
              30.290288921421983,
              59.97084538322481
            ],
            [
              30.29005063618127,
              59.97081616828459
            ],
            [
              30.289773354848066,
              59.970793650520356
            ],
            [
              30.289577133459648,
              59.97078341922305
            ],
            [
              30.28942927960574,
              59.970760176485776
            ],
            [
              30.289337327971673,
              59.97069383236474
            ],
            [
              30.289202667201238,
              59.970664915908074
            ],
            [
              30.289033311885273,
              59.970638643868625
            ],
            [
              30.288836374453346,
              59.97062253413541
            ],
            [
              30.288691142150988,
              59.97064079859757
            ],
            [
              30.288587167088384,
              59.97065071064936
            ],
            [
              30.28850229450194,
              59.97064855055244
            ],
            [
              30.28836930355925,
              59.97063871871569
            ],
            [
              30.288258084808874,
              59.97062980987854
            ],
            [
              30.28819333913954,
              59.970623994422894
            ],
            [
              30.28814350957768,
              59.970625775249516
            ],
            [
              30.2880778856524,
              59.97064000046516
            ],
            [
              30.288051018695715,
              59.97065517618429
            ],
            [
              30.28802311778672,
              59.97066285278981
            ],
            [
              30.288021137313844,
              59.97065685359308
            ],
            [
              30.28801849532701,
              59.97064645763909
            ],
            [
              30.2879852771328,
              59.97062131749301
            ],
            [
              30.28789476949252,
              59.97060293911285
            ],
            [
              30.287841109753472,
              59.97059170792297
            ],
            [
              30.287805779098576,
              59.97058842774462
            ],
            [
              30.28775065129754,
              59.97058369323906
            ],
            [
              30.287725132461965,
              59.97056519666962
            ],
            [
              30.287723509149416,
              59.970534873934085
            ],
            [
              30.28767434821546,
              59.97050692161666
            ],
            [
              30.2876805410522,
              59.970436379190936
            ],
            [
              30.287693137169846,
              59.970355369749214
            ],
            [
              30.287665392898592,
              59.97025665387663
            ],
            [
              30.287631760969024,
              59.97016171805586
            ],
            [
              30.28777578811128,
              59.970094572871915
            ],
            [
              30.287876226188153,
              59.969989460072554
            ],
            [
              30.288033895307723,
              59.96988339951205
            ],
            [
              30.288141318846943,
              59.9697685420973
            ],
            [
              30.288224719665156,
              59.96963866358722
            ],
            [
              30.28832057704422,
              59.96953238496438
            ],
            [
              30.288414967907862,
              59.96943614209261
            ],
            [
              30.288470830997273,
              59.969335226762816
            ],
            [
              30.288519345257413,
              59.969229038028104
            ],
            [
              30.288546443055676,
              59.96910559833511
            ],
            [
              30.28856669949524,
              59.968986720663956
            ],
            [
              30.28861503010195,
              59.968873113335675
            ],
            [
              30.28866276653493,
              59.9687685928542
            ],
            [
              30.2886465691109,
              59.96868224728706
            ],
            [
              30.288639041466034,
              59.968595610737694
            ],
            [
              30.288621328009935,
              59.968502471429005
            ],
            [
              30.288604318016176,
              59.9684174774574
            ],
            [
              30.288570858167542,
              59.96833110425536
            ],
            [
              30.28855051145173,
              59.968254892486364
            ],
            [
              30.288535421005758,
              59.968192535410296
            ],
            [
              30.28854587598046,
              59.968123760998616
            ],
            [
              30.288578162861636,
              59.96806661201973
            ],
            [
              30.288589919082415,
              59.968005788051464
            ],
            [
              30.28860073170509,
              59.9679417915493
            ],
            [
              30.288609169414894,
              59.967882266740624
            ],
            [
              30.288614843528848,
              59.96782124395444
            ],
            [
              30.288622965543688,
              59.96775649428969
            ],
            [
              30.288636462380108,
              59.96769102245798
            ],
            [
              30.288659347402277,
              59.967614816306266
            ],
            [
              30.288660826434086,
              59.96754019197591
            ],
            [
              30.288670203301265,
              59.967482659753784
            ],
            [
              30.28868540957773,
              59.96742710194057
            ],
            [
              30.28868762790456,
              59.96737493075104
            ],
            [
              30.2886790017985,
              59.96733351402117
            ],
            [
              30.28867802855719,
              59.96730318630873
            ],
            [
              30.288664318742764,
              59.9672745298866
            ],
            [
              30.288655774647214,
              59.96726610255571
            ],
            [
              30.288669853658213,
              59.9672601970302
            ],
            [
              30.28867640170413,
              59.967257644530825
            ],
            [
              30.288664909704643,
              59.96725159764521
            ],
            [
              30.288670962353063,
              59.9672407864011
            ],
            [
              30.288659746640466,
              59.96722823674917
            ],
            [
              30.288659945395754,
              59.967224006310474
            ],
            [
              30.288662617398405,
              59.96722538509522
            ],
            [
              30.28866287690948,
              59.96722586346854
            ],
            [
              30.28866287690948,
              59.96722586346854
            ],
            [
              30.28866287690948,
              59.96722586346854
            ],
            [
              30.28866287690948,
              59.96722586346854
            ],
            [
              30.28866287690948,
              59.96722586346854
            ],
            [
              30.28866287690948,
              59.96722586346854
            ],
            [
              30.28866287690948,
              59.96722586346854
            ],
            [
              30.28866287690948,
              59.96722586346854
            ],
            [
              30.28866287690948,
              59.96722586346854
            ],
            [
              30.288604057251593,
              59.96717433005466
            ],
            [
              30.288606435990502,
              59.967160499294266
            ],
            [
              30.288607007394262,
              59.96714230544371
            ],
            [
              30.28859823307557,
              59.967133318930514
            ],
            [
              30.288593364186216,
              59.96712524521751
            ],
            [
              30.28859032006038,
              59.96711629435534
            ],
            [
              30.288594718959438,
              59.96710219616428
            ],
            [
              30.288597640186733,
              59.967081288521165
            ],
            [
              30.28860412599952,
              59.96705040909929
            ],
            [
              30.28861271192028,
              59.967013090319426
            ],
            [
              30.28861854547101,
              59.9669763249381
            ],
            [
              30.28862425114256,
              59.96693543766495
            ],
            [
              30.28862590500944,
              59.96689655690982
            ],
            [
              30.288625084675388,
              59.96686487874925
            ],
            [
              30.288623014132984,
              59.966842168306854
            ],
            [
              30.288618561003364,
              59.96683900229657
            ],
            [
              30.28860615612126,
              59.966827098749285
            ],
            [
              30.28860465875898,
              59.96682314866936
            ],
            [
              30.288604243945077,
              59.966812542183916
            ],
            [
              30.288614269955172,
              59.96678676846072
            ],
            [
              30.288617778529357,
              59.96675262084794
            ],
            [
              30.288615430246825,
              59.96671057027477
            ],
            [
              30.288612151539997,
              59.9666684536421
            ],
            [
              30.28862701648245,
              59.96662175499362
            ],
            [
              30.288621331564695,
              59.96656711461864
            ],
            [
              30.288611140576652,
              59.96650958611427
            ],
            [
              30.288600488587633,
              59.966464072192295
            ],
            [
              30.288579499741452,
              59.966425279942904
            ],
            [
              30.28856921811537,
              59.96639212319379
            ],
            [
              30.2885339836424,
              59.966361499023826
            ],
            [
              30.288488116919208,
              59.96633934354807
            ],
            [
              30.288407984585106,
              59.966327563607344
            ],
            [
              30.288286703885333,
              59.96633161339608
            ],
            [
              30.28813485300076,
              59.966333786625356
            ],
            [
              30.287957018066134,
              59.966336627473915
            ],
            [
              30.28776019675824,
              59.96633862693595
            ],
            [
              30.287567099457174,
              59.966337967910704
            ],
            [
              30.287379634972822,
              59.966342863162225
            ],
            [
              30.2871769248932,
              59.96635078035374
            ],
            [
              30.2869635775652,
              59.966356137653825
            ],
            [
              30.28676555050109,
              59.966356210044786
            ],
            [
              30.286579230443937,
              59.96636063750558
            ],
            [
              30.286418068330587,
              59.96636644686578
            ],
            [
              30.286217846134587,
              59.96637213151791
            ],
            [
              30.28600070872163,
              59.966383511699554
            ],
            [
              30.28577004601062,
              59.96639427559696
            ],
            [
              30.28553828526457,
              59.96639949262255
            ],
            [
              30.28531114980897,
              59.966405077607305
            ],
            [
              30.285106222973543,
              59.96640956718418
            ],
            [
              30.284922035513585,
              59.96641706268487
            ],
            [
              30.28476899758563,
              59.96642421171558
            ],
            [
              30.284643017308344,
              59.96642976402945
            ],
            [
              30.284536775463373,
              59.96643289206786
            ],
            [
              30.284453970382945,
              59.966430125193725
            ],
            [
              30.28440020835177,
              59.96643089043498
            ],
            [
              30.284371029588954,
              59.96643318713644
            ],
            [
              30.284359894846187,
              59.96643516059809
            ],
            [
              30.284357371372018,
              59.966434652645056
            ],
            [
              30.284357371372018,
              59.966434652645056
            ],
            [
              30.284357371372018,
              59.966434652645056
            ],
            [
              30.284357371372018,
              59.966434652645056
            ],
            [
              30.284351414207467,
              59.96643550681691
            ],
            [
              30.284351414207467,
              59.96643550681691
            ],
            [
              30.284351414207467,
              59.96643550681691
            ]
          ],
          [
            [
              30.284351414207467,
              59.96643550681691
            ],
            [
              30.284351414207467,
              59.96643550681691
            ],
            [
              30.284351414207467,
              59.96643550681691
            ],
            [
              30.284351414207467,
              59.96643550681691
            ],
            [
              30.284351414207467,
              59.96643550681691
            ],
            [
              30.284351414207467,
              59.96643550681691
            ],
            [
              30.284351414207467,
              59.96643550681691
            ],
            [
              30.284351414207467,
              59.96643550681691
            ],
            [
              30.284351414207467,
              59.96643550681691
            ],
            [
              30.284351414207467,
              59.96643550681691
            ],
            [
              30.284351414207467,
              59.96643550681691
            ],
            [
              30.284351414207467,
              59.96643550681691
            ],
            [
              30.284351414207467,
              59.96643550681691
            ],
            [
              30.284351414207467,
              59.96643550681691
            ],
            [
              30.284351414207467,
              59.96643550681691
            ],
            [
              30.284351414207467,
              59.96643550681691
            ],
            [
              30.284351414207467,
              59.96643550681691
            ],
            [
              30.284351414207467,
              59.96643550681691
            ],
            [
              30.28433094768347,
              59.96644289749345
            ],
            [
              30.284327460431545,
              59.966442468115005
            ],
            [
              30.284328332516935,
              59.966441875659115
            ],
            [
              30.284331370311836,
              59.96644201971958
            ],
            [
              30.284333287880752,
              59.96644189373047
            ],
            [
              30.284333287880752,
              59.96644189373047
            ],
            [
              30.284333287880752,
              59.96644189373047
            ],
            [
              30.284333287880752,
              59.96644189373047
            ],
            [
              30.284333287880752,
              59.96644189373047
            ],
            [
              30.284333287880752,
              59.96644189373047
            ],
            [
              30.284343482903537,
              59.96643821457764
            ],
            [
              30.28432771576972,
              59.966438223902344
            ],
            [
              30.28430333775621,
              59.966438116007545
            ],
            [
              30.284272113973365,
              59.966438479349016
            ],
            [
              30.284222866440647,
              59.96643902512946
            ],
            [
              30.28414156788561,
              59.96643718572796
            ],
            [
              30.28404036226553,
              59.96643987579886
            ],
            [
              30.283906919220573,
              59.96643856983494
            ],
            [
              30.28375253294022,
              59.96644114218406
            ],
            [
              30.28375253294022,
              59.96644114218406
            ],
            [
              30.28375253294022,
              59.96644114218406
            ],
            [
              30.28375253294022,
              59.96644114218406
            ],
            [
              30.282973392170344,
              59.966469740058976
            ],
            [
              30.28274651469216,
              59.966492442067214
            ],
            [
              30.282523388951343,
              59.96652140787648
            ]
          ],
          [
            [
              30.28230117265909,
              59.9665504755053
            ],
            [
              30.28209465530544,
              59.966576627747564
            ],
            [
              30.281920845910108,
              59.9665921783866
            ],
            [
              30.281753347492554,
              59.96659554034893
            ],
            [
              30.281611856422476,
              59.96657234242964
            ],
            [
              30.281494425934753,
              59.96653242403922
            ],
            [
              30.28137919403011,
              59.96648690198138
            ],
            [
              30.281246153509933,
              59.966430372165355
            ],
            [
              30.281106024957325,
              59.96636464109129
            ],
            [
              30.280959698212953,
              59.96630017422888
            ],
            [
              30.28079285283946,
              59.96621356489227
            ],
            [
              30.280646847347267,
              59.966137204130995
            ],
            [
              30.280480814178375,
              59.96605818535333
            ],
            [
              30.2802991995262,
              59.96598101105661
            ],
            [
              30.280119254718034,
              59.96591024897233
            ],
            [
              30.279956664917115,
              59.96583672042704
            ],
            [
              30.27978041207416,
              59.965766148371856
            ],
            [
              30.27961532066534,
              59.96569531351455
            ],
            [
              30.279451593836203,
              59.96562177037996
            ],
            [
              30.279300497683806,
              59.96556183770728
            ],
            [
              30.27918420015822,
              59.9655077472919
            ],
            [
              30.27909334401854,
              59.9654573103408
            ],
            [
              30.279011442907105,
              59.96541131132364
            ],
            [
              30.278957180924948,
              59.965379698514816
            ],
            [
              30.278910580267528,
              59.96536149829651
            ],
            [
              30.27887649886229,
              59.9653427862821
            ],
            [
              30.27884910372862,
              59.9653295406971
            ],
            [
              30.27883205213515,
              59.96531852673663
            ],
            [
              30.27882254390753,
              59.96531140169288
            ],
            [
              30.278808994514964,
              59.965304768071185
            ],
            [
              30.278792494292173,
              59.96529818316487
            ],
            [
              30.278798760591123,
              59.965298132909396
            ],
            [
              30.278818270586836,
              59.96529855951027
            ],
            [
              30.27883673930962,
              59.96529999444397
            ],
            [
              30.278847886718687,
              59.965297312780166
            ],
            [
              30.278852262664316,
              59.965291133957386
            ],
            [
              30.278833564116198,
              59.965280052678
            ],
            [
              30.278802561067366,
              59.96526543091588
            ],
            [
              30.278786427046605,
              59.96525604552088
            ],
            [
              30.278777118751623,
              59.96524968853943
            ],
            [
              30.278763710086114,
              59.965241884668536
            ],
            [
              30.278755229828345,
              59.96523117089944
            ],
            [
              30.278746377990892,
              59.965227466793145
            ],
            [
              30.278746352747834,
              59.96522462180656
            ],
            [
              30.27876419246094,
              59.96522754178004
            ],
            [
              30.278760113279933,
              59.9652350052401
            ],
            [
              30.278760866980253,
              59.96523603256157
            ],
            [
              30.278760866980253,
              59.96523603256157
            ],
            [
              30.278760866980253,
              59.96523603256157
            ],
            [
              30.278760866980253,
              59.96523603256157
            ],
            [
              30.278760866980253,
              59.96523603256157
            ],
            [
              30.278760866980253,
              59.96523603256157
            ],
            [
              30.278760866980253,
              59.96523603256157
            ],
            [
              30.278760866980253,
              59.96523603256157
            ],
            [
              30.278760866980253,
              59.96523603256157
            ],
            [
              30.278760866980253,
              59.96523603256157
            ],
            [
              30.278760866980253,
              59.96523603256157
            ],
            [
              30.278760866980253,
              59.96523603256157
            ],
            [
              30.278760866980253,
              59.96523603256157
            ],
            [
              30.278760866980253,
              59.96523603256157
            ],
            [
              30.278760866980253,
              59.96523603256157
            ],
            [
              30.278760866980253,
              59.96523603256157
            ],
            [
              30.278760866980253,
              59.96523603256157
            ],
            [
              30.278760866980253,
              59.96523603256157
            ],
            [
              30.278760866980253,
              59.96523603256157
            ],
            [
              30.278760866980253,
              59.96523603256157
            ],
            [
              30.278760866980253,
              59.96523603256157
            ],
            [
              30.278760866980253,
              59.96523603256157
            ],
            [
              30.278760866980253,
              59.96523603256157
            ],
            [
              30.278760866980253,
              59.96523603256157
            ],
            [
              30.278760866980253,
              59.96523603256157
            ],
            [
              30.278760866980253,
              59.96523603256157
            ],
            [
              30.278760866980253,
              59.96523603256157
            ],
            [
              30.278760866980253,
              59.96523603256157
            ],
            [
              30.278760866980253,
              59.96523603256157
            ],
            [
              30.278760866980253,
              59.96523603256157
            ],
            [
              30.278760866980253,
              59.96523603256157
            ],
            [
              30.278760866980253,
              59.96523603256157
            ],
            [
              30.278760866980253,
              59.96523603256157
            ],
            [
              30.278760866980253,
              59.96523603256157
            ],
            [
              30.278760866980253,
              59.96523603256157
            ],
            [
              30.278760866980253,
              59.96523603256157
            ],
            [
              30.278760866980253,
              59.96523603256157
            ],
            [
              30.278760866980253,
              59.96523603256157
            ],
            [
              30.278760866980253,
              59.96523603256157
            ],
            [
              30.278760866980253,
              59.96523603256157
            ],
            [
              30.278760866980253,
              59.96523603256157
            ],
            [
              30.278682075027127,
              59.965240861690155
            ],
            [
              30.278673521147358,
              59.96524013724051
            ],
            [
              30.27865219291064,
              59.96523356952501
            ],
            [
              30.278639843556878,
              59.96522756760145
            ],
            [
              30.278629513267266,
              59.96522187739152
            ],
            [
              30.27861299513868,
              59.965215026644266
            ],
            [
              30.278594085915547,
              59.96520726478272
            ],
            [
              30.278576721356142,
              59.96520004292651
            ],
            [
              30.278566957456164,
              59.965195959434894
            ],
            [
              30.278562349325224,
              59.965193485198704
            ],
            [
              30.27856040589778,
              59.965195729549365
            ],
            [
              30.27855778212796,
              59.96519520850792
            ],
            [
              30.278555689202737,
              59.96519505571397
            ],
            [
              30.278547754319842,
              59.965189913991985
            ],
            [
              30.278536307888174,
              59.96518415708276
            ],
            [
              30.27852729044948,
              59.96518274826183
            ],
            [
              30.278524418617796,
              59.965178625527756
            ],
            [
              30.27851239297944,
              59.965176553839754
            ],
            [
              30.278495639047264,
              59.96517361596414
            ],
            [
              30.27847174468285,
              59.96516805451831
            ],
            [
              30.278436882501076,
              59.96515437467116
            ],
            [
              30.27838746176274,
              59.96514289408462
            ],
            [
              30.278319037372402,
              59.96511786885733
            ],
            [
              30.278260416891644,
              59.96509305196478
            ],
            [
              30.278209713179546,
              59.965078062915445
            ],
            [
              30.278119107855794,
              59.965039518428874
            ],
            [
              30.278031013057976,
              59.9650000895405
            ],
            [
              30.277966795703648,
              59.96496327925787
            ],
            [
              30.277938459549365,
              59.96493614241925
            ],
            [
              30.277911645111903,
              59.96491291491743
            ],
            [
              30.277872585712515,
              59.96491397708749
            ],
            [
              30.277863157294092,
              59.964914498073185
            ],
            [
              30.277846960538245,
              59.964905844811994
            ],
            [
              30.277833212872427,
              59.96489944368386
            ],
            [
              30.27780434350687,
              59.964895469426324
            ],
            [
              30.277760988050204,
              59.96488408564725
            ],
            [
              30.277706392615876,
              59.9648698805185
            ],
            [
              30.277653591528377,
              59.964856509627
            ],
            [
              30.277605917358393,
              59.964844024905936
            ],
            [
              30.277582792767,
              59.9648406102669
            ],
            [
              30.277555005356003,
              59.96483235789157
            ],
            [
              30.27752321073554,
              59.96482136821156
            ],
            [
              30.277487678508557,
              59.96480590540829
            ],
            [
              30.27746122472761,
              59.96479545691268
            ],
            [
              30.277438157676237,
              59.964787637451195
            ],
            [
              30.277435471742958,
              59.964786732566296
            ],
            [
              30.27741435939143,
              59.964787377835975
            ],
            [
              30.277386238221148,
              59.964787432978966
            ],
            [
              30.277372881691367,
              59.96478443873631
            ],
            [
              30.277352811134328,
              59.964782440217675
            ],
            [
              30.27731310357345,
              59.96477597069309
            ],
            [
              30.27728152804299,
              59.964770432123345
            ],
            [
              30.27723966444221,
              59.96476930980723
            ],
            [
              30.277242796184613,
              59.96476960908584
            ],
            [
              30.277211104736995,
              59.96476229523213
            ],
            [
              30.277189439918615,
              59.96475705020024
            ],
            [
              30.277166326231875,
              59.96475552388015
            ],
            [
              30.27713169180936,
              59.964751517672774
            ],
            [
              30.277090932080473,
              59.96474826571123
            ],
            [
              30.277058894997555,
              59.964746060237935
            ],
            [
              30.27702914357185,
              59.96474181585006
            ],
            [
              30.276977779000166,
              59.964727010499466
            ],
            [
              30.276972720764164,
              59.9647218139609
            ],
            [
              30.27697737908862,
              59.96471840582275
            ],
            [
              30.276947764050753,
              59.96471790915756
            ],
            [
              30.27692567247992,
              59.96470885858047
            ],
            [
              30.276910887306446,
              59.964703982376186
            ],
            [
              30.27688858511186,
              59.964696579507525
            ],
            [
              30.276889873584985,
              59.964697075840334
            ],
            [
              30.276889873584985,
              59.964697075840334
            ],
            [
              30.276870504717586,
              59.96469350603521
            ],
            [
              30.276845819223915,
              59.96468925577737
            ],
            [
              30.27684798992066,
              59.96468968051816
            ],
            [
              30.27682783904545,
              59.96468460039371
            ],
            [
              30.27684216783132,
              59.964693034913374
            ],
            [
              30.276832277035243,
              59.964692143742944
            ],
            [
              30.27680519349478,
              59.96469059100948
            ],
            [
              30.276806777367135,
              59.964690862369814
            ],
            [
              30.276806777367135,
              59.964690862369814
            ],
            [
              30.276806777367135,
              59.964690862369814
            ],
            [
              30.276806777367135,
              59.964690862369814
            ],
            [
              30.276806777367135,
              59.964690862369814
            ],
            [
              30.276806777367135,
              59.964690862369814
            ],
            [
              30.276806777367135,
              59.964690862369814
            ],
            [
              30.276806777367135,
              59.964690862369814
            ],
            [
              30.276806777367135,
              59.964690862369814
            ],
            [
              30.276806777367135,
              59.964690862369814
            ],
            [
              30.276806777367135,
              59.964690862369814
            ],
            [
              30.276806777367135,
              59.964690862369814
            ],
            [
              30.276806777367135,
              59.964690862369814
            ],
            [
              30.276806777367135,
              59.964690862369814
            ],
            [
              30.276806777367135,
              59.964690862369814
            ],
            [
              30.276806777367135,
              59.964690862369814
            ],
            [
              30.276806777367135,
              59.964690862369814
            ],
            [
              30.276806777367135,
              59.964690862369814
            ],
            [
              30.276806777367135,
              59.964690862369814
            ],
            [
              30.276806777367135,
              59.964690862369814
            ],
            [
              30.276806777367135,
              59.964690862369814
            ],
            [
              30.276806777367135,
              59.964690862369814
            ],
            [
              30.276806777367135,
              59.964690862369814
            ],
            [
              30.276806777367135,
              59.964690862369814
            ],
            [
              30.276806777367135,
              59.964690862369814
            ],
            [
              30.276833527918672,
              59.9646960042983
            ],
            [
              30.276827314056604,
              59.96469351581431
            ],
            [
              30.276806645499185,
              59.96469171561401
            ],
            [
              30.27676829572964,
              59.964687651459585
            ],
            [
              30.276706090602136,
              59.96467961920223
            ],
            [
              30.27664022418865,
              59.964670304995096
            ],
            [
              30.276545534153342,
              59.96465571332405
            ],
            [
              30.276439697833247,
              59.96464111998013
            ],
            [
              30.276330078104166,
              59.964627019515795
            ],
            [
              30.27622685816453,
              59.964613984720756
            ],
            [
              30.276143659831877,
              59.96460370204805
            ],
            [
              30.276092079734,
              59.96459414725909
            ],
            [
              30.27605350651826,
              59.96458468607598
            ],
            [
              30.276023039453253,
              59.96457592259553
            ],
            [
              30.27600021523165,
              59.96457157793949
            ],
            [
              30.276004692399116,
              59.964568808924284
            ],
            [
              30.276020958859053,
              59.964573664647155
            ],
            [
              30.276015793228524,
              59.96457245262442
            ],
            [
              30.276006890796925,
              59.96456559096839
            ],
            [
              30.27598029159845,
              59.964575664163974
            ],
            [
              30.275961840612787,
              59.96457247510898
            ],
            [
              30.27592150746399,
              59.96456550393988
            ],
            [
              30.27583481594964,
              59.96456747040473
            ],
            [
              30.275738364743077,
              59.964553861068325
            ],
            [
              30.27564887756529,
              59.96454423043181
            ],
            [
              30.275516212483492,
              59.96452885531026
            ],
            [
              30.27538119277434,
              59.96451057807866
            ],
            [
              30.275247744865826,
              59.96449164776455
            ],
            [
              30.275122163419468,
              59.96447389745453
            ],
            [
              30.27501654375477,
              59.964454622540416
            ],
            [
              30.274907006383554,
              59.964429978314314
            ],
            [
              30.27481545796674,
              59.96441131984724
            ],
            [
              30.274740637943047,
              59.96438904166389
            ],
            [
              30.274678432399753,
              59.964370501954846
            ],
            [
              30.274643238498523,
              59.96435357060564
            ],
            [
              30.274627952200245,
              59.96433577616955
            ],
            [
              30.274608972694764,
              59.96431784698696
            ],
            [
              30.274593624503236,
              59.9643247298711
            ],
            [
              30.274574473162883,
              59.964320206202544
            ],
            [
              30.274581109204515,
              59.96432177367588
            ],
            [
              30.27457127959088,
              59.96431945186448
            ],
            [
              30.27457102875319,
              59.96430805154395
            ],
            [
              30.274567089872857,
              59.964304771134344
            ],
            [
              30.274639768020037,
              59.96416643259159
            ],
            [
              30.274663059395404,
              59.96415439819869
            ],
            [
              30.27469384132338,
              59.96413851490758
            ],
            [
              30.274732770845844,
              59.96411842749482
            ],
            [
              30.274775243246438,
              59.96409651197915
            ],
            [
              30.27479557442286,
              59.96408602121623
            ],
            [
              30.27480805414285,
              59.9640795817352
            ],
            [
              30.27483536567564,
              59.96406548915981
            ],
            [
              30.274862439141216,
              59.964051519362734
            ],
            [
              30.274887431374648,
              59.96403862356641
            ],
            [
              30.2749032586117,
              59.96403045679813
            ],
            [
              30.274930807726964,
              59.96401624163314
            ],
            [
              30.27493077005869,
              59.96401626104638
            ],
            [
              30.274930770064,
              59.964016261048975
            ],
            [
              30.274930770072626,
              59.964016261053175
            ],
            [
              30.274930770095438,
              59.964016261064295
            ],
            [
              30.275002067836457,
              59.96397947182266
            ],
            [
              30.275001522696787,
              59.963979753099466
            ],
            [
              30.275001522707342,
              59.9639797531046
            ],
            [
              30.27504160182977,
              59.96395907250006
            ],
            [
              30.275061418449454,
              59.96394884724283
            ],
            [
              30.275072024909505,
              59.96394337435225
            ],
            [
              30.275085375132512,
              59.9639364857334
            ],
            [
              30.275104303745948,
              59.963926718680504
            ],
            [
              30.275108916600264,
              59.96392433847503
            ],
            [
              30.275121330697907,
              59.96391793288425
            ],
            [
              30.275123378950035,
              59.96391687598064
            ],
            [
              30.275121047892124,
              59.963918078782626
            ],
            [
              30.27512104789679,
              59.96391807878489
            ],
            [
              30.27512104789948,
              59.9639180787862
            ],
            [
              30.275121047899404,
              59.963918078786165
            ],
            [
              30.275121047885097,
              59.963918078779194
            ],
            [
              30.275121047902584,
              59.963918078787714
            ],
            [
              30.2751210479056,
              59.96391807878919
            ],
            [
              30.275121047894523,
              59.963918078783784
            ],
            [
              30.275121047899518,
              59.963918078786214
            ],
            [
              30.275121047892934,
              59.96391807878301
            ],
            [
              30.27512104789832,
              59.96391807878564
            ],
            [
              30.275121047907575,
              59.963918078790144
            ],
            [
              30.27512104789341,
              59.96391807878325
            ],
            [
              30.275121047901923,
              59.96391807878739
            ],
            [
              30.275121047900242,
              59.963918078786584
            ],
            [
              30.27512104790624,
              59.9639180787895
            ],
            [
              30.275165391174287,
              59.9638951979036
            ],
            [
              30.27517440375727,
              59.963890547501585
            ],
            [
              30.275171577655232,
              59.96389200571426
            ],
            [
              30.2752217949434,
              59.963866093897636
            ],
            [
              30.275251383782134,
              59.96383111210581
            ],
            [
              30.275306950006385,
              59.96379886168047
            ],
            [
              30.275374906852324,
              59.96376041959491
            ],
            [
              30.275454665427667,
              59.963716127682474
            ],
            [
              30.275535141829526,
              59.963672093746084
            ],
            [
              30.275633653807,
              59.963624498384156
            ],
            [
              30.27572945359525,
              59.96357676075221
            ],
            [
              30.2758235310738,
              59.96353577096411
            ],
            [
              30.275918533038457,
              59.96349678254001
            ],
            [
              30.275996320812474,
              59.96346144872015
            ],
            [
              30.276055690129336,
              59.963431558946205
            ],
            [
              30.276135208125915,
              59.96339274255961
            ],
            [
              30.276231432450427,
              59.96335251826292
            ],
            [
              30.276308548382474,
              59.96331178566594
            ],
            [
              30.27636696588167,
              59.96327012002183
            ],
            [
              30.276444192200902,
              59.96322966441236
            ],
            [
              30.27651618464016,
              59.96318781817909
            ],
            [
              30.27654095691164,
              59.963142826450955
            ],
            [
              30.276589476718765,
              59.96313117841587
            ],
            [
              30.276581039189782,
              59.963122998933436
            ],
            [
              30.27626178775777,
              59.963102968499484
            ],
            [
              30.276159584533417,
              59.963059287484356
            ],
            [
              30.276048373284084,
              59.96301175658232
            ],
            [
              30.275922989268178,
              59.96295816832522
            ],
            [
              30.275788620942578,
              59.96290074023941
            ],
            [
              30.27565568133189,
              59.962843922686034
            ],
            [
              30.27555650986662,
              59.96278649176842
            ],
            [
              30.275427973777994,
              59.96274709927142
            ],
            [
              30.27531053606938,
              59.9627081100417
            ],
            [
              30.275202000922548,
              59.9626652633768
            ],
            [
              30.275102090354746,
              59.96262165935227
            ],
            [
              30.275016160843975,
              59.962601063593326
            ],
            [
              30.274961348565427,
              59.96258185821884
            ],
            [
              30.274940409301312,
              59.962574618924705
            ],
            [
              30.274926235414867,
              59.96257054797656
            ],
            [
              30.274920581360693,
              59.96256892405286
            ],
            [
              30.274932195090667,
              59.96255332364689
            ],
            [
              30.27492328793648,
              59.96255405017103
            ],
            [
              30.2749207436902,
              59.96255204721755
            ],
            [
              30.274918418764603,
              59.96255300061614
            ],
            [
              30.27491165231922,
              59.96255542775532
            ],
            [
              30.27490474062776,
              59.9625571989451
            ],
            [
              30.27490474062776,
              59.9625571989451
            ],
            [
              30.27490474062776,
              59.9625571989451
            ],
            [
              30.27490474062776,
              59.9625571989451
            ],
            [
              30.27490474062776,
              59.9625571989451
            ],
            [
              30.27490474062776,
              59.9625571989451
            ],
            [
              30.27490474062776,
              59.9625571989451
            ],
            [
              30.27490474062776,
              59.9625571989451
            ],
            [
              30.27490474062776,
              59.9625571989451
            ],
            [
              30.27490474062776,
              59.9625571989451
            ],
            [
              30.27490474062776,
              59.9625571989451
            ],
            [
              30.27490474062776,
              59.9625571989451
            ],
            [
              30.27490474062776,
              59.9625571989451
            ],
            [
              30.274890402151406,
              59.962564015355944
            ],
            [
              30.27488149085945,
              59.962561805816655
            ],
            [
              30.274876693713203,
              59.962561575418356
            ],
            [
              30.274872870617827,
              59.96256121002896
            ],
            [
              30.27486741341547,
              59.962560373820395
            ],
            [
              30.27486265663155,
              59.962558504032934
            ],
            [
              30.27485577050519,
              59.962555199902646
            ],
            [
              30.27484647879212,
              59.962550194686415
            ],
            [
              30.274836508260265,
              59.96254597323116
            ],
            [
              30.274817860574966,
              59.96253581332238
            ],
            [
              30.274793048072738,
              59.962525918655885
            ],
            [
              30.27474930496814,
              59.96251069385743
            ],
            [
              30.27468568100548,
              59.962490853313305
            ],
            [
              30.274611714791053,
              59.9624692341746
            ],
            [
              30.274525383014524,
              59.96244408392547
            ],
            [
              30.274427561354447,
              59.96241507728036
            ],
            [
              30.274322193811905,
              59.96238510164318
            ],
            [
              30.274209224217095,
              59.962352497427325
            ],
            [
              30.274094697701962,
              59.962315406443594
            ],
            [
              30.273981160223936,
              59.962276613478046
            ],
            [
              30.273865716233107,
              59.96223271454481
            ],
            [
              30.2737725545483,
              59.96219219347287
            ],
            [
              30.273690533097863,
              59.96215567050913
            ],
            [
              30.273618102452808,
              59.96212363938997
            ],
            [
              30.273555155666198,
              59.962094832417925
            ],
            [
              30.273498265483568,
              59.962070058821716
            ],
            [
              30.273417115395652,
              59.96203521612904
            ],
            [
              30.27333334881864,
              59.96199484253891
            ],
            [
              30.273236974351377,
              59.96195011064433
            ],
            [
              30.273132339397083,
              59.96190199893088
            ],
            [
              30.273025459339518,
              59.96185282715037
            ],
            [
              30.272917595084714,
              59.961798879861554
            ],
            [
              30.27281064025535,
              59.9617475045999
            ],
            [
              30.27273368026365,
              59.96171146601925
            ],
            [
              30.272670039175004,
              59.96167822854235
            ],
            [
              30.272605195752206,
              59.96165039338527
            ],
            [
              30.272553827132313,
              59.96162471266862
            ],
            [
              30.27250494579423,
              59.9615991683733
            ],
            [
              30.27245485884784,
              59.961574928382134
            ],
            [
              30.272381015728477,
              59.9615370279427
            ],
            [
              30.27230149553281,
              59.96149686913907
            ],
            [
              30.272219769393512,
              59.96145719854446
            ],
            [
              30.272142345465518,
              59.96141874705607
            ],
            [
              30.2720754888891,
              59.961387323490705
            ],
            [
              30.272008129986784,
              59.96136471260716
            ],
            [
              30.271972352408987,
              59.961341832268715
            ],
            [
              30.271929078995043,
              59.96133095033146
            ],
            [
              30.271750546328526,
              59.96141401609572
            ],
            [
              30.271637542212538,
              59.9614473954314
            ],
            [
              30.271508866092212,
              59.96148802594048
            ],
            [
              30.27137771181729,
              59.96152949236217
            ],
            [
              30.27123919786205,
              59.9615697526826
            ],
            [
              30.271093828985524,
              59.961611907440606
            ],
            [
              30.270947193780227,
              59.961657222268535
            ],
            [
              30.270778724574882,
              59.961706465967026
            ],
            [
              30.270614586234952,
              59.961753630142255
            ],
            [
              30.27045169184686,
              59.96179566618279
            ],
            [
              30.27030151998846,
              59.96184109144149
            ],
            [
              30.270146015050624,
              59.96187503927496
            ],
            [
              30.270001004148206,
              59.961915332675765
            ],
            [
              30.269864417497296,
              59.96195501519297
            ],
            [
              30.26973569454026,
              59.96199608646159
            ],
            [
              30.26961225311538,
              59.96203847456793
            ],
            [
              30.269460459909908,
              59.96205666346044
            ],
            [
              30.269347276080754,
              59.96208789351055
            ],
            [
              30.269239215145127,
              59.96211834474934
            ],
            [
              30.269143322793376,
              59.96214451417652
            ],
            [
              30.269069564234233,
              59.96216544989812
            ],
            [
              30.26899822169237,
              59.9621846820207
            ],
            [
              30.268945062844747,
              59.962202407656584
            ],
            [
              30.268898854210196,
              59.96221793892174
            ],
            [
              30.268887071596062,
              59.962222132034434
            ],
            [
              30.268872504462706,
              59.962224364403355
            ],
            [
              30.26886032291205,
              59.96222963838805
            ],
            [
              30.268847181015147,
              59.96223155074947
            ],
            [
              30.26883054471305,
              59.96223996850415
            ],
            [
              30.26879395946325,
              59.96224146246509
            ],
            [
              30.26876874418444,
              59.96224959111891
            ],
            [
              30.268751825771645,
              59.962254533016974
            ],
            [
              30.26875666276892,
              59.962253120177465
            ],
            [
              30.268699019135497,
              59.96226995765252
            ],
            [
              30.26868658354905,
              59.96227359006316
            ],
            [
              30.268685818807853,
              59.96227381347007
            ],
            [
              30.268685818763714,
              59.962273813432056
            ],
            [
              30.268675789204757,
              59.96227674305348
            ],
            [
              30.2686790057258,
              59.962275803515794
            ],
            [
              30.268676194074317,
              59.962276624777616
            ],
            [
              30.268676194070785,
              59.962276624774574
            ],
            [
              30.26867619408344,
              59.96227662478548
            ],
            [
              30.268618201103514,
              59.962293564370526
            ],
            [
              30.26860164580857,
              59.962298400131004
            ],
            [
              30.268582792836984,
              59.9623039069639
            ],
            [
              30.268566353390092,
              59.96230870892976
            ],
            [
              30.268539128089472,
              59.96231666113173
            ],
            [
              30.26850650885382,
              59.962326188843754
            ],
            [
              30.26847500463356,
              59.96233539081979
            ],
            [
              30.26845937919961,
              59.962339954864575
            ],
            [
              30.268371225415958,
              59.96231415659974
            ],
            [
              30.26836934874894,
              59.96231432101029
            ],
            [
              30.26835543917338,
              59.96231553949565
            ],
            [
              30.26834052374907,
              59.96231684609418
            ],
            [
              30.268312869273373,
              59.96230667312442
            ],
            [
              30.26829030478227,
              59.962318685619316
            ],
            [
              30.268264247745535,
              59.962328538388604
            ],
            [
              30.268235067824673,
              59.962337299985826
            ],
            [
              30.268214134244623,
              59.962349198319885
            ],
            [
              30.268179335520138,
              59.96233939462964
            ],
            [
              30.26813670269229,
              59.96234312922883
            ],
            [
              30.268087361831597,
              59.962365139318486
            ],
            [
              30.26802717182783,
              59.962356683615894
            ],
            [
              30.267981316794227,
              59.96235817066511
            ],
            [
              30.267943786830255,
              59.96236389804473
            ],
            [
              30.26788638738607,
              59.962374696520165
            ],
            [
              30.26782316420505,
              59.96238799937786
            ],
            [
              30.267778720379933,
              59.962417628573164
            ],
            [
              30.267720132429204,
              59.962433700844066
            ],
            [
              30.267667070094735,
              59.962448257323246
            ],
            [
              30.26761254242066,
              59.96246321572718
            ],
            [
              30.26755820041895,
              59.962459998891774
            ],
            [
              30.267515000646608,
              59.962489974178425
            ],
            [
              30.267458427093043,
              59.962505493807264
            ],
            [
              30.267396199411202,
              59.96252256458632
            ],
            [
              30.267325605400533,
              59.962541964416396
            ],
            [
              30.2672519928476,
              59.96256226114376
            ],
            [
              30.26716807695057,
              59.962585398719696
            ],
            [
              30.267077240685033,
              59.9626104444529
            ],
            [
              30.26698071864295,
              59.96263705793552
            ],
            [
              30.26691215973885,
              59.96265679025725
            ],
            [
              30.266831877919394,
              59.962675839912706
            ],
            [
              30.266757234922107,
              59.96269178623514
            ],
            [
              30.266699302854377,
              59.96270399575885
            ],
            [
              30.266639668351594,
              59.96271629524571
            ],
            [
              30.266592525157876,
              59.96272750363945
            ],
            [
              30.266548540071895,
              59.96273939990688
            ],
            [
              30.266517772456634,
              59.96275128105021
            ],
            [
              30.266500248606118,
              59.96276173821893
            ],
            [
              30.266481585952334,
              59.96276481433569
            ],
            [
              30.266474373117397,
              59.962767947181575
            ],
            [
              30.266464263452075,
              59.962766105833005
            ],
            [
              30.266463243359304,
              59.96276546569252
            ],
            [
              30.266476582836415,
              59.962765433702856
            ],
            [
              30.266468908446907,
              59.96276474330902
            ],
            [
              30.26646629061311,
              59.962764985159396
            ],
            [
              30.266463451218833,
              59.9627635765775
            ],
            [
              30.266473062017766,
              59.962764883975176
            ],
            [
              30.266478032018902,
              59.962765504014484
            ],
            [
              30.26649667106526,
              59.96276846692653
            ],
            [
              30.26651540967567,
              59.96277115182654
            ],
            [
              30.266532865695577,
              59.962775756724625
            ],
            [
              30.266545562876836,
              59.96277894771636
            ],
            [
              30.26654899617883,
              59.96278213749605
            ],
            [
              30.266556314215432,
              59.962781702573515
            ],
            [
              30.266552506054175,
              59.9627646011921
            ],
            [
              30.266563955686873,
              59.962761444257104
            ],
            [
              30.266566045700483,
              59.96276086800096
            ],
            [
              30.266569693032263,
              59.96275986233569
            ],
            [
              30.26656870133285,
              59.962760135750315
            ],
            [
              30.26656364727433,
              59.96276152930917
            ],
            [
              30.266574657543366,
              59.962758493488465
            ],
            [
              30.266581028129007,
              59.96275673698005
            ],
            [
              30.266587082266316,
              59.9627550677145
            ],
            [
              30.266588743207937,
              59.962754609809416
            ],
            [
              30.26660162033194,
              59.962751059229255
            ],
            [
              30.266602026078264,
              59.96275094736707
            ],
            [
              30.266606503389593,
              59.96274971285023
            ],
            [
              30.266613690645425,
              59.962747731149825
            ],
            [
              30.26662026801525,
              59.96274591761494
            ],
            [
              30.26662485640318,
              59.96274465250637
            ],
            [
              30.266625747604532,
              59.9627444067535
            ],
            [
              30.266625751130075,
              59.96274440581067
            ],
            [
              30.266627552561165,
              59.962743909105484
            ],
            [
              30.266630898969993,
              59.96274298642567
            ],
            [
              30.266630802035394,
              59.96274301314054
            ],
            [
              30.266632359022427,
              59.96274258383908
            ],
            [
              30.266630673754705,
              59.96274304852648
            ],
            [
              30.266631226417083,
              59.96274289614763
            ],
            [
              30.266634328050348,
              59.962742040947006
            ],
            [
              30.266640989720983,
              59.96274020415602
            ],
            [
              30.26664036725649,
              59.96274037579552
            ],
            [
              30.266648564811288,
              59.96273811552584
            ],
            [
              30.26664731612755,
              59.96273845981944
            ],
            [
              30.266658529661903,
              59.96273536800069
            ],
            [
              30.26666033741208,
              59.96273486952357
            ],
            [
              30.266672745083078,
              59.96273144840064
            ],
            [
              30.266676577056064,
              59.96273039187638
            ],
            [
              30.266672424852658,
              59.962731536754376
            ],
            [
              30.266674664576772,
              59.96273091919999
            ],
            [
              30.26667329226124,
              59.96273129756634
            ],
            [
              30.266673905886716,
              59.962731128406205
            ],
            [
              30.266673905866945,
              59.962731128388164
            ],
            [
              30.26667390588991,
              59.96273112840912
            ],
            [
              30.266683477123188,
              59.962728489366974
            ],
            [
              30.26668489799307,
              59.962728097575315
            ],
            [
              30.26668439246665,
              59.962728237001585
            ],
            [
              30.266685723401057,
              59.96272787003481
            ],
            [
              30.266694883065746,
              59.9627253444944
            ],
            [
              30.26668959842228,
              59.96272680162255
            ],
            [
              30.266682792375217,
              59.96272867821065
            ],
            [
              30.266683781890826,
              59.96272840535045
            ],
            [
              30.266686008592817,
              59.96272779140253
            ],
            [
              30.26668654827915,
              59.962727642578386
            ],
            [
              30.266687635143256,
              59.96272734292054
            ],
            [
              30.266688053674176,
              59.96272722751888
            ],
            [
              30.266697547849716,
              59.96272460977776
            ],
            [
              30.266697547823274,
              59.962724609753636
            ],
            [
              30.266697547848125,
              59.9627246097763
            ],
            [
              30.266697547844398,
              59.9627246097729
            ],
            [
              30.266697547924885,
              59.96272460984632
            ],
            [
              30.266697547778172,
              59.96272460971252
            ],
            [
              30.266697547846007,
              59.962724609774384
            ],
            [
              30.266697547822318,
              59.96272460975278
            ],
            [
              30.266697547786194,
              59.96272460971983
            ],
            [
              30.266697547860186,
              59.96272460978729
            ],
            [
              30.266697547843076,
              59.9627246097717
            ],
            [
              30.26669754785163,
              59.962724609779514
            ],
            [
              30.26669754782741,
              59.9627246097574
            ],
            [
              30.26669164928068,
              59.96272623610671
            ],
            [
              30.266696569721617,
              59.96272487943682
            ],
            [
              30.266680300706753,
              59.962729365195806
            ],
            [
              30.26667335924707,
              59.962731279127496
            ],
            [
              30.266674507080914,
              59.962730962664686
            ],
            [
              30.266673690818507,
              59.96273118771977
            ],
            [
              30.26667369081096,
              59.9627311877129
            ],
            [
              30.266673690815306,
              59.962731187716855
            ],
            [
              30.266673690772055,
              59.962731187677406
            ],
            [
              30.266673690804925,
              59.96273118770739
            ],
            [
              30.26667369082958,
              59.96273118772986
            ],
            [
              30.266667649233348,
              59.962732853516265
            ],
            [
              30.266673334857167,
              59.96273128584549
            ],
            [
              30.266675799981588,
              59.96273060616232
            ],
            [
              30.266675799960257,
              59.96273060614285
            ],
            [
              30.266675800001465,
              59.96273060618044
            ],
            [
              30.26667580004256,
              59.962730606217924
            ],
            [
              30.266675799998858,
              59.96273060617804
            ],
            [
              30.266675800003895,
              59.96273060618266
            ],
            [
              30.26667579997116,
              59.96273060615279
            ],
            [
              30.266675799979865,
              59.96273060616074
            ],
            [
              30.266675799970283,
              59.96273060615201
            ],
            [
              30.266675799979744,
              59.962730606160626
            ],
            [
              30.266675799974966,
              59.962730606156285
            ],
            [
              30.26667579998965,
              59.96273060616966
            ],
            [
              30.266675799995628,
              59.962730606175114
            ],
            [
              30.266650778095055,
              59.962737505247354
            ],
            [
              30.26665110626977,
              59.96273741480067
            ],
            [
              30.266670734311738,
              59.96273200286943
            ],
            [
              30.266670568249502,
              59.9627320486683
            ],
            [
              30.26666853048425,
              59.96273261054565
            ],
            [
              30.26667305193337,
              59.9627313638674
            ],
            [
              30.266665777060894,
              59.96273336972039
            ],
            [
              30.266660163979132,
              59.96273491738933
            ],
            [
              30.26666885672128,
              59.96273252056574
            ],
            [
              30.266669391917798,
              59.96273237302544
            ],
            [
              30.26668454044786,
              59.962728196200935
            ],
            [
              30.266675129339177,
              59.96273079107331
            ],
            [
              30.266678611945586,
              59.96272983083492
            ],
            [
              30.26667331498306,
              59.96273129132295
            ],
            [
              30.266668928250123,
              59.96273250085387
            ],
            [
              30.266668928226157,
              59.96273250083201
            ],
            [
              30.266668928220966,
              59.962732500827286
            ],
            [
              30.266654903251528,
              59.96273636787722
            ],
            [
              30.266652243450967,
              59.96273710124547
            ],
            [
              30.266647226495127,
              59.96273848456631
            ],
            [
              30.266647226466993,
              59.96273848454064
            ],
            [
              30.266647226464265,
              59.96273848453815
            ],
            [
              30.26664722647289,
              59.96273848454603
            ],
            [
              30.266647226448278,
              59.962738484523584
            ],
            [
              30.266655725443016,
              59.96273614117237
            ],
            [
              30.266656372697394,
              59.96273596263244
            ],
            [
              30.266646933313837,
              59.96273856539923
            ],
            [
              30.266646933288367,
              59.962738565375986
            ],
            [
              30.26665381863312,
              59.96273666693558
            ],
            [
              30.26664875529147,
              59.96273806301087
            ],
            [
              30.266650584090616,
              59.96273755877301
            ],
            [
              30.26665328751256,
              59.96273681337516
            ],
            [
              30.26665418480865,
              59.96273656595607
            ],
            [
              30.26665578334598,
              59.9627361251802
            ],
            [
              30.26666055507894,
              59.96273480950953
            ],
            [
              30.266661609936666,
              59.96273451867908
            ],
            [
              30.266660528720944,
              59.96273481681809
            ],
            [
              30.266673988714977,
              59.96273110555214
            ],
            [
              30.266667063253504,
              59.96273301507148
            ],
            [
              30.26666464826408,
              59.96273368094634
            ],
            [
              30.266664420503705,
              59.96273374374159
            ],
            [
              30.266664239319947,
              59.96273379368857
            ],
            [
              30.26666464841627,
              59.96273368089631
            ],
            [
              30.26666626407628,
              59.96273323535287
            ],
            [
              30.26666319057846,
              59.96273408285114
            ],
            [
              30.266663190519214,
              59.9627340827971
            ],
            [
              30.266663190563996,
              59.96273408283793
            ],
            [
              30.266663190564696,
              59.96273408283857
            ],
            [
              30.26666319060696,
              59.962734082877134
            ],
            [
              30.266639143465344,
              59.962716824968886
            ],
            [
              30.2666343942243,
              59.962719045529184
            ],
            [
              30.26663088342561,
              59.962720665476645
            ],
            [
              30.2666399869295,
              59.96273100575846
            ],
            [
              30.266617427536154,
              59.96273722589754
            ],
            [
              30.26659186990231,
              59.96272990527407
            ],
            [
              30.266587553693743,
              59.962733495178995
            ],
            [
              30.266564860474013,
              59.96273850740947
            ],
            [
              30.266543270006277,
              59.96274319211307
            ],
            [
              30.266545009254155,
              59.96275719330901
            ],
            [
              30.266537180128772,
              59.962759351986826
            ],
            [
              30.266536015156365,
              59.9627596732106
            ],
            [
              30.266530497656564,
              59.962761194524546
            ],
            [
              30.26652124404786,
              59.96276374594706
            ],
            [
              30.266500045796327,
              59.96276959081409
            ],
            [
              30.26646074132523,
              59.96275736968251
            ],
            [
              30.266457453679354,
              59.962766389842976
            ],
            [
              30.26643427333211,
              59.96278123919495
            ],
            [
              30.26642174376054,
              59.96278399723671
            ],
            [
              30.26640977918418,
              59.96279004907862
            ],
            [
              30.26637772446263,
              59.96278786907868
            ],
            [
              30.266332330736734,
              59.96277448632589
            ],
            [
              30.26628160108862,
              59.96275778839322
            ],
            [
              30.26628160108862,
              59.96275778839322
            ],
            [
              30.26628160108862,
              59.96275778839322
            ],
            [
              30.26628160108862,
              59.96275778839322
            ],
            [
              30.26601390026587,
              59.962735139129066
            ],
            [
              30.2659903508702,
              59.96275761697556
            ],
            [
              30.265916280194276,
              59.96275834840114
            ]
          ],
          [
            [
              30.26586072887148,
              59.962755911771254
            ],
            [
              30.26584613517966,
              59.96277551116015
            ],
            [
              30.265837608285143,
              59.96279252908505
            ],
            [
              30.265828096677176,
              59.96281684682555
            ],
            [
              30.26581924693501,
              59.9628396145439
            ],
            [
              30.265813626815927,
              59.96285591211807
            ],
            [
              30.26580884106344,
              59.962873240249394
            ],
            [
              30.265795996263254,
              59.962890706533216
            ],
            [
              30.265746773949182,
              59.96289899653481
            ],
            [
              30.265698823963852,
              59.96291079863216
            ],
            [
              30.26568700530917,
              59.962927263775235
            ],
            [
              30.265675255964226,
              59.96295177377068
            ],
            [
              30.265669380485715,
              59.96295987340119
            ],
            [
              30.26565910994218,
              59.962978659880754
            ],
            [
              30.26565507518721,
              59.962999272352896
            ],
            [
              30.265650755323115,
              59.96301468549296
            ],
            [
              30.26563984312873,
              59.963030450538824
            ],
            [
              30.26564022891334,
              59.963039686744
            ],
            [
              30.2656291787444,
              59.96305643390151
            ],
            [
              30.2656317701203,
              59.963070550642826
            ],
            [
              30.265644658599815,
              59.9630725758497
            ],
            [
              30.26564880989131,
              59.96307680605315
            ],
            [
              30.265648721323988,
              59.963077458927465
            ],
            [
              30.265653735251263,
              59.96308851305797
            ],
            [
              30.265666207754677,
              59.963105436457695
            ],
            [
              30.265666955536968,
              59.96311244463353
            ],
            [
              30.26567016064489,
              59.96311058616885
            ],
            [
              30.26567033265539,
              59.96311020347654
            ],
            [
              30.26567743982847,
              59.963129229304
            ],
            [
              30.265679598064576,
              59.9631467616329
            ],
            [
              30.265680408874616,
              59.963145585682064
            ],
            [
              30.265675693665845,
              59.96316041467865
            ],
            [
              30.265690362228664,
              59.963165452807246
            ],
            [
              30.265695894951907,
              59.963171779820414
            ],
            [
              30.265696731875515,
              59.96317143619113
            ],
            [
              30.265723371066514,
              59.96318414125876
            ],
            [
              30.26571452184692,
              59.96318069851887
            ],
            [
              30.26570907675275,
              59.963191260244045
            ],
            [
              30.265706628139682,
              59.963194931045166
            ],
            [
              30.26569651663442,
              59.96318775430493
            ],
            [
              30.265683897661507,
              59.96319056726446
            ],
            [
              30.265683897661507,
              59.96319056726446
            ],
            [
              30.265683897661507,
              59.96319056726446
            ],
            [
              30.265683897661507,
              59.96319056726446
            ],
            [
              30.265683897661507,
              59.96319056726446
            ],
            [
              30.26567517422602,
              59.963201920538715
            ],
            [
              30.26567517422602,
              59.963201920538715
            ],
            [
              30.26567193090357,
              59.963212475901386
            ],
            [
              30.26566682294951,
              59.96321438026313
            ],
            [
              30.26566682294951,
              59.96321438026313
            ],
            [
              30.26566682294951,
              59.96321438026313
            ],
            [
              30.265650676782457,
              59.96322481810871
            ],
            [
              30.265650805720988,
              59.963229341947866
            ],
            [
              30.2656507367616,
              59.96322960347311
            ],
            [
              30.2656507367616,
              59.96322960347311
            ],
            [
              30.2656507367616,
              59.96322960347311
            ],
            [
              30.2656507367616,
              59.96322960347311
            ],
            [
              30.2656507367616,
              59.96322960347311
            ],
            [
              30.2656507367616,
              59.96322960347311
            ],
            [
              30.2656507367616,
              59.96322960347311
            ],
            [
              30.2656507367616,
              59.96322960347311
            ],
            [
              30.2656507367616,
              59.96322960347311
            ],
            [
              30.2656507367616,
              59.96322960347311
            ],
            [
              30.265657505646622,
              59.96324251391168
            ],
            [
              30.26566119204121,
              59.96324425078385
            ],
            [
              30.26566119204121,
              59.96324425078385
            ],
            [
              30.265659847867266,
              59.963237491793855
            ],
            [
              30.265659847867266,
              59.963237491793855
            ],
            [
              30.26567552059383,
              59.963238141576035
            ],
            [
              30.265678239040245,
              59.96323947108247
            ],
            [
              30.26567902624143,
              59.963239194528406
            ],
            [
              30.26567902624143,
              59.963239194528406
            ],
            [
              30.26567902624143,
              59.963239194528406
            ],
            [
              30.26567902624143,
              59.963239194528406
            ],
            [
              30.26567902624143,
              59.963239194528406
            ],
            [
              30.26567902624143,
              59.963239194528406
            ],
            [
              30.26567902624143,
              59.963239194528406
            ],
            [
              30.26567902624143,
              59.963239194528406
            ],
            [
              30.26567902624143,
              59.963239194528406
            ],
            [
              30.26567902624143,
              59.963239194528406
            ],
            [
              30.26567902624143,
              59.963239194528406
            ],
            [
              30.26567902624143,
              59.963239194528406
            ],
            [
              30.26567902624143,
              59.963239194528406
            ],
            [
              30.26567902624143,
              59.963239194528406
            ],
            [
              30.26567902624143,
              59.963239194528406
            ],
            [
              30.26572632648056,
              59.963246723794
            ],
            [
              30.265726275428037,
              59.963246618180186
            ],
            [
              30.265726275428037,
              59.963246618180186
            ],
            [
              30.265726275428037,
              59.963246618180186
            ],
            [
              30.265726275428037,
              59.963246618180186
            ],
            [
              30.265726275428037,
              59.963246618180186
            ],
            [
              30.265726275428037,
              59.963246618180186
            ],
            [
              30.265726275428037,
              59.963246618180186
            ],
            [
              30.265726275428037,
              59.963246618180186
            ],
            [
              30.26572223621652,
              59.96322120429275
            ],
            [
              30.265722888348897,
              59.96321978213752
            ],
            [
              30.26573551369535,
              59.96322207574532
            ],
            [
              30.265754263585173,
              59.96322393696731
            ],
            [
              30.26576920822972,
              59.963220070540004
            ],
            [
              30.26577389310358,
              59.96321668909812
            ],
            [
              30.265787041177237,
              59.963216600351444
            ],
            [
              30.265793331020568,
              59.963223669757866
            ],
            [
              30.265901993776847,
              59.963239768613846
            ],
            [
              30.265949213186154,
              59.963245952303275
            ],
            [
              30.2660236454672,
              59.96326109558413
            ],
            [
              30.266067706812557,
              59.963260621743224
            ],
            [
              30.266090854683085,
              59.963259507255444
            ],
            [
              30.266133426681535,
              59.963267776601754
            ],
            [
              30.26617081473632,
              59.9632804568733
            ],
            [
              30.266165304497864,
              59.96329287370082
            ],
            [
              30.266185828815527,
              59.96330700999068
            ],
            [
              30.26621028501659,
              59.96331651305239
            ],
            [
              30.266228381445355,
              59.96331688641671
            ],
            [
              30.266252379107534,
              59.96332419392323
            ],
            [
              30.266272161115854,
              59.96333636360672
            ],
            [
              30.266287594448684,
              59.96333682530436
            ],
            [
              30.26629780102825,
              59.96334100679488
            ],
            [
              30.266310909080836,
              59.963343254065975
            ],
            [
              30.266324352247945,
              59.96335032744617
            ],
            [
              30.266330311301967,
              59.963351499422686
            ],
            [
              30.266353817443754,
              59.96335125741353
            ],
            [
              30.26637748220584,
              59.96335056081203
            ],
            [
              30.266393741681142,
              59.96335646199442
            ],
            [
              30.266413615130293,
              59.9633683826931
            ],
            [
              30.26642375730435,
              59.96338021187803
            ],
            [
              30.26641097259739,
              59.9633803414399
            ],
            [
              30.26641586986982,
              59.96338972617335
            ],
            [
              30.266427086478252,
              59.9633880775907
            ],
            [
              30.266432567761715,
              59.96339826109278
            ],
            [
              30.266459496261007,
              59.963399520977916
            ],
            [
              30.26650074683604,
              59.963400303555886
            ],
            [
              30.266548500818487,
              59.96341342470503
            ],
            [
              30.26654367143442,
              59.963409994228435
            ],
            [
              30.266528713777873,
              59.963422571404415
            ],
            [
              30.26652670889523,
              59.96342413938958
            ],
            [
              30.266521607931924,
              59.9634202874197
            ],
            [
              30.266536889555447,
              59.96341087644296
            ],
            [
              30.26655895016065,
              59.963410990600224
            ],
            [
              30.26659869838028,
              59.963411286888984
            ],
            [
              30.266627690703256,
              59.963411019755966
            ],
            [
              30.266652523044932,
              59.963410087923094
            ],
            [
              30.266685930061033,
              59.96341673881477
            ],
            [
              30.26673436820887,
              59.96343246219168
            ],
            [
              30.266764075176642,
              59.963442805008235
            ],
            [
              30.26681497789423,
              59.963443900893104
            ],
            [
              30.266886647718863,
              59.963453308614895
            ],
            [
              30.266940757782262,
              59.96345965062734
            ],
            [
              30.266995714979846,
              59.963466858983246
            ],
            [
              30.26705216847001,
              59.9634722441517
            ],
            [
              30.267101065209545,
              59.963472565194614
            ],
            [
              30.26714923227363,
              59.96347530164224
            ],
            [
              30.26714923227363,
              59.96347530164224
            ],
            [
              30.26714923227363,
              59.96347530164224
            ],
            [
              30.26714923227363,
              59.96347530164224
            ],
            [
              30.26714923227363,
              59.96347530164224
            ],
            [
              30.26714923227363,
              59.96347530164224
            ],
            [
              30.26724231735617,
              59.96348818285549
            ],
            [
              30.26724231735617,
              59.96348818285549
            ],
            [
              30.26724231735617,
              59.96348818285549
            ],
            [
              30.26724231735617,
              59.96348818285549
            ],
            [
              30.26724231735617,
              59.96348818285549
            ],
            [
              30.26724231735617,
              59.96348818285549
            ],
            [
              30.26724231735617,
              59.96348818285549
            ],
            [
              30.26724231735617,
              59.96348818285549
            ],
            [
              30.267296552868405,
              59.96349397110143
            ],
            [
              30.267296552868405,
              59.96349397110143
            ],
            [
              30.267296552868405,
              59.96349397110143
            ],
            [
              30.267302754564525,
              59.963494538912904
            ],
            [
              30.267304368390793,
              59.96349468666468
            ]
          ],
          [
            [
              30.267306642357127,
              59.963491233839235
            ],
            [
              30.267306642357127,
              59.963491233839235
            ],
            [
              30.267306642357127,
              59.963491233839235
            ],
            [
              30.267306642357127,
              59.963491233839235
            ],
            [
              30.267306642357127,
              59.963491233839235
            ],
            [
              30.267306642357127,
              59.963491233839235
            ],
            [
              30.267306642357127,
              59.963491233839235
            ],
            [
              30.266790375407304,
              59.963450878880884
            ],
            [
              30.266790375407304,
              59.963450878880884
            ],
            [
              30.266790375407304,
              59.963450878880884
            ],
            [
              30.266790375407304,
              59.963450878880884
            ],
            [
              30.266715304186725,
              59.963442971036955
            ],
            [
              30.266715304186725,
              59.963442971036955
            ],
            [
              30.266715304186725,
              59.963442971036955
            ]
          ]
        ]
      }
    }
  ]
}