{
  "type": "FeatureCollection",
  "features": [
    {
      "type": "Feature",
      "properties": {
        "name": "ekf_dead_reckoning",
        "point_count": 2381,
        "segment_count": 38,
        "role": "baseline"
      },
      "geometry": {
        "type": "MultiLineString",
        "coordinates": [
          [
            [
              30.338770935705078,
              59.984867986533466
            ],
            [
              30.338750940451792,
              59.98486600649147
            ],
            [
              30.33873080845767,
              59.98486403808299
            ],
            [
              30.33871169790641,
              59.98486215835058
            ],
            [
              30.338705327070034,
              59.984860545394724
            ],
            [
              30.338696422722165,
              59.984858531477414
            ],
            [
              30.3386816022409,
              59.98485563995386
            ],
            [
              30.338641551265464,
              59.98484944748714
            ],
            [
              30.338576873926673,
              59.9848371849513
            ],
            [
              30.33849168446121,
              59.98482085867306
            ],
            [
              30.338400271520307,
              59.98480494997511
            ],
            [
              30.338331622504363,
              59.98479215797605
            ],
            [
              30.338285338747745,
              59.984782015585964
            ],
            [
              30.33825225730936,
              59.98477598773091
            ],
            [
              30.338223992852416,
              59.98477085318462
            ],
            [
              30.338198868036898,
              59.984768318749715
            ],
            [
              30.338174661728466,
              59.984765941680116
            ],
            [
              30.338154644637335,
              59.984764207172915
            ],
            [
              30.338146277791523,
              59.984763163892644
            ],
            [
              30.33814175792511,
              59.98476265012605
            ],
            [
              30.338140230642637,
              59.984762660261815
            ],
            [
              30.338140366068075,
              59.98476288972096
            ],
            [
              30.338142158217547,
              59.984763380704976
            ],
            [
              30.33814513609678,
              59.984764057289354
            ],
            [
              30.338147956144553,
              59.98476466616096
            ],
            [
              30.338152423840096,
              59.98476557644083
            ],
            [
              30.338156950552367,
              59.98476648089151
            ],
            [
              30.33816126262173,
              59.984767333064525
            ],
            [
              30.338164119503592,
              59.984767903139996
            ],
            [
              30.338159748972593,
              59.984767102764785
            ],
            [
              30.338151752099733,
              59.98476574918115
            ],
            [
              30.33814010069471,
              59.98476389360325
            ],
            [
              30.338125755870994,
              59.984761896267976
            ],
            [
              30.33811501121632,
              59.984760602357596
            ],
            [
              30.338105774743365,
              59.98476014787879
            ],
            [
              30.338102328777012,
              59.984760420400086
            ],
            [
              30.338099429657856,
              59.98476028201743
            ],
            [
              30.33809718479565,
              59.98475967681766
            ],
            [
              30.338095590315834,
              59.98475921499663
            ],
            [
              30.338094346055975,
              59.98475884945615
            ],
            [
              30.338093373558227,
              59.984758574949424
            ],
            [
              30.3380925644128,
              59.98475835824148
            ],
            [
              30.33809205260406,
              59.984758207636766
            ],
            [
              30.338091479313743,
              59.984758027579986
            ],
            [
              30.338090877828716,
              59.98475785665733
            ],
            [
              30.338090335918753,
              59.984757706416694
            ],
            [
              30.338089989547704,
              59.98475759496745
            ],
            [
              30.338089554666922,
              59.98475748233865
            ],
            [
              30.338089207880667,
              59.98475738787045
            ],
            [
              30.33808892111258,
              59.98475730660587
            ],
            [
              30.338088685695784,
              59.984757234946215
            ],
            [
              30.338088433028332,
              59.984757165856784
            ],
            [
              30.33808597596837,
              59.98475619907088
            ],
            [
              30.33808372756455,
              59.984755223067424
            ],
            [
              30.33808147890051,
              59.984754265772295
            ],
            [
              30.338078009075698,
              59.98475313038264
            ],
            [
              30.338073492830354,
              59.98475186393858
            ],
            [
              30.338061125356635,
              59.98474885696341
            ],
            [
              30.338040647694346,
              59.98474341138195
            ],
            [
              30.338013277936543,
              59.98473483313685
            ],
            [
              30.337981258315704,
              59.98472496137778
            ],
            [
              30.337936049535244,
              59.9847152544797
            ],
            [
              30.337870145161165,
              59.984715306179396
            ],
            [
              30.337824350370582,
              59.9847107962719
            ],
            [
              30.337808028223076,
              59.98470800768544
            ],
            [
              30.337795691552984,
              59.98470602111507
            ],
            [
              30.337785925434808,
              59.984704642811266
            ],
            [
              30.33777821806686,
              59.98470361028494
            ],
            [
              30.337770159607278,
              59.98470261536756
            ],
            [
              30.3377603080591,
              59.98470173857744
            ],
            [
              30.337751864457914,
              59.984701114497526
            ],
            [
              30.33774154018298,
              59.9847003262458
            ],
            [
              30.337734133732102,
              59.98469971269827
            ],
            [
              30.33772784656322,
              59.98469920039328
            ],
            [
              30.337721880831488,
              59.9846987506521
            ],
            [
              30.337715488469097,
              59.984698155348596
            ],
            [
              30.3377084854799,
              59.98469772434491
            ],
            [
              30.337700696287595,
              59.98469723562107
            ],
            [
              30.337691173054726,
              59.9846966348398
            ],
            [
              30.337679791077996,
              59.98469592946853
            ],
            [
              30.33766075724586,
              59.98469480761444
            ],
            [
              30.337628353101447,
              59.984692539684886
            ],
            [
              30.33759075718326,
              59.98468964393947
            ],
            [
              30.337548978485156,
              59.98468694185129
            ],
            [
              30.33749823797486,
              59.98468361811204
            ],
            [
              30.33744279630798,
              59.98467701826154
            ],
            [
              30.337390243071194,
              59.98467284225158
            ],
            [
              30.337341427028743,
              59.984669106207754
            ],
            [
              30.337294723590926,
              59.98466546042757
            ],
            [
              30.337249981114173,
              59.98466121060424
            ],
            [
              30.337203901869305,
              59.984656821509944
            ],
            [
              30.337156153562958,
              59.98465239926472
            ],
            [
              30.33711508096637,
              59.98464889688469
            ],
            [
              30.337085365985335,
              59.984647064631645
            ],
            [
              30.33706851189352,
              59.9846461711387
            ],
            [
              30.337066983674152,
              59.98464644747231
            ],
            [
              30.337062027372543,
              59.98464615749759
            ],
            [
              30.337060423804928,
              59.98464491396634
            ],
            [
              30.33705874081955,
              59.98464181448305
            ],
            [
              30.337056844723545,
              59.98463724423588
            ],
            [
              30.337050851174197,
              59.984634615048236
            ],
            [
              30.33704311147133,
              59.984632334415295
            ],
            [
              30.337032867240975,
              59.98463014012007
            ],
            [
              30.337021759506747,
              59.98462807244258
            ],
            [
              30.337011054464476,
              59.984626171883214
            ],
            [
              30.336999663421768,
              59.98462428780001
            ],
            [
              30.33698980291703,
              59.984622604239775
            ],
            [
              30.3369813556995,
              59.98462109181018
            ],
            [
              30.336974802053554,
              59.98461979788503
            ],
            [
              30.336970005552136,
              59.98461871527278
            ],
            [
              30.33696679168814,
              59.98461783829616
            ],
            [
              30.336964729027905,
              59.98461712427212
            ],
            [
              30.33696391199764,
              59.98461659020667
            ],
            [
              30.336964273872965,
              59.9846162311523
            ],
            [
              30.336964552262636,
              59.984615947132305
            ],
            [
              30.33696618578157,
              59.98461584404666
            ],
            [
              30.33696777261962,
              59.98461578722632
            ],
            [
              30.336969932627632,
              59.98461582978033
            ],
            [
              30.33697263922319,
              59.98461595964469
            ],
            [
              30.33697594937425,
              59.984616189090254
            ],
            [
              30.336979109544,
              59.98461643348315
            ],
            [
              30.336982622419058,
              59.98461673899238
            ],
            [
              30.336986415153934,
              59.98461710077383
            ],
            [
              30.336990246267508,
              59.98461748961515
            ],
            [
              30.336993316368567,
              59.98461780786516
            ],
            [
              30.33699676604101,
              59.984618186462704
            ],
            [
              30.336998042100966,
              59.98461829341796
            ],
            [
              30.336992119143314,
              59.98461752639982
            ],
            [
              30.336990664167978,
              59.98461735992856
            ],
            [
              30.336990127843624,
              59.984617303924956
            ],
            [
              30.336990063976046,
              59.984617301131934
            ],
            [
              30.336990144345144,
              59.98461731004527
            ],
            [
              30.33699018506763,
              59.98461730703326
            ],
            [
              30.336990300397087,
              59.98461731164524
            ],
            [
              30.336990246477182,
              59.98461729249776
            ],
            [
              30.336991094912324,
              59.984617385796966
            ],
            [
              30.336991880463874,
              59.98461747606672
            ],
            [
              30.336992487003407,
              59.98461754401063
            ],
            [
              30.336992865933833,
              59.98461758088632
            ],
            [
              30.336993291486717,
              59.98461762664261
            ],
            [
              30.336993440082544,
              59.9846176316784
            ],
            [
              30.336993573798953,
              59.98461763587136
            ],
            [
              30.3369934487752,
              59.984617601532385
            ],
            [
              30.336993716292067,
              59.98461762780751
            ],
            [
              30.336994015738618,
              59.984617660399735
            ],
            [
              30.336994352556456,
              59.98461769892123
            ],
            [
              30.336994647543783,
              59.984617731587264
            ],
            [
              30.33699483455468,
              59.984617748041
            ],
            [
              30.336994978244068,
              59.98461775802097
            ],
            [
              30.33699520333528,
              59.98461778136223
            ],
            [
              30.33699512982987,
              59.984617757325346
            ],
            [
              30.336994606093548,
              59.9846176605712
            ],
            [
              30.336993836688695,
              59.984617522813394
            ],
            [
              30.33698700947892,
              59.98461638829163
            ],
            [
              30.336973958832917,
              59.984614201421245
            ],
            [
              30.336950853693132,
              59.98461029224368
            ],
            [
              30.33691519909677,
              59.984604295705175
            ],
            [
              30.33686618347348,
              59.98459644901314
            ],
            [
              30.336804630880142,
              59.98459421143908
            ],
            [
              30.33674278305628,
              59.98458912167175
            ],
            [
              30.33669918364111,
              59.9845857678254
            ],
            [
              30.336681142025462,
              59.984583581134785
            ],
            [
              30.336675635278493,
              59.984583151391924
            ],
            [
              30.33667756488254,
              59.98458364461025
            ],
            [
              30.336679643536254,
              59.984584124914576
            ],
            [
              30.336681316570253,
              59.98458452987092
            ],
            [
              30.33668713846032,
              59.98458558524978
            ],
            [
              30.33668890493838,
              59.984586001383555
            ],
            [
              30.336683976284295,
              59.98458560805643
            ],
            [
              30.33667771023846,
              59.9845850469181
            ],
            [
              30.336675724179532,
              59.98458492493387
            ],
            [
              30.336675090084388,
              59.984584932178194
            ],
            [
              30.336673925103835,
              59.984584866568085
            ],
            [
              30.33666916074935,
              59.98458441472901
            ],
            [
              30.336656981958807,
              59.98458318469551
            ],
            [
              30.3366376348432,
              59.98458119051698
            ],
            [
              30.336611895195574,
              59.984578519740516
            ],
            [
              30.3365835964794,
              59.984575557338005
            ],
            [
              30.336551240912588,
              59.98457215262893
            ],
            [
              30.33651696009649,
              59.98456850519434
            ],
            [
              30.336478514722764,
              59.98457088141235
            ],
            [
              30.336446036136426,
              59.98457357871414
            ],
            [
              30.33641349397566,
              59.984575711217225
            ],
            [
              30.336378827360214,
              59.984577404204664
            ],
            [
              30.336342822814164,
              59.98457901017201
            ],
            [
              30.33631186983243,
              59.98458086272119
            ],
            [
              30.33628727962423,
              59.98458287913517
            ],
            [
              30.33626758725032,
              59.98458484761891
            ],
            [
              30.336256541161234,
              59.984587667015795
            ],
            [
              30.33627746792208,
              59.98459181092858
            ],
            [
              30.33629925670847,
              59.98459461215084
            ],
            [
              30.336311483480596,
              59.98459670692009
            ],
            [
              30.336318679646823,
              59.98459807643621
            ],
            [
              30.336322118372117,
              59.984599001251105
            ],
            [
              30.336323629303525,
              59.984599608244736
            ],
            [
              30.336323694521134,
              59.984599854866445
            ],
            [
              30.336322212638727,
              59.98459991814058
            ],
            [
              30.336319427703707,
              59.9845998190792
            ],
            [
              30.33631570435296,
              59.98459963086523
            ],
            [
              30.33631117123134,
              59.98459946781951
            ],
            [
              30.33630554090255,
              59.984599410423755
            ],
            [
              30.336298753313226,
              59.984599453512786
            ],
            [
              30.3362915205041,
              59.984599496188366
            ],
            [
              30.336283891895864,
              59.98459956584942
            ],
            [
              30.336276924819142,
              59.98459964934311
            ],
            [
              30.336269693851648,
              59.984599647054615
            ],
            [
              30.336262233833786,
              59.9845996688026
            ],
            [
              30.336258248696524,
              59.984599352224855
            ],
            [
              30.33625531473891,
              59.98459889238075
            ],
            [
              30.336252983763785,
              59.98459834972991
            ],
            [
              30.336251565594413,
              59.984597678912465
            ],
            [
              30.33624821127359,
              59.984597282790524
            ],
            [
              30.33624467982872,
              59.984596955902596
            ],
            [
              30.336242323184905,
              59.98459650749436
            ],
            [
              30.336241123883813,
              59.984595961508106
            ],
            [
              30.33624075975495,
              59.984595356088846
            ],
            [
              30.336241074134854,
              59.984594717145
            ],
            [
              30.336237501080387,
              59.98459482901107
            ],
            [
              30.33623531440806,
              59.98459460428036
            ],
            [
              30.336235782374416,
              59.98459433407163
            ],
            [
              30.33623853771315,
              59.98459390934278
            ],
            [
              30.336242171701972,
              59.98459344081949
            ],
            [
              30.33624493367602,
              59.98459315727838
            ],
            [
              30.33624707807802,
              59.9845929920085
            ],
            [
              30.336248842990923,
              59.9845928893645
            ],
            [
              30.336250470487286,
              59.984592740735195
            ],
            [
              30.336251549932395,
              59.98459247577341
            ],
            [
              30.33625224891763,
              59.98459235711759
            ],
            [
              30.336253153208276,
              59.98459222258751
            ],
            [
              30.336256533074515,
              59.984591760856524
            ],
            [
              30.336260921171785,
              59.9845911979875
            ],
            [
              30.336264334284408,
              59.984590860256944
            ],
            [
              30.3362665646228,
              59.984590793527516
            ],
            [
              30.336268934138463,
              59.98459066128848
            ],
            [
              30.33627068903656,
              59.98459059673823
            ],
            [
              30.336271975953167,
              59.98459056849736
            ],
            [
              30.33627307585886,
              59.98459053967143
            ],
            [
              30.33627377540254,
              59.984590550558686
            ],
            [
              30.336274447235752,
              59.98459054492618
            ],
            [
              30.336275367407726,
              59.98459052856132
            ],
            [
              30.33627598177203,
              59.984590361748644
            ],
            [
              30.336276438448316,
              59.98459020954567
            ],
            [
              30.3362768366399,
              59.98459007163475
            ],
            [
              30.336277100578865,
              59.984589961044776
            ],
            [
              30.336277409007582,
              59.98458984465758
            ],
            [
              30.336277677364556,
              59.98458973874821
            ],
            [
              30.336278035704225,
              59.98458961981464
            ],
            [
              30.33627832304348,
              59.98458951700944
            ],
            [
              30.336278582263812,
              59.984589422328455
            ],
            [
              30.336278807289617,
              59.984589336760294
            ],
            [
              30.336278990356167,
              59.984589261605215
            ],
            [
              30.3362789185759,
              59.98458923806081
            ],
            [
              30.336277383910385,
              59.984589503320045
            ],
            [
              30.33627130653713,
              59.98459055300984
            ],
            [
              30.336267305036625,
              59.98459104387309
            ],
            [
              30.336266245114512,
              59.98459090131038
            ],
            [
              30.33625833114333,
              59.98459196884661
            ],
            [
              30.336245211709482,
              59.98459344406172
            ],
            [
              30.33623803150113,
              59.98459321397977
            ],
            [
              30.336230313583,
              59.98459270504199
            ],
            [
              30.33622844406707,
              59.984591359665174
            ],
            [
              30.336225742768356,
              59.98459015200769
            ],
            [
              30.336222301724142,
              59.98458913392731
            ],
            [
              30.336220378232,
              59.98458810946514
            ],
            [
              30.336213032136207,
              59.98458739835768
            ],
            [
              30.3362070704144,
              59.98458661542844
            ],
            [
              30.33620021990723,
              59.98458532249695
            ],
            [
              30.33618424358745,
              59.98458362461239
            ],
            [
              30.33616396898844,
              59.984580706205136
            ],
            [
              30.33614749954694,
              59.98457716404697
            ],
            [
              30.336132300835715,
              59.984573304017566
            ],
            [
              30.33612023751176,
              59.98456924722416
            ],
            [
              30.336106738841504,
              59.98456494700859
            ],
            [
              30.33609335450533,
              59.9845588529486
            ],
            [
              30.336079300552544,
              59.98455299094397
            ],
            [
              30.336062294255363,
              59.984547725349564
            ],
            [
              30.336044262172926,
              59.98454319167723
            ],
            [
              30.336029891785728,
              59.984540332102526
            ],
            [
              30.33602155912037,
              59.984538915371516
            ],
            [
              30.336013557292013,
              59.984537371254355
            ],
            [
              30.33600767287023,
              59.984536445052825
            ],
            [
              30.3360007252857,
              59.98453505116232
            ],
            [
              30.335986545495714,
              59.98453144035758
            ],
            [
              30.33596172925325,
              59.98452501493763
            ],
            [
              30.335919798223063,
              59.98451385025321
            ],
            [
              30.33584831066904,
              59.98451033584703
            ],
            [
              30.335762155368187,
              59.9845025907362
            ],
            [
              30.335675662778648,
              59.98449515400427
            ],
            [
              30.335612171705208,
              59.98449036907409
            ],
            [
              30.335565767610255,
              59.984487104277555
            ],
            [
              30.3355328290093,
              59.98448512281605
            ],
            [
              30.33550637284784,
              59.98448256470108
            ],
            [
              30.335477075050605,
              59.984479487330766
            ],
            [
              30.335446676661917,
              59.98447625981984
            ],
            [
              30.335415896041503,
              59.98447292450053
            ],
            [
              30.335385983224967,
              59.98446968704365
            ],
            [
              30.335353410724434,
              59.98446633676111
            ],
            [
              30.335320758916723,
              59.9844630227572
            ],
            [
              30.33528651794465,
              59.98445953301494
            ],
            [
              30.33525674586711,
              59.98445666328974
            ],
            [
              30.335235055710637,
              59.98445497612987
            ],
            [
              30.33521451636444,
              59.9844534433331
            ],
            [
              30.33518900870621,
              59.98445134576834
            ],
            [
              30.335156322179238,
              59.98444844184797
            ],
            [
              30.335115042313717,
              59.98444313563922
            ],
            [
              30.335060560092362,
              59.98442785283754
            ],
            [
              30.334988302224854,
              59.98440160441939
            ],
            [
              30.334916788504366,
              59.98437645503645
            ],
            [
              30.334833405255008,
              59.984346962599446
            ],
            [
              30.3347429267916,
              59.98431192454035
            ],
            [
              30.334612381015084,
              59.98427264364986
            ],
            [
              30.33448802873878,
              59.98423878832476
            ],
            [
              30.33436873649013,
              59.98420425064184
            ],
            [
              30.334257162255977,
              59.98416942819896
            ],
            [
              30.33415973790427,
              59.98413524916177
            ],
            [
              30.334084618383745,
              59.984105000390315
            ],
            [
              30.334019894263143,
              59.98407755051783
            ],
            [
              30.33395174584507,
              59.98404950694973
            ],
            [
              30.333870742578505,
              59.98401686208095
            ],
            [
              30.333786651446598,
              59.98398333710676
            ],
            [
              30.333710370524333,
              59.983952349046554
            ],
            [
              30.333644660953208,
              59.983925244985734
            ],
            [
              30.333587601080893,
              59.98390181408026
            ],
            [
              30.333510687082164,
              59.983872132272595
            ],
            [
              30.33343384936642,
              59.98384215301964
            ],
            [
              30.333357617822113,
              59.98381192822405
            ],
            [
              30.33328206815721,
              59.98378146349591
            ],
            [
              30.333210354628207,
              59.983752039361676
            ],
            [
              30.333148089288017,
              59.98372523889589
            ],
            [
              30.333091097562832,
              59.98369833009426
            ],
            [
              30.333035023103207,
              59.98367262752874
            ],
            [
              30.332983123169345,
              59.983648682449996
            ],
            [
              30.332939269471417,
              59.98362823994428
            ],
            [
              30.332896616423326,
              59.983608110925445
            ],
            [
              30.332844435178792,
              59.983583495689885
            ],
            [
              30.33279043109278,
              59.98355834474125
            ],
            [
              30.332736189479835,
              59.98353332242416
            ],
            [
              30.33268174334882,
              59.9835084119553
            ],
            [
              30.332627244944206,
              59.98348389814508
            ],
            [
              30.332579266370395,
              59.98346310538143
            ],
            [
              30.332544345916777,
              59.98344796952622
            ],
            [
              30.33251641679715,
              59.98343553331761
            ],
            [
              30.332460900525856,
              59.983410803346736
            ],
            [
              30.33236727833271,
              59.98336879712108
            ],
            [
              30.332260837073974,
              59.98332087695977
            ],
            [
              30.332153511959973,
              59.98327246652775
            ],
            [
              30.332046238442796,
              59.98322402748537
            ],
            [
              30.33193894388034,
              59.98317560021537
            ],
            [
              30.331831585249184,
              59.98312720869423
            ],
            [
              30.331724205467903,
              59.98307882905017
            ],
            [
              30.331616841686674,
              59.98303044056889
            ],
            [
              30.331509502556948,
              59.98298203849663
            ],
            [
              30.331402194324912,
              59.98293361929166
            ],
            [
              30.331294822411962,
              59.98288523560044
            ],
            [
              30.33118744144175,
              59.98283692490084
            ],
            [
              30.33108149791568,
              59.98278917721814
            ],
            [
              30.330992315102133,
              59.98274880526603
            ],
            [
              30.33091710646691,
              59.982714428354896
            ],
            [
              30.33084450796107,
              59.98268113829071
            ],
            [
              30.3307766897496,
              59.98265004369365
            ],
            [
              30.33069922017545,
              59.982615187653636
            ],
            [
              30.33061746722915,
              59.98257875900369
            ],
            [
              30.33053530428783,
              59.98254208745562
            ]
          ],
          [
            [
              30.3321813025083,
              59.98331285431358
            ],
            [
              30.33215098984817,
              59.98329418301467
            ],
            [
              30.332121072610033,
              59.983278545566606
            ],
            [
              30.332091751197698,
              59.983264147422226
            ],
            [
              30.332065465501167,
              59.983252496080524
            ],
            [
              30.332043668493437,
              59.98324112222355
            ],
            [
              30.332029315011006,
              59.983231287359956
            ],
            [
              30.332020133001198,
              59.98322307418703
            ],
            [
              30.332015440485772,
              59.98321858497972
            ],
            [
              30.332016073345383,
              59.9832156043915
            ],
            [
              30.33202045219166,
              59.98321392544285
            ],
            [
              30.332025891101196,
              59.98321329713178
            ],
            [
              30.332031669785326,
              59.98321381340533
            ],
            [
              30.3320368997756,
              59.983214313197195
            ],
            [
              30.332043333133534,
              59.983217385851404
            ],
            [
              30.332049814469826,
              59.98322059428018
            ],
            [
              30.332055468989815,
              59.98322372307522
            ],
            [
              30.332057904489364,
              59.98322515676295
            ],
            [
              30.332055472632497,
              59.98322418202163
            ],
            [
              30.332044848377528,
              59.98322187153465
            ],
            [
              30.332031545413642,
              59.98321592245903
            ],
            [
              30.33201540914912,
              59.983208137993515
            ],
            [
              30.331987629167845,
              59.98319431050986
            ],
            [
              30.33195139190938,
              59.983175753896056
            ],
            [
              30.331902593481324,
              59.983150799245415
            ],
            [
              30.331839414288694,
              59.983118825479075
            ],
            [
              30.331758692619797,
              59.98307840153694
            ],
            [
              30.331666755823267,
              59.983032174147674
            ],
            [
              30.3315711839456,
              59.98298591179959
            ],
            [
              30.331474475137043,
              59.98294024665289
            ],
            [
              30.331376990118724,
              59.982894997904985
            ],
            [
              30.331279370101832,
              59.982850158360776
            ],
            [
              30.331185525554,
              59.982807305738326
            ],
            [
              30.331098877829664,
              59.98276800746388
            ],
            [
              30.33102909427783,
              59.98273635677839
            ],
            [
              30.330966240811716,
              59.98270757159074
            ],
            [
              30.330903486365827,
              59.982678731830084
            ],
            [
              30.33084047322452,
              59.98265003407625
            ],
            [
              30.330777623515797,
              59.982621247347595
            ],
            [
              30.330718202008548,
              59.98259373420412
            ],
            [
              30.330666663447552,
              59.98256976497198
            ],
            [
              30.330617658556143,
              59.98254676086462
            ],
            [
              30.33056903082124,
              59.982524548122
            ],
            [
              30.330519938602386,
              59.98250259341907
            ],
            [
              30.330470711982976,
              59.98248071440044
            ],
            [
              30.33042125456524,
              59.98245896655615
            ],
            [
              30.33037189946512,
              59.98243716031357
            ],
            [
              30.330323424436543,
              59.98241547906752
            ],
            [
              30.330277891334934,
              59.98239481502076
            ],
            [
              30.33023519797153,
              59.982375083023264
            ],
            [
              30.330195574648624,
              59.982357002677595
            ],
            [
              30.330147329115896,
              59.98233562576456
            ],
            [
              30.330080812761132,
              59.98230627856463
            ],
            [
              30.329998028059002,
              59.98226949447483
            ],
            [
              30.329903444440934,
              59.98222742606516
            ],
            [
              30.32979401577192,
              59.982178968224055
            ],
            [
              30.329669878792906,
              59.98212375790506
            ],
            [
              30.329540721831577,
              59.98206539914669
            ],
            [
              30.329408884626982,
              59.982005552701814
            ],
            [
              30.329276764153576,
              59.98194566200584
            ],
            [
              30.329144497726652,
              59.981885852324275
            ],
            [
              30.329012108806474,
              59.98182611085268
            ],
            [
              30.32887947908835,
              59.98176650378411
            ],
            [
              30.328746743201524,
              59.981706956253625
            ],
            [
              30.3286137989314,
              59.98164752567307
            ],
            [
              30.32848075771522,
              59.98158814979187
            ],
            [
              30.328347810066393,
              59.9815287213763
            ],
            [
              30.328214645487137,
              59.98146941518099
            ],
            [
              30.328081317882845,
              59.98141020117465
            ],
            [
              30.327947809046947,
              59.981351089954885
            ],
            [
              30.327813958584386,
              59.98129217320167
            ],
            [
              30.327679452431592,
              59.98123363277825
            ],
            [
              30.32754415582814,
              59.981175551768615
            ],
            [
              30.32740788127094,
              59.98111804791429
            ],
            [
              30.327270522501493,
              59.9810611957189
            ],
            [
              30.32713190895199,
              59.98100511368949
            ],
            [
              30.32699223893455,
              59.980949693969066
            ],
            [
              30.32685160995898,
              59.98089488680163
            ],
            [
              30.326710329280544,
              59.98084050231659
            ],
            [
              30.32656935152246,
              59.980786813397614
            ],
            [
              30.326445947498172,
              59.98073987416135
            ],
            [
              30.3263389949594,
              59.98069927921344
            ],
            [
              30.326238368885164,
              59.980661461932975
            ],
            [
              30.326140799272647,
              59.98062528784258
            ],
            [
              30.326043564389288,
              59.980589180518024
            ],
            [
              30.325948968077125,
              59.98055368805164
            ],
            [
              30.325856403648245,
              59.98051875673673
            ],
            [
              30.325764069252866,
              59.98048422462341
            ],
            [
              30.325674916523187,
              59.98045036202764
            ],
            [
              30.325595428868457,
              59.980420121920005
            ],
            [
              30.325528551160303,
              59.9803945568533
            ],
            [
              30.325474845571605,
              59.98037395066787
            ],
            [
              30.325433229121074,
              59.98035787285117
            ],
            [
              30.32540205246523,
              59.9803456350151
            ],
            [
              30.32537820324829,
              59.98033655564883
            ],
            [
              30.325360492448713,
              59.980329804083816
            ],
            [
              30.325347756734747,
              59.98032495628625
            ],
            [
              30.325338638643455,
              59.98032153095038
            ],
            [
              30.32533117214809,
              59.980318731767625
            ],
            [
              30.325324282357073,
              59.98031610912021
            ],
            [
              30.325317348074094,
              59.9803135160968
            ],
            [
              30.325307526388972,
              59.98030989689343
            ],
            [
              30.32529711576917,
              59.9803060924689
            ],
            [
              30.325285090739637,
              59.98030166124702
            ],
            [
              30.325268913924756,
              59.980295607498924
            ],
            [
              30.32525215039175,
              59.98028924217117
            ],
            [
              30.32523544457102,
              59.98028283913988
            ],
            [
              30.325218666554328,
              59.98027648340203
            ],
            [
              30.32520181023015,
              59.98027017991512
            ],
            [
              30.325184964627688,
              59.980263869225894
            ],
            [
              30.325168139310996,
              59.9802575451781
            ],
            [
              30.32515135571303,
              59.98025119313914
            ],
            [
              30.325133223735197,
              59.980244248917636
            ],
            [
              30.325114963289504,
              59.980237311120455
            ],
            [
              30.325089480125307,
              59.980226972038466
            ],
            [
              30.32506114629737,
              59.980215518135466
            ],
            [
              30.325032153264132,
              59.98020327922013
            ],
            [
              30.325003043335894,
              59.980191110164455
            ],
            [
              30.32497374696294,
              59.98017905400417
            ],
            [
              30.324944499774613,
              59.98016696790928
            ],
            [
              30.32491565242494,
              59.98015464339416
            ],
            [
              30.32488606928329,
              59.98014174868051
            ],
            [
              30.324854632120886,
              59.98012798427392
            ],
            [
              30.324821812674976,
              59.9801135308591
            ],
            [
              30.32478492171726,
              59.98009707519369
            ],
            [
              30.324747362318792,
              59.98008044950412
            ],
            [
              30.32470964747604,
              59.98006391229157
            ],
            [
              30.324672084257088,
              59.9800472887568
            ],
            [
              30.324634719807584,
              59.98003055299296
            ],
            [
              30.324597880080592,
              59.98001391217393
            ],
            [
              30.32456228684512,
              59.97999773940198
            ],
            [
              30.324526690582164,
              59.97998156828933
            ],
            [
              30.32449102419946,
              59.97996543602311
            ],
            [
              30.324456336295786,
              59.979949583891695
            ],
            [
              30.324422647246994,
              59.979933758845675
            ],
            [
              30.324385983158923,
              59.97991597983669
            ],
            [
              30.324345631832742,
              59.979895819916734
            ],
            [
              30.32430624457386,
              59.97987518689251
            ],
            [
              30.324267562568807,
              59.97985422104685
            ],
            [
              30.32422988076113,
              59.97983280433305
            ],
            [
              30.324193389376067,
              59.97981081520448
            ],
            [
              30.32415690201077,
              59.97978769866066
            ],
            [
              30.32412019877245,
              59.97976291797979
            ],
            [
              30.324081025775552,
              59.97973478738308
            ],
            [
              30.324042140967546,
              59.97970627631308
            ],
            [
              30.324002915747055,
              59.97967788267008
            ],
            [
              30.32396344985261,
              59.9796495728686
            ],
            [
              30.323925012326075,
              59.97962091160619
            ],
            [
              30.32388871185852,
              59.97959064678877
            ],
            [
              30.323854604567842,
              59.97955944396264
            ],
            [
              30.323820174747816,
              59.9795273555468
            ],
            [
              30.323786512020163,
              59.979495013336155
            ],
            [
              30.323753427631445,
              59.97946252148538
            ],
            [
              30.32372062051352,
              59.979429958557304
            ],
            [
              30.323687257075356,
              59.979396008075426
            ],
            [
              30.32365302900246,
              59.97936008730557
            ],
            [
              30.323619646884563,
              59.97932396666972
            ],
            [
              30.32358656981603,
              59.979289360109384
            ],
            [
              30.32355331381843,
              59.97925531769545
            ],
            [
              30.323520342045764,
              59.979221206000275
            ],
            [
              30.32348824090954,
              59.97918688630155
            ],
            [
              30.323456031848725,
              59.97915259207159
            ],
            [
              30.3234261437723,
              59.97911853733134
            ],
            [
              30.323397548465334,
              59.97908445178805
            ],
            [
              30.323367499634955,
              59.97905068138909
            ],
            [
              30.32333852139959,
              59.979018147312715
            ],
            [
              30.323312275262715,
              59.978987745355205
            ],
            [
              30.32328631301819,
              59.97895776708638
            ],
            [
              30.32326126929224,
              59.97892937727583
            ],
            [
              30.32323692543997,
              59.97890088642771
            ],
            [
              30.323212477612376,
              59.97887309958252
            ],
            [
              30.323187280495556,
              59.97884585215067
            ],
            [
              30.323160915969336,
              59.97881888296565
            ],
            [
              30.323134862505444,
              59.97879183811959
            ],
            [
              30.32310871192308,
              59.97876394478847
            ],
            [
              30.323082318241138,
              59.97873493558856
            ],
            [
              30.323055740336024,
              59.978705812947645
            ],
            [
              30.323028160476824,
              59.978676925484315
            ],
            [
              30.32300060659172,
              59.97864803177136
            ],
            [
              30.322972712464342,
              59.978616996536324
            ],
            [
              30.322939957940893,
              59.97857955095338
            ],
            [
              30.32289754352326,
              59.97853415175433
            ],
            [
              30.32284262189218,
              59.978480804057526
            ],
            [
              30.32277580642406,
              59.97842573158856
            ],
            [
              30.322710116383952,
              59.978370250033024
            ],
            [
              30.32264258169069,
              59.978307113104485
            ],
            [
              30.32256922013525,
              59.978232838940826
            ],
            [
              30.322489320255194,
              59.97814885284724
            ]
          ],
          [
            [
              30.31448059312377,
              59.9713433403886
            ],
            [
              30.314458747565695,
              59.97133705558603
            ],
            [
              30.314470645942936,
              59.97131919084852
            ],
            [
              30.314486259642475,
              59.971305861897065
            ],
            [
              30.314496327041947,
              59.97129908354258
            ],
            [
              30.314504663225105,
              59.97129370823762
            ],
            [
              30.314511453070164,
              59.97129029303015
            ],
            [
              30.31451667434176,
              59.97128729576712
            ],
            [
              30.314521265653003,
              59.971285095059415
            ],
            [
              30.314527093151,
              59.971281879257226
            ],
            [
              30.314531905841005,
              59.97127843618277
            ],
            [
              30.314537270265546,
              59.97127541731645
            ],
            [
              30.31454292298214,
              59.97127185566553
            ],
            [
              30.314548160389645,
              59.971268478980264
            ],
            [
              30.314553597960682,
              59.971264484540264
            ],
            [
              30.314558078858855,
              59.97126109107857
            ],
            [
              30.314561732553024,
              59.97125825171375
            ],
            [
              30.314564765127894,
              59.97125584338694
            ],
            [
              30.31456732213274,
              59.97125377614149
            ],
            [
              30.314569482856033,
              59.97125199836499
            ],
            [
              30.314571449232663,
              59.97125036077101
            ],
            [
              30.314573193180543,
              59.971248892778135
            ],
            [
              30.314574749105642,
              59.9712475642735
            ],
            [
              30.314576151072803,
              59.9712463624983
            ],
            [
              30.31457738328513,
              59.971245296369524
            ],
            [
              30.314578503627185,
              59.971244333261346
            ],
            [
              30.314579520088888,
              59.97124345863184
            ],
            [
              30.314580431703032,
              59.971242668789685
            ],
            [
              30.31458127563385,
              59.97124196715236
            ],
            [
              30.314581988260706,
              59.97124134804081
            ],
            [
              30.31458267661785,
              59.971240776161636
            ],
            [
              30.31458329281695,
              59.971240285327255
            ],
            [
              30.31458383043824,
              59.97123986234665
            ],
            [
              30.314584266465655,
              59.97123949469977
            ],
            [
              30.31458531640989,
              59.97123913440562
            ],
            [
              30.314586657964288,
              59.97123664758183
            ],
            [
              30.31458796883808,
              59.97123419656133
            ],
            [
              30.31458921631504,
              59.9712320437814
            ],
            [
              30.314590513535627,
              59.97123000815943
            ],
            [
              30.314591666056497,
              59.97122804457074
            ],
            [
              30.314592763221658,
              59.97122619082874
            ],
            [
              30.314593762916545,
              59.971224472337866
            ],
            [
              30.314594728380126,
              59.97122279694652
            ],
            [
              30.314595667315363,
              59.97122120687597
            ],
            [
              30.314596505565614,
              59.9712197410968
            ],
            [
              30.314597293992943,
              59.97121840531838
            ],
            [
              30.314598188705958,
              59.971217098313474
            ],
            [
              30.314599009027745,
              59.971215851261775
            ],
            [
              30.314599788325772,
              59.971214628731246
            ],
            [
              30.314600550561483,
              59.971213446122626
            ],
            [
              30.31460145643211,
              59.97121226641512
            ],
            [
              30.31460237791553,
              59.971211144538856
            ],
            [
              30.31460312760613,
              59.97121003983454
            ],
            [
              30.314603874010928,
              59.97120895837847
            ],
            [
              30.314606017956997,
              59.97120802012155
            ],
            [
              30.314616574635476,
              59.97120655245831
            ],
            [
              30.314637296016667,
              59.97119253823195
            ],
            [
              30.31463455893913,
              59.971158525743775
            ],
            [
              30.314625906977472,
              59.971135738564385
            ],
            [
              30.3146224706089,
              59.97111252910427
            ],
            [
              30.314609235514276,
              59.97108023296582
            ],
            [
              30.31457687730423,
              59.97103925312258
            ],
            [
              30.31451967100018,
              59.97099719030739
            ],
            [
              30.314438615211213,
              59.97096277300516
            ],
            [
              30.314347110637495,
              59.97093825899358
            ],
            [
              30.31425079276276,
              59.970920318220855
            ],
            [
              30.31414800443183,
              59.97090553054694
            ],
            [
              30.31402904531272,
              59.970895753756764
            ],
            [
              30.31389172912638,
              59.970891203968634
            ],
            [
              30.313735902943158,
              59.97088926941198
            ],
            [
              30.313562407640852,
              59.97089077882933
            ],
            [
              30.313378544819304,
              59.97089637978934
            ],
            [
              30.31318307192572,
              59.97091021369751
            ],
            [
              30.312998583527488,
              59.97092403334519
            ],
            [
              30.312810646409293,
              59.9709381083756
            ],
            [
              30.31261094102261,
              59.97095493022564
            ],
            [
              30.312414110358358,
              59.97097162575904
            ],
            [
              30.31221310625606,
              59.97098548676375
            ],
            [
              30.312015758303854,
              59.97099653107918
            ],
            [
              30.31183398401005,
              59.97100769982944
            ],
            [
              30.31167484732863,
              59.971018116388
            ],
            [
              30.311540142331673,
              59.97102623671137
            ],
            [
              30.31142240803679,
              59.971033159923046
            ],
            [
              30.311318067694472,
              59.97103853318473
            ],
            [
              30.311229129312732,
              59.97104323883053
            ],
            [
              30.311142985992635,
              59.971047505457214
            ],
            [
              30.311065009834877,
              59.97105095357515
            ],
            [
              30.31098820055736,
              59.97105441110125
            ],
            [
              30.310922251563813,
              59.97106068636065
            ],
            [
              30.31085721420188,
              59.97106794821105
            ],
            [
              30.310787978821008,
              59.97107553789256
            ],
            [
              30.310718506877055,
              59.97108384923331
            ],
            [
              30.31065317490378,
              59.97109336266432
            ],
            [
              30.310606874420962,
              59.97110152099354
            ],
            [
              30.310587155733376,
              59.9711045413834
            ],
            [
              30.31056683136177,
              59.971107530439156
            ],
            [
              30.3105421212561,
              59.97111165535669
            ],
            [
              30.310516069409793,
              59.97111503418612
            ],
            [
              30.31049292821261,
              59.97111805666885
            ],
            [
              30.310472854591737,
              59.97112148053704
            ],
            [
              30.310455833644777,
              59.97112465069016
            ],
            [
              30.310442417512675,
              59.97112814707968
            ],
            [
              30.31043078442249,
              59.971131980010874
            ],
            [
              30.31041760595707,
              59.97113652424832
            ],
            [
              30.310403203788248,
              59.97114189408179
            ],
            [
              30.310395681306,
              59.97114730775354
            ],
            [
              30.31038832295761,
              59.97115264523785
            ],
            [
              30.31038456082714,
              59.97115707210215
            ],
            [
              30.31037850299586,
              59.971161472948836
            ],
            [
              30.31037585031426,
              59.97116504566098
            ],
            [
              30.310374316521266,
              59.97116811078376
            ],
            [
              30.31037361282828,
              59.97117066741468
            ],
            [
              30.31037327285492,
              59.97117272390154
            ],
            [
              30.31037386927954,
              59.971174403593935
            ],
            [
              30.31037496498213,
              59.971175736285176
            ],
            [
              30.310376553942465,
              59.97117675758163
            ],
            [
              30.310378541128497,
              59.971177496955505
            ],
            [
              30.310380929800786,
              59.97117799041511
            ],
            [
              30.31038335282785,
              59.97117830696148
            ],
            [
              30.310385863989925,
              59.97117847546113
            ],
            [
              30.310388227807838,
              59.97117854305581
            ],
            [
              30.310390734097922,
              59.97117848730488
            ],
            [
              30.310393179004766,
              59.971178358884856
            ],
            [
              30.310395501157153,
              59.97117818219422
            ],
            [
              30.310397751783032,
              59.97117796250172
            ],
            [
              30.310399823186867,
              59.97117772120105
            ],
            [
              30.310401434356432,
              59.97117755732063
            ],
            [
              30.310402672173748,
              59.97117745683543
            ],
            [
              30.31040076018596,
              59.97117831348048
            ],
            [
              30.31038980290828,
              59.971181516011534
            ],
            [
              30.310375757553416,
              59.97118552710748
            ],
            [
              30.310367170519687,
              59.97118749913672
            ],
            [
              30.31036290756543,
              59.97118818250505
            ],
            [
              30.310355664206597,
              59.971189783686334
            ],
            [
              30.31034215339404,
              59.97119322334461
            ],
            [
              30.310316290370363,
              59.97119979320397
            ],
            [
              30.310282726080615,
              59.97120647047115
            ],
            [
              30.310244340053153,
              59.97121144901014
            ],
            [
              30.310204884673826,
              59.971213716648236
            ],
            [
              30.310161011864828,
              59.971214759159565
            ],
            [
              30.310106847465725,
              59.971215251437
            ],
            [
              30.31004845603056,
              59.9712128745625
            ],
            [
              30.310038509810557,
              59.971210109366815
            ],
            [
              30.310024221786982,
              59.97120784787724
            ],
            [
              30.310000747318398,
              59.971206080875774
            ],
            [
              30.309963399286996,
              59.971204309303474
            ],
            [
              30.30991211116466,
              59.971202697790346
            ],
            [
              30.309857007327576,
              59.97120244416734
            ],
            [
              30.309817472645094,
              59.97120157370189
            ],
            [
              30.309795557608087,
              59.97120099593397
            ],
            [
              30.309776037401818,
              59.971200131645396
            ],
            [
              30.309761712205766,
              59.97119922784426
            ],
            [
              30.309751381914452,
              59.971198301163035
            ],
            [
              30.309739721825043,
              59.97119737699613
            ],
            [
              30.30972768337282,
              59.971196462874666
            ],
            [
              30.309716516104455,
              59.97119555172068
            ],
            [
              30.309706656738868,
              59.97119481137525
            ],
            [
              30.309697776273314,
              59.9711938384467
            ],
            [
              30.30968861823887,
              59.97119277896488
            ],
            [
              30.30967976686305,
              59.9711913872579
            ],
            [
              30.30967084892065,
              59.97118955701409
            ],
            [
              30.309656224715845,
              59.97118695994156
            ],
            [
              30.30963494700716,
              59.971183252602486
            ],
            [
              30.309614163371695,
              59.971180301383974
            ],
            [
              30.30959932019261,
              59.97117848194691
            ],
            [
              30.309589677913113,
              59.97117706938853
            ],
            [
              30.30958837356141,
              59.971176585425745
            ],
            [
              30.30958747327135,
              59.97117647192214
            ],
            [
              30.309587369974672,
              59.97117612241087
            ],
            [
              30.309582828302155,
              59.97117565628508
            ],
            [
              30.30958067076599,
              59.9711758470298
            ],
            [
              30.309582036011644,
              59.97117656456511
            ],
            [
              30.309581753834742,
              59.97117699708587
            ],
            [
              30.309581098648835,
              59.97117738367501
            ],
            [
              30.30957934411237,
              59.97117758713107
            ],
            [
              30.309576977057404,
              59.971177616097776
            ],
            [
              30.309574669775333,
              59.9711775790087
            ],
            [
              30.309572686486497,
              59.97117758889248
            ],
            [
              30.309570870033898,
              59.97117769018522
            ],
            [
              30.309570947940298,
              59.97117825777811
            ],
            [
              30.309571108837023,
              59.971179135240035
            ],
            [
              30.309570553047447,
              59.97117998815193
            ],
            [
              30.309569515075843,
              59.97118096285647
            ],
            [
              30.30956879677449,
              59.97118205153701
            ],
            [
              30.30956788041673,
              59.97118324468801
            ],
            [
              30.309567461951556,
              59.97118463413638
            ],
            [
              30.30956765421157,
              59.97118620364535
            ],
            [
              30.309568643767612,
              59.97118806135322
            ],
            [
              30.30957078803014,
              59.97119011698966
            ],
            [
              30.309573391960974,
              59.97119231301563
            ],
            [
              30.309575811465084,
              59.97119449737058
            ],
            [
              30.309578345981134,
              59.97119661830513
            ],
            [
              30.30958045967119,
              59.97119864325009
            ],
            [
              30.309581682424742,
              59.97120053859515
            ],
            [
              30.30958266711621,
              59.971202380538486
            ],
            [
              30.30958351883332,
              59.97120407429152
            ],
            [
              30.309582773011403,
              59.97120558795335
            ],
            [
              30.309584881448377,
              59.97120721379573
            ],
            [
              30.309584979434728,
              59.97120864436369
            ],
            [
              30.309578155900397,
              59.97121020873408
            ],
            [
              30.309569279936696,
              59.97121171542938
            ],
            [
              30.309565077245534,
              59.97121291340043
            ],
            [
              30.309554302837732,
              59.97121445770486
            ],
            [
              30.309540781087403,
              59.971216262493144
            ],
            [
              30.30953181503572,
              59.971217899410995
            ],
            [
              30.309524991551235,
              59.971219408256786
            ],
            [
              30.309517515122188,
              59.97122085853911
            ],
            [
              30.30951061953955,
              59.97122214864229
            ],
            [
              30.309503754810507,
              59.971223251125046
            ],
            [
              30.309501767363177,
              59.97122399863355
            ],
            [
              30.30950023053925,
              59.97122462765836
            ],
            [
              30.309498855088403,
              59.97122518538954
            ],
            [
              30.309498512141786,
              59.97122560567797
            ],
            [
              30.30949850818368,
              59.97122584729368
            ],
            [
              30.30949761548406,
              59.97122601328149
            ],
            [
              30.309495432455503,
              59.971226381922406
            ],
            [
              30.309490487757092,
              59.97122711885826
            ],
            [
              30.309486858818833,
              59.97122751070466
            ],
            [
              30.309482596028293,
              59.97122819703697
            ],
            [
              30.309478713147044,
              59.971228981199786
            ],
            [
              30.30947512217297,
              59.971229795578196
            ],
            [
              30.309471776718112,
              59.97123063239079
            ],
            [
              30.3094648316939,
              59.97123250716469
            ],
            [
              30.309446942570695,
              59.97123654827891
            ],
            [
              30.30941913476825,
              59.971241966028444
            ],
            [
              30.309375768707035,
              59.971248003369574
            ],
            [
              30.309310284594073,
              59.9712361674755
            ],
            [
              30.30925317064286,
              59.97123435494917
            ],
            [
              30.309188246858845,
              59.971235136395386
            ],
            [
              30.309112369939637,
              59.971237423887764
            ],
            [
              30.309039278446356,
              59.971239743804325
            ],
            [
              30.308982880219123,
              59.971241034763764
            ],
            [
              30.3089380512034,
              59.97124251176471
            ],
            [
              30.3089091598547,
              59.97124381808764
            ],
            [
              30.30888194372888,
              59.97124550159346
            ],
            [
              30.308841222314477,
              59.971248196143215
            ],
            [
              30.30878622267368,
              59.97125002731545
            ],
            [
              30.308728109940553,
              59.97125243650041
            ],
            [
              30.308686079481138,
              59.971254478729655
            ],
            [
              30.308642427495585,
              59.97125581171991
            ],
            [
              30.308603578245027,
              59.97125664814523
            ],
            [
              30.308572235048544,
              59.97125648235874
            ],
            [
              30.30854088390136,
              59.97125558576371
            ],
            [
              30.308517777589973,
              59.97125409513103
            ],
            [
              30.308499087487533,
              59.9712521221873
            ],
            [
              30.308484024451005,
              59.97125001410396
            ],
            [
              30.30847076199395,
              59.971247928097505
            ],
            [
              30.308458219531325,
              59.97124575539138
            ],
            [
              30.30844849497975,
              59.97124346527681
            ],
            [
              30.30844120743995,
              59.97124130741599
            ],
            [
              30.30843529185444,
              59.971239474643184
            ],
            [
              30.30843067011118,
              59.971237916538534
            ],
            [
              30.308426879954784,
              59.97123657762897
            ],
            [
              30.30842398650759,
              59.97123541215207
            ],
            [
              30.308425397237798,
              59.971233647406244
            ],
            [
              30.30842804693959,
              59.97123207866062
            ],
            [
              30.30843066667598,
              59.971231186612485
            ],
            [
              30.308433637018798,
              59.971230372308796
            ],
            [
              30.3084360127812,
              59.971229663887954
            ],
            [
              30.308440250720448,
              59.97122901880457
            ],
            [
              30.308444210426984,
              59.97122853460267
            ],
            [
              30.30844756015587,
              59.971228135209344
            ],
            [
              30.308451483337464,
              59.971227651426545
            ],
            [
              30.308455625943054,
              59.97122733362329
            ],
            [
              30.308458498868,
              59.971226877546876
            ],
            [
              30.30846054160585,
              59.97122646805026
            ],
            [
              30.308462152685827,
              59.97122603341432
            ],
            [
              30.3084637227985,
              59.97122565411426
            ],
            [
              30.308465169813488,
              59.97122536570064
            ],
            [
              30.308466057039617,
              59.97122513010229
            ],
            [
              30.30846684833021,
              59.97122490717632
            ],
            [
              30.30846754959509,
              59.97122470126126
            ],
            [
              30.30846816875206,
              59.97122451279661
            ],
            [
              30.308468721922623,
              59.971224338571815
            ],
            [
              30.30846921666132,
              59.97122417687062
            ],
            [
              30.30846969100719,
              59.97122401618437
            ],
            [
              30.308470130599215,
              59.97122386311763
            ],
            [
              30.30847053683808,
              59.97122371912377
            ],
            [
              30.30847090932514,
              59.9712235832677
            ],
            [
              30.30847125495502,
              59.97122345460956
            ],
            [
              30.308471581960806,
              59.97122333360146
            ],
            [
              30.308471879622008,
              59.97122322149705
            ],
            [
              30.308472152985416,
              59.97122311778609
            ],
            [
              30.30847240258316,
              59.97122302087623
            ],
            [
              30.30847263957001,
              59.971222932827004
            ],
            [
              30.308472855420803,
              59.97122284960906
            ],
            [
              30.308473058715816,
              59.971222772895814
            ],
            [
              30.3084732499485,
              59.971222701886745
            ],
            [
              30.308473428446664,
              59.97122263544042
            ],
            [
              30.308473595798947,
              59.97122257332508
            ],
            [
              30.308473755202993,
              59.97122251604457
            ],
            [
              30.30847390573685,
              59.97122246260736
            ],
            [
              30.30847405060368,
              59.971222413723254
            ],
            [
              30.308474185586448,
              59.971222367148314
            ],
            [
              30.308474314750747,
              59.9712223240569
            ],
            [
              30.308474437358914,
              59.97122228372815
            ],
            [
              30.30847455313061,
              59.971222245641215
            ],
            [
              30.308474666140697,
              59.971222211268596
            ],
            [
              30.308474775168456,
              59.97122217979026
            ],
            [
              30.30847487596934,
              59.971222148840205
            ],
            [
              30.30847497886643,
              59.971222123242036
            ],
            [
              30.30847507237983,
              59.97122209699214
            ],
            [
              30.308475161550586,
              59.97122207235172
            ],
            [
              30.308475244974964,
              59.97122204831442
            ],
            [
              30.30847533066052,
              59.9712220290901
            ],
            [
              30.30847540873457,
              59.971222008975445
            ],
            [
              30.308475488588957,
              59.97122199318875
            ],
            [
              30.308475566117085,
              59.97122197922091
            ],
            [
              30.308475638501776,
              59.97122196518255
            ],
            [
              30.308475706449943,
              59.97122195133792
            ],
            [
              30.308475772442332,
              59.97122193905104
            ],
            [
              30.308475831483154,
              59.97122192487668
            ],
            [
              30.30847588954561,
              59.97122191262821
            ],
            [
              30.308475949492163,
              59.97122190421951
            ],
            [
              30.308476005707597,
              59.97122189566766
            ],
            [
              30.308476062713652,
              59.97122189018286
            ],
            [
              30.308476119340636,
              59.971221886885246
            ],
            [
              30.30847617273083,
              59.971221883446916
            ],
            [
              30.30847622219422,
              59.97122187919085
            ],
            [
              30.30847627096447,
              59.9712218766946
            ],
            [
              30.308476314650516,
              59.97122187461501
            ],
            [
              30.308476353559765,
              59.97122187300036
            ],
            [
              30.30847639166698,
              59.97122187368677
            ],
            [
              30.308476430217873,
              59.97122187697255
            ],
            [
              30.3084764659513,
              59.97122188125653
            ],
            [
              30.308476501594974,
              59.97122188689208
            ],
            [
              30.308476541567742,
              59.97122189788704
            ],
            [
              30.30847657772589,
              59.9712219060669
            ],
            [
              30.308476614946287,
              59.97122191786034
            ],
            [
              30.308476741741636,
              59.9712220352489
            ],
            [
              30.308475910444884,
              59.971221805305
            ],
            [
              30.30847392739188,
              59.971220325165305
            ],
            [
              30.308470544362752,
              59.97121734231948
            ],
            [
              30.30846659083168,
              59.9712150460129
            ],
            [
              30.308463525071087,
              59.971214480256975
            ],
            [
              30.308458299698568,
              59.971213124446244
            ],
            [
              30.308450983268614,
              59.97121155213049
            ],
            [
              30.30844544913809,
              59.97121112353708
            ],
            [
              30.30843955661093,
              59.97121064234831
            ],
            [
              30.308432258243577,
              59.97121018767377
            ],
            [
              30.30842361529674,
              59.971209895769874
            ],
            [
              30.3084131447603,
              59.971210132802
            ],
            [
              30.30840191095702,
              59.97121043300929
            ],
            [
              30.308389652772103,
              59.971209599724915
            ],
            [
              30.30837589183533,
              59.971206470168966
            ],
            [
              30.308362868688665,
              59.9712019866054
            ],
            [
              30.308350807490786,
              59.971197166754166
            ],
            [
              30.308340237891322,
              59.97119318956605
            ],
            [
              30.308330414184475,
              59.97119012087892
            ],
            [
              30.30832174179414,
              59.97118795116336
            ],
            [
              30.308314148910558,
              59.97118640928569
            ],
            [
              30.308307346343106,
              59.971185268511675
            ],
            [
              30.30830136625999,
              59.971184393864675
            ],
            [
              30.308296162019012,
              59.97118370938975
            ],
            [
              30.308291532425383,
              59.97118316561734
            ],
            [
              30.30828744276814,
              59.971182736454246
            ],
            [
              30.308283964027158,
              59.97118238697375
            ],
            [
              30.30828110262517,
              59.97118210280548
            ],
            [
              30.30827873411022,
              59.97118187617162
            ],
            [
              30.308276775160042,
              59.97118170500554
            ],
            [
              30.308275208202954,
              59.97118158045452
            ],
            [
              30.308273973979308,
              59.97118150195122
            ],
            [
              30.30827301711789,
              59.97118146108912
            ],
            [
              30.308272319814883,
              59.971181449672585
            ],
            [
              30.30827185033775,
              59.971181475652855
            ],
            [
              30.308271551991925,
              59.9711815310128
            ],
            [
              30.30827139871462,
              59.97118160432961
            ],
            [
              30.308271370502847,
              59.971181693551166
            ],
            [
              30.308271417321222,
              59.971181785325705
            ],
            [
              30.30827152265686,
              59.97118187781416
            ],
            [
              30.308271707031295,
              59.97118197787233
            ],
            [
              30.308271950622057,
              59.97118208230865
            ],
            [
              30.30827223807735,
              59.97118218919425
            ],
            [
              30.3082725384888,
              59.971182296210884
            ],
            [
              30.308272787876845,
              59.97118238905966
            ],
            [
              30.308272988680535,
              59.9711824686925
            ],
            [
              30.308272862494608,
              59.971182490394234
            ],
            [
              30.308265318173085,
              59.971180259948966
            ],
            [
              30.308259484367127,
              59.97117829483804
            ],
            [
              30.30825446041863,
              59.97117650428221
            ],
            [
              30.308250204958007,
              59.97117480689896
            ],
            [
              30.308246273884475,
              59.971173207740705
            ],
            [
              30.308242409733882,
              59.971171636380845
            ],
            [
              30.30823853823036,
              59.97117007728396
            ],
            [
              30.308234499376525,
              59.971168474442464
            ],
            [
              30.30823035753686,
              59.97116683635276
            ],
            [
              30.308226364178587,
              59.97116524912703
            ],
            [
              30.30822258816559,
              59.97116371630828
            ],
            [
              30.308219106826993,
              59.971162261403656
            ],
            [
              30.308215975951914,
              59.971160904152796
            ],
            [
              30.308213042682357,
              59.97115957988882
            ],
            [
              30.308210478683,
              59.97115835024933
            ],
            [
              30.308208221443248,
              59.9711572170859
            ],
            [
              30.30820632605319,
              59.97115619754219
            ],
            [
              30.308204646946624,
              59.971155230846755
            ],
            [
              30.308203286064302,
              59.9711543824742
            ],
            [
              30.30820218133671,
              59.97115362535965
            ],
            [
              30.30820126510461,
              59.97115293528992
            ],
            [
              30.30820055210026,
              59.97115234717673
            ],
            [
              30.308199966794906,
              59.971151808586555
            ],
            [
              30.308199514135545,
              59.97115132528187
            ],
            [
              30.308199174392055,
              59.97115089377719
            ],
            [
              30.30819894239974,
              59.97115051924703
            ],
            [
              30.308198775642833,
              59.97115018672704
            ],
            [
              30.30819867712086,
              59.9711499147039
            ],
            [
              30.308198653302277,
              59.971149692041394
            ],
            [
              30.30819857040645,
              59.97114946132686
            ],
            [
              30.308193533448048,
              59.971146200593054
            ],
            [
              30.308187909015757,
              59.971142647264
            ],
            [
              30.308184796035082,
              59.971140101498335
            ],
            [
              30.308181181708942,
              59.971137215462974
            ],
            [
              30.308178004533065,
              59.9711342284967
            ],
            [
              30.308176667134077,
              59.97113198587955
            ],
            [
              30.308176110805753,
              59.97112989690974
            ],
            [
              30.30817667542179,
              59.971128402521984
            ],
            [
              30.308177466747146,
              59.97112705528172
            ],
            [
              30.30817838008706,
              59.971125856698315
            ],
            [
              30.308179334603,
              59.9711248246851
            ],
            [
              30.308180311895182,
              59.97112395627156
            ],
            [
              30.308181275529588,
              59.97112319034697
            ],
            [
              30.308182082489,
              59.97112258655915
            ],
            [
              30.30818278757195,
              59.97112218045706
            ],
            [
              30.308185091380324,
              59.971121821599986
            ],
            [
              30.308185899271876,
              59.971119446539504
            ],
            [
              30.30818649700235,
              59.97111555519191
            ],
            [
              30.308187419357424,
              59.9711123332064
            ],
            [
              30.308188078593798,
              59.971109417591734
            ],
            [
              30.30818896173753,
              59.97110525766418
            ],
            [
              30.30819790926238,
              59.97110416469314
            ],
            [
              30.308199263265383,
              59.97110212186255
            ],
            [
              30.30819925061659,
              59.97109965903856
            ],
            [
              30.308199209304608,
              59.97109799477066
            ],
            [
              30.30819906785136,
              59.97109703189291
            ],
            [
              30.30819903497318,
              59.97109668220279
            ],
            [
              30.308199129837597,
              59.97109699932352
            ],
            [
              30.30819944373792,
              59.97109782232277
            ],
            [
              30.308199827047396,
              59.97109880856546
            ],
            [
              30.308199966252495,
              59.971099072231254
            ],
            [
              30.308200243777563,
              59.97109949184014
            ],
            [
              30.308212680768083,
              59.97110270083588
            ],
            [
              30.308228272782873,
              59.97110531791297
            ],
            [
              30.30823430412766,
              59.9711059619426
            ],
            [
              30.30823695867838,
              59.971106150418116
            ],
            [
              30.30823842824816,
              59.971106432209396
            ],
            [
              30.308239374486103,
              59.971106730728046
            ],
            [
              30.308240035987133,
              59.971107059882755
            ],
            [
              30.308240527549664,
              59.97110727719694
            ],
            [
              30.308240918870666,
              59.97110727454864
            ],
            [
              30.308241215049357,
              59.971107441404655
            ],
            [
              30.308241451135846,
              59.97110758013829
            ],
            [
              30.308241628772013,
              59.971107764432844
            ],
            [
              30.308241750845134,
              59.97110803694986
            ],
            [
              30.30824185976374,
              59.971108226168866
            ],
            [
              30.308241947070346,
              59.971108380517315
            ],
            [
              30.30824210702934,
              59.971108250629214
            ],
            [
              30.30824297453354,
              59.971105922688814
            ],
            [
              30.308245131549196,
              59.97109970415336
            ],
            [
              30.30824801715218,
              59.971091435270445
            ],
            [
              30.308251599464608,
              59.971081547581825
            ],
            [
              30.30825656453695,
              59.971069094677965
            ],
            [
              30.30826129871424,
              59.97105866976738
            ],
            [
              30.308265179406586,
              59.97105120374897
            ],
            [
              30.308267915385866,
              59.97104684212839
            ],
            [
              30.30826928492244,
              59.971045693274405
            ],
            [
              30.308269079085413,
              59.971047846368656
            ],
            [
              30.308267368109966,
              59.97105272877577
            ],
            [
              30.308264337022244,
              59.9710596335225
            ],
            [
              30.308261709297096,
              59.97106550274333
            ],
            [
              30.308259671498515,
              59.97107012163022
            ],
            [
              30.308257930601467,
              59.97107398131893
            ],
            [
              30.308252280560616,
              59.97107748885547
            ],
            [
              30.308247778763292,
              59.97108117990565
            ],
            [
              30.30824298826598,
              59.97108484190326
            ],
            [
              30.3082374829611,
              59.97108882237382
            ],
            [
              30.308232138006904,
              59.971091923086455
            ],
            [
              30.308226703928575,
              59.97109270769882
            ],
            [
              30.308221831543566,
              59.97109263835593
            ],
            [
              30.308216086161032,
              59.97109396587383
            ],
            [
              30.308210482534037,
              59.97109511300681
            ],
            [
              30.308204636259347,
              59.97109682855603
            ],
            [
              30.30819917854199,
              59.97109871271835
            ],
            [
              30.308194611419815,
              59.97110029814761
            ],
            [
              30.308190631590552,
              59.97110173002032
            ],
            [
              30.308183597999694,
              59.97110422151407
            ],
            [
              30.30818213732535,
              59.97110570782429
            ],
            [
              30.308180617064778,
              59.971107117956684
            ],
            [
              30.308178525718013,
              59.97110836521899
            ],
            [
              30.308175444121456,
              59.971109627107985
            ],
            [
              30.308171104115413,
              59.97111107789492
            ],
            [
              30.308165380115607,
              59.97111289982209
            ],
            [
              30.308158132455986,
              59.971114391124296
            ],
            [
              30.308148769185607,
              59.971114876210564
            ],
            [
              30.308137325754277,
              59.97111458319923
            ],
            [
              30.308122125824436,
              59.97111258547563
            ],
            [
              30.3081023851658,
              59.971109721002556
            ],
            [
              30.308076961613136,
              59.97110838734319
            ],
            [
              30.308052955379353,
              59.97110905960601
            ],
            [
              30.30803372720933,
              59.971111049439216
            ],
            [
              30.308017831754476,
              59.97111284529238
            ],
            [
              30.308002417382166,
              59.971114862442334
            ],
            [
              30.307988601769157,
              59.97111707542095
            ],
            [
              30.307975548462316,
              59.97111921927219
            ],
            [
              30.307963763596483,
              59.97112118583584
            ],
            [
              30.30795275328951,
              59.97112303752308
            ],
            [
              30.307942898810055,
              59.971124704602516
            ],
            [
              30.30793388634209,
              59.9711262828681
            ],
            [
              30.30792229964227,
              59.97112876283925
            ],
            [
              30.307917536672797,
              59.971129436386946
            ],
            [
              30.307914270497562,
              59.97113015601378
            ],
            [
              30.307911968167105,
              59.97113082633031
            ],
            [
              30.307909911143867,
              59.97113141247773
            ],
            [
              30.307907959450613,
              59.971131961708494
            ],
            [
              30.30790615144351,
              59.9711324596175
            ],
            [
              30.307904550563244,
              59.9711328949673
            ],
            [
              30.307903042072734,
              59.97113367982991
            ],
            [
              30.307902557983386,
              59.97113408569745
            ],
            [
              30.30790222884406,
              59.971134448491014
            ],
            [
              30.307902084541723,
              59.97113482584872
            ],
            [
              30.307902017618897,
              59.97113521387166
            ],
            [
              30.30790195438644,
              59.971135510888445
            ],
            [
              30.307901891436412,
              59.97113576305923
            ],
            [
              30.3079018187449,
              59.97113600004706
            ],
            [
              30.307901743578025,
              59.97113621506958
            ],
            [
              30.3079016646022,
              59.971136426145016
            ],
            [
              30.307901580780186,
              59.971136622036255
            ],
            [
              30.30790149801579,
              59.97113680974164
            ],
            [
              30.30790141052037,
              59.97113695708521
            ],
            [
              30.307901315667703,
              59.9711371060729
            ],
            [
              30.307901213578738,
              59.97113723839339
            ],
            [
              30.307901416649234,
              59.97113764331501
            ],
            [
              30.30790158581066,
              59.97113802831885
            ],
            [
              30.30790174125461,
              59.971138402090006
            ],
            [
              30.30790187482813,
              59.971138753062085
            ],
            [
              30.307901990626515,
              59.97113909082738
            ],
            [
              30.307902109218,
              59.9711394218204
            ],
            [
              30.307902174305603,
              59.97113970857602
            ],
            [
              30.3079075942721,
              59.971150028554575
            ],
            [
              30.30791575875332,
              59.97116972492644
            ],
            [
              30.307917131420943,
              59.971173370840376
            ],
            [
              30.307917662241532,
              59.97117488065638
            ],
            [
              30.307917918855402,
              59.97117570608408
            ],
            [
              30.307918062477846,
              59.97117624684234
            ],
            [
              30.30791813222185,
              59.97117662842881
            ],
            [
              30.30791817079873,
              59.97117690863019
            ],
            [
              30.30791817467335,
              59.971177117666016
            ],
            [
              30.30791814897331,
              59.97117727260801
            ],
            [
              30.307918122482917,
              59.97117740894166
            ],
            [
              30.307918110391675,
              59.97117752845342
            ],
            [
              30.307865893740583,
              59.97119310065589
            ],
            [
              30.307836737208795,
              59.97120268931116
            ],
            [
              30.30782885566015,
              59.97120522888604
            ],
            [
              30.30782526738041,
              59.97120636223121
            ],
            [
              30.307823152349933,
              59.97120701953154
            ],
            [
              30.307821619189287,
              59.97120748771584
            ],
            [
              30.307820486550973,
              59.97120783151014
            ],
            [
              30.307819653191437,
              59.97120807765971
            ],
            [
              30.307819030036356,
              59.97120825659587
            ],
            [
              30.30781851761415,
              59.97120839991136
            ],
            [
              30.307818083241504,
              59.971208515464106
            ],
            [
              30.307817720896335,
              59.97120861061947
            ],
            [
              30.307817399476367,
              59.97120869349275
            ],
            [
              30.307817118054267,
              59.97120876807933
            ],
            [
              30.30781673971748,
              59.97120884847421
            ],
            [
              30.30781657067694,
              59.9712089091832
            ],
            [
              30.307816124488145,
              59.97120900057944
            ],
            [
              30.307815595440772,
              59.97120910941388
            ],
            [
              30.307814699602943,
              59.97120928558378
            ],
            [
              30.307814287208274,
              59.97120938794016
            ],
            [
              30.307814024793394,
              59.97120946341318
            ],
            [
              30.307814678615742,
              59.97120934543468
            ],
            [
              30.307813972444258,
              59.97120865521519
            ],
            [
              30.30780839863603,
              59.9712085504019
            ],
            [
              30.307800332676496,
              59.971210661586824
            ],
            [
              30.307787235592567,
              59.97121061225903
            ],
            [
              30.307776962660103,
              59.971210600269465
            ],
            [
              30.30777895816741,
              59.97121049245558
            ],
            [
              30.307779503989334,
              59.97121045965503
            ],
            [
              30.307779503989334,
              59.97121045965503
            ],
            [
              30.307779503989334,
              59.97121045965503
            ],
            [
              30.307779503989334,
              59.97121045965503
            ],
            [
              30.307779503989334,
              59.97121045965503
            ]
          ],
          [
            [
              30.306866957459803,
              59.97118979618046
            ],
            [
              30.3068230863559,
              59.97119384188994
            ],
            [
              30.306775361264798,
              59.97119647755912
            ],
            [
              30.30672752071731,
              59.97119523955778
            ],
            [
              30.306642600948805,
              59.97120034808528
            ],
            [
              30.306550765831545,
              59.971206800880594
            ],
            [
              30.306448758914975,
              59.97121015292511
            ],
            [
              30.30633641411094,
              59.971215406736384
            ],
            [
              30.306210634299227,
              59.97122060190554
            ],
            [
              30.306071681913643,
              59.97122393288289
            ],
            [
              30.305922665394352,
              59.971221630363026
            ],
            [
              30.305769137894874,
              59.97122230169269
            ],
            [
              30.30555527472189,
              59.971217764160755
            ],
            [
              30.305342321134482,
              59.97120309244558
            ],
            [
              30.305172979762126,
              59.971200989239875
            ],
            [
              30.30502795077436,
              59.97121447854253
            ],
            [
              30.304893618689714,
              59.97122802682329
            ],
            [
              30.304779763589536,
              59.971237408178155
            ],
            [
              30.304658055033578,
              59.971232572949546
            ],
            [
              30.304555210053387,
              59.971232936812505
            ],
            [
              30.304460892934564,
              59.97123220725622
            ],
            [
              30.30437438155444,
              59.97122699994915
            ],
            [
              30.304291909705697,
              59.97122179678283
            ],
            [
              30.304216411118194,
              59.971217383715896
            ],
            [
              30.304146157976323,
              59.971212077964076
            ],
            [
              30.304080076140696,
              59.971209070669886
            ],
            [
              30.304007548804172,
              59.97120696489076
            ],
            [
              30.303933199046448,
              59.971208458667384
            ],
            [
              30.303847094508708,
              59.971210283828434
            ],
            [
              30.303754632367756,
              59.9712117321885
            ],
            [
              30.303655238853974,
              59.97121423768248
            ],
            [
              30.303559486555802,
              59.971214184803955
            ],
            [
              30.303465139369735,
              59.971215624811904
            ],
            [
              30.30338065170294,
              59.97121504441024
            ],
            [
              30.30331502508602,
              59.97121202239144
            ],
            [
              30.303276045556846,
              59.97121499524921
            ],
            [
              30.303251403584447,
              59.97121800493874
            ],
            [
              30.30323770530961,
              59.9712214452986
            ],
            [
              30.303227199172806,
              59.971225266529444
            ],
            [
              30.30322121322224,
              59.971228858853166
            ],
            [
              30.303204241252676,
              59.97123440896926
            ],
            [
              30.30318861826288,
              59.97123952198103
            ],
            [
              30.30317289969138,
              59.97124274800947
            ],
            [
              30.303161812175436,
              59.9712468015884
            ],
            [
              30.30315630346061,
              59.97125153332131
            ],
            [
              30.30314994602881,
              59.971256243913025
            ],
            [
              30.303149372257163,
              59.971259938142175
            ],
            [
              30.3031493141137,
              59.97126315717154
            ],
            [
              30.303153732241654,
              59.971263423710404
            ],
            [
              30.303153625221718,
              59.971264478160315
            ],
            [
              30.303154848119835,
              59.97126515461539
            ],
            [
              30.303157627652844,
              59.97126569656434
            ],
            [
              30.303160821192844,
              59.97126602284748
            ],
            [
              30.303164218177333,
              59.97126726711081
            ],
            [
              30.3031694699337,
              59.971267454338005
            ],
            [
              30.303174376969796,
              59.97126725015053
            ],
            [
              30.303173990095097,
              59.97126792900775
            ],
            [
              30.303174762295534,
              59.97126851814593
            ],
            [
              30.30317755025843,
              59.971267774000026
            ],
            [
              30.30318008275362,
              59.97126680872743
            ],
            [
              30.30318249582472,
              59.971266156259944
            ],
            [
              30.30318420430104,
              59.97126583492533
            ],
            [
              30.303185390189235,
              59.97126578310636
            ],
            [
              30.30318631206315,
              59.971265659696876
            ],
            [
              30.30318713950566,
              59.971265276213984
            ],
            [
              30.303186678071434,
              59.97126575075369
            ],
            [
              30.303186158716485,
              59.97126706395684
            ],
            [
              30.303185815028908,
              59.97126898840925
            ],
            [
              30.303184708311715,
              59.97127091303422
            ],
            [
              30.30318354558945,
              59.97127273662873
            ],
            [
              30.30318246010797,
              59.971277328706776
            ],
            [
              30.30318170414172,
              59.97128469398415
            ],
            [
              30.303180600652997,
              59.971295926547384
            ],
            [
              30.303176342143406,
              59.97130852441328
            ],
            [
              30.30316706343694,
              59.97132592278636
            ],
            [
              30.303050191936904,
              59.971342553071054
            ],
            [
              30.302945045234345,
              59.971358770008266
            ],
            [
              30.302821406903902,
              59.97137208475941
            ],
            [
              30.302690678082005,
              59.9713789841606
            ],
            [
              30.302562590324143,
              59.971380926631305
            ],
            [
              30.302435478637065,
              59.97138079354952
            ],
            [
              30.302309024148126,
              59.97138087646017
            ],
            [
              30.302179379879288,
              59.97137802442533
            ],
            [
              30.302046459760067,
              59.97137153471058
            ],
            [
              30.30190641898586,
              59.97136411148667
            ],
            [
              30.301758676061358,
              59.971354395590275
            ],
            [
              30.301597350145098,
              59.97134262561663
            ],
            [
              30.30142393422996,
              59.97132908860659
            ],
            [
              30.301235985010784,
              59.971315952534304
            ],
            [
              30.30103670742883,
              59.97130670410942
            ],
            [
              30.300843343563994,
              59.97130270380499
            ],
            [
              30.30064568796914,
              59.97130223043572
            ],
            [
              30.300452870365124,
              59.97130044412581
            ],
            [
              30.30025225399336,
              59.97130419780507
            ],
            [
              30.30005810635369,
              59.971307707892876
            ],
            [
              30.299868014371317,
              59.971312244730356
            ],
            [
              30.299682582269984,
              59.97131644916784
            ],
            [
              30.299502631044504,
              59.97132216469366
            ],
            [
              30.29934210304254,
              59.971330056968874
            ],
            [
              30.299188185400002,
              59.97134024415138
            ],
            [
              30.299028360282875,
              59.97134771008816
            ],
            [
              30.298860748257333,
              59.971355365674555
            ],
            [
              30.29869404243701,
              59.971368158865005
            ],
            [
              30.29852634892349,
              59.971382860237426
            ],
            [
              30.29835562704617,
              59.97140001017724
            ],
            [
              30.298170114748245,
              59.97141362859347
            ],
            [
              30.29797608327794,
              59.971423613248334
            ],
            [
              30.297777457001473,
              59.9714296719449
            ],
            [
              30.29756925818265,
              59.971435618941385
            ],
            [
              30.29735459436026,
              59.97144512332083
            ],
            [
              30.29713771628493,
              59.97145445089825
            ],
            [
              30.296921219949873,
              59.97146378024489
            ],
            [
              30.296711381607114,
              59.971472838369145
            ],
            [
              30.29651403939541,
              59.97147999809964
            ],
            [
              30.29633734950567,
              59.97148286412753
            ],
            [
              30.29617533145896,
              59.97148458739874
            ],
            [
              30.296009493217067,
              59.971482458637794
            ],
            [
              30.295844949215816,
              59.97148589994013
            ],
            [
              30.29567075945052,
              59.97148878687908
            ],
            [
              30.295504443175997,
              59.971490392675264
            ],
            [
              30.29534438536755,
              59.97149017621666
            ],
            [
              30.295189749071316,
              59.97148619706309
            ],
            [
              30.295036920317308,
              59.97148063168073
            ],
            [
              30.294893554748608,
              59.97147005689475
            ],
            [
              30.294761135557863,
              59.97145367647062
            ],
            [
              30.2946022080074,
              59.97145604641386
            ],
            [
              30.29444189376653,
              59.97145702416361
            ],
            [
              30.29428176651285,
              59.97145275509348
            ],
            [
              30.29412043880041,
              59.971453726623665
            ],
            [
              30.293958265085017,
              59.97145598652459
            ],
            [
              30.293794512688322,
              59.971458707795755
            ],
            [
              30.29363038686116,
              59.97145877938058
            ],
            [
              30.293462158872178,
              59.97145664736898
            ],
            [
              30.293278648482207,
              59.97145437790764
            ]
          ],
          [
            [
              30.295895139371094,
              59.97144258786327
            ],
            [
              30.295888647903197,
              59.971442466621966
            ],
            [
              30.2958785584916,
              59.97144222294534
            ],
            [
              30.295870314689108,
              59.971442030083
            ],
            [
              30.29586586128911,
              59.971441928403095
            ],
            [
              30.295865171250437,
              59.97144197144597
            ],
            [
              30.295867130643522,
              59.97144206380639
            ],
            [
              30.29584925351673,
              59.971439392587875
            ],
            [
              30.295828416773602,
              59.97143706578488
            ],
            [
              30.295800684761343,
              59.97143522371655
            ],
            [
              30.295774282024013,
              59.971431084485104
            ],
            [
              30.295765689759715,
              59.97143086002645
            ],
            [
              30.29574846827305,
              59.97143030047984
            ],
            [
              30.29572669084777,
              59.97143002711093
            ],
            [
              30.295704906604303,
              59.97143000987893
            ],
            [
              30.29569178121721,
              59.97143006841989
            ],
            [
              30.29569340627413,
              59.97143005714306
            ],
            [
              30.295694704100686,
              59.97143004563479
            ],
            [
              30.29569593627516,
              59.97143003284474
            ],
            [
              30.295696030062082,
              59.971430031781495
            ],
            [
              30.295696030062082,
              59.971430031781495
            ],
            [
              30.295696030062082,
              59.971430031781495
            ],
            [
              30.295696030062082,
              59.971430031781495
            ],
            [
              30.295696030062082,
              59.971430031781495
            ],
            [
              30.295696030062082,
              59.971430031781495
            ],
            [
              30.295696030062082,
              59.971430031781495
            ],
            [
              30.295696030062082,
              59.971430031781495
            ],
            [
              30.295696030062082,
              59.971430031781495
            ],
            [
              30.295696030062082,
              59.971430031781495
            ],
            [
              30.295696030062082,
              59.971430031781495
            ],
            [
              30.295696030062082,
              59.971430031781495
            ],
            [
              30.295696030062082,
              59.971430031781495
            ],
            [
              30.295696030062082,
              59.971430031781495
            ],
            [
              30.295696030062082,
              59.971430031781495
            ],
            [
              30.295696030062082,
              59.971430031781495
            ],
            [
              30.295696030062082,
              59.971430031781495
            ],
            [
              30.295696030062082,
              59.971430031781495
            ],
            [
              30.295696030062082,
              59.971430031781495
            ],
            [
              30.295696030062082,
              59.971430031781495
            ]
          ],
          [
            [
              30.293368895521354,
              59.97134752862985
            ],
            [
              30.293365522992985,
              59.971347551588515
            ],
            [
              30.29336168593343,
              59.97134757341441
            ],
            [
              30.29335784878599,
              59.971347590945996
            ],
            [
              30.29335401157506,
              59.971347604447566
            ],
            [
              30.29335017430182,
              59.971347612385074
            ],
            [
              30.293346336997452,
              59.97134761442092
            ],
            [
              30.29334249969427,
              59.971347611954236
            ],
            [
              30.293338662423803,
              59.97134760368997
            ],
            [
              30.29333482522378,
              59.97134758941335
            ],
            [
              30.29333098810516,
              59.97134757037297
            ]
          ],
          [
            [
              30.29507048195603,
              59.97136131356985
            ],
            [
              30.295067830514512,
              59.971361292842396
            ],
            [
              30.29506343938807,
              59.97136125111278
            ],
            [
              30.29505798075491,
              59.97136119237396
            ],
            [
              30.29505164557174,
              59.97136111589541
            ],
            [
              30.29504493627167,
              59.97136102440134
            ],
            [
              30.29503814081275,
              59.97136091865182
            ],
            [
              30.295032582108373,
              59.97136081648189
            ],
            [
              30.295028631268778,
              59.97136072650795
            ],
            [
              30.295026527772954,
              59.97136065192951
            ],
            [
              30.295025293005416,
              59.9713605827392
            ],
            [
              30.295026059917515,
              59.97136054476138
            ],
            [
              30.295028856602464,
              59.97136054238619
            ],
            [
              30.29503155225275,
              59.97136051875102
            ],
            [
              30.29503230761737,
              59.971360416505966
            ],
            [
              30.295017553635333,
              59.971359989279435
            ],
            [
              30.29502859721123,
              59.97136012615591
            ],
            [
              30.295016782184522,
              59.97135969858361
            ],
            [
              30.29500571476012,
              59.971359245710026
            ],
            [
              30.294991115805182,
              59.97135858707784
            ],
            [
              30.29497618128914,
              59.97135789024631
            ],
            [
              30.294978564038423,
              59.971357721048356
            ],
            [
              30.294931660067956,
              59.97135600614351
            ],
            [
              30.294884724185927,
              59.971354447520895
            ],
            [
              30.29483775736827,
              59.97135314280603
            ],
            [
              30.294790785768193,
              59.971351880919215
            ],
            [
              30.294745217160056,
              59.97135031137738
            ],
            [
              30.294707840646904,
              59.97134859757151
            ],
            [
              30.29467889584815,
              59.9713468938615
            ],
            [
              30.294654686679287,
              59.9713450699962
            ],
            [
              30.294629611668228,
              59.97134283073161
            ],
            [
              30.294603689176537,
              59.971340675666
            ]
          ],
          [
            [
              30.290919785380098,
              59.97100748314101
            ],
            [
              30.290706396729195,
              59.9709677652826
            ],
            [
              30.290513575393096,
              59.97092244266818
            ],
            [
              30.290314710919695,
              59.97087355266644
            ],
            [
              30.29011013251404,
              59.970822055448394
            ],
            [
              30.289908435062323,
              59.97077982236191
            ],
            [
              30.289705025741878,
              59.970746383030644
            ],
            [
              30.28951896557631,
              59.970725319406405
            ],
            [
              30.289361276943502,
              59.97071227778611
            ],
            [
              30.289238175085586,
              59.97068831499221
            ],
            [
              30.28912364859432,
              59.970664109028654
            ],
            [
              30.28901216414201,
              59.97064221038054
            ],
            [
              30.288892663800908,
              59.97062174253468
            ],
            [
              30.28876120984149,
              59.97060364857829
            ],
            [
              30.288652373741993,
              59.970574030826896
            ],
            [
              30.288130980796637,
              59.97074383686569
            ],
            [
              30.287968566265114,
              59.97074165624669
            ],
            [
              30.28794614211401,
              59.970724208985274
            ],
            [
              30.287919477751984,
              59.97071125849356
            ],
            [
              30.28787534702293,
              59.9707587501288
            ],
            [
              30.28789882372356,
              59.970809785080434
            ],
            [
              30.287980042449835,
              59.97084271449326
            ],
            [
              30.288084387886478,
              59.970843412665594
            ],
            [
              30.28816108600511,
              59.970814223262444
            ]
          ],
          [
            [
              30.28801975301578,
              59.97063883614163
            ],
            [
              30.287998209989155,
              59.970622559551565
            ],
            [
              30.287949571270126,
              59.970611526464964
            ],
            [
              30.28790216984651,
              59.97060882532858
            ],
            [
              30.287869324926543,
              59.97061076897835
            ],
            [
              30.28784749791664,
              59.970609046454584
            ],
            [
              30.28783461335124,
              59.97060365537003
            ],
            [
              30.287824028571848,
              59.970596651032295
            ],
            [
              30.287810492596215,
              59.97058841370432
            ],
            [
              30.287797086735814,
              59.970593326864666
            ],
            [
              30.287790325092686,
              59.97057001868768
            ],
            [
              30.28777271969633,
              59.97053372353947
            ],
            [
              30.28774418011399,
              59.970493741259645
            ],
            [
              30.287714433069883,
              59.97044954281156
            ],
            [
              30.287654927161967,
              59.970456575540574
            ],
            [
              30.287616864395776,
              59.97048118730933
            ],
            [
              30.287617989037553,
              59.970512312809966
            ],
            [
              30.287658417399115,
              59.97053591448303
            ],
            [
              30.287719593657332,
              59.9705412374024
            ],
            [
              30.287773686033987,
              59.97052594369064
            ]
          ],
          [
            [
              30.2885017676294,
              59.96928555610349
            ],
            [
              30.288511495766073,
              59.96918560395463
            ],
            [
              30.288380117551785,
              59.96911855439126
            ],
            [
              30.28819331048252,
              59.96911862311868
            ],
            [
              30.28805344429674,
              59.96918458534936
            ],
            [
              30.28803856935831,
              59.96928663684693
            ],
            [
              30.288169856876188,
              59.96936792106571
            ],
            [
              30.28837626515928,
              59.96938616986794
            ]
          ],
          [
            [
              30.28861456807556,
              59.96846240369517
            ],
            [
              30.28857075761642,
              59.968390758382135
            ],
            [
              30.288456194187425,
              59.96835678863486
            ],
            [
              30.288341830335327,
              59.96836426726318
            ],
            [
              30.288264276509075,
              59.968404751212894
            ],
            [
              30.28825412913336,
              59.96846065987015
            ],
            [
              30.288316563677537,
              59.96850694955426
            ],
            [
              30.288421863582524,
              59.96852321286319
            ]
          ],
          [
            [
              30.2885946956724,
              59.967906305006174
            ],
            [
              30.28855796175683,
              59.96784281462582
            ],
            [
              30.288429917147173,
              59.96780689503067
            ],
            [
              30.288285037049118,
              59.96781971914612
            ],
            [
              30.28818958026317,
              59.96787585894245
            ],
            [
              30.288186483811693,
              59.967949594502024
            ],
            [
              30.28827761914225,
              59.968008001228455
            ],
            [
              30.28842689957951,
              59.96802646666271
            ]
          ],
          [
            [
              30.28867953083343,
              59.96739871937174
            ],
            [
              30.288655332256884,
              59.96735233839126
            ],
            [
              30.288579468189415,
              59.96733165339548
            ],
            [
              30.288495343998434,
              59.96733891460841
            ],
            [
              30.288438208181425,
              59.967370702708884
            ],
            [
              30.288432741502273,
              59.9674133972802
            ],
            [
              30.288481405915228,
              59.967448543052356
            ]
          ],
          [
            [
              30.288677028286436,
              59.96725772419207
            ],
            [
              30.28867270177809,
              59.96725562731212
            ],
            [
              30.288672204180862,
              59.96725176652983
            ],
            [
              30.288669396906663,
              59.96724662047413
            ],
            [
              30.288665372415696,
              59.96724157583832
            ],
            [
              30.28865956131993,
              59.96723894518263
            ],
            [
              30.28865488755279,
              59.96723897495948
            ],
            [
              30.288654212631908,
              59.96723997619382
            ],
            [
              30.28865622674207,
              59.96723999192958
            ],
            [
              30.28865739986089,
              59.96723882661619
            ],
            [
              30.28865791019336,
              59.96723720534623
            ],
            [
              30.288658427681852,
              59.96723581733344
            ],
            [
              30.28865890749084,
              59.967234608823354
            ],
            [
              30.28865865167423,
              59.9672332612773
            ],
            [
              30.288650079404956,
              59.967231251766734
            ],
            [
              30.288630719043393,
              59.96722806395821
            ],
            [
              30.288618201826235,
              59.96722806533814
            ],
            [
              30.288616288756515,
              59.96723036735876
            ],
            [
              30.288626692587343,
              59.96723030732567
            ],
            [
              30.28863986288669,
              59.96722248255034
            ],
            [
              30.288643613542796,
              59.967210245224436
            ],
            [
              30.28864116827273,
              59.96719910846282
            ],
            [
              30.28863833127953,
              59.96718485722421
            ],
            [
              30.288620575054686,
              59.967163595976295
            ],
            [
              30.288602225937126,
              59.96713211046731
            ],
            [
              30.288574003311048,
              59.96709296054867
            ],
            [
              30.288544191723307,
              59.967050992584234
            ],
            [
              30.28852235876489,
              59.967011346038355
            ],
            [
              30.28850799879037,
              59.96697711740276
            ],
            [
              30.28849044085124,
              59.966968696004365
            ],
            [
              30.288494199810618,
              59.96696646267559
            ],
            [
              30.28850974613977,
              59.96696540014221
            ],
            [
              30.288531670432256,
              59.96695922906591
            ],
            [
              30.288544811143225,
              59.966945248754556
            ],
            [
              30.288555622699413,
              59.9669308746258
            ],
            [
              30.288570384912514,
              59.96692563190495
            ],
            [
              30.288570444554214,
              59.96692559756277
            ],
            [
              30.288570444554214,
              59.96692559756277
            ],
            [
              30.288570444554214,
              59.96692559756277
            ],
            [
              30.288570444554214,
              59.96692559756277
            ],
            [
              30.28857052725759,
              59.96692557758499
            ],
            [
              30.28857052725759,
              59.96692557758499
            ]
          ],
          [
            [
              30.288568851686495,
              59.966404613464945
            ],
            [
              30.28853901623203,
              59.96637770979785
            ],
            [
              30.2884820588108,
              59.96637787251868
            ],
            [
              30.288449027550236,
              59.96640546427614
            ],
            [
              30.288484547476,
              59.96645065055444
            ],
            [
              30.28857781396339,
              59.96647506481247
            ],
            [
              30.288680544305606,
              59.96646764384238
            ],
            [
              30.288754618087506,
              59.96643348002428
            ]
          ],
          [
            [
              30.28766871300007,
              59.96634525251329
            ],
            [
              30.287496542139536,
              59.96636987164645
            ],
            [
              30.28733710376891,
              59.96640203812921
            ],
            [
              30.2872921720469,
              59.966491542847166
            ],
            [
              30.287353962224483,
              59.966578506639564
            ],
            [
              30.287502396462592,
              59.96663312374587
            ],
            [
              30.28768655608999,
              59.966637368738915
            ],
            [
              30.28784496449206,
              59.96659019963042
            ],
            [
              30.287924750869646,
              59.96650693745699
            ]
          ],
          [
            [
              30.285892218674352,
              59.96639360657996
            ],
            [
              30.285686521849595,
              59.966428995951
            ],
            [
              30.28549205648018,
              59.96646292918188
            ],
            [
              30.285445198651157,
              59.96655415594995
            ],
            [
              30.285503282682182,
              59.966639387979114
            ],
            [
              30.285643115005545,
              59.96669453016987
            ],
            [
              30.28582454802644,
              59.96670295834205
            ],
            [
              30.285994800797262,
              59.966659862235886
            ],
            [
              30.28610023420381,
              59.96657097083437
            ]
          ],
          [
            [
              30.284413338580414,
              59.96643307437757
            ],
            [
              30.28436102062076,
              59.96644081076325
            ],
            [
              30.28434529355207,
              59.96645248822413
            ],
            [
              30.284349011115264,
              59.96645888095449
            ],
            [
              30.284361803853063,
              59.966460956595455
            ],
            [
              30.284375722493525,
              59.96645818163446
            ],
            [
              30.284381654314753,
              59.9664525853216
            ],
            [
              30.28437783869522,
              59.966448653870096
            ],
            [
              30.284372771861772,
              59.96644704722371
            ],
            [
              30.284369389917522,
              59.96644581893515
            ],
            [
              30.28436692740441,
              59.966444788885426
            ],
            [
              30.284364514557765,
              59.96644390578845
            ],
            [
              30.284360272532712,
              59.966443777608575
            ],
            [
              30.284355335417096,
              59.966445830589464
            ],
            [
              30.284353954723535,
              59.96645000574966
            ],
            [
              30.28435865175745,
              59.966453918629476
            ],
            [
              30.284366483313228,
              59.96645492521352
            ],
            [
              30.28437129017386,
              59.96645302340506
            ],
            [
              30.284370288487317,
              59.96645106841369
            ],
            [
              30.284367846819702,
              59.96645006124828
            ],
            [
              30.2843660222299,
              59.96644919198661
            ],
            [
              30.28436458944789,
              59.966448391973195
            ],
            [
              30.284363377808567,
              59.96644765655985
            ],
            [
              30.284362258452855,
              59.966447020231186
            ],
            [
              30.284361061615453,
              59.96644665491644
            ],
            [
              30.28436023294015,
              59.96644661342048
            ],
            [
              30.2843599764036,
              59.966446459937494
            ],
            [
              30.28435926603303,
              59.96644583996831
            ],
            [
              30.28435823103388,
              59.966445240275476
            ],
            [
              30.28435687536847,
              59.966444880228124
            ],
            [
              30.284355797740623,
              59.96644390094485
            ],
            [
              30.284354410463706,
              59.9664434974631
            ],
            [
              30.284353399167316,
              59.96644342843872
            ],
            [
              30.284352616551825,
              59.96644333418593
            ],
            [
              30.28435189301531,
              59.96644321212508
            ],
            [
              30.284351186303088,
              59.96644307622712
            ],
            [
              30.284350477892914,
              59.96644295140386
            ],
            [
              30.284349783137763,
              59.96644284957308
            ],
            [
              30.284351336156032,
              59.96644333131075
            ],
            [
              30.28435875108165,
              59.96644296193056
            ],
            [
              30.284366690756528,
              59.96643973509316
            ],
            [
              30.28436714157585,
              59.96643616769154
            ],
            [
              30.2843626900731,
              59.96643625768858
            ],
            [
              30.284355061006174,
              59.96643571791824
            ],
            [
              30.284334268386928,
              59.966434693399115
            ],
            [
              30.284313231963946,
              59.966441586340544
            ],
            [
              30.28430132896817,
              59.96645517332856
            ],
            [
              30.284306352444997,
              59.966469807666755
            ],
            [
              30.28432664461399,
              59.966480608085135
            ],
            [
              30.284354372220456,
              59.96648372466011
            ],
            [
              30.284379909364002,
              59.96647837140678
            ]
          ],
          [
            [
              30.282869582749175,
              59.966484795305675
            ],
            [
              30.28267355756441,
              59.96653454180074
            ],
            [
              30.28249293428508,
              59.966591367301575
            ],
            [
              30.28247487092198,
              59.96670267397628
            ],
            [
              30.282568131912036,
              59.96680493945416
            ],
            [
              30.28273808254079,
              59.966879697230674
            ],
            [
              30.282960012346557,
              59.966926675854914
            ],
            [
              30.283234030545984,
              59.96694513812209
            ],
            [
              30.28353647749547,
              59.96692041769941
            ]
          ],
          [
            [
              30.281312000617884,
              59.96646530885897
            ],
            [
              30.28116344768601,
              59.9664308845447
            ],
            [
              30.281008051571067,
              59.96640257607501
            ],
            [
              30.280864785649136,
              59.96644692725856
            ],
            [
              30.28079088775031,
              59.966522492710716
            ],
            [
              30.280811802508307,
              59.96660593817342
            ],
            [
              30.280922807509864,
              59.96666770722713
            ],
            [
              30.281083381962734,
              59.96668912307225
            ],
            [
              30.281243071887605,
              59.966666576259975
            ]
          ],
          [
            [
              30.27985617904174,
              59.96580879938308
            ],
            [
              30.27965492715664,
              59.965767993349836
            ],
            [
              30.27946334590396,
              59.965736388323506
            ],
            [
              30.279280956240534,
              59.965801352057134
            ],
            [
              30.27918435079184,
              59.96591182970484
            ],
            [
              30.279205311004908,
              59.96603527523919
            ],
            [
              30.279349018520055,
              59.96613649959121
            ],
            [
              30.27959715760785,
              59.96618155346346
            ],
            [
              30.279857782213124,
              59.96615268388125
            ]
          ],
          [
            [
              30.278881139980736,
              59.96535184197243
            ],
            [
              30.27883089210481,
              59.96533946648825
            ],
            [
              30.278785727213602,
              59.96534363744909
            ],
            [
              30.27876120193667,
              59.96535682630439
            ],
            [
              30.278762694189368,
              59.96537218232096
            ],
            [
              30.278784447368125,
              59.96538197909911
            ],
            [
              30.278815741657453,
              59.96538273217106
            ],
            [
              30.278848636792542,
              59.965375541030845
            ],
            [
              30.278871582917088,
              59.96536176554392
            ],
            [
              30.27888206693845,
              59.96534610494907
            ],
            [
              30.27888086505545,
              59.96532842132284
            ],
            [
              30.2788646841221,
              59.96531131491032
            ],
            [
              30.278837191969643,
              59.9653005546321
            ],
            [
              30.278805333068895,
              59.96529735522065
            ],
            [
              30.27877912825223,
              59.96530116632693
            ],
            [
              30.278767493132513,
              59.96530951545699
            ],
            [
              30.278769206115204,
              59.96531796649862
            ],
            [
              30.278781229553495,
              59.96532396526765
            ],
            [
              30.278801022393665,
              59.96532453199036
            ],
            [
              30.278818024150734,
              59.96531882395013
            ],
            [
              30.278825686855583,
              59.965310770642105
            ],
            [
              30.278825735434562,
              59.96530389220923
            ],
            [
              30.278822251693697,
              59.96529883328626
            ],
            [
              30.278817987961137,
              59.96529529123185
            ],
            [
              30.278813900540346,
              59.96529274164741
            ],
            [
              30.278810839680197,
              59.965290823135525
            ],
            [
              30.278808995696338,
              59.965288975713
            ],
            [
              30.27880729437848,
              59.96528719911554
            ],
            [
              30.278805587444367,
              59.96528550214379
            ],
            [
              30.278802615048082,
              59.965282728732056
            ],
            [
              30.27879955754267,
              59.96527995765621
            ],
            [
              30.27879657867112,
              59.96527724973291
            ],
            [
              30.27879390721898,
              59.96527475167032
            ],
            [
              30.278791516913973,
              59.965272403559304
            ],
            [
              30.278789442856116,
              59.9652702596748
            ],
            [
              30.278787628106798,
              59.96526828814005
            ],
            [
              30.278786020155145,
              59.9652664594853
            ],
            [
              30.278784565582576,
              59.96526474279647
            ],
            [
              30.27878322233382,
              59.96526312304027
            ],
            [
              30.278781924873286,
              59.96526160675452
            ],
            [
              30.27878059460454,
              59.965260158685766
            ],
            [
              30.278779301597922,
              59.96525886701688
            ],
            [
              30.278778094134974,
              59.96525773549369
            ],
            [
              30.278777015287677,
              59.965256742467645
            ],
            [
              30.278776106440272,
              59.96525585197106
            ],
            [
              30.278775358011668,
              59.96525502963515
            ],
            [
              30.278774732367612,
              59.96525424359623
            ],
            [
              30.27877418164628,
              59.965253480710594
            ],
            [
              30.278773691181836,
              59.96525273729294
            ],
            [
              30.278773211849604,
              59.9652520109285
            ],
            [
              30.27877272421008,
              59.96525130151133
            ],
            [
              30.278772191637316,
              59.965250622888846
            ],
            [
              30.27877160052805,
              59.96524999799824
            ],
            [
              30.27877097169709,
              59.96524944837016
            ],
            [
              30.27877037798922,
              59.96524898489364
            ],
            [
              30.278769881695386,
              59.96524858808407
            ],
            [
              30.278769503278554,
              59.9652482266384
            ],
            [
              30.27876923073564,
              59.96524787240295
            ],
            [
              30.27876902401012,
              59.965247511911734
            ],
            [
              30.27876889045478,
              59.965247189367446
            ],
            [
              30.278768760057496,
              59.96524686618536
            ],
            [
              30.278768653684413,
              59.96524650882451
            ],
            [
              30.278768507859553,
              59.965246054524926
            ],
            [
              30.278766758183615,
              59.965245837893114
            ],
            [
              30.278765304499544,
              59.96524588591703
            ],
            [
              30.278762794511238,
              59.965245602932676
            ],
            [
              30.2787601900479,
              59.96524524903485
            ],
            [
              30.278757610370008,
              59.96524479488201
            ],
            [
              30.27875485136306,
              59.96524423264237
            ],
            [
              30.278751759686717,
              59.96524354359862
            ],
            [
              30.27874868311071,
              59.96524273124082
            ],
            [
              30.27874491174799,
              59.965241651438944
            ],
            [
              30.278740877764772,
              59.96524047201684
            ],
            [
              30.278736725568397,
              59.96523916074881
            ],
            [
              30.278732473326055,
              59.96523787161225
            ],
            [
              30.278728489018604,
              59.96523678779759
            ],
            [
              30.278724826014304,
              59.96523581069092
            ],
            [
              30.278721423853106,
              59.96523489674665
            ],
            [
              30.27871821274989,
              59.96523413747493
            ],
            [
              30.278715610070694,
              59.96523268476089
            ],
            [
              30.278710459533475,
              59.965229081183175
            ],
            [
              30.27869883083152,
              59.96522561188349
            ],
            [
              30.278684007561818,
              59.96522504006613
            ],
            [
              30.278671261910777,
              59.96522587630939
            ],
            [
              30.27866218042247,
              59.965223916398855
            ],
            [
              30.278663190677037,
              59.96519584040376
            ],
            [
              30.27865234909124,
              59.96518972132322
            ],
            [
              30.278630250727943,
              59.96518389259706
            ],
            [
              30.2785883257685,
              59.965179375637646
            ],
            [
              30.278533287522365,
              59.965177495371975
            ],
            [
              30.27850765711392,
              59.96519836188237
            ],
            [
              30.278507094554787,
              59.96523160663411
            ],
            [
              30.27855146311689,
              59.96526980127943
            ],
            [
              30.278634414062566,
              59.9652936007072
            ],
            [
              30.278730032125953,
              59.96529376045347
            ],
            [
              30.278813598089354,
              59.965270445484144
            ]
          ],
          [
            [
              30.277837690553294,
              59.96489457969243
            ],
            [
              30.277827505163742,
              59.96488269021125
            ],
            [
              30.277798125454023,
              59.964868110976596
            ],
            [
              30.27775091073944,
              59.96485793895336
            ],
            [
              30.277708249278533,
              59.964851915802626
            ],
            [
              30.277668886597315,
              59.9648526788175
            ],
            [
              30.277640052843957,
              59.9648594870061
            ],
            [
              30.277623541944905,
              59.9648675531668
            ],
            [
              30.27761622898178,
              59.96487302671126
            ],
            [
              30.27762706737139,
              59.964877517717
            ],
            [
              30.277652036678866,
              59.96487313537346
            ],
            [
              30.277674423326918,
              59.96485836334462
            ],
            [
              30.27768117580031,
              59.96483768962466
            ],
            [
              30.27766837258197,
              59.96481703607432
            ],
            [
              30.277639678996877,
              59.96479998933842
            ],
            [
              30.277597266283404,
              59.964786300526164
            ],
            [
              30.277541701820066,
              59.9647803374304
            ],
            [
              30.277483133728904,
              59.96478620436653
            ],
            [
              30.27743805704039,
              59.964803782036284
            ],
            [
              30.27741485995458,
              59.96482748180841
            ],
            [
              30.277426270267686,
              59.964849908971246
            ],
            [
              30.277451887412035,
              59.964866940955375
            ],
            [
              30.277482436846647,
              59.964873522926155
            ],
            [
              30.277510570246548,
              59.964869955671276
            ],
            [
              30.277528712323836,
              59.964858887435604
            ],
            [
              30.277533354371332,
              59.96484348467824
            ],
            [
              30.27752435943508,
              59.96482742548346
            ],
            [
              30.27750486529739,
              59.96481410734937
            ],
            [
              30.277479902603428,
              59.96480500433772
            ],
            [
              30.277455617383715,
              59.96479964607123
            ],
            [
              30.277438411786616,
              59.96479728501911
            ],
            [
              30.277422393016966,
              59.964795248958694
            ],
            [
              30.277406398503615,
              59.96479534035834
            ],
            [
              30.27739327748083,
              59.964797676927894
            ],
            [
              30.27738686108664,
              59.964800094942234
            ],
            [
              30.27738447967481,
              59.9647985596788
            ],
            [
              30.27737581988315,
              59.96479366627712
            ],
            [
              30.27736146471499,
              59.96478858587361
            ],
            [
              30.27734772738129,
              59.96478386798927
            ],
            [
              30.277335322270353,
              59.96477976045664
            ],
            [
              30.277323496968442,
              59.964775973681704
            ],
            [
              30.277312625986664,
              59.96477270407967
            ],
            [
              30.27730214933893,
              59.964769628742495
            ],
            [
              30.277291880266745,
              59.964766745833614
            ],
            [
              30.277281871929404,
              59.964763983162875
            ],
            [
              30.277271526813912,
              59.96476118057751
            ],
            [
              30.27726165872429,
              59.96475856460353
            ],
            [
              30.27725229136597,
              59.96475614977945
            ],
            [
              30.277243535213845,
              59.964753971808214
            ],
            [
              30.277228672816204,
              59.96475041594364
            ],
            [
              30.277212320027086,
              59.964746684504576
            ],
            [
              30.27719522635175,
              59.964742959413705
            ],
            [
              30.277178260892363,
              59.964739419524534
            ],
            [
              30.277161807575524,
              59.964736115940056
            ],
            [
              30.277145946931018,
              59.96473303617214
            ],
            [
              30.277130758197334,
              59.96473017616282
            ],
            [
              30.277116269089074,
              59.96472752495383
            ],
            [
              30.27710230675404,
              59.96472504093839
            ],
            [
              30.277088936702786,
              59.96472271806269
            ],
            [
              30.27707647548264,
              59.96472060722011
            ],
            [
              30.277064826655284,
              59.96471868907581
            ],
            [
              30.277053680011058,
              59.964716928084286
            ],
            [
              30.277043009981732,
              59.964715329841795
            ],
            [
              30.27703302143711,
              59.96471392935909
            ],
            [
              30.27702354021896,
              59.96471268558172
            ],
            [
              30.277014591131785,
              59.96471157374113
            ],
            [
              30.277006318791084,
              59.96471058040864
            ],
            [
              30.276998397678515,
              59.96470946853969
            ],
            [
              30.276991267515815,
              59.964708630098734
            ],
            [
              30.276984292434694,
              59.96470795541323
            ],
            [
              30.27697446548786,
              59.964707864939896
            ],
            [
              30.27696433659086,
              59.964708627332506
            ],
            [
              30.2769562171044,
              59.964707798044614
            ],
            [
              30.276935226341518,
              59.964704847955595
            ],
            [
              30.276917053301748,
              59.9647034804813
            ],
            [
              30.276896822923813,
              59.96470181060419
            ],
            [
              30.276895898334388,
              59.964702172140655
            ],
            [
              30.276895669989155,
              59.9647024461661
            ],
            [
              30.27689656952952,
              59.96470552008793
            ],
            [
              30.276911604438826,
              59.964719433490195
            ],
            [
              30.276943584399937,
              59.964731554365045
            ],
            [
              30.27698860347128,
              59.96473643230413
            ]
          ],
          [
            [
              30.27603711688694,
              59.96457343374545
            ],
            [
              30.2760419185715,
              59.964565963490514
            ],
            [
              30.27604097779527,
              59.96455860717768
            ],
            [
              30.27603741983824,
              59.96455477965525
            ],
            [
              30.276030910617546,
              59.96455375005231
            ],
            [
              30.276021811263412,
              59.96455275064503
            ],
            [
              30.27600933521831,
              59.964554199555025
            ],
            [
              30.275992568118983,
              59.96455685312322
            ],
            [
              30.275970007007906,
              59.96456105936997
            ],
            [
              30.275933473944814,
              59.964558955073095
            ],
            [
              30.275868326547442,
              59.96456195937419
            ],
            [
              30.27578185128858,
              59.964571710600374
            ],
            [
              30.27567488958985,
              59.96458881775404
            ],
            [
              30.27565363430861,
              59.964613783720814
            ],
            [
              30.27565434509806,
              59.96464424861989
            ],
            [
              30.275686859658382,
              59.96468188004244
            ],
            [
              30.275759237991025,
              59.964716600531744
            ],
            [
              30.275871287576596,
              59.96473855349009
            ],
            [
              30.276013903958237,
              59.964742686640825
            ]
          ],
          [
            [
              30.274767042733195,
              59.964385823918654
            ],
            [
              30.27478361199903,
              59.964370990179304
            ],
            [
              30.274795043656177,
              59.96435163371863
            ],
            [
              30.274802042254723,
              59.96433035086225
            ],
            [
              30.27479607804465,
              59.96430919610162
            ],
            [
              30.2747781318685,
              59.96429550324879
            ],
            [
              30.27475300271161,
              59.96428531608352
            ],
            [
              30.274727686808813,
              59.96427962920429
            ],
            [
              30.274702355791852,
              59.96427632070257
            ],
            [
              30.274678977292332,
              59.9642734834465
            ],
            [
              30.274654124922364,
              59.96427228036119
            ],
            [
              30.27462485900561,
              59.96426322839674
            ],
            [
              30.274597113016128,
              59.96426346941271
            ],
            [
              30.274579225087145,
              59.96427140910208
            ],
            [
              30.274576654285404,
              59.96428399996544
            ],
            [
              30.27459136791106,
              59.96429386799438
            ],
            [
              30.27461620342948,
              59.96429755235518
            ],
            [
              30.274639918501645,
              59.96429417726016
            ],
            [
              30.274655166700057,
              59.96428622161436
            ],
            [
              30.274662079530177,
              59.96427692357263
            ],
            [
              30.274667822754385,
              59.964267297222825
            ],
            [
              30.274674665126682,
              59.96425709084686
            ],
            [
              30.27468278970788,
              59.96424624982865
            ],
            [
              30.274690564268028,
              59.96423627513628
            ],
            [
              30.274697953331728,
              59.96422716737105
            ],
            [
              30.274705124242967,
              59.964218679496476
            ],
            [
              30.27471218179237,
              59.96421062120625
            ],
            [
              30.274721228977633,
              59.96420161149509
            ],
            [
              30.274729947074132,
              59.96419296663677
            ],
            [
              30.27473833568693,
              59.9641846219418
            ],
            [
              30.27474750632945,
              59.96417601774575
            ],
            [
              30.274756546913025,
              59.96416777239997
            ],
            [
              30.27476536881761,
              59.96416006219839
            ],
            [
              30.274773965002673,
              59.96415274522035
            ],
            [
              30.274782534741018,
              59.96414577177395
            ],
            [
              30.274790757539716,
              59.964139186319755
            ],
            [
              30.274798928485463,
              59.964132863151995
            ],
            [
              30.27480708925307,
              59.9641266833585
            ],
            [
              30.27481524415367,
              59.96412060722345
            ],
            [
              30.274823330758792,
              59.96411465302957
            ],
            [
              30.274831332959618,
              59.96410879077861
            ],
            [
              30.27483902736252,
              59.964103126958584
            ],
            [
              30.274846424164625,
              59.964097616120156
            ],
            [
              30.274854752240305,
              59.9640913408801
            ],
            [
              30.27486315882001,
              59.96408497608442
            ],
            [
              30.274871583340786,
              59.96407862248525
            ],
            [
              30.274879799505868,
              59.96407250100196
            ],
            [
              30.274887736274337,
              59.964066710834246
            ],
            [
              30.274895440678723,
              59.964061231186605
            ],
            [
              30.274902934501842,
              59.96405603613036
            ],
            [
              30.27491035370479,
              59.96405100769412
            ],
            [
              30.27491763589507,
              59.96404617075652
            ],
            [
              30.27492468682639,
              59.96404154515011
            ],
            [
              30.27493177477595,
              59.964037122959056
            ],
            [
              30.274934884063825,
              59.964035349275356
            ],
            [
              30.274937932926857,
              59.96403339178881
            ],
            [
              30.274940735357543,
              59.96403128669792
            ],
            [
              30.274944158258588,
              59.964028861921676
            ],
            [
              30.27494412226656,
              59.964028827640576
            ],
            [
              30.27494412226656,
              59.964028827640576
            ],
            [
              30.27494412226656,
              59.964028827640576
            ],
            [
              30.274943815749552,
              59.96402887569715
            ],
            [
              30.274943815749552,
              59.96402887569715
            ],
            [
              30.274943815749552,
              59.96402887569715
            ]
          ],
          [
            [
              30.27576604284995,
              59.96355340075043
            ],
            [
              30.275828561854162,
              59.96351030056361
            ],
            [
              30.275889622822632,
              59.96346953118341
            ],
            [
              30.275946701745067,
              59.963432988359386
            ],
            [
              30.275919114424667,
              59.96339317867302
            ],
            [
              30.275864676820078,
              59.96336137990042
            ],
            [
              30.275792092048086,
              59.96334061478284
            ],
            [
              30.275709579817285,
              59.96333431208271
            ],
            [
              30.2756292490007,
              59.96334547911103
            ],
            [
              30.275567676284304,
              59.96337344351379
            ]
          ],
          [
            [
              30.276544580961737,
              59.963166903327185
            ],
            [
              30.27656058290075,
              59.96312046582289
            ],
            [
              30.27653665284447,
              59.96308568639223
            ],
            [
              30.276463401172556,
              59.963069280162905
            ],
            [
              30.27632872908719,
              59.96307876856311
            ],
            [
              30.276214817103323,
              59.963117726392454
            ],
            [
              30.276146448571517,
              59.963176293244594
            ],
            [
              30.276136179385016,
              59.963243258002436
            ],
            [
              30.276187515796373,
              59.963304715300396
            ],
            [
              30.27629939241917,
              59.963351939030616
            ],
            [
              30.276446337592073,
              59.96337124924836
            ]
          ],
          [
            [
              30.275367848700903,
              59.96272772634089
            ],
            [
              30.27524487098849,
              59.96270069989447
            ],
            [
              30.275130295792966,
              59.962682946818695
            ],
            [
              30.275029667516904,
              59.96271015881732
            ],
            [
              30.2749673267925,
              59.96276062166554
            ],
            [
              30.274959648812434,
              59.96282986931576
            ],
            [
              30.275018405573363,
              59.962893963250835
            ],
            [
              30.275129953868323,
              59.962936956085876
            ],
            [
              30.275268623960496,
              59.96294886551171
            ]
          ],
          [
            [
              30.274932614120146,
              59.96255324024911
            ],
            [
              30.27492934472167,
              59.96255358872504
            ],
            [
              30.27492713444023,
              59.96255329459252
            ],
            [
              30.27492541934631,
              59.96255332227823
            ],
            [
              30.274923230878404,
              59.96255374483029
            ],
            [
              30.274920767186888,
              59.9625542791613
            ],
            [
              30.274918990937085,
              59.96255463399025
            ],
            [
              30.274917622397627,
              59.96255484743518
            ],
            [
              30.274916471436907,
              59.962554956118204
            ],
            [
              30.27491540876243,
              59.96255500650185
            ],
            [
              30.27491437624795,
              59.96255504666053
            ],
            [
              30.27491336739316,
              59.96255511615775
            ],
            [
              30.27491242969211,
              59.96255524197252
            ],
            [
              30.27491162642056,
              59.96255542363337
            ],
            [
              30.274911004670294,
              59.96255563727877
            ],
            [
              30.274910568558468,
              59.96255585103786
            ],
            [
              30.274910291355965,
              59.962556033935336
            ],
            [
              30.2749092877173,
              59.96255576417973
            ],
            [
              30.274906719546888,
              59.962555803233755
            ],
            [
              30.274905812330733,
              59.96255605507894
            ],
            [
              30.274904689737824,
              59.96255621900006
            ],
            [
              30.274903449332893,
              59.96255628531315
            ],
            [
              30.27490196154315,
              59.962556262400014
            ],
            [
              30.274900278121777,
              59.96255617423734
            ],
            [
              30.27489817375784,
              59.96255593681317
            ],
            [
              30.27489584096413,
              59.96255563104407
            ],
            [
              30.27489334514252,
              59.96255528280015
            ],
            [
              30.274890500051512,
              59.96255465714251
            ],
            [
              30.274887835092645,
              59.96255274263963
            ],
            [
              30.274886642702434,
              59.96254713854562
            ],
            [
              30.274861453935905,
              59.962542288332905
            ],
            [
              30.274851486562504,
              59.962542756614546
            ],
            [
              30.274843229565704,
              59.96254547557298
            ],
            [
              30.27483851149322,
              59.9625498210638
            ],
            [
              30.274838531955716,
              59.96255477292683
            ],
            [
              30.274843017416547,
              59.962559190034774
            ],
            [
              30.27485096913101,
              59.962562131663454
            ]
          ],
          [
            [
              30.273924212866543,
              59.96225833696198
            ],
            [
              30.273815311223302,
              59.9622291255995
            ],
            [
              30.27372286992277,
              59.96220397600224
            ],
            [
              30.273632870002324,
              59.96221863357138
            ],
            [
              30.273554224274875,
              59.962244663048416
            ],
            [
              30.273493425903226,
              59.96228050382312
            ],
            [
              30.2734712832175,
              59.96232108292825
            ],
            [
              30.27348609195686,
              59.96235515084269
            ],
            [
              30.27352986338361,
              59.96238225757502
            ]
          ],
          [
            [
              30.27318722514092,
              59.961930563843524
            ],
            [
              30.273075591206524,
              59.96189654816149
            ],
            [
              30.2729593859558,
              59.96186632228157
            ],
            [
              30.272841973977176,
              59.96183673254822
            ],
            [
              30.27273338915139,
              59.96186867902441
            ],
            [
              30.2726657674855,
              59.96192225578624
            ],
            [
              30.272654277587197,
              59.961985404655124
            ],
            [
              30.27270117785813,
              59.962044321717926
            ],
            [
              30.27279529846048,
              59.962086721949504
            ],
            [
              30.272917128244757,
              59.96210384659455
            ]
          ],
          [
            [
              30.272422747188582,
              59.96156222294789
            ],
            [
              30.27234580859249,
              59.961537220141345
            ],
            [
              30.272262109255806,
              59.96151329199693
            ],
            [
              30.27217717919653,
              59.961525909326156
            ],
            [
              30.272114844150185,
              59.96155790891112
            ],
            [
              30.272096080189314,
              59.96160824183256
            ],
            [
              30.272156241889054,
              59.96165458184075
            ],
            [
              30.272259633817878,
              59.96166136725036
            ],
            [
              30.27231141289562,
              59.96163715025936
            ],
            [
              30.27232855000343,
              59.96160563153643
            ],
            [
              30.272318551618177,
              59.9615733740753
            ],
            [
              30.27228227822739,
              59.96154625231824
            ],
            [
              30.272226477314963,
              59.96152946980706
            ]
          ],
          [
            [
              30.27117779391184,
              59.96159282419274
            ],
            [
              30.271064726540036,
              59.96164542889742
            ],
            [
              30.270958910163657,
              59.96170102088688
            ],
            [
              30.270964348271374,
              59.96177465036896
            ],
            [
              30.271035795599357,
              59.96183901176069
            ],
            [
              30.271157398787196,
              59.961880388102685
            ],
            [
              30.271302974499516,
              59.961890709174526
            ],
            [
              30.271442983060926,
              59.961868225776094
            ],
            [
              30.271548090679058,
              59.96181675855104
            ]
          ],
          [
            [
              30.269803191570148,
              59.961977908562496
            ],
            [
              30.269697652117706,
              59.96202887652477
            ],
            [
              30.269606328456398,
              59.96208150657666
            ],
            [
              30.269609144403066,
              59.9621515659199
            ],
            [
              30.269673894931955,
              59.96221349935118
            ],
            [
              30.269787303419953,
              59.962254230205296
            ],
            [
              30.26992659920047,
              59.96226556882743
            ],
            [
              30.2700630426626,
              59.962243630694424
            ],
            [
              30.270165883908273,
              59.962193625723884
            ]
          ],
          [
            [
              30.26891970893581,
              59.962211836803846
            ],
            [
              30.268890216796912,
              59.962231661411195
            ],
            [
              30.268885663144193,
              59.96224758088997
            ],
            [
              30.268892637690254,
              59.96225590690926
            ],
            [
              30.268899297228074,
              59.96225718094064
            ],
            [
              30.26889882615042,
              59.96225422766582
            ],
            [
              30.268890368639703,
              59.96225151303152
            ],
            [
              30.26887796513099,
              59.962249084083304
            ],
            [
              30.26886706796858,
              59.96224804823476
            ],
            [
              30.268856931305677,
              59.96224765419655
            ],
            [
              30.268849214440824,
              59.96224722460906
            ],
            [
              30.26883950940703,
              59.962247538682824
            ],
            [
              30.26883088919127,
              59.962248339363995
            ],
            [
              30.268823045890745,
              59.96224909297513
            ],
            [
              30.268813697395874,
              59.96225032491466
            ],
            [
              30.26880606162528,
              59.96225140963331
            ],
            [
              30.268799743982726,
              59.9622521182877
            ],
            [
              30.268793630326783,
              59.96225284812611
            ],
            [
              30.268787675536935,
              59.962253594848555
            ],
            [
              30.268781967790993,
              59.962254236043506
            ],
            [
              30.268774276968255,
              59.96225550747915
            ],
            [
              30.2687667423158,
              59.96225696751769
            ],
            [
              30.26875929887404,
              59.96225852413541
            ],
            [
              30.268751641150185,
              59.96226025983205
            ],
            [
              30.268743876280592,
              59.96226221475842
            ],
            [
              30.268736347284737,
              59.96226422741749
            ],
            [
              30.268728541961806,
              59.96226626755353
            ],
            [
              30.26872047673298,
              59.96226818467454
            ],
            [
              30.268709981447806,
              59.962269071306764
            ],
            [
              30.26869928655399,
              59.96227016496022
            ],
            [
              30.268688139345656,
              59.96227132827778
            ],
            [
              30.268677288842607,
              59.962272205347745
            ],
            [
              30.26866612084565,
              59.96227311468327
            ],
            [
              30.26865446885726,
              59.96227411059721
            ],
            [
              30.268642130650264,
              59.962275265574384
            ],
            [
              30.26864198143219,
              59.96227524819779
            ],
            [
              30.26864198143219,
              59.96227524819779
            ],
            [
              30.26864198143219,
              59.96227524819779
            ],
            [
              30.26864198143219,
              59.96227524819779
            ],
            [
              30.26864194842999,
              59.962275294799774
            ],
            [
              30.268641925325042,
              59.9622754481118
            ]
          ],
          [
            [
              30.267964347144442,
              59.96234949054033
            ],
            [
              30.267920246405236,
              59.96234876765538
            ],
            [
              30.26786876137558,
              59.962368552802026
            ],
            [
              30.267828244963514,
              59.96238294053446
            ],
            [
              30.267792654426767,
              59.96240033138624
            ],
            [
              30.267756638696657,
              59.962418302733965
            ],
            [
              30.2677460570451,
              59.96244292528339
            ],
            [
              30.267746197328368,
              59.96246327181613
            ],
            [
              30.267742133518798,
              59.96247172330212
            ],
            [
              30.267686621292206,
              59.9624842029787
            ],
            [
              30.267640097677386,
              59.9625002654814
            ],
            [
              30.267595894865966,
              59.96251668212416
            ],
            [
              30.26755322222279,
              59.96253278492528
            ],
            [
              30.26750854826981,
              59.96254772608527
            ],
            [
              30.26745673326812,
              59.962560961687316
            ],
            [
              30.267386197867427,
              59.96256742179628
            ],
            [
              30.267387696824944,
              59.96256742267764
            ],
            [
              30.267389663596667,
              59.96256710266236
            ],
            [
              30.267391305893202,
              59.96256647108221
            ],
            [
              30.267392448624545,
              59.96256560608143
            ],
            [
              30.267392962626477,
              59.96256460112393
            ],
            [
              30.26739299862194,
              59.96256446522299
            ]
          ],
          [
            [
              30.266580637944806,
              59.962720487253705
            ],
            [
              30.266546852929153,
              59.962720015198194
            ],
            [
              30.266520190844666,
              59.962725824244814
            ],
            [
              30.266503572678655,
              59.96273414784805
            ],
            [
              30.266488384776277,
              59.96274154068105
            ],
            [
              30.266480429645654,
              59.962747060470825
            ],
            [
              30.266475352318235,
              59.96275051757367
            ],
            [
              30.266471064382234,
              59.96275373785957
            ],
            [
              30.266471183844974,
              59.96275540930472
            ],
            [
              30.26647047520777,
              59.96275757904176
            ],
            [
              30.266469897041492,
              59.96275815785771
            ],
            [
              30.266469221129956,
              59.96275855949756
            ],
            [
              30.266469135221367,
              59.962758878324294
            ],
            [
              30.266469176308714,
              59.96275917207234
            ],
            [
              30.26647037245427,
              59.96275964193308
            ],
            [
              30.266472789695406,
              59.96276025947935
            ],
            [
              30.266476024637523,
              59.962761093645746
            ],
            [
              30.266479732776297,
              59.96276194979851
            ],
            [
              30.266483174342962,
              59.96276297465343
            ],
            [
              30.266486654867723,
              59.96276374096421
            ],
            [
              30.266489274899854,
              59.962763075271674
            ],
            [
              30.266493043819317,
              59.96276298985592
            ],
            [
              30.266494840600455,
              59.96276235411407
            ],
            [
              30.266497040785364,
              59.96276202664299
            ],
            [
              30.266500618629248,
              59.96276188247227
            ],
            [
              30.266501171888503,
              59.962762423210016
            ],
            [
              30.266504450523026,
              59.96276224419538
            ],
            [
              30.266507880318567,
              59.96276199851652
            ],
            [
              30.266511283456786,
              59.962761546223845
            ],
            [
              30.266514300830533,
              59.962761017955735
            ],
            [
              30.26651767183784,
              59.96276051083914
            ],
            [
              30.266520818885315,
              59.96276005085461
            ],
            [
              30.266523614215494,
              59.96275958431052
            ],
            [
              30.266526570327674,
              59.9627591229715
            ],
            [
              30.26652966824033,
              59.96275866460242
            ],
            [
              30.266532811252585,
              59.962758207048985
            ],
            [
              30.266535887379593,
              59.962757833879884
            ],
            [
              30.26653881911067,
              59.962757591671014
            ],
            [
              30.266541394417207,
              59.96275597047503
            ],
            [
              30.266544136119585,
              59.96275542912188
            ],
            [
              30.266546644139343,
              59.96275506144425
            ],
            [
              30.26654894610757,
              59.96275462922796
            ],
            [
              30.266551430926814,
              59.962754327963225
            ],
            [
              30.26655373056398,
              59.96275401302891
            ],
            [
              30.26655592450432,
              59.962753670833315
            ],
            [
              30.266558169513267,
              59.96275325235093
            ],
            [
              30.266560119834786,
              59.9627528722251
            ],
            [
              30.266562058909336,
              59.962752417107914
            ],
            [
              30.266563648444297,
              59.96275197490666
            ],
            [
              30.266565247422434,
              59.962751571471806
            ],
            [
              30.26656663208292,
              59.962751197048846
            ],
            [
              30.266567929152277,
              59.96275079729694
            ],
            [
              30.266569188470086,
              59.96275047096137
            ],
            [
              30.26657029187098,
              59.96275022040891
            ],
            [
              30.26657141633416,
              59.96275002306777
            ],
            [
              30.266572522725614,
              59.96274988305199
            ],
            [
              30.266573689157955,
              59.9627497756498
            ],
            [
              30.266574897327747,
              59.96274968934144
            ],
            [
              30.266576186405285,
              59.962749676958765
            ],
            [
              30.266577605750776,
              59.96274955299629
            ],
            [
              30.266579071076585,
              59.962749361885955
            ],
            [
              30.266580660116105,
              59.96274913923976
            ],
            [
              30.2665821933711,
              59.962748875391554
            ],
            [
              30.26658382637122,
              59.962748531971584
            ],
            [
              30.266584714411017,
              59.96274825582166
            ],
            [
              30.26658530352513,
              59.962748085648364
            ],
            [
              30.266585815458843,
              59.96274777651794
            ],
            [
              30.266586204888,
              59.96274757458432
            ],
            [
              30.26658652708314,
              59.962747326960994
            ],
            [
              30.26658677804276,
              59.962747131596714
            ],
            [
              30.266586937707515,
              59.96274698360201
            ],
            [
              30.26658709912032,
              59.962746878843305
            ],
            [
              30.26658728782673,
              59.962746827831275
            ],
            [
              30.26658753598449,
              59.96274682082736
            ],
            [
              30.2665878593849,
              59.962746847475465
            ],
            [
              30.26658827142006,
              59.96274689898287
            ],
            [
              30.26658877922301,
              59.96274693078352
            ],
            [
              30.26658936401298,
              59.962746947574495
            ],
            [
              30.266590017848646,
              59.96274694144502
            ],
            [
              30.266590739456415,
              59.9627469035876
            ],
            [
              30.2665914868416,
              59.96274682008488
            ],
            [
              30.266592224161638,
              59.96274668638954
            ],
            [
              30.26659281945623,
              59.96274655289577
            ],
            [
              30.26661681929208,
              59.96274154025183
            ],
            [
              30.266656403012245,
              59.96273334288149
            ],
            [
              30.266679389428823,
              59.962728383819766
            ],
            [
              30.266679729747832,
              59.96272879066604
            ],
            [
              30.26667637575899,
              59.96272992598851
            ],
            [
              30.266675108801085,
              59.96273047129613
            ],
            [
              30.266674000418636,
              59.9627308775885
            ],
            [
              30.266673623252615,
              59.96273102012378
            ],
            [
              30.2666734090565,
              59.96273113739538
            ],
            [
              30.266673293386578,
              59.96273125730551
            ],
            [
              30.266673270320457,
              59.96273137853283
            ],
            [
              30.266673334996636,
              59.962731456398664
            ],
            [
              30.266669938045723,
              59.96273240714947
            ],
            [
              30.26667228554141,
              59.962731756194735
            ],
            [
              30.266674255315614,
              59.96273125075372
            ],
            [
              30.266675030582594,
              59.9627310799636
            ],
            [
              30.266675514111018,
              59.96273096104457
            ],
            [
              30.26667585109998,
              59.96273084012206
            ],
            [
              30.266676069895638,
              59.96273070770982
            ],
            [
              30.26667617993273,
              59.962730568670366
            ],
            [
              30.26667618824684,
              59.962730430758086
            ],
            [
              30.266676101553227,
              59.96273030828742
            ],
            [
              30.266675934514165,
              59.96273021204484
            ],
            [
              30.266675707726996,
              59.96273015226991
            ],
            [
              30.266675443657608,
              59.962730135642545
            ],
            [
              30.26667517528568,
              59.96273016687031
            ],
            [
              30.26667526427498,
              59.9627304216658
            ],
            [
              30.266654675820227,
              59.96273639787491
            ],
            [
              30.266651707612898,
              59.96273729844007
            ],
            [
              30.266666860511325,
              59.962733164253464
            ],
            [
              30.26666967076449,
              59.96273225732985
            ],
            [
              30.2666692452325,
              59.962732547629905
            ],
            [
              30.266672170906592,
              59.96273176568658
            ],
            [
              30.266668041117917,
              59.96273287915814
            ],
            [
              30.26666498240059,
              59.96273371802256
            ],
            [
              30.26666628860327,
              59.962733344413124
            ],
            [
              30.266666931378097,
              59.96273316745515
            ],
            [
              30.266680175523028,
              59.96272938527074
            ],
            [
              30.266676189333598,
              59.96273042303812
            ],
            [
              30.266678101008583,
              59.96272983974619
            ],
            [
              30.266675780542617,
              59.96273036941586
            ],
            [
              30.266673327384336,
              59.96273092476022
            ],
            [
              30.266671891944632,
              59.96273122221851
            ],
            [
              30.266671503594154,
              59.962731324232905
            ],
            [
              30.266669767946528,
              59.96273180405339
            ],
            [
              30.26666866768248,
              59.96273215820028
            ],
            [
              30.266665197747884,
              59.962733244980384
            ],
            [
              30.26666258821241,
              59.96273411422954
            ],
            [
              30.26666075862732,
              59.9627347791584
            ],
            [
              30.266659432068604,
              59.96273528153537
            ],
            [
              30.26665595497986,
              59.962736337654746
            ],
            [
              30.26665597819371,
              59.96273621227613
            ],
            [
              30.26665627883738,
              59.96273610672648
            ],
            [
              30.266653769742398,
              59.96273678335233
            ],
            [
              30.26665229517151,
              59.96273714349054
            ],
            [
              30.266652520060376,
              59.962737075173195
            ],
            [
              30.2666507391875,
              59.9627374471369
            ],
            [
              30.26665054440794,
              59.96273753213237
            ],
            [
              30.266651905748116,
              59.96273723564576
            ],
            [
              30.266652523975818,
              59.96273681018682
            ],
            [
              30.266653006598215,
              59.96273652001297
            ],
            [
              30.266654124698928,
              59.96273624743323
            ],
            [
              30.266655337431242,
              59.962735920733394
            ],
            [
              30.266656181969516,
              59.96273567815784
            ],
            [
              30.266658222674938,
              59.96273523490105
            ],
            [
              30.26665905821246,
              59.96273497486036
            ],
            [
              30.26665904627956,
              59.96273420420921
            ],
            [
              30.266659544024968,
              59.962734147357246
            ],
            [
              30.266659569302732,
              59.96273429487489
            ],
            [
              30.266659891696776,
              59.96273420851036
            ],
            [
              30.26666022420976,
              59.962734102118525
            ],
            [
              30.2666605144907,
              59.96273401763477
            ],
            [
              30.266660685202766,
              59.962733872273944
            ],
            [
              30.266660749565826,
              59.96273376554173
            ],
            [
              30.266660391434236,
              59.96273366353017
            ],
            [
              30.266665021720748,
              59.96273236142312
            ],
            [
              30.266663693038716,
              59.96273079507593
            ],
            [
              30.266656750907856,
              59.962728595003064
            ],
            [
              30.2666501903315,
              59.9627269090279
            ],
            [
              30.26664075255092,
              59.96272512668218
            ],
            [
              30.266631658282733,
              59.9627276259175
            ],
            [
              30.266604735093445,
              59.96272931993113
            ],
            [
              30.26659232755869,
              59.962732197479916
            ],
            [
              30.266572310712167,
              59.96273670426524
            ],
            [
              30.26655105738308,
              59.96274134745491
            ],
            [
              30.26654649830198,
              59.96275292501265
            ],
            [
              30.26653951048365,
              59.96275757967078
            ],
            [
              30.26653677123108,
              59.96275908335824
            ],
            [
              30.26653200277326,
              59.9627606322927
            ],
            [
              30.266524059796893,
              59.9627629225577
            ],
            [
              30.26650684590694,
              59.9627677353225
            ],
            [
              30.266474180500705,
              59.96276049949683
            ],
            [
              30.26646240478848,
              59.96276474058924
            ],
            [
              30.26644298033929,
              59.96277626105425
            ],
            [
              30.266427999574045,
              59.962779585315374
            ],
            [
              30.266415166026754,
              59.9627864165584
            ],
            [
              30.266397778381563,
              59.962787096676
            ],
            [
              30.266372267613427,
              59.9627822258159
            ],
            [
              30.266313021554794,
              59.96276614951638
            ],
            [
              30.266225345314872,
              59.96274750678762
            ],
            [
              30.26613750628601,
              59.96272793385947
            ],
            [
              30.26607009439755,
              59.962719200408046
            ],
            [
              30.26603173449254,
              59.96272996953216
            ],
            [
              30.266003727828284,
              59.962748518535584
            ],
            [
              30.26594788892267,
              59.96275475182436
            ],
            [
              30.265894082077367,
              59.962755481222985
            ],
            [
              30.26587117073346,
              59.96276505551806
            ],
            [
              30.265852741534534,
              59.9627800703586
            ],
            [
              30.26583846778147,
              59.96280129941778
            ],
            [
              30.26582732390896,
              59.962823539192975
            ],
            [
              30.265819326754876,
              59.96284264404751
            ],
            [
              30.265814061004196,
              59.96285723275004
            ],
            [
              30.26580820520229,
              59.96286794965434
            ],
            [
              30.265792830393735,
              59.96287537333346
            ],
            [
              30.265774272409804,
              59.96288221119852
            ],
            [
              30.26574117131234,
              59.96289933888952
            ],
            [
              30.265705950231844,
              59.962929189415114
            ],
            [
              30.265687627854536,
              59.962946084760276
            ],
            [
              30.265671299035045,
              59.96296442885573
            ],
            [
              30.26566489357741,
              59.96298141332357
            ],
            [
              30.265656997435876,
              59.962999716807445
            ],
            [
              30.265646884385134,
              59.96301747079963
            ],
            [
              30.265645763016295,
              59.96302791586036
            ],
            [
              30.265636917637362,
              59.96304304860437
            ],
            [
              30.26564107221762,
              59.96305524757044
            ],
            [
              30.26565239486158,
              59.96305524936077
            ],
            [
              30.26566233385618,
              59.96305805913317
            ],
            [
              30.265662696046018,
              59.96306202998789
            ],
            [
              30.265659517177475,
              59.963073652981755
            ],
            [
              30.265662942317963,
              59.96308916291469
            ],
            [
              30.265665032586078,
              59.96310103265552
            ],
            [
              30.265667278486948,
              59.96310511537734
            ],
            [
              30.265668673076412,
              59.96310669863133
            ],
            [
              30.26567092738153,
              59.963111941993326
            ],
            [
              30.265672651329755,
              59.96311851189529
            ],
            [
              30.265673909718085,
              59.96312287824101
            ],
            [
              30.265674062514947,
              59.96312843551731
            ],
            [
              30.265676137560256,
              59.963133515978264
            ],
            [
              30.265678342160108,
              59.96313825600617
            ],
            [
              30.265680161244248,
              59.96314208559761
            ],
            [
              30.265684295658925,
              59.963146408310664
            ],
            [
              30.265686557247214,
              59.963149307392946
            ],
            [
              30.265688058579805,
              59.9631524885708
            ],
            [
              30.265689176750048,
              59.96315525684199
            ],
            [
              30.265689632682268,
              59.963157226462386
            ],
            [
              30.265689475281928,
              59.96315903589047
            ],
            [
              30.265689413511797,
              59.96316057063904
            ],
            [
              30.265689400145618,
              59.96316192828142
            ],
            [
              30.265689434790307,
              59.963163075811075
            ],
            [
              30.26568948225843,
              59.96316407965718
            ],
            [
              30.26568918414859,
              59.963165411024676
            ],
            [
              30.26568884869459,
              59.96316661697695
            ],
            [
              30.265688352022277,
              59.963168056500066
            ],
            [
              30.265687611861026,
              59.96316947549226
            ],
            [
              30.26568681973834,
              59.963170741283015
            ],
            [
              30.265686095633953,
              59.96317197017064
            ],
            [
              30.265684849887,
              59.96317336032668
            ],
            [
              30.265683689831846,
              59.96317476797876
            ],
            [
              30.26568259422788,
              59.963176142228605
            ],
            [
              30.265681573323864,
              59.963177537058684
            ],
            [
              30.26568068952257,
              59.96317889798096
            ],
            [
              30.265679984644866,
              59.963180150468126
            ],
            [
              30.26567940594352,
              59.96318134833253
            ],
            [
              30.265678918086145,
              59.96318249780016
            ],
            [
              30.26567853918332,
              59.96318356735225
            ],
            [
              30.265678263382295,
              59.963184537443624
            ],
            [
              30.26567799964069,
              59.963185443817494
            ],
            [
              30.265677744113724,
              59.96318627256176
            ],
            [
              30.265677577416007,
              59.96318719097669
            ],
            [
              30.26567744593526,
              59.96318806676369
            ],
            [
              30.265677265340592,
              59.963188812134
            ],
            [
              30.26567688812266,
              59.963189866639674
            ],
            [
              30.26567647036213,
              59.96319029411428
            ],
            [
              30.26567737403017,
              59.96319198750551
            ],
            [
              30.26567722668114,
              59.96319264334547
            ],
            [
              30.265676978868413,
              59.96319323909912
            ],
            [
              30.26567671666442,
              59.96319383480893
            ],
            [
              30.265676499030196,
              59.96319444483909
            ],
            [
              30.26567634225563,
              59.96319505479952
            ],
            [
              30.26567626093711,
              59.96319568026425
            ],
            [
              30.2656762741325,
              59.96319627516933
            ],
            [
              30.265676390373013,
              59.96319679514867
            ],
            [
              30.265676604136413,
              59.963197237611546
            ],
            [
              30.26567688039727,
              59.963197614596154
            ],
            [
              30.265677176270774,
              59.96319791714004
            ],
            [
              30.265677444533946,
              59.963198147881606
            ],
            [
              30.265677666474367,
              59.96319832983606
            ],
            [
              30.265677822691682,
              59.96319846458632
            ],
            [
              30.26567789863522,
              59.96319857546436
            ],
            [
              30.265677872370592,
              59.96319865635498
            ],
            [
              30.26567803615641,
              59.963198756383306
            ],
            [
              30.26567826205752,
              59.96319895916295
            ],
            [
              30.265678412670784,
              59.963199117049044
            ],
            [
              30.26567851763484,
              59.96319930476546
            ],
            [
              30.265678559234132,
              59.963199532510245
            ],
            [
              30.265678592046378,
              59.96319981992957
            ],
            [
              30.265678646373864,
              59.963200137877116
            ],
            [
              30.26567865963619,
              59.96320052771751
            ],
            [
              30.265679010558582,
              59.9632007511035
            ],
            [
              30.265679168293143,
              59.963201178226754
            ],
            [
              30.265679920889223,
              59.96320171680507
            ],
            [
              30.26568400511626,
              59.9632031242157
            ],
            [
              30.265690106442783,
              59.963206456042805
            ],
            [
              30.2656997483617,
              59.96320833834065
            ],
            [
              30.265708505494818,
              59.96320966114109
            ],
            [
              30.265721788400114,
              59.963211210948764
            ],
            [
              30.265738932000037,
              59.963214090423065
            ],
            [
              30.265783716787084,
              59.96322107054371
            ],
            [
              30.26583493584734,
              59.96322873384016
            ],
            [
              30.26589751699147,
              59.96323947512464
            ],
            [
              30.265955817466207,
              59.96324675819981
            ],
            [
              30.266004164954325,
              59.963251391465015
            ],
            [
              30.26605106700566,
              59.963257439923794
            ],
            [
              30.266094911444462,
              59.96326599157432
            ],
            [
              30.26612173213437,
              59.963276354256784
            ],
            [
              30.266146442836952,
              59.963288250611676
            ],
            [
              30.26617147427559,
              59.963299300037235
            ],
            [
              30.266188200033874,
              59.96330444055515
            ],
            [
              30.266202614959486,
              59.963308880852836
            ],
            [
              30.266214824335975,
              59.963313774947295
            ],
            [
              30.26623919015059,
              59.9633214715702
            ],
            [
              30.266263153673545,
              59.963329352029
            ],
            [
              30.266279706508712,
              59.96333393112445
            ],
            [
              30.26629040767636,
              59.96333828991292
            ],
            [
              30.266293137912317,
              59.963342955066125
            ],
            [
              30.26630953945269,
              59.963348329619095
            ],
            [
              30.266334312674005,
              59.96335007473685
            ],
            [
              30.26635773681545,
              59.96335306651536
            ],
            [
              30.266374894495236,
              59.96335761608246
            ],
            [
              30.26639047226986,
              59.96336490851969
            ],
            [
              30.266397023475008,
              59.9633700264194
            ],
            [
              30.266402732270883,
              59.96337493560213
            ],
            [
              30.26640762687742,
              59.963377275102836
            ],
            [
              30.266411616216327,
              59.96338069056607
            ],
            [
              30.266418456902336,
              59.963383390005255
            ],
            [
              30.26643255615686,
              59.963386309558935
            ],
            [
              30.26646424774,
              59.96339367099533
            ],
            [
              30.266487982537914,
              59.96339861700553
            ],
            [
              30.26649956637763,
              59.963405027454705
            ],
            [
              30.266509583030913,
              59.96341190135473
            ],
            [
              30.266514784837522,
              59.96341535655465
            ],
            [
              30.266524689916224,
              59.96341324870179
            ],
            [
              30.266536704020744,
              59.963413072620824
            ],
            [
              30.266552927613752,
              59.96341371231787
            ],
            [
              30.266568729759747,
              59.963413595073796
            ],
            [
              30.26658250353189,
              59.96341316495791
            ],
            [
              30.266596645403883,
              59.96341401464872
            ],
            [
              30.266613648070035,
              59.963415476416195
            ],
            [
              30.266629944975254,
              59.96341846442686
            ],
            [
              30.266664756576176,
              59.96342324335609
            ],
            [
              30.26674054674811,
              59.96343348802313
            ],
            [
              30.266801348593035,
              59.963441167733
            ],
            [
              30.266841196345094,
              59.96344932868941
            ],
            [
              30.26687525707565,
              59.963454908021575
            ],
            [
              30.266905418888786,
              59.96345817481292
            ],
            [
              30.26693475731428,
              59.96346064508685
            ],
            [
              30.266942146140554,
              59.96346203379487
            ],
            [
              30.266954589137743,
              59.96345523145765
            ],
            [
              30.26693723218523,
              59.963444835168445
            ],
            [
              30.26706548057059,
              59.96343878930424
            ],
            [
              30.267088015590353,
              59.963429322758216
            ],
            [
              30.267207947294242,
              59.963460722120594
            ],
            [
              30.267227256387855,
              59.963457922690814
            ],
            [
              30.267239156083978,
              59.963454943145784
            ],
            [
              30.267246765945924,
              59.96345178375065
            ],
            [
              30.267249382707863,
              59.963450048080816
            ],
            [
              30.26724945082666,
              59.963449922597185
            ],
            [
              30.267249354428863,
              59.96344972358411
            ],
            [
              30.267249354428863,
              59.96344972358411
            ],
            [
              30.267249640918013,
              59.96344990983046
            ],
            [
              30.267249640918013,
              59.96344990983046
            ],
            [
              30.267249640918013,
              59.96344990983046
            ],
            [
              30.267249640918013,
              59.96344990983046
            ],
            [
              30.267249640918013,
              59.96344990983046
            ]
          ],
          [
            [
              30.267306766240466,
              59.963491227678226
            ],
            [
              30.26730700730835,
              59.96349117253204
            ],
            [
              30.2673071560034,
              59.96349108924513
            ],
            [
              30.267306932994337,
              59.96349126494701
            ],
            [
              30.267306952576817,
              59.96349113708285
            ],
            [
              30.267308189751173,
              59.96349190524432
            ],
            [
              30.26730810386211,
              59.963491892186795
            ],
            [
              30.26730810386211,
              59.963491892186795
            ],
            [
              30.26730810386211,
              59.963491892186795
            ],
            [
              30.26730810386211,
              59.963491892186795
            ],
            [
              30.267308013859715,
              59.96349191304941
            ],
            [
              30.267307901735755,
              59.96349196252738
            ],
            [
              30.267307901735755,
              59.96349196252738
            ],
            [
              30.267307901735755,
              59.96349196252738
            ]
          ]
        ]
      }
    }
  ]
}